,Den,Bitcoin: (Celosvětově)
0,2019-01-01,14.74757281553398
1,2019-01-02,16.854368932038835
2,2019-01-03,16.854368932038835
3,2019-01-04,14.74757281553398
4,2019-01-05,14.74757281553398
5,2019-01-06,14.74757281553398
6,2019-01-07,14.74757281553398
7,2019-01-08,14.74757281553398
8,2019-01-09,16.854368932038835
9,2019-01-10,16.854368932038835
10,2019-01-11,14.74757281553398
11,2019-01-12,14.74757281553398
12,2019-01-13,14.74757281553398
13,2019-01-14,14.74757281553398
14,2019-01-15,14.74757281553398
15,2019-01-16,14.74757281553398
16,2019-01-17,12.640776699029125
17,2019-01-18,12.640776699029125
18,2019-01-19,12.640776699029125
19,2019-01-20,12.640776699029125
20,2019-01-21,12.640776699029125
21,2019-01-22,12.640776699029125
22,2019-01-23,12.640776699029125
23,2019-01-24,12.640776699029125
24,2019-01-25,12.640776699029125
25,2019-01-26,10.533980582524272
26,2019-01-27,10.533980582524272
27,2019-01-28,14.74757281553398
28,2019-01-29,14.74757281553398
29,2019-01-30,12.640776699029125
30,2019-01-31,12.640776699029125
31,2019-02-01,13.213483146067416
32,2019-02-02,11.01123595505618
33,2019-02-03,11.01123595505618
34,2019-02-04,13.213483146067416
35,2019-02-05,15.415730337078653
36,2019-02-06,15.415730337078653
37,2019-02-07,13.213483146067416
38,2019-02-08,15.415730337078653
39,2019-02-09,13.213483146067416
40,2019-02-10,13.213483146067416
41,2019-02-11,13.213483146067416
42,2019-02-12,13.213483146067416
43,2019-02-13,13.213483146067416
44,2019-02-14,13.213483146067416
45,2019-02-15,13.213483146067416
46,2019-02-16,11.01123595505618
47,2019-02-17,11.01123595505618
48,2019-02-18,17.617977528089888
49,2019-02-19,17.617977528089888
50,2019-02-20,15.415730337078653
51,2019-02-21,15.415730337078653
52,2019-02-22,15.415730337078653
53,2019-02-23,15.415730337078653
54,2019-02-24,17.617977528089888
55,2019-02-25,15.415730337078653
56,2019-02-26,13.213483146067416
57,2019-02-27,13.213483146067416
58,2019-02-28,13.213483146067416
59,2019-03-01,12.827586206896552
60,2019-03-02,10.689655172413792
61,2019-03-03,10.689655172413792
62,2019-03-04,12.827586206896552
63,2019-03-05,12.827586206896552
64,2019-03-06,12.827586206896552
65,2019-03-07,12.827586206896552
66,2019-03-08,10.689655172413792
67,2019-03-09,12.827586206896552
68,2019-03-10,10.689655172413792
69,2019-03-11,12.827586206896552
70,2019-03-12,12.827586206896552
71,2019-03-13,12.827586206896552
72,2019-03-14,10.689655172413792
73,2019-03-15,12.827586206896552
74,2019-03-16,10.689655172413792
75,2019-03-17,10.689655172413792
76,2019-03-18,12.827586206896552
77,2019-03-19,12.827586206896552
78,2019-03-20,12.827586206896552
79,2019-03-21,12.827586206896552
80,2019-03-22,12.827586206896552
81,2019-03-23,10.689655172413792
82,2019-03-24,10.689655172413792
83,2019-03-25,10.689655172413792
84,2019-03-26,12.827586206896552
85,2019-03-27,12.827586206896552
86,2019-03-28,12.827586206896552
87,2019-03-29,12.827586206896552
88,2019-03-30,10.689655172413792
89,2019-03-31,10.689655172413792
90,2019-04-01,13.670886075949365
91,2019-04-02,31.898734177215186
92,2019-04-03,31.898734177215186
93,2019-04-04,25.063291139240505
94,2019-04-05,20.506329113924046
95,2019-04-06,18.22784810126582
96,2019-04-07,18.22784810126582
97,2019-04-08,20.506329113924046
98,2019-04-09,18.22784810126582
99,2019-04-10,18.22784810126582
100,2019-04-11,18.22784810126582
101,2019-04-12,18.22784810126582
102,2019-04-13,13.670886075949365
103,2019-04-14,15.949367088607593
104,2019-04-15,15.949367088607593
105,2019-04-16,15.949367088607593
106,2019-04-17,15.949367088607593
107,2019-04-18,15.949367088607593
108,2019-04-19,15.949367088607593
109,2019-04-20,15.949367088607593
110,2019-04-21,15.949367088607593
111,2019-04-22,15.949367088607593
112,2019-04-23,20.506329113924046
113,2019-04-24,18.22784810126582
114,2019-04-25,15.949367088607593
115,2019-04-26,18.22784810126582
116,2019-04-27,13.670886075949365
117,2019-04-28,13.670886075949365
118,2019-04-29,13.670886075949365
119,2019-04-30,15.949367088607593
120,2019-05-01,12.434540389972145
121,2019-05-02,14.506963788300837
122,2019-05-03,18.65181058495822
123,2019-05-04,16.57938718662953
124,2019-05-05,16.57938718662953
125,2019-05-06,16.57938718662953
126,2019-05-07,18.65181058495822
127,2019-05-08,18.65181058495822
128,2019-05-09,20.72423398328691
129,2019-05-10,22.796657381615603
130,2019-05-11,31.086350974930365
131,2019-05-12,31.086350974930365
132,2019-05-13,35.231197771587745
133,2019-05-14,39.37604456824513
134,2019-05-15,31.086350974930365
135,2019-05-16,31.086350974930365
136,2019-05-17,31.086350974930365
137,2019-05-18,22.796657381615603
138,2019-05-19,26.941504178272982
139,2019-05-20,24.86908077994429
140,2019-05-21,24.86908077994429
141,2019-05-22,22.796657381615603
142,2019-05-23,20.72423398328691
143,2019-05-24,20.72423398328691
144,2019-05-25,18.65181058495822
145,2019-05-26,20.72423398328691
146,2019-05-27,31.086350974930365
147,2019-05-28,26.941504178272982
148,2019-05-29,26.941504178272982
149,2019-05-30,24.86908077994429
150,2019-05-31,24.86908077994429
151,2019-06-01,21.323529411764707
152,2019-06-02,21.323529411764707
153,2019-06-03,21.323529411764707
154,2019-06-04,25.588235294117645
155,2019-06-05,23.455882352941178
156,2019-06-06,21.323529411764707
157,2019-06-07,21.323529411764707
158,2019-06-08,19.191176470588236
159,2019-06-09,19.191176470588236
160,2019-06-10,19.191176470588236
161,2019-06-11,19.191176470588236
162,2019-06-12,19.191176470588236
163,2019-06-13,19.191176470588236
164,2019-06-14,21.323529411764707
165,2019-06-15,21.323529411764707
166,2019-06-16,25.588235294117645
167,2019-06-17,27.720588235294116
168,2019-06-18,27.720588235294116
169,2019-06-19,23.455882352941178
170,2019-06-20,25.588235294117645
171,2019-06-21,29.852941176470587
172,2019-06-22,51.17647058823529
173,2019-06-23,34.11764705882353
174,2019-06-24,31.985294117647058
175,2019-06-25,40.51470588235294
176,2019-06-26,70.36764705882352
177,2019-06-27,57.5735294117647
178,2019-06-28,44.779411764705884
179,2019-06-29,34.11764705882353
180,2019-06-30,31.985294117647058
181,2019-07-01,31.07769423558897
182,2019-07-02,33.02005012531328
183,2019-07-03,29.13533834586466
184,2019-07-04,27.19298245614035
185,2019-07-05,27.19298245614035
186,2019-07-06,23.308270676691727
187,2019-07-07,21.36591478696742
188,2019-07-08,27.19298245614035
189,2019-07-09,29.13533834586466
190,2019-07-10,31.07769423558897
191,2019-07-11,29.13533834586466
192,2019-07-12,27.19298245614035
193,2019-07-13,23.308270676691727
194,2019-07-14,23.308270676691727
195,2019-07-15,29.13533834586466
196,2019-07-16,29.13533834586466
197,2019-07-17,31.07769423558897
198,2019-07-18,27.19298245614035
199,2019-07-19,25.250626566416038
200,2019-07-20,21.36591478696742
201,2019-07-21,21.36591478696742
202,2019-07-22,21.36591478696742
203,2019-07-23,21.36591478696742
204,2019-07-24,23.308270676691727
205,2019-07-25,21.36591478696742
206,2019-07-26,19.423558897243108
207,2019-07-27,21.36591478696742
208,2019-07-28,19.423558897243108
209,2019-07-29,21.36591478696742
210,2019-07-30,19.423558897243108
211,2019-07-31,19.423558897243108
212,2019-08-01,14.44915254237288
213,2019-08-02,15.89406779661017
214,2019-08-03,14.44915254237288
215,2019-08-04,14.44915254237288
216,2019-08-05,20.228813559322035
217,2019-08-06,21.673728813559322
218,2019-08-07,18.783898305084744
219,2019-08-08,17.338983050847457
220,2019-08-09,15.89406779661017
221,2019-08-10,14.44915254237288
222,2019-08-11,14.44915254237288
223,2019-08-12,14.44915254237288
224,2019-08-13,14.44915254237288
225,2019-08-14,15.89406779661017
226,2019-08-15,18.783898305084744
227,2019-08-16,15.89406779661017
228,2019-08-17,13.004237288135592
229,2019-08-18,13.004237288135592
230,2019-08-19,14.44915254237288
231,2019-08-20,14.44915254237288
232,2019-08-21,14.44915254237288
233,2019-08-22,14.44915254237288
234,2019-08-23,13.004237288135592
235,2019-08-24,13.004237288135592
236,2019-08-25,13.004237288135592
237,2019-08-26,14.44915254237288
238,2019-08-27,13.004237288135592
239,2019-08-28,14.44915254237288
240,2019-08-29,15.89406779661017
241,2019-08-30,95.36440677966101
242,2019-08-31,144.4915254237288
243,2019-09-01,38.19301848049281
244,2019-09-01,37.42915811088295
245,2019-09-02,31.700205338809027
246,2019-09-03,29.026694045174533
247,2019-09-04,34.373716632443525
248,2019-09-05,33.609856262833674
249,2019-09-06,28.26283367556468
250,2019-09-07,17.950718685831617
251,2019-09-08,17.950718685831617
252,2019-09-09,16.804928131416837
253,2019-09-10,16.804928131416837
254,2019-09-11,17.56878850102669
255,2019-09-12,16.804928131416837
256,2019-09-13,16.804928131416837
257,2019-09-14,16.804928131416837
258,2019-09-15,17.56878850102669
259,2019-09-16,16.804928131416837
260,2019-09-17,16.041067761806982
261,2019-09-18,15.65913757700205
262,2019-09-19,14.895277207392194
263,2019-09-20,14.13141683778234
264,2019-09-21,14.13141683778234
265,2019-09-22,14.13141683778234
266,2019-09-23,12.985626283367553
267,2019-09-24,12.603696098562626
268,2019-09-25,12.603696098562626
269,2019-09-26,11.457905544147842
270,2019-09-27,4.965092402464065
271,2019-09-28,3.437371663244353
272,2019-09-29,3.0554414784394246
273,2019-09-30,3.437371663244353
274,2019-10-01,18.45525291828794
275,2019-10-02,18.45525291828794
276,2019-10-03,16.404669260700388
277,2019-10-04,16.404669260700388
278,2019-10-05,14.354085603112841
279,2019-10-06,16.404669260700388
280,2019-10-07,18.45525291828794
281,2019-10-08,16.404669260700388
282,2019-10-09,16.404669260700388
283,2019-10-10,16.404669260700388
284,2019-10-11,14.354085603112841
285,2019-10-12,14.354085603112841
286,2019-10-13,14.354085603112841
287,2019-10-14,14.354085603112841
288,2019-10-15,16.404669260700388
289,2019-10-16,14.354085603112841
290,2019-10-17,14.354085603112841
291,2019-10-18,16.404669260700388
292,2019-10-19,14.354085603112841
293,2019-10-20,14.354085603112841
294,2019-10-21,14.354085603112841
295,2019-10-22,16.404669260700388
296,2019-10-23,18.45525291828794
297,2019-10-24,18.45525291828794
298,2019-10-25,20.505836575875485
299,2019-10-26,28.708171206225682
300,2019-10-27,20.505836575875485
301,2019-10-28,20.505836575875485
302,2019-10-29,18.45525291828794
303,2019-10-30,18.45525291828794
304,2019-10-31,16.404669260700388
305,2019-11-01,17.816593886462886
306,2019-11-02,15.589519650655024
307,2019-11-03,15.589519650655024
308,2019-11-04,17.816593886462886
309,2019-11-05,17.816593886462886
310,2019-11-06,15.589519650655024
311,2019-11-07,17.816593886462886
312,2019-11-08,17.816593886462886
313,2019-11-09,15.589519650655024
314,2019-11-10,15.589519650655024
315,2019-11-11,15.589519650655024
316,2019-11-12,15.589519650655024
317,2019-11-13,15.589519650655024
318,2019-11-14,15.589519650655024
319,2019-11-15,15.589519650655024
320,2019-11-16,13.362445414847164
321,2019-11-17,13.362445414847164
322,2019-11-18,15.589519650655024
323,2019-11-19,17.816593886462886
324,2019-11-20,15.589519650655024
325,2019-11-21,17.816593886462886
326,2019-11-22,22.270742358078603
327,2019-11-23,17.816593886462886
328,2019-11-24,17.816593886462886
329,2019-11-25,22.270742358078603
330,2019-11-26,20.04366812227075
331,2019-11-27,20.04366812227075
332,2019-11-28,17.816593886462886
333,2019-11-29,17.816593886462886
334,2019-11-30,15.589519650655024
335,2019-12-01,14.863013698630136
336,2019-12-02,16.98630136986301
337,2019-12-03,14.863013698630136
338,2019-12-04,16.98630136986301
339,2019-12-05,14.863013698630136
340,2019-12-06,14.863013698630136
341,2019-12-07,12.73972602739726
342,2019-12-08,12.73972602739726
343,2019-12-09,14.863013698630136
344,2019-12-10,14.863013698630136
345,2019-12-11,14.863013698630136
346,2019-12-12,14.863013698630136
347,2019-12-13,14.863013698630136
348,2019-12-14,12.73972602739726
349,2019-12-15,12.73972602739726
350,2019-12-16,14.863013698630136
351,2019-12-17,16.98630136986301
352,2019-12-18,19.10958904109589
353,2019-12-19,16.98630136986301
354,2019-12-20,16.98630136986301
355,2019-12-21,12.73972602739726
356,2019-12-22,14.863013698630136
357,2019-12-23,16.98630136986301
358,2019-12-24,14.863013698630136
359,2019-12-25,14.863013698630136
360,2019-12-26,14.863013698630136
361,2019-12-27,14.863013698630136
362,2019-12-28,14.863013698630136
363,2019-12-29,12.73972602739726
364,2019-12-30,14.863013698630136
365,2019-12-31,14.863013698630136
366,2020-01-01,15.918918918918921
367,2020-01-02,15.918918918918921
368,2020-01-03,18.193050193050194
369,2020-01-04,15.918918918918921
370,2020-01-05,18.193050193050194
371,2020-01-06,18.193050193050194
372,2020-01-07,22.741312741312743
373,2020-01-08,25.015444015444018
374,2020-01-09,20.467181467181472
375,2020-01-10,18.193050193050194
376,2020-01-11,18.193050193050194
377,2020-01-12,15.918918918918921
378,2020-01-13,15.918918918918921
379,2020-01-14,22.741312741312743
380,2020-01-15,25.015444015444018
381,2020-01-16,20.467181467181472
382,2020-01-17,20.467181467181472
383,2020-01-18,18.193050193050194
384,2020-01-19,20.467181467181472
385,2020-01-20,18.193050193050194
386,2020-01-21,18.193050193050194
387,2020-01-22,18.193050193050194
388,2020-01-23,18.193050193050194
389,2020-01-24,18.193050193050194
390,2020-01-25,15.918918918918921
391,2020-01-26,15.918918918918921
392,2020-01-27,18.193050193050194
393,2020-01-28,20.467181467181472
394,2020-01-29,20.467181467181472
395,2020-01-30,20.467181467181472
396,2020-01-31,20.467181467181472
397,2020-02-01,17.313432835820898
398,2020-02-02,17.313432835820898
399,2020-02-03,17.313432835820898
400,2020-02-04,17.313432835820898
401,2020-02-05,19.47761194029851
402,2020-02-06,21.64179104477612
403,2020-02-07,19.47761194029851
404,2020-02-08,19.47761194029851
405,2020-02-09,23.80597014925373
406,2020-02-10,21.64179104477612
407,2020-02-11,21.64179104477612
408,2020-02-12,23.80597014925373
409,2020-02-13,23.80597014925373
410,2020-02-14,19.47761194029851
411,2020-02-15,19.47761194029851
412,2020-02-16,19.47761194029851
413,2020-02-17,21.64179104477612
414,2020-02-18,19.47761194029851
415,2020-02-19,21.64179104477612
416,2020-02-20,21.64179104477612
417,2020-02-21,19.47761194029851
418,2020-02-22,17.313432835820898
419,2020-02-23,17.313432835820898
420,2020-02-24,19.47761194029851
421,2020-02-25,17.313432835820898
422,2020-02-26,21.64179104477612
423,2020-02-27,21.64179104477612
424,2020-02-28,21.64179104477612
425,2020-02-29,17.313432835820898
426,2020-03-01,17.4911838790932
427,2020-03-02,19.677581863979853
428,2020-03-03,19.677581863979853
429,2020-03-04,17.4911838790932
430,2020-03-05,19.677581863979853
431,2020-03-06,19.677581863979853
432,2020-03-07,17.4911838790932
433,2020-03-08,19.677581863979853
434,2020-03-09,30.609571788413103
435,2020-03-10,24.05037783375315
436,2020-03-11,21.8639798488665
437,2020-03-12,43.727959697733
438,2020-03-13,63.40554156171285
439,2020-03-14,43.727959697733
440,2020-03-15,32.795969773299745
441,2020-03-16,41.54156171284635
442,2020-03-17,32.795969773299745
443,2020-03-18,30.609571788413103
444,2020-03-19,34.9823677581864
445,2020-03-20,34.9823677581864
446,2020-03-21,30.609571788413103
447,2020-03-22,26.236775818639803
448,2020-03-23,28.42317380352645
449,2020-03-24,28.42317380352645
450,2020-03-25,26.236775818639803
451,2020-03-26,26.236775818639803
452,2020-03-27,24.05037783375315
453,2020-03-28,24.05037783375315
454,2020-03-29,21.8639798488665
455,2020-03-30,24.05037783375315
456,2020-03-31,21.8639798488665
457,2020-04-01,21.294176207068194
458,2020-04-02,23.423593827775015
459,2020-04-03,23.423593827775015
460,2020-04-04,21.294176207068194
461,2020-04-05,19.164758586361376
462,2020-04-06,23.423593827775015
463,2020-04-07,23.423593827775015
464,2020-04-08,21.294176207068194
465,2020-04-09,21.294176207068194
466,2020-04-10,23.423593827775015
467,2020-04-11,21.294176207068194
468,2020-04-12,21.294176207068194
469,2020-04-13,21.294176207068194
470,2020-04-14,19.164758586361376
471,2020-04-15,21.294176207068194
472,2020-04-16,21.294176207068194
473,2020-04-17,21.294176207068194
474,2020-04-18,21.294176207068194
475,2020-04-19,19.164758586361376
476,2020-04-20,21.294176207068194
477,2020-04-21,21.294176207068194
478,2020-04-22,21.294176207068194
479,2020-04-23,23.423593827775015
480,2020-04-24,17.035340965654555
481,2020-04-25,21.294176207068194
482,2020-04-26,21.294176207068194
483,2020-04-27,23.423593827775015
484,2020-04-28,23.423593827775015
485,2020-04-29,31.94126431060229
486,2020-04-30,36.20009955201593
487,2020-04-30,42.23344947735191
488,2020-05-01,30.53266331658291
489,2020-05-02,27.043216080402008
490,2020-05-03,27.915577889447235
491,2020-05-04,26.170854271356784
492,2020-05-05,24.426130653266327
493,2020-05-06,28.78793969849246
494,2020-05-07,35.76683417085427
495,2020-05-08,36.63919597989949
496,2020-05-09,34.89447236180904
497,2020-05-10,41.87336683417085
498,2020-05-11,49.724623115577884
499,2020-05-12,37.51155778894472
500,2020-05-13,31.40502512562814
501,2020-05-14,32.27738693467336
502,2020-05-15,28.78793969849246
503,2020-05-16,26.170854271356784
504,2020-05-17,26.170854271356784
505,2020-05-18,25.298492462311557
506,2020-05-19,24.426130653266327
507,2020-05-20,24.426130653266327
508,2020-05-21,25.298492462311557
509,2020-05-22,24.426130653266327
510,2020-05-23,21.809045226130653
511,2020-05-24,22.681407035175877
512,2020-05-25,24.426130653266327
513,2020-05-26,22.681407035175877
514,2020-05-27,21.809045226130653
515,2020-05-28,22.681407035175877
516,2020-05-29,20.936683417085426
517,2020-05-30,20.936683417085426
518,2020-05-31,20.0643216080402
519,2020-06-01,21.921331316187594
520,2020-06-02,31.452344931921328
521,2020-06-03,24.780635400907713
522,2020-06-04,23.827534039334342
523,2020-06-05,22.874432677760968
524,2020-06-06,20.96822995461422
525,2020-06-07,21.921331316187594
526,2020-06-08,21.921331316187594
527,2020-06-09,20.96822995461422
528,2020-06-10,21.921331316187594
529,2020-06-11,23.827534039334342
530,2020-06-12,20.96822995461422
531,2020-06-13,20.015128593040846
532,2020-06-14,20.015128593040846
533,2020-06-15,21.921331316187594
534,2020-06-16,20.96822995461422
535,2020-06-17,20.96822995461422
536,2020-06-18,19.06202723146747
537,2020-06-19,20.015128593040846
538,2020-06-20,18.108925869894097
539,2020-06-21,18.108925869894097
540,2020-06-22,19.06202723146747
541,2020-06-23,20.015128593040846
542,2020-06-24,20.015128593040846
543,2020-06-25,20.015128593040846
544,2020-06-26,19.06202723146747
545,2020-06-27,18.108925869894097
546,2020-06-28,20.015128593040846
547,2020-06-29,19.06202723146747
548,2020-06-30,18.108925869894097
549,2020-07-01,17.714285714285715
550,2020-07-02,17.714285714285715
551,2020-07-03,17.714285714285715
552,2020-07-04,15.942857142857143
553,2020-07-05,16.82857142857143
554,2020-07-06,13.285714285714286
555,2020-07-07,10.628571428571428
556,2020-07-08,18.599999999999998
557,2020-07-09,18.599999999999998
558,2020-07-10,16.82857142857143
559,2020-07-11,15.942857142857143
560,2020-07-12,16.82857142857143
561,2020-07-13,17.714285714285715
562,2020-07-14,18.599999999999998
563,2020-07-15,20.371428571428574
564,2020-07-16,23.02857142857143
565,2020-07-17,18.599999999999998
566,2020-07-18,23.914285714285715
567,2020-07-19,16.82857142857143
568,2020-07-20,16.82857142857143
569,2020-07-21,17.714285714285715
570,2020-07-22,16.82857142857143
571,2020-07-23,18.599999999999998
572,2020-07-24,19.485714285714284
573,2020-07-25,20.371428571428574
574,2020-07-26,23.914285714285715
575,2020-07-27,32.771428571428565
576,2020-07-28,34.542857142857144
577,2020-07-29,30.999999999999996
578,2020-07-30,25.685714285714287
579,2020-07-31,26.571428571428573
580,2020-08-01,33.81818181818181
581,2020-08-02,33.81818181818181
582,2020-08-03,28.334152334152336
583,2020-08-04,25.59213759213759
584,2020-08-05,26.506142506142506
585,2020-08-06,27.42014742014742
586,2020-08-07,25.59213759213759
587,2020-08-08,24.678132678132677
588,2020-08-09,23.764127764127764
589,2020-08-10,26.506142506142506
590,2020-08-11,25.59213759213759
591,2020-08-12,24.678132678132677
592,2020-08-13,23.764127764127764
593,2020-08-14,22.85012285012285
594,2020-08-15,22.85012285012285
595,2020-08-16,22.85012285012285
596,2020-08-17,27.42014742014742
597,2020-08-18,27.42014742014742
598,2020-08-19,24.678132678132677
599,2020-08-20,23.764127764127764
600,2020-08-21,21.02211302211302
601,2020-08-22,21.02211302211302
602,2020-08-23,19.194103194103192
603,2020-08-24,21.02211302211302
604,2020-08-25,21.936117936117938
605,2020-08-26,21.02211302211302
606,2020-08-27,19.194103194103192
607,2020-08-28,20.108108108108105
608,2020-08-29,18.28009828009828
609,2020-08-30,19.194103194103192
610,2020-08-31,20.108108108108105
611,2020-09-01,20.110410094637224
612,2020-09-02,19.305993690851736
613,2020-09-03,20.914826498422713
614,2020-09-04,23.32807570977918
615,2020-09-05,20.914826498422713
616,2020-09-06,19.305993690851736
617,2020-09-07,19.305993690851736
618,2020-09-08,18.501577287066247
619,2020-09-09,17.697160883280755
620,2020-09-10,17.697160883280755
621,2020-09-11,16.892744479495267
622,2020-09-12,16.08832807570978
623,2020-09-13,16.892744479495267
624,2020-09-14,16.892744479495267
625,2020-09-15,17.697160883280755
626,2020-09-16,17.697160883280755
627,2020-09-17,16.08832807570978
628,2020-09-18,15.28391167192429
629,2020-09-19,15.28391167192429
630,2020-09-20,14.479495268138802
631,2020-09-21,16.892744479495267
632,2020-09-22,15.28391167192429
633,2020-09-23,14.479495268138802
634,2020-09-24,15.28391167192429
635,2020-09-25,16.08832807570978
636,2020-09-26,14.479495268138802
637,2020-09-27,12.870662460567823
638,2020-09-28,15.28391167192429
639,2020-09-29,15.28391167192429
640,2020-09-30,13.675078864353312
641,2020-10-01,16.22093023255814
642,2020-10-02,17.122093023255815
643,2020-10-03,15.319767441860465
644,2020-10-04,14.418604651162791
645,2020-10-05,16.22093023255814
646,2020-10-06,16.22093023255814
647,2020-10-07,14.418604651162791
648,2020-10-08,16.22093023255814
649,2020-10-09,16.22093023255814
650,2020-10-10,18.023255813953487
651,2020-10-11,18.023255813953487
652,2020-10-12,18.924418604651162
653,2020-10-13,17.122093023255815
654,2020-10-14,17.122093023255815
655,2020-10-15,18.023255813953487
656,2020-10-16,17.122093023255815
657,2020-10-17,15.319767441860465
658,2020-10-18,17.122093023255815
659,2020-10-19,17.122093023255815
660,2020-10-20,19.825581395348834
661,2020-10-21,29.738372093023255
662,2020-10-22,31.540697674418603
663,2020-10-23,26.13372093023256
664,2020-10-24,21.627906976744185
665,2020-10-25,22.52906976744186
666,2020-10-26,23.430232558139533
667,2020-10-27,27.936046511627907
668,2020-10-28,27.936046511627907
669,2020-10-29,24.33139534883721
670,2020-10-30,23.430232558139533
671,2020-10-31,25.232558139534884
672,2020-11-01,24.705882352941178
673,2020-11-02,22.941176470588236
674,2020-11-03,22.058823529411768
675,2020-11-04,20.294117647058826
676,2020-11-05,32.64705882352941
677,2020-11-06,35.294117647058826
678,2020-11-07,29.11764705882353
679,2020-11-08,26.47058823529412
680,2020-11-09,29.11764705882353
681,2020-11-10,24.705882352941178
682,2020-11-11,28.23529411764706
683,2020-11-12,28.23529411764706
684,2020-11-13,30.88235294117647
685,2020-11-14,25.58823529411765
686,2020-11-15,23.823529411764707
687,2020-11-16,30.0
688,2020-11-17,42.352941176470594
689,2020-11-18,50.294117647058826
690,2020-11-19,37.94117647058824
691,2020-11-20,42.352941176470594
692,2020-11-21,42.352941176470594
693,2020-11-22,34.411764705882355
694,2020-11-23,37.94117647058824
695,2020-11-24,50.294117647058826
696,2020-11-25,44.117647058823536
697,2020-11-26,56.47058823529412
698,2020-11-27,38.8235294117647
699,2020-11-28,33.529411764705884
700,2020-11-29,31.764705882352946
701,2020-11-30,43.23529411764706
702,2020-12-01,45.04893350062735
703,2020-12-02,35.33249686323714
704,2020-12-03,34.449184441656215
705,2020-12-04,32.68255959849435
706,2020-12-05,29.14930991217064
707,2020-12-06,28.26599749058971
708,2020-12-07,30.03262233375157
709,2020-12-08,30.915934755332493
710,2020-12-09,31.799247176913426
711,2020-12-10,27.382685069008783
712,2020-12-11,29.14930991217064
713,2020-12-12,26.499372647427855
714,2020-12-13,28.26599749058971
715,2020-12-14,25.616060225846926
716,2020-12-15,28.26599749058971
717,2020-12-16,52.99874529485571
718,2020-12-17,88.33124215809285
719,2020-12-18,57.415307402760355
720,2020-12-19,49.465495608531995
721,2020-12-20,47.69887076537014
722,2020-12-21,52.11543287327478
723,2020-12-22,43.28230865746549
724,2020-12-23,42.39899623588457
725,2020-12-24,38.865746549560846
726,2020-12-25,45.04893350062735
727,2020-12-26,60.06524466750314
728,2020-12-27,83.9146800501882
729,2020-12-28,60.94855708908406
730,2020-12-29,55.64868255959849
731,2020-12-29,49.68632371392722
732,2020-12-30,59.623588456712675
733,2020-12-31,57.63613550815559
734,2021-01-01,65.03100158982512
735,2021-01-02,107.637519872814
736,2021-01-03,125.57710651828299
737,2021-01-04,107.637519872814
738,2021-01-05,89.69793322734498
739,2021-01-06,100.91017488076311
740,2021-01-07,143.51669316375197
741,2021-01-08,143.51669316375197
742,2021-01-09,107.637519872814
743,2021-01-10,112.12241653418123
744,2021-01-11,161.45627980922097
745,2021-01-12,123.33465818759936
746,2021-01-13,107.637519872814
747,2021-01-14,114.36486486486486
748,2021-01-15,94.18282988871223
749,2021-01-16,80.72813990461049
750,2021-01-17,71.75834658187598
751,2021-01-18,69.51589825119237
752,2021-01-19,65.03100158982512
753,2021-01-20,65.03100158982512
754,2021-01-21,80.72813990461049
755,2021-01-22,89.69793322734498
756,2021-01-23,65.03100158982512
757,2021-01-24,58.30365659777424
758,2021-01-25,60.546104928457865
759,2021-01-26,58.30365659777424
760,2021-01-27,60.546104928457865
761,2021-01-28,65.03100158982512
762,2021-01-29,98.6677265500795
763,2021-01-30,71.75834658187598
764,2021-01-31,56.06120826709061
765,2021-02-01,61.434599156118146
766,2021-02-02,59.07172995780591
767,2021-02-03,63.797468354430386
768,2021-02-04,66.16033755274262
769,2021-02-05,59.07172995780591
770,2021-02-06,75.61181434599156
771,2021-02-07,63.797468354430386
772,2021-02-08,139.40928270042195
773,2021-02-09,160.67510548523208
774,2021-02-10,103.9662447257384
775,2021-02-11,99.24050632911393
776,2021-02-12,94.51476793248945
777,2021-02-13,82.70042194092828
778,2021-02-14,89.78902953586498
779,2021-02-15,89.78902953586498
780,2021-02-16,101.60337552742617
781,2021-02-17,113.41772151898736
782,2021-02-18,101.60337552742617
783,2021-02-19,122.86919831223629
784,2021-02-20,129.957805907173
785,2021-02-21,118.14345991561181
786,2021-02-22,129.957805907173
787,2021-02-23,165.40084388185656
788,2021-02-24,125.23206751054853
789,2021-02-25,101.60337552742617
790,2021-02-26,106.32911392405065
791,2021-02-27,82.70042194092828
792,2021-02-28,92.15189873417721
793,2021-03-01,83.53751284686535
794,2021-03-02,74.74409044193217
795,2021-03-03,74.74409044193217
796,2021-03-04,68.14902363823226
797,2021-03-05,68.14902363823226
798,2021-03-06,59.355601233299076
799,2021-03-07,63.752312435765674
800,2021-03-08,63.752312435765674
801,2021-03-09,76.94244604316548
802,2021-03-10,76.94244604316548
803,2021-03-11,72.54573484069887
804,2021-03-12,70.34737923946557
805,2021-03-13,94.52929085303185
806,2021-03-14,87.93422404933196
807,2021-03-15,79.14080164439878
808,2021-03-16,72.54573484069887
809,2021-03-17,68.14902363823226
810,2021-03-18,65.95066803699896
811,2021-03-19,61.55395683453237
812,2021-03-20,59.355601233299076
813,2021-03-21,59.355601233299076
814,2021-03-22,63.752312435765674
815,2021-03-23,61.55395683453237
816,2021-03-24,68.14902363823226
817,2021-03-25,74.74409044193217
818,2021-03-26,61.55395683453237
819,2021-03-27,59.355601233299076
820,2021-03-28,54.95889003083247
821,2021-03-29,61.55395683453237
822,2021-03-30,65.95066803699896
823,2021-03-31,65.95066803699896
824,2021-04-01,67.49999999999999
825,2021-04-02,63.14516129032258
826,2021-04-03,58.79032258064515
827,2021-04-04,58.79032258064515
828,2021-04-05,60.967741935483865
829,2021-04-06,60.967741935483865
830,2021-04-07,58.79032258064515
831,2021-04-08,54.43548387096774
832,2021-04-09,52.25806451612903
833,2021-04-10,58.79032258064515
834,2021-04-11,58.79032258064515
835,2021-04-12,60.967741935483865
836,2021-04-13,76.20967741935483
837,2021-04-14,84.91935483870967
838,2021-04-15,71.85483870967741
839,2021-04-16,76.20967741935483
840,2021-04-17,63.14516129032258
841,2021-04-18,115.4032258064516
842,2021-04-19,91.4516129032258
843,2021-04-20,87.09677419354837
844,2021-04-21,69.6774193548387
845,2021-04-22,78.38709677419355
846,2021-04-23,126.29032258064515
847,2021-04-24,84.91935483870967
848,2021-04-25,78.38709677419355
849,2021-04-26,82.74193548387095
850,2021-04-27,76.20967741935483
851,2021-04-28,63.14516129032258
852,2021-04-29,60.967741935483865
853,2021-04-30,58.79032258064515
854,2021-05-01,63.8220810166799
855,2021-05-02,59.094519459888794
856,2021-05-03,66.18586179507545
857,2021-05-04,68.549642573471
858,2021-05-05,68.549642573471
859,2021-05-06,68.549642573471
860,2021-05-07,61.45830023828435
861,2021-05-08,63.8220810166799
862,2021-05-09,66.18586179507545
863,2021-05-10,66.18586179507545
864,2021-05-11,66.18586179507545
865,2021-05-12,66.18586179507545
866,2021-05-13,151.28196981731531
867,2021-05-14,99.27879269261318
868,2021-05-15,78.00476568705322
869,2021-05-16,87.45988880063543
870,2021-05-17,120.55281969817314
871,2021-05-18,94.55123113582208
872,2021-05-19,236.37807783955517
873,2021-05-20,182.01111993645748
874,2021-05-21,134.73550436854646
875,2021-05-22,122.9166004765687
876,2021-05-23,144.19062748212866
877,2021-05-24,130.00794281175536
878,2021-05-25,101.64257347100873
879,2021-05-26,89.82366957903096
880,2021-05-27,82.73232724384432
881,2021-05-28,89.82366957903096
882,2021-05-29,87.45988880063543
883,2021-05-30,82.73232724384432
884,2021-05-31,75.64098490865766
885,2021-06-01,76.78899082568807
886,2021-06-02,76.78899082568807
887,2021-06-03,76.78899082568807
888,2021-06-04,81.74311926605505
889,2021-06-05,74.31192660550458
890,2021-06-06,76.78899082568807
891,2021-06-07,74.31192660550458
892,2021-06-08,101.55963302752293
893,2021-06-09,94.12844036697247
894,2021-06-10,81.74311926605505
895,2021-06-11,69.35779816513761
896,2021-06-12,61.92660550458715
897,2021-06-13,64.40366972477064
898,2021-06-14,81.74311926605505
899,2021-06-15,66.88073394495413
900,2021-06-16,61.92660550458715
901,2021-06-17,54.49541284403669
902,2021-06-18,56.972477064220186
903,2021-06-19,52.01834862385321
904,2021-06-20,59.44954128440367
905,2021-06-21,81.74311926605505
906,2021-06-22,111.46788990825688
907,2021-06-23,79.26605504587155
908,2021-06-24,66.88073394495413
909,2021-06-25,66.88073394495413
910,2021-06-26,64.40366972477064
911,2021-06-27,61.92660550458715
912,2021-06-28,64.40366972477064
913,2021-06-29,64.40366972477064
914,2021-06-30,54.49541284403669
915,2021-07-01,47.95312500000001
916,2021-07-02,43.59375000000001
917,2021-07-03,41.4140625
918,2021-07-04,45.77343750000001
919,2021-07-05,43.59375000000001
920,2021-07-06,43.59375000000001
921,2021-07-07,37.05468750000001
922,2021-07-08,43.59375000000001
923,2021-07-09,41.4140625
924,2021-07-10,37.05468750000001
925,2021-07-11,37.05468750000001
926,2021-07-12,39.23437500000001
927,2021-07-13,39.23437500000001
928,2021-07-14,39.23437500000001
929,2021-07-15,41.4140625
930,2021-07-16,41.4140625
931,2021-07-17,39.23437500000001
932,2021-07-18,37.05468750000001
933,2021-07-19,43.59375000000001
934,2021-07-20,56.67187500000001
935,2021-07-21,52.312500000000014
936,2021-07-22,47.95312500000001
937,2021-07-23,41.4140625
938,2021-07-24,43.59375000000001
939,2021-07-25,43.59375000000001
940,2021-07-26,78.46875000000001
941,2021-07-27,56.67187500000001
942,2021-07-28,52.312500000000014
943,2021-07-29,47.95312500000001
944,2021-07-30,43.59375000000001
945,2021-07-31,47.95312500000001
946,2021-08-01,44.370761115297654
947,2021-08-02,46.58929917106254
948,2021-08-03,42.15222305953277
949,2021-08-04,39.93368500376789
950,2021-08-05,42.15222305953277
951,2021-08-06,46.58929917106254
952,2021-08-07,51.026375282592305
953,2021-08-08,53.24491333835719
954,2021-08-09,55.46345139412207
955,2021-08-10,53.24491333835719
956,2021-08-11,53.24491333835719
957,2021-08-12,48.807837226827424
958,2021-08-13,48.807837226827424
959,2021-08-14,48.807837226827424
960,2021-08-15,46.58929917106254
961,2021-08-16,46.58929917106254
962,2021-08-17,44.370761115297654
963,2021-08-18,44.370761115297654
964,2021-08-19,44.370761115297654
965,2021-08-20,48.807837226827424
966,2021-08-21,48.807837226827424
967,2021-08-22,44.370761115297654
968,2021-08-23,57.681989449886956
969,2021-08-24,48.807837226827424
970,2021-08-25,46.58929917106254
971,2021-08-26,44.370761115297654
972,2021-08-27,42.15222305953277
973,2021-08-28,39.93368500376789
974,2021-08-28,37.9370007535795
975,2021-08-29,35.9403165033911
976,2021-08-30,37.9370007535795
977,2021-08-31,37.9370007535795
978,2021-09-01,35.8860759493671
979,2021-09-02,39.873417721519
980,2021-09-03,37.87974683544304
981,2021-09-04,35.8860759493671
982,2021-09-05,37.87974683544304
983,2021-09-06,43.8607594936709
984,2021-09-07,71.7721518987342
985,2021-09-08,65.79113924050634
986,2021-09-09,47.84810126582279
987,2021-09-10,43.8607594936709
988,2021-09-11,37.87974683544304
989,2021-09-12,37.87974683544304
990,2021-09-13,39.873417721519
991,2021-09-14,37.87974683544304
992,2021-09-15,35.8860759493671
993,2021-09-16,35.8860759493671
994,2021-09-17,35.8860759493671
995,2021-09-18,33.89240506329115
996,2021-09-19,31.898734177215196
997,2021-09-20,49.841772151898745
998,2021-09-21,49.841772151898745
999,2021-09-22,45.854430379746844
1000,2021-09-23,37.87974683544304
1001,2021-09-24,57.81645569620254
1002,2021-09-25,43.8607594936709
1003,2021-09-26,35.8860759493671
1004,2021-09-27,37.87974683544304
1005,2021-09-28,39.873417721519
1006,2021-09-29,37.87974683544304
1007,2021-09-30,35.8860759493671
1008,2021-10-01,45.466666666666676
1009,2021-10-02,41.33333333333334
1010,2021-10-03,39.26666666666667
1011,2021-10-04,41.33333333333334
1012,2021-10-05,47.53333333333334
1013,2021-10-06,59.93333333333334
1014,2021-10-07,55.80000000000001
1015,2021-10-08,45.466666666666676
1016,2021-10-09,43.400000000000006
1017,2021-10-10,43.400000000000006
1018,2021-10-11,51.66666666666667
1019,2021-10-12,53.73333333333334
1020,2021-10-13,45.466666666666676
1021,2021-10-14,49.6
1022,2021-10-15,66.13333333333334
1023,2021-10-16,62.00000000000001
1024,2021-10-17,49.6
1025,2021-10-18,55.80000000000001
1026,2021-10-19,66.13333333333334
1027,2021-10-20,86.80000000000001
1028,2021-10-21,76.46666666666667
1029,2021-10-22,64.06666666666668
1030,2021-10-23,51.66666666666667
1031,2021-10-24,47.53333333333334
1032,2021-10-25,51.66666666666667
1033,2021-10-26,53.73333333333334
1034,2021-10-27,59.93333333333334
1035,2021-10-28,53.73333333333334
1036,2021-10-29,47.53333333333334
1037,2021-10-30,43.400000000000006
1038,2021-10-31,43.400000000000006
1039,2021-11-01,47.67705382436261
1040,2021-11-02,49.8441926345609
1041,2021-11-03,45.50991501416431
1042,2021-11-04,45.50991501416431
1043,2021-11-05,43.342776203966004
1044,2021-11-06,41.1756373937677
1045,2021-11-07,41.1756373937677
1046,2021-11-08,58.51274787535411
1047,2021-11-09,67.1813031161473
1048,2021-11-10,60.679886685552404
1049,2021-11-11,54.1784702549575
1050,2021-11-12,49.8441926345609
1051,2021-11-13,45.50991501416431
1052,2021-11-14,45.50991501416431
1053,2021-11-15,49.8441926345609
1054,2021-11-16,60.679886685552404
1055,2021-11-17,56.345609065155806
1056,2021-11-18,56.345609065155806
1057,2021-11-19,58.51274787535411
1058,2021-11-20,45.50991501416431
1059,2021-11-21,45.50991501416431
1060,2021-11-22,49.8441926345609
1061,2021-11-23,54.1784702549575
1062,2021-11-24,54.1784702549575
1063,2021-11-25,47.67705382436261
1064,2021-11-26,58.51274787535411
1065,2021-11-27,49.8441926345609
1066,2021-11-28,45.50991501416431
1067,2021-11-29,52.0113314447592
1068,2021-11-30,49.8441926345609
1069,2021-12-01,45.869918699187
1070,2021-12-02,43.68563685636857
1071,2021-12-03,45.869918699187
1072,2021-12-04,100.4769647696477
1073,2021-12-05,74.26558265582656
1074,2021-12-06,67.71273712737128
1075,2021-12-07,58.97560975609757
1076,2021-12-08,52.422764227642276
1077,2021-12-09,52.422764227642276
1078,2021-12-10,52.422764227642276
1079,2021-12-11,43.68563685636857
1080,2021-12-12,48.054200542005425
1081,2021-12-13,54.607046070460704
1082,2021-12-14,58.97560975609757
1083,2021-12-15,56.79132791327914
1084,2021-12-16,50.23848238482385
1085,2021-12-17,48.054200542005425
1086,2021-12-18,45.869918699187
1087,2021-12-19,45.869918699187
1088,2021-12-20,48.054200542005425
1089,2021-12-21,48.054200542005425
1090,2021-12-22,43.68563685636857
1091,2021-12-23,48.054200542005425
1092,2021-12-24,50.23848238482385
1093,2021-12-25,45.869918699187
1094,2021-12-26,45.869918699187
1095,2021-12-27,45.869918699187
1096,2021-12-28,48.054200542005425
1097,2021-12-29,48.054200542005425
1098,2021-12-30,48.054200542005425
1099,2021-12-31,45.869918699187
1100,2022-01-01,38.679758308157105
1101,2022-01-02,36.83786505538772
1102,2022-01-03,40.52165156092649
1103,2022-01-04,99.46223564954684
1104,2022-01-05,36.83786505538772
1105,2022-01-06,53.41490433031218
1106,2022-01-07,64.4662638469285
1107,2022-01-08,58.94058408862035
1108,2022-01-09,51.5730110775428
1109,2022-01-10,57.09869083585096
1110,2022-01-11,53.41490433031218
1111,2022-01-12,47.88922457200403
1112,2022-01-13,92.09466263846929
1113,2022-01-14,33.15407854984894
1114,2022-01-15,38.679758308157105
1115,2022-01-16,69.99194360523666
1116,2022-01-17,34.99597180261833
1117,2022-01-18,36.83786505538772
1118,2022-01-19,34.99597180261833
1119,2022-01-20,40.52165156092649
1120,2022-01-21,73.67573011077543
1121,2022-01-22,103.1460221550856
1122,2022-01-23,73.67573011077543
1123,2022-01-24,184.18932527693858
1124,2022-01-25,60.78247734138973
1125,2022-01-26,60.78247734138973
1126,2022-01-27,53.41490433031218
1127,2022-01-28,55.25679758308157
1128,2022-01-29,49.73111782477342
1129,2022-01-30,46.047331319234644
1130,2022-01-31,47.88922457200403
1131,2022-02-01,56.23628691983122
1132,2022-02-02,50.210970464135016
1133,2022-02-03,50.210970464135016
1134,2022-02-04,52.21940928270042
1135,2022-02-05,56.23628691983122
1136,2022-02-06,48.202531645569614
1137,2022-02-07,58.24472573839662
1138,2022-02-08,56.23628691983122
1139,2022-02-09,54.22784810126582
1140,2022-02-10,44.185654008438824
1141,2022-02-11,50.210970464135016
1142,2022-02-12,44.185654008438824
1143,2022-02-13,40.16877637130802
1144,2022-02-14,44.185654008438824
1145,2022-02-15,46.19409282700421
1146,2022-02-16,42.17721518987342
1147,2022-02-17,46.19409282700421
1148,2022-02-18,46.19409282700421
1149,2022-02-19,40.16877637130802
1150,2022-02-20,44.185654008438824
1151,2022-02-21,48.202531645569614
1152,2022-02-22,54.22784810126582
1153,2022-02-23,46.19409282700421
1154,2022-02-24,90.37974683544303
1155,2022-02-25,62.26160337552742
1156,2022-02-26,48.202531645569614
1157,2022-02-27,48.202531645569614
1158,2022-02-28,60.25316455696202
1159,2022-03-01,65.43928035982009
1160,2022-03-02,59.30434782608695
1161,2022-03-03,49.079460269865066
1162,2022-03-04,49.079460269865066
1163,2022-03-05,42.94452773613194
1164,2022-03-06,40.899550224887555
1165,2022-03-07,51.12443778110944
1166,2022-03-08,47.03448275862068
1167,2022-03-09,51.12443778110944
1168,2022-03-10,47.03448275862068
1169,2022-03-11,42.94452773613194
1170,2022-03-12,38.85457271364318
1171,2022-03-13,38.85457271364318
1172,2022-03-14,42.94452773613194
1173,2022-03-15,38.85457271364318
1174,2022-03-16,42.94452773613194
1175,2022-03-17,40.899550224887555
1176,2022-03-18,44.989505247376314
1177,2022-03-19,36.809595202398796
1178,2022-03-20,34.76461769115442
1179,2022-03-21,38.85457271364318
1180,2022-03-22,40.899550224887555
1181,2022-03-23,38.85457271364318
1182,2022-03-24,40.899550224887555
1183,2022-03-25,40.899550224887555
1184,2022-03-26,36.809595202398796
1185,2022-03-27,40.899550224887555
1186,2022-03-28,51.12443778110944
1187,2022-03-29,44.989505247376314
1188,2022-03-30,42.94452773613194
1189,2022-03-31,40.899550224887555
1190,2022-04-01,40.630067792104214
1191,2022-04-02,36.567061012893795
1192,2022-04-03,34.53555762328858
1193,2022-04-04,36.567061012893795
1194,2022-04-05,36.567061012893795
1195,2022-04-06,40.630067792104214
1196,2022-04-07,36.567061012893795
1197,2022-04-08,36.567061012893795
1198,2022-04-09,32.50405423368337
1199,2022-04-10,32.50405423368337
1200,2022-04-11,42.66157118170943
1201,2022-04-12,38.59856440249901
1202,2022-04-13,38.59856440249901
1203,2022-04-14,34.53555762328858
1204,2022-04-15,32.50405423368337
1205,2022-04-16,30.47255084407816
1206,2022-04-17,28.44104745447295
1207,2022-04-18,36.567061012893795
1208,2022-04-19,34.53555762328858
1209,2022-04-20,30.47255084407816
1210,2022-04-21,32.50405423368337
1211,2022-04-22,32.50405423368337
1212,2022-04-23,30.47255084407816
1213,2022-04-24,28.44104745447295
1214,2022-04-25,34.53555762328858
1215,2022-04-26,36.567061012893795
1216,2022-04-27,32.50405423368337
1217,2022-04-27,29.141565864681642
1218,2022-04-28,29.141565864681642
1219,2022-04-29,29.141565864681642
1220,2022-04-30,28.020736408347734
1221,2022-05-01,34.70186839967506
1222,2022-05-02,34.70186839967506
1223,2022-05-03,33.367181153533714
1224,2022-05-04,34.70186839967506
1225,2022-05-05,42.709991876523155
1226,2022-05-06,45.37936636880585
1227,2022-05-07,36.036555645816414
1228,2022-05-08,46.7140536149472
1229,2022-05-09,73.40779853777417
1230,2022-05-10,72.07311129163283
1231,2022-05-11,86.75467099918765
1232,2022-05-12,133.46872461413486
1233,2022-05-13,94.76279447603574
1234,2022-05-14,69.40373679935011
1235,2022-05-15,58.72623883021934
1236,2022-05-16,60.06092607636069
1237,2022-05-17,53.38748984565394
1238,2022-05-18,54.72217709179529
1239,2022-05-19,52.052802599512596
1240,2022-05-20,49.383428107229896
1241,2022-05-21,42.709991876523155
1242,2022-05-22,44.0446791226645
1243,2022-05-23,45.37936636880585
1244,2022-05-24,46.7140536149472
1245,2022-05-25,42.709991876523155
1246,2022-05-26,46.7140536149472
1247,2022-05-27,44.0446791226645
1248,2022-05-28,38.705930138099106
1249,2022-05-29,37.371242891957756
1250,2022-05-30,44.0446791226645
1251,2022-05-31,44.0446791226645
1252,2022-06-01,39.214285714285715
1253,2022-06-02,37.90714285714285
1254,2022-06-03,36.599999999999994
1255,2022-06-04,33.98571428571428
1256,2022-06-05,32.67857142857142
1257,2022-06-06,39.214285714285715
1258,2022-06-07,40.52142857142857
1259,2022-06-08,37.90714285714285
1260,2022-06-09,32.67857142857142
1261,2022-06-10,36.599999999999994
1262,2022-06-11,35.29285714285714
1263,2022-06-12,45.74999999999999
1264,2022-06-13,117.64285714285714
1265,2022-06-14,108.49285714285713
1266,2022-06-15,107.18571428571427
1267,2022-06-16,90.19285714285714
1268,2022-06-17,75.8142857142857
1269,2022-06-18,117.64285714285714
1270,2022-06-19,111.10714285714285
1271,2022-06-20,87.57857142857142
1272,2022-06-21,73.19999999999999
1273,2022-06-22,65.35714285714285
1274,2022-06-23,58.82142857142857
1275,2022-06-24,57.51428571428571
1276,2022-06-25,48.364285714285714
1277,2022-06-26,45.74999999999999
1278,2022-06-27,52.28571428571428
1279,2022-06-28,48.364285714285714
1280,2022-06-29,52.28571428571428
1281,2022-06-30,64.05
1282,2022-07-01,55.91229742612011
1283,2022-07-02,48.287893231649186
1284,2022-07-03,47.01715919923737
1285,2022-07-04,49.558627264061
1286,2022-07-05,52.10009532888464
1287,2022-07-06,49.558627264061
1288,2022-07-07,47.01715919923737
1289,2022-07-08,44.475691134413715
1290,2022-07-09,38.12202097235462
1291,2022-07-10,39.39275500476644
1292,2022-07-11,43.2049571020019
1293,2022-07-12,44.475691134413715
1294,2022-07-13,44.475691134413715
1295,2022-07-14,44.475691134413715
1296,2022-07-15,39.39275500476644
1297,2022-07-16,36.851286939942796
1298,2022-07-17,35.58055290753098
1299,2022-07-18,45.74642516682554
1300,2022-07-19,48.287893231649186
1301,2022-07-20,49.558627264061
1302,2022-07-21,52.10009532888464
1303,2022-07-22,43.2049571020019
1304,2022-07-23,35.58055290753098
1305,2022-07-24,33.03908484270733
1306,2022-07-25,38.12202097235462
1307,2022-07-26,40.66348903717826
1308,2022-07-27,38.12202097235462
1309,2022-07-28,40.66348903717826
1310,2022-07-29,38.12202097235462
1311,2022-07-30,34.309818875119156
1312,2022-07-31,35.58055290753098
1313,2022-08-01,37.16876574307305
1314,2022-08-02,38.496221662468514
1315,2022-08-03,38.496221662468514
1316,2022-08-04,35.841309823677584
1317,2022-08-05,34.513853904282115
1318,2022-08-06,29.204030226700255
1319,2022-08-07,29.204030226700255
1320,2022-08-08,37.16876574307305
1321,2022-08-09,35.841309823677584
1322,2022-08-10,34.513853904282115
1323,2022-08-11,37.16876574307305
1324,2022-08-12,34.513853904282115
1325,2022-08-13,29.204030226700255
1326,2022-08-14,31.858942065491185
1327,2022-08-15,34.513853904282115
1328,2022-08-16,33.18639798488665
1329,2022-08-17,33.18639798488665
1330,2022-08-18,30.53148614609572
1331,2022-08-19,42.47858942065491
1332,2022-08-20,33.18639798488665
1333,2022-08-21,33.18639798488665
1334,2022-08-22,34.513853904282115
1335,2022-08-23,31.858942065491185
1336,2022-08-24,31.858942065491185
1337,2022-08-25,30.53148614609572
1338,2022-08-26,31.858942065491185
1339,2022-08-27,35.841309823677584
1340,2022-08-28,31.858942065491185
1341,2022-08-29,35.841309823677584
1342,2022-08-30,34.513853904282115
1343,2022-08-31,31.858942065491185
1344,2022-09-01,32.432432432432435
1345,2022-09-02,29.837837837837842
1346,2022-09-03,27.243243243243246
1347,2022-09-04,27.243243243243246
1348,2022-09-05,29.837837837837842
1349,2022-09-06,33.72972972972973
1350,2022-09-07,36.32432432432433
1351,2022-09-08,31.135135135135137
1352,2022-09-09,36.32432432432433
1353,2022-09-10,29.837837837837842
1354,2022-09-11,28.540540540540544
1355,2022-09-12,33.72972972972973
1356,2022-09-13,36.32432432432433
1357,2022-09-14,33.72972972972973
1358,2022-09-15,33.72972972972973
1359,2022-09-16,33.72972972972973
1360,2022-09-17,28.540540540540544
1361,2022-09-18,28.540540540540544
1362,2022-09-19,37.62162162162162
1363,2022-09-20,33.72972972972973
1364,2022-09-21,36.32432432432433
1365,2022-09-22,33.72972972972973
1366,2022-09-23,32.432432432432435
1367,2022-09-24,28.540540540540544
1368,2022-09-25,28.540540540540544
1369,2022-09-26,31.135135135135137
1370,2022-09-27,35.02702702702703
1371,2022-09-28,32.432432432432435
1372,2022-09-29,29.837837837837842
1373,2022-09-30,29.837837837837842
1374,2022-10-01,23.78836833602585
1375,2022-10-02,25.040387722132472
1376,2022-10-03,27.54442649434572
1377,2022-10-04,27.54442649434572
1378,2022-10-05,27.54442649434572
1379,2022-10-06,26.292407108239097
1380,2022-10-07,26.292407108239097
1381,2022-10-08,22.536348949919223
1382,2022-10-09,22.536348949919223
1383,2022-10-10,26.292407108239097
1384,2022-10-11,26.292407108239097
1385,2022-10-12,25.040387722132472
1386,2022-10-13,28.796445880452346
1387,2022-10-14,27.54442649434572
1388,2022-10-15,22.536348949919223
1389,2022-10-16,21.2843295638126
1390,2022-10-17,23.78836833602585
1391,2022-10-18,25.040387722132472
1392,2022-10-19,23.78836833602585
1393,2022-10-20,25.040387722132472
1394,2022-10-21,25.040387722132472
1395,2022-10-22,21.2843295638126
1396,2022-10-23,21.2843295638126
1397,2022-10-24,22.536348949919223
1398,2022-10-25,25.040387722132472
1399,2022-10-26,28.796445880452346
1400,2022-10-27,26.292407108239097
1401,2022-10-28,26.292407108239097
1402,2022-10-29,25.040387722132472
1403,2022-10-30,23.78836833602585
1404,2022-10-31,25.040387722132472
1405,2022-11-01,25.09849362688297
1406,2022-11-02,26.419466975666282
1407,2022-11-03,26.419466975666282
1408,2022-11-04,26.419466975666282
1409,2022-11-05,25.09849362688297
1410,2022-11-06,23.77752027809965
1411,2022-11-07,26.419466975666282
1412,2022-11-08,40.950173812282735
1413,2022-11-09,68.69061413673232
1414,2022-11-10,73.97450753186558
1415,2022-11-11,59.44380069524914
1416,2022-11-12,52.838933951332564
1417,2022-11-13,50.19698725376594
1418,2022-11-14,56.8018539976825
1419,2022-11-15,44.91309385863268
1420,2022-11-16,44.91309385863268
1421,2022-11-17,40.950173812282735
1422,2022-11-18,38.308227114716104
1423,2022-11-19,31.703360370799537
1424,2022-11-20,31.703360370799537
1425,2022-11-21,39.62920046349942
1426,2022-11-22,39.62920046349942
1427,2022-11-23,35.66628041714948
1428,2022-11-24,30.382387022016225
1429,2022-11-25,30.382387022016225
1430,2022-11-26,26.419466975666282
1431,2022-11-27,26.419466975666282
1432,2022-11-28,33.02433371958285
1433,2022-11-29,31.703360370799537
1434,2022-11-30,31.703360370799537
1435,2022-12-01,29.988248515010433
1436,2022-12-02,26.076737839139508
1437,2022-12-03,24.77290094718253
1438,2022-12-04,24.77290094718253
1439,2022-12-05,27.38057473109648
1440,2022-12-06,27.38057473109648
1441,2022-12-07,27.38057473109648
1442,2022-12-08,29.988248515010433
1443,2022-12-09,24.77290094718253
1444,2022-12-10,22.16522716326858
1445,2022-12-11,24.77290094718253
1446,2022-12-12,26.076737839139508
1447,2022-12-13,32.595922298924386
1448,2022-12-14,31.29208540696741
1449,2022-12-15,29.988248515010433
1450,2022-12-16,28.68441162305346
1451,2022-12-17,26.076737839139508
1452,2022-12-18,23.469064055225555
1453,2022-12-19,27.38057473109648
1454,2022-12-20,27.38057473109648
1455,2022-12-21,28.68441162305346
1456,2022-12-22,26.076737839139508
1457,2022-12-23,26.076737839139508
1458,2022-12-24,24.77290094718253
1459,2022-12-25,23.469064055225555
1460,2022-12-26,26.076737839139508
1461,2022-12-26,28.29603467651308
1462,2022-12-27,29.40568309519987
1463,2022-12-28,28.85085888585647
1464,2022-12-29,27.186386257826292
1465,2022-12-30,28.29603467651308
1466,2022-12-31,24.41226521110933
1467,2023-01-01,23.02668089647812
1468,2023-01-02,23.986125933831374
1469,2023-01-03,23.986125933831374
1470,2023-01-04,25.905016008537885
1471,2023-01-05,23.986125933831374
1472,2023-01-06,23.506403415154747
1473,2023-01-07,21.107790821771612
1474,2023-01-08,21.58751334044824
1475,2023-01-09,24.945570971184626
1476,2023-01-10,24.465848452508002
1477,2023-01-11,25.425293489861257
1478,2023-01-12,32.14140875133404
1479,2023-01-13,32.621131270010665
1480,2023-01-14,42.215581643543224
1481,2023-01-15,33.58057630736393
1482,2023-01-16,36.93863393810032
1483,2023-01-17,34.06029882604055
1484,2023-01-18,32.621131270010665
1485,2023-01-19,30.222518676627534
1486,2023-01-20,32.14140875133404
1487,2023-01-21,36.45891141942369
1488,2023-01-22,33.100853788687296
1489,2023-01-23,32.621131270010665
1490,2023-01-24,31.181963713980785
1491,2023-01-25,30.222518676627534
1492,2023-01-26,29.742796157950906
1493,2023-01-27,26.384738527214513
1494,2023-01-28,24.945570971184626
1495,2023-01-29,27.823906083244392
1496,2023-01-30,29.742796157950906
1497,2023-01-31,28.30362860192102
1498,2023-02-01,35.96330275229358
1499,2023-02-02,40.159021406727824
1500,2023-02-03,35.36391437308868
1501,2023-02-04,31.16819571865443
1502,2023-02-05,31.16819571865443
1503,2023-02-06,31.76758409785933
1504,2023-02-07,24.574923547400612
1505,2023-02-08,25.773700305810397
1506,2023-02-09,28.17125382262997
1507,2023-02-10,27.57186544342508
1508,2023-02-11,22.776758409785934
1509,2023-02-12,23.376146788990827
1510,2023-02-13,25.773700305810397
1511,2023-02-14,24.574923547400612
1512,2023-02-15,29.370030581039757
1513,2023-02-16,36.562691131498475
1514,2023-02-17,29.370030581039757
1515,2023-02-18,26.972477064220186
1516,2023-02-19,25.773700305810397
1517,2023-02-20,28.770642201834864
1518,2023-02-21,28.17125382262997
1519,2023-02-22,26.373088685015293
1520,2023-02-23,26.373088685015293
1521,2023-02-24,25.773700305810397
1522,2023-02-25,24.574923547400612
1523,2023-02-26,23.97553516819572
1524,2023-02-27,25.174311926605505
1525,2023-02-28,18.581039755351682
1526,2023-03-01,22.24007473143391
1527,2023-03-02,24.556749182624944
1528,2023-03-03,27.80009341429239
1529,2023-03-04,23.166744511910323
1530,2023-03-05,20.850070060719293
1531,2023-03-06,22.24007473143391
1532,2023-03-07,22.24007473143391
1533,2023-03-08,23.166744511910323
1534,2023-03-09,27.80009341429239
1535,2023-03-10,34.750116767865485
1536,2023-03-11,28.726763194768804
1537,2023-03-12,26.41008874357777
1538,2023-03-13,40.77347034096218
1539,2023-03-14,46.33348902382065
1540,2023-03-15,35.6767865483419
1541,2023-03-16,31.97010742643625
1542,2023-03-17,39.38346567024755
1543,2023-03-18,38.45679588977114
1544,2023-03-19,39.38346567024755
1545,2023-03-20,43.55347968239141
1546,2023-03-21,38.920130780009345
1547,2023-03-22,39.846800560485754
1548,2023-03-23,36.14012143858011
1549,2023-03-24,35.21345165810369
1550,2023-03-25,31.043437645959834
1551,2023-03-26,28.726763194768804
1552,2023-03-27,32.89677720691266
1553,2023-03-28,33.823446987389076
1554,2023-03-29,32.43344231667446
1555,2023-03-30,33.36011209715087
1556,2023-03-31,30.11676786548342
1557,2023-04-01,29.032258064516128
1558,2023-04-02,28.080380750925432
1559,2023-04-03,30.460074034902163
1560,2023-04-04,30.93601269169751
1561,2023-04-05,30.460074034902163
1562,2023-04-06,29.032258064516128
1563,2023-04-07,28.556319407720782
1564,2023-04-08,25.7006874669487
1565,2023-04-09,24.748810153358008
1566,2023-04-10,30.460074034902163
1567,2023-04-11,43.31041776837651
1568,2023-04-12,37.12321523003701
1569,2023-04-13,32.8397673188789
1570,2023-04-14,35.219460602855634
1571,2023-04-15,29.984135378106817
1572,2023-04-16,27.604442094130086
1573,2023-04-17,31.411951348492856
1574,2023-04-18,29.508196721311474
1575,2023-04-19,31.411951348492856
1576,2023-04-20,29.984135378106817
1577,2023-04-21,30.460074034902163
1578,2023-04-22,27.604442094130086
1579,2023-04-23,26.176626123744047
1580,2023-04-24,30.460074034902163
1581,2023-04-25,28.080380750925432
1582,2023-04-26,33.31570597567424
1583,2023-04-27,29.508196721311474
1584,2023-04-28,28.556319407720782
1585,2023-04-29,25.7006874669487
1586,2023-04-30,24.27287149656266
1587,2023-05-01,31.712422360248453
1588,2023-05-02,28.593167701863358
1589,2023-05-03,30.152795031055906
1590,2023-05-04,29.63291925465839
1591,2023-05-05,28.593167701863358
1592,2023-05-06,26.513664596273294
1593,2023-05-07,26.513664596273294
1594,2023-05-08,32.752173913043485
1595,2023-05-09,30.152795031055906
1596,2023-05-10,30.672670807453418
1597,2023-05-11,30.672670807453418
1598,2023-05-12,30.152795031055906
1599,2023-05-13,25.99378881987578
1600,2023-05-14,23.914285714285718
1601,2023-05-15,25.99378881987578
1602,2023-05-16,26.513664596273294
1603,2023-05-17,26.513664596273294
1604,2023-05-18,25.99378881987578
1605,2023-05-19,25.473913043478266
1606,2023-05-20,23.394409937888206
1607,2023-05-21,24.434161490683234
1608,2023-05-22,27.03354037267081
1609,2023-05-23,24.95403726708075
1610,2023-05-24,24.95403726708075
1611,2023-05-25,25.473913043478266
1612,2023-05-26,25.473913043478266
1613,2023-05-27,22.87453416149069
1614,2023-05-28,23.914285714285718
1615,2023-05-29,26.513664596273294
1616,2023-05-30,25.99378881987578
1617,2023-05-31,25.473913043478266
1618,2023-06-01,23.62089914945322
1619,2023-06-02,24.60510328068044
1620,2023-06-03,22.144592952612395
1621,2023-06-04,21.652490886998788
1622,2023-06-05,28.54191980558931
1623,2023-06-06,29.52612393681653
1624,2023-06-07,26.081409477521266
1625,2023-06-08,25.097205346294047
1626,2023-06-09,23.12879708383961
1627,2023-06-10,27.06561360874848
1628,2023-06-11,26.081409477521266
1629,2023-06-12,26.081409477521266
1630,2023-06-13,24.60510328068044
1631,2023-06-14,25.097205346294047
1632,2023-06-15,27.55771567436209
1633,2023-06-16,24.60510328068044
1634,2023-06-17,23.12879708383961
1635,2023-06-18,23.12879708383961
1636,2023-06-19,24.11300121506683
1637,2023-06-20,26.081409477521266
1638,2023-06-21,36.41555285540705
1639,2023-06-22,34.939246658566226
1640,2023-06-23,32.47873633049818
1641,2023-06-24,31.49453219927096
1642,2023-06-25,28.049817739975698
1643,2023-06-26,30.018226002430136
1644,2023-06-27,27.55771567436209
1645,2023-06-28,28.54191980558931
1646,2023-06-29,27.55771567436209
1647,2023-06-30,31.002430133657352
1648,2023-07-01,27.366440468846395
1649,2023-07-02,26.33374460209747
1650,2023-07-03,29.431832202344232
1651,2023-07-04,29.431832202344232
1652,2023-07-05,28.399136335595312
1653,2023-07-06,29.431832202344232
1654,2023-07-07,27.882788402220854
1655,2023-07-08,26.33374460209747
1656,2023-07-09,25.30104873534855
1657,2023-07-10,28.399136335595312
1658,2023-07-11,28.399136335595312
1659,2023-07-12,27.366440468846395
1660,2023-07-13,31.497223935842076
1661,2023-07-14,32.529919802590996
1662,2023-07-15,27.366440468846395
1663,2023-07-16,25.81739666872301
1664,2023-07-17,27.882788402220854
1665,2023-07-18,27.882788402220854
1666,2023-07-19,27.366440468846395
1667,2023-07-20,27.366440468846395
1668,2023-07-21,25.30104873534855
1669,2023-07-22,23.23565700185071
1670,2023-07-23,24.26835286859963
1671,2023-07-24,27.366440468846395
1672,2023-07-25,26.85009253547193
1673,2023-07-26,25.30104873534855
1674,2023-07-27,25.30104873534855
1675,2023-07-28,25.30104873534855
1676,2023-07-29,24.26835286859963
1677,2023-07-30,23.752004935225173
1678,2023-07-31,24.26835286859963
1679,2023-08-01,23.557126030624264
1680,2023-08-02,24.037883704718638
1681,2023-08-03,23.076368356529894
1682,2023-08-04,23.557126030624264
1683,2023-08-05,21.634095334246776
1684,2023-08-06,22.11485300834115
1685,2023-08-07,23.557126030624264
1686,2023-08-08,24.51864137881301
1687,2023-08-09,24.037883704718638
1688,2023-08-10,23.557126030624264
1689,2023-08-11,23.557126030624264
1690,2023-08-12,22.11485300834115
1691,2023-08-13,21.153337660152403
1692,2023-08-14,23.076368356529894
1693,2023-08-15,23.557126030624264
1694,2023-08-16,24.51864137881301
1695,2023-08-17,30.287733467945486
1696,2023-08-18,41.825917646210435
1697,2023-08-19,29.326218119756742
1698,2023-08-20,24.037883704718638
1699,2023-08-21,27.403187423379247
1700,2023-08-22,27.403187423379247
1701,2023-08-23,26.441672075190503
1702,2023-08-24,25.96091440109613
1703,2023-08-25,25.48015672700176
1704,2023-08-25,24.46095045792169
1705,2023-08-26,21.403331650681476
1706,2023-08-27,21.403331650681476
1707,2023-08-28,23.441744188841618
1708,2023-08-29,28.53777553424197
1709,2023-08-30,26.49936299608183
1710,2023-08-31,24.46095045792169
1711,2023-09-01,26.839546191247976
1712,2023-09-02,24.60291734197731
1713,2023-09-03,22.366288492706648
1714,2023-09-04,24.60291734197731
1715,2023-09-05,23.484602917341977
1716,2023-09-06,23.484602917341977
1717,2023-09-07,23.484602917341977
1718,2023-09-08,23.484602917341977
1719,2023-09-09,21.24797406807131
1720,2023-09-10,21.24797406807131
1721,2023-09-11,24.60291734197731
1722,2023-09-12,24.60291734197731
1723,2023-09-13,24.60291734197731
1724,2023-09-14,22.366288492706648
1725,2023-09-15,23.484602917341977
1726,2023-09-16,22.366288492706648
1727,2023-09-17,21.24797406807131
1728,2023-09-18,24.60291734197731
1729,2023-09-19,23.484602917341977
1730,2023-09-20,24.60291734197731
1731,2023-09-21,24.60291734197731
1732,2023-09-22,21.24797406807131
1733,2023-09-23,20.129659643435982
1734,2023-09-24,19.01134521880065
1735,2023-09-25,23.484602917341977
1736,2023-09-26,22.366288492706648
1737,2023-09-27,22.366288492706648
1738,2023-09-28,22.366288492706648
1739,2023-09-29,22.366288492706648
1740,2023-09-30,21.24797406807131
1741,2023-10-01,22.171136653895278
1742,2023-10-02,27.713920817369093
1743,2023-10-03,25.496807151979567
1744,2023-10-04,23.279693486590038
1745,2023-10-05,22.171136653895278
1746,2023-10-06,22.171136653895278
1747,2023-10-07,21.06257982120051
1748,2023-10-08,21.06257982120051
1749,2023-10-09,23.279693486590038
1750,2023-10-10,23.279693486590038
1751,2023-10-11,23.279693486590038
1752,2023-10-12,22.171136653895278
1753,2023-10-13,22.171136653895278
1754,2023-10-14,21.06257982120051
1755,2023-10-15,21.06257982120051
1756,2023-10-16,29.93103448275862
1757,2023-10-17,26.60536398467433
1758,2023-10-18,24.388250319284804
1759,2023-10-19,24.388250319284804
1760,2023-10-20,31.039591315453386
1761,2023-10-21,26.60536398467433
1762,2023-10-22,26.60536398467433
1763,2023-10-23,37.69093231162197
1764,2023-10-24,63.18773946360154
1765,2023-10-25,44.342273307790556
1766,2023-10-26,39.9080459770115
1767,2023-10-27,34.36526181353768
1768,2023-10-28,28.82247765006386
1769,2023-10-29,28.82247765006386
1770,2023-10-30,29.93103448275862
1771,2023-10-31,29.93103448275862
1772,2023-11-01,29.06698564593301
1773,2023-11-02,34.44976076555023
1774,2023-11-03,31.220095693779896
1775,2023-11-04,26.91387559808612
1776,2023-11-05,27.990430622009566
1777,2023-11-06,27.990430622009566
1778,2023-11-07,29.06698564593301
1779,2023-11-08,29.06698564593301
1780,2023-11-09,41.98564593301435
1781,2023-11-10,36.602870813397125
1782,2023-11-11,32.29665071770334
1783,2023-11-12,29.06698564593301
1784,2023-11-13,31.220095693779896
1785,2023-11-14,32.29665071770334
1786,2023-11-15,33.37320574162678
1787,2023-11-16,33.37320574162678
1788,2023-11-17,30.143540669856456
1789,2023-11-18,26.91387559808612
1790,2023-11-19,25.837320574162675
1791,2023-11-20,31.220095693779896
1792,2023-11-21,27.990430622009566
1793,2023-11-22,31.220095693779896
1794,2023-11-23,26.91387559808612
1795,2023-11-24,30.143540669856456
1796,2023-11-25,27.990430622009566
1797,2023-11-26,24.76076555023923
1798,2023-11-27,26.91387559808612
1799,2023-11-28,29.06698564593301
1800,2023-11-29,29.06698564593301
1801,2023-11-30,25.837320574162675
1802,2023-12-01,30.43036750483559
1803,2023-12-02,30.43036750483559
1804,2023-12-03,31.479690522243718
1805,2023-12-04,54.564796905222444
1806,2023-12-05,50.36750483558995
1807,2023-12-06,49.31818181818182
1808,2023-12-07,41.972920696324955
1809,2023-12-08,40.923597678916835
1810,2023-12-09,37.775628626692466
1811,2023-12-10,32.529013539651835
1812,2023-12-11,41.972920696324955
1813,2023-12-12,34.62765957446809
1814,2023-12-13,33.57833655705996
1815,2023-12-14,35.67698259187621
1816,2023-12-15,30.43036750483559
1817,2023-12-16,30.43036750483559
1818,2023-12-17,29.38104448742747
1819,2023-12-18,33.57833655705996
1820,2023-12-19,33.57833655705996
1821,2023-12-20,34.62765957446809
1822,2023-12-21,34.62765957446809
1823,2023-12-22,33.57833655705996
1824,2023-12-23,31.479690522243718
1825,2023-12-24,30.43036750483559
1826,2023-12-25,31.479690522243718
1827,2023-12-26,32.529013539651835
1828,2023-12-27,32.529013539651835
1829,2023-12-28,31.479690522243718
1830,2023-12-29,32.529013539651835
1831,2023-12-30,29.38104448742747
1832,2023-12-31,27.282398452611222
1833,2024-01-01,31.365935919055648
1834,2024-01-02,49.139966273187184
1835,2024-01-03,51.231028667790895
1836,2024-01-04,41.8212478920742
1837,2024-01-05,42.866779089376045
1838,2024-01-06,33.456998313659355
1839,2024-01-07,34.50252951096121
1840,2024-01-08,49.139966273187184
1841,2024-01-09,55.413153456998316
1842,2024-01-10,78.41483979763912
1843,2024-01-11,85.73355817875209
1844,2024-01-12,58.549747048903875
1845,2024-01-13,44.95784148397976
1846,2024-01-14,36.59359190556492
1847,2024-01-15,38.68465430016863
1848,2024-01-16,35.548060708263066
1849,2024-01-17,35.548060708263066
1850,2024-01-18,34.50252951096121
1851,2024-01-19,34.50252951096121
1852,2024-01-20,28.229342327150082
1853,2024-01-21,27.183811129848227
1854,2024-01-22,34.50252951096121
1855,2024-01-23,40.77571669477234
1856,2024-01-24,32.4114671163575
1857,2024-01-25,30.32040472175379
1858,2024-01-26,32.4114671163575
1859,2024-01-27,26.13827993254637
1860,2024-01-28,26.13827993254637
1861,2024-01-29,29.274873524451937
1862,2024-01-30,31.365935919055648
1863,2024-01-31,29.274873524451937
1864,2024-02-01,24.860982391102876
1865,2024-02-02,23.866543095458763
1866,2024-02-03,22.872103799814646
1867,2024-02-04,22.872103799814646
1868,2024-02-05,23.866543095458763
1869,2024-02-06,23.866543095458763
1870,2024-02-07,24.860982391102876
1871,2024-02-08,27.844300278035224
1872,2024-02-09,36.794253938832256
1873,2024-02-10,29.833178869323454
1874,2024-02-11,31.82205746061168
1875,2024-02-12,44.74976830398518
1876,2024-02-13,44.74976830398518
1877,2024-02-14,45.74420759962929
1878,2024-02-15,46.73864689527341
1879,2024-02-16,37.78869323447637
1880,2024-02-17,33.810936051899915
1881,2024-02-18,30.827618164967564
1882,2024-02-19,33.810936051899915
1883,2024-02-20,31.82205746061168
1884,2024-02-21,31.82205746061168
1885,2024-02-22,31.82205746061168
1886,2024-02-23,29.833178869323454
1887,2024-02-24,25.855421686746993
1888,2024-02-25,27.844300278035224
1889,2024-02-26,38.78313253012049
1890,2024-02-27,61.65523632993513
1891,2024-02-28,94.47173308619094
1892,2024-02-29,87.51065801668213
1893,2024-03-01,58.78466741826381
1894,2024-03-02,52.70349492671928
1895,2024-03-03,45.60879368658399
1896,2024-03-04,85.13641488162345
1897,2024-03-05,101.35287485907553
1898,2024-03-06,79.05524239007892
1899,2024-03-07,62.83878241262683
1900,2024-03-08,62.83878241262683
1901,2024-03-09,54.73055242390079
1902,2024-03-10,56.7576099210823
1903,2024-03-11,81.08229988726043
1904,2024-03-12,71.96054114994364
1905,2024-03-13,72.9740698985344
1906,2024-03-14,61.825253664036076
1907,2024-03-15,67.9064261555806
1908,2024-03-16,51.68996617812852
1909,2024-03-17,50.67643742953776
1910,2024-03-18,51.68996617812852
1911,2024-03-19,66.89289740698986
1912,2024-03-20,59.79819616685457
1913,2024-03-21,53.71702367531004
1914,2024-03-22,46.622322435174745
1915,2024-03-23,41.55467869222097
1916,2024-03-24,41.55467869222097
1917,2024-03-25,52.70349492671928
1918,2024-03-26,50.67643742953776
1919,2024-03-27,45.60879368658399
1920,2024-03-28,46.622322435174745
1921,2024-03-29,44.595264937993235
1922,2024-03-30,39.52762119503946
1923,2024-03-31,38.5140924464487
1924,2024-04-01,44.501459023690586
1925,2024-04-02,52.78080023740046
1926,2024-04-03,45.53637667540432
1927,2024-04-04,42.43162372026311
1928,2024-04-05,41.396706068549385
1929,2024-04-06,34.15228250655324
1930,2024-04-07,39.32687076512191
1931,2024-04-08,48.64112963054552
1932,2024-04-09,40.36178841683565
1933,2024-04-10,42.43162372026311
1934,2024-04-11,42.43162372026311
1935,2024-04-12,46.57129432711805
1936,2024-04-13,55.885553192541664
1937,2024-04-14,58.99030614768287
1938,2024-04-15,54.85063554082793
1939,2024-04-16,50.710964933972996
1940,2024-04-17,51.74588258568672
1941,2024-04-18,54.85063554082793
1942,2024-04-19,75.54898857510261
1943,2024-04-20,71.40931796824768
1944,2024-04-21,44.501459023690586
1945,2024-04-22,43.46654137197685
1946,2024-04-23,39.32687076512191
1947,2024-04-24,38.29195311340818
1948,2024-04-24,37.01555467629457
1949,2024-04-25,35.73915623918096
1950,2024-04-26,31.909960927840146
1951,2024-04-27,29.35716405361293
1952,2024-04-28,29.35716405361293
1953,2024-04-29,33.18635936495375
1954,2024-04-30,38.29195311340818
1955,2024-05-01,47.791666666666664
1956,2024-05-02,41.333333333333336
1957,2024-05-03,37.458333333333336
1958,2024-05-04,32.29166666666667
1959,2024-05-05,29.708333333333332
1960,2024-05-06,32.29166666666667
1961,2024-05-07,29.708333333333332
1962,2024-05-08,29.708333333333332
1963,2024-05-09,29.708333333333332
1964,2024-05-10,29.708333333333332
1965,2024-05-11,27.125
1966,2024-05-12,25.833333333333336
1967,2024-05-13,30.999999999999996
1968,2024-05-14,29.708333333333332
1969,2024-05-15,32.29166666666667
1970,2024-05-16,36.166666666666664
1971,2024-05-17,33.583333333333336
1972,2024-05-18,29.708333333333332
1973,2024-05-19,27.125
1974,2024-05-20,34.875
1975,2024-05-21,43.916666666666664
1976,2024-05-22,36.166666666666664
1977,2024-05-23,34.875
1978,2024-05-24,30.999999999999996
1979,2024-05-25,27.125
1980,2024-05-26,27.125
1981,2024-05-27,29.708333333333332
1982,2024-05-28,30.999999999999996
1983,2024-05-29,28.416666666666668
1984,2024-05-30,28.416666666666668
1985,2024-05-31,27.125
1986,2024-06-01,23.29073482428115
1987,2024-06-02,24.584664536741215
1988,2024-06-03,28.466453674121404
1989,2024-06-04,29.760383386581466
1990,2024-06-05,34.936102236421725
1991,2024-06-06,31.05431309904153
1992,2024-06-07,32.3482428115016
1993,2024-06-08,27.17252396166134
1994,2024-06-09,24.584664536741215
1995,2024-06-10,27.17252396166134
1996,2024-06-11,29.760383386581466
1997,2024-06-12,29.760383386581466
1998,2024-06-13,27.17252396166134
1999,2024-06-14,28.466453674121404
2000,2024-06-15,23.29073482428115
2001,2024-06-16,23.29073482428115
2002,2024-06-17,25.878594249201278
2003,2024-06-18,29.760383386581466
2004,2024-06-19,25.878594249201278
2005,2024-06-20,25.878594249201278
2006,2024-06-21,25.878594249201278
2007,2024-06-22,21.996805111821086
2008,2024-06-23,23.29073482428115
2009,2024-06-24,34.936102236421725
2010,2024-06-25,29.760383386581466
2011,2024-06-26,27.17252396166134
2012,2024-06-27,25.878594249201278
2013,2024-06-28,24.584664536741215
2014,2024-06-29,21.996805111821086
2015,2024-06-30,21.996805111821086
2016,2024-07-01,26.34794156706507
2017,2024-07-02,25.03054448871182
2018,2024-07-03,26.34794156706507
2019,2024-07-04,36.8871181938911
2020,2024-07-05,46.10889774236387
2021,2024-07-06,30.30013280212483
2022,2024-07-07,28.982735723771576
2023,2024-07-08,34.25232403718459
2024,2024-07-09,30.30013280212483
2025,2024-07-10,30.30013280212483
2026,2024-07-11,31.617529880478084
2027,2024-07-12,28.982735723771576
2028,2024-07-13,25.03054448871182
2029,2024-07-14,30.30013280212483
2030,2024-07-15,34.25232403718459
2031,2024-07-16,36.8871181938911
2032,2024-07-17,31.617529880478084
2033,2024-07-18,30.30013280212483
2034,2024-07-19,32.93492695883134
2035,2024-07-20,30.30013280212483
2036,2024-07-21,34.25232403718459
2037,2024-07-22,34.25232403718459
2038,2024-07-23,34.25232403718459
2039,2024-07-24,30.30013280212483
2040,2024-07-25,31.617529880478084
2041,2024-07-26,32.93492695883134
2042,2024-07-27,38.20451527224436
2043,2024-07-28,32.93492695883134
2044,2024-07-29,35.569721115537845
2045,2024-07-30,31.617529880478084
2046,2024-07-31,28.982735723771576
2047,2024-08-01,28.34285714285714
2048,2024-08-02,29.63116883116883
2049,2024-08-03,30.919480519480516
2050,2024-08-04,34.784415584415584
2051,2024-08-05,92.75844155844155
2052,2024-08-06,52.82077922077922
2053,2024-08-07,41.225974025974025
2054,2024-08-08,37.361038961038965
2055,2024-08-09,33.4961038961039
2056,2024-08-10,28.34285714285714
2057,2024-08-11,28.34285714285714
2058,2024-08-12,30.919480519480516
2059,2024-08-13,29.63116883116883
2060,2024-08-14,28.34285714285714
2061,2024-08-15,30.919480519480516
2062,2024-08-16,27.054545454545455
2063,2024-08-17,24.477922077922077
2064,2024-08-18,25.766233766233768
2065,2024-08-19,27.054545454545455
2066,2024-08-20,28.34285714285714
2067,2024-08-21,28.34285714285714
2068,2024-08-22,25.766233766233768
2069,2024-08-23,29.63116883116883
2070,2024-08-24,28.34285714285714
2071,2024-08-25,27.054545454545455
2072,2024-08-26,28.34285714285714
2073,2024-08-27,28.34285714285714
2074,2024-08-28,29.63116883116883
2075,2024-08-29,25.766233766233768
2076,2024-08-30,28.34285714285714
2077,2024-08-31,21.9012987012987
2078,2024-09-01,23.745928338762212
2079,2024-09-02,26.384364820846905
2080,2024-09-03,26.384364820846905
2081,2024-09-04,29.022801302931594
2082,2024-09-05,27.70358306188925
2083,2024-09-06,32.98045602605863
2084,2024-09-07,27.70358306188925
2085,2024-09-08,26.384364820846905
2086,2024-09-09,29.022801302931594
2087,2024-09-10,26.384364820846905
2088,2024-09-11,26.384364820846905
2089,2024-09-12,25.065146579804562
2090,2024-09-13,27.70358306188925
2091,2024-09-14,25.065146579804562
2092,2024-09-15,23.745928338762212
2093,2024-09-16,25.065146579804562
2094,2024-09-17,26.384364820846905
2095,2024-09-18,30.34201954397394
2096,2024-09-19,32.98045602605863
2097,2024-09-20,29.022801302931594
2098,2024-09-21,26.384364820846905
2099,2024-09-22,23.745928338762212
2100,2024-09-23,26.384364820846905
2101,2024-09-24,26.384364820846905
2102,2024-09-25,25.065146579804562
2103,2024-09-26,29.022801302931594
2104,2024-09-27,30.34201954397394
2105,2024-09-28,25.065146579804562
2106,2024-09-29,23.745928338762212
2107,2024-09-30,26.384364820846905
2108,2024-10-01,28.1232
2109,2024-10-02,26.784
2110,2024-10-03,26.784
2111,2024-10-04,26.784
2112,2024-10-05,22.766399999999997
2113,2024-10-06,22.766399999999997
2114,2024-10-07,25.4448
2115,2024-10-08,25.4448
2116,2024-10-09,26.784
2117,2024-10-10,26.784
2118,2024-10-11,26.784
2119,2024-10-12,20.088
2120,2024-10-13,18.7488
2121,2024-10-14,26.784
2122,2024-10-15,28.1232
2123,2024-10-16,29.4624
2124,2024-10-17,25.4448
2125,2024-10-18,28.1232
2126,2024-10-19,25.4448
2127,2024-10-20,24.1056
2128,2024-10-21,28.1232
2129,2024-10-22,25.4448
2130,2024-10-23,24.1056
2131,2024-10-24,25.4448
2132,2024-10-25,25.4448
2133,2024-10-26,22.766399999999997
2134,2024-10-27,22.766399999999997
2135,2024-10-28,28.1232
2136,2024-10-29,50.8896
2137,2024-10-30,38.836800000000004
2138,2024-10-31,33.48
2139,2024-11-01,31.59574468085106
2140,2024-11-02,25.013297872340424
2141,2024-11-03,27.646276595744677
2142,2024-11-04,27.646276595744677
2143,2024-11-05,28.962765957446805
2144,2024-11-06,110.58510638297871
2145,2024-11-07,64.50797872340425
2146,2024-11-08,52.659574468085104
2147,2024-11-09,40.81117021276595
2148,2024-11-10,67.1409574468085
2149,2024-11-11,111.90159574468085
2150,2024-11-12,123.74999999999999
2151,2024-11-13,110.58510638297871
2152,2024-11-14,90.83776595744679
2153,2024-11-15,68.45744680851064
2154,2024-11-16,57.92553191489361
2155,2024-11-17,53.97606382978723
2156,2024-11-18,61.87499999999999
2157,2024-11-19,59.242021276595736
2158,2024-11-20,68.45744680851064
2159,2024-11-21,101.36968085106383
2160,2024-11-22,105.31914893617021
2161,2024-11-23,77.67287234042553
2162,2024-11-24,65.82446808510637
2163,2024-11-25,71.09042553191489
2164,2024-11-26,67.1409574468085
2165,2024-11-27,59.242021276595736
2166,2024-11-28,52.659574468085104
2167,2024-11-29,52.659574468085104
2168,2024-11-30,43.44414893617021
2169,2024-12-01,47.580074163856516
2170,2024-12-02,57.09608899662783
2171,2024-12-03,58.455519687023724
2172,2024-12-04,55.736658306231924
2173,2024-12-05,135.94306903959006
2174,2024-12-06,80.20641073335814
2175,2024-12-07,58.455519687023724
2176,2024-12-08,54.37722761583603
2177,2024-12-09,63.893242448607324
2178,2024-12-10,63.893242448607324
2179,2024-12-11,59.81495037741963
2180,2024-12-12,54.37722761583603
2181,2024-12-13,50.298935544648316
2182,2024-12-14,44.86121278306472
2183,2024-12-15,47.580074163856516
2184,2024-12-16,72.04982659098273
2185,2024-12-17,63.893242448607324
2186,2024-12-18,61.174381067815524
2187,2024-12-19,67.97153451979503
2188,2024-12-20,76.12811866217044
2189,2024-12-21,50.298935544648316
2190,2024-12-22,48.93950485425242
2191,2024-12-23,55.736658306231924
2192,2024-12-23,61.40479304923856
2193,2024-12-24,62.349482173073
2194,2024-12-25,57.626036553900796
2195,2024-12-26,57.626036553900796
2196,2024-12-27,54.79196918239749
2197,2024-12-28,45.34507794405309
2198,2024-12-29,47.23445619172197
2199,2024-12-30,53.847280058563044
2200,2024-12-31,51.01321268705973
2201,2025-01-01,41.26315789473685
2202,2025-01-02,48.00000000000001
2203,2025-01-03,45.47368421052632
2204,2025-01-04,40.42105263157895
2205,2025-01-05,39.578947368421055
2206,2025-01-06,48.842105263157904
2207,2025-01-07,51.36842105263158
2208,2025-01-08,47.15789473684211
2209,2025-01-09,48.00000000000001
2210,2025-01-10,44.631578947368425
2211,2025-01-11,36.21052631578948
2212,2025-01-12,36.21052631578948
2213,2025-01-13,48.00000000000001
2214,2025-01-14,42.10526315789475
2215,2025-01-15,46.31578947368422
2216,2025-01-16,46.31578947368422
2217,2025-01-17,56.42105263157896
2218,2025-01-18,48.00000000000001
2219,2025-01-19,55.57894736842106
2220,2025-01-20,84.2105263157895
2221,2025-01-21,64.8421052631579
2222,2025-01-22,49.6842105263158
2223,2025-01-23,55.57894736842106
2224,2025-01-24,52.21052631578948
2225,2025-01-25,41.26315789473685
2226,2025-01-26,38.736842105263165
2227,2025-01-27,58.94736842105264
2228,2025-01-28,46.31578947368422
2229,2025-01-29,43.789473684210535
2230,2025-01-30,42.10526315789475
2231,2025-01-31,40.42105263157895
2232,2025-02-01,33.665930831493746
2233,2025-02-02,45.40986019131715
2234,2025-02-03,66.54893303899927
2235,2025-02-04,46.9757174392936
2236,2025-02-05,43.84400294334069
2237,2025-02-06,40.71228844738779
2238,2025-02-07,38.363502575423105
2239,2025-02-08,32.10007358351729
2240,2025-02-09,31.317144959529067
2241,2025-02-10,31.317144959529067
2242,2025-02-11,32.88300220750552
2243,2025-02-12,33.665930831493746
2244,2025-02-13,32.10007358351729
2245,2025-02-14,31.317144959529067
2246,2025-02-15,26.619573215599708
2247,2025-02-16,28.18543046357616
2248,2025-02-17,29.75128771155261
2249,2025-02-18,32.88300220750552
2250,2025-02-19,29.75128771155261
2251,2025-02-20,28.968359087564387
2252,2025-02-21,33.665930831493746
2253,2025-02-22,25.83664459161148
2254,2025-02-23,25.83664459161148
2255,2025-02-24,32.88300220750552
2256,2025-02-25,61.85136129506991
2257,2025-02-26,50.890360559234736
2258,2025-02-27,49.324503311258276
2259,2025-02-28,67.33186166298749
2260,2025-03-01,20.179744180459355
