,Den,Kryptoměna: (Celosvětově)
0,2019-01-01,5.949999999999999
1,2019-01-02,7.175
2,2019-01-03,7.0
3,2019-01-04,7.5249999999999995
4,2019-01-05,7.0
5,2019-01-06,7.5249999999999995
6,2019-01-07,7.699999999999999
7,2019-01-08,7.5249999999999995
8,2019-01-09,9.1
9,2019-01-10,9.975
10,2019-01-11,7.5249999999999995
11,2019-01-12,6.475
12,2019-01-13,7.0
13,2019-01-14,7.699999999999999
14,2019-01-15,7.874999999999999
15,2019-01-16,6.6499999999999995
16,2019-01-17,6.6499999999999995
17,2019-01-18,6.3
18,2019-01-19,6.125
19,2019-01-20,5.25
20,2019-01-21,6.475
21,2019-01-22,6.6499999999999995
22,2019-01-23,7.175
23,2019-01-24,6.6499999999999995
24,2019-01-25,6.475
25,2019-01-26,5.7749999999999995
26,2019-01-27,6.3
27,2019-01-28,7.35
28,2019-01-29,7.0
29,2019-01-30,6.6499999999999995
30,2019-01-31,6.475
31,2019-02-01,6.6145648312611005
32,2019-02-02,5.744227353463588
33,2019-02-03,6.092362344582593
34,2019-02-04,7.136767317939609
35,2019-02-05,10.095914742451154
36,2019-02-06,9.573712255772646
37,2019-02-07,6.962699822380106
38,2019-02-08,7.3108348134991115
39,2019-02-09,6.788632326820603
40,2019-02-10,6.266429840142096
41,2019-02-11,6.6145648312611005
42,2019-02-12,6.440497335701599
43,2019-02-13,6.6145648312611005
44,2019-02-14,6.788632326820603
45,2019-02-15,6.6145648312611005
46,2019-02-16,6.092362344582593
47,2019-02-17,6.6145648312611005
48,2019-02-18,8.355239786856128
49,2019-02-19,7.3108348134991115
50,2019-02-20,7.136767317939609
51,2019-02-21,6.962699822380106
52,2019-02-22,6.962699822380106
53,2019-02-23,6.6145648312611005
54,2019-02-24,7.83303730017762
55,2019-02-25,6.962699822380106
56,2019-02-26,6.788632326820603
57,2019-02-27,6.788632326820603
58,2019-02-28,5.91829484902309
59,2019-03-01,7.195462478184991
60,2019-03-02,5.869982547993019
61,2019-03-03,6.2486910994764395
62,2019-03-04,7.384816753926701
63,2019-03-05,7.763525305410122
64,2019-03-06,7.763525305410122
65,2019-03-07,7.006108202443281
66,2019-03-08,7.006108202443281
67,2019-03-09,7.006108202443281
68,2019-03-10,7.006108202443281
69,2019-03-11,7.195462478184991
70,2019-03-12,7.5741710296684115
71,2019-03-13,7.195462478184991
72,2019-03-14,7.006108202443281
73,2019-03-15,6.816753926701571
74,2019-03-16,6.62739965095986
75,2019-03-17,7.006108202443281
76,2019-03-18,6.43804537521815
77,2019-03-19,7.384816753926701
78,2019-03-20,7.384816753926701
79,2019-03-21,7.5741710296684115
80,2019-03-22,7.195462478184991
81,2019-03-23,6.43804537521815
82,2019-03-24,6.2486910994764395
83,2019-03-25,6.816753926701571
84,2019-03-26,7.006108202443281
85,2019-03-27,7.195462478184991
86,2019-03-28,7.006108202443281
87,2019-03-29,7.006108202443281
88,2019-03-30,7.006108202443281
89,2019-03-31,6.62739965095986
90,2019-04-01,6.496519721577726
91,2019-04-02,11.693735498839906
92,2019-04-03,13.364269141531322
93,2019-04-04,10.951276102088167
94,2019-04-05,8.16705336426914
95,2019-04-06,7.795823665893272
96,2019-04-07,7.424593967517401
97,2019-04-08,8.352668213457076
98,2019-04-09,7.981438515081206
99,2019-04-10,8.16705336426914
100,2019-04-11,8.16705336426914
101,2019-04-12,8.16705336426914
102,2019-04-13,7.795823665893272
103,2019-04-14,7.424593967517401
104,2019-04-15,7.610208816705336
105,2019-04-16,7.424593967517401
106,2019-04-17,6.867749419953596
107,2019-04-18,6.867749419953596
108,2019-04-19,7.053364269141531
109,2019-04-20,6.867749419953596
110,2019-04-21,6.867749419953596
111,2019-04-22,7.238979118329466
112,2019-04-23,7.053364269141531
113,2019-04-24,8.16705336426914
114,2019-04-25,7.795823665893272
115,2019-04-26,7.981438515081206
116,2019-04-27,8.53828306264501
117,2019-04-28,7.053364269141531
118,2019-04-29,7.053364269141531
119,2019-04-30,7.610208816705336
120,2019-05-01,6.791800128122999
121,2019-05-02,6.791800128122999
122,2019-05-03,7.68545803971813
123,2019-05-04,6.791800128122999
124,2019-05-05,6.255605381165919
125,2019-05-06,6.970531710442025
126,2019-05-07,7.506726457399104
127,2019-05-08,8.400384368994235
128,2019-05-09,6.791800128122999
129,2019-05-10,7.68545803971813
130,2019-05-11,10.008968609865471
131,2019-05-12,8.57911595131326
132,2019-05-13,10.366431774503525
133,2019-05-14,12.868673926969892
134,2019-05-15,12.689942344650866
135,2019-05-16,12.689942344650866
136,2019-05-17,9.65150544522742
137,2019-05-18,8.042921204356183
138,2019-05-19,8.757847533632287
139,2019-05-20,8.57911595131326
140,2019-05-21,11.796284433055733
141,2019-05-22,10.187700192184497
142,2019-05-23,9.11531069827034
143,2019-05-24,8.936579115951314
144,2019-05-25,7.68545803971813
145,2019-05-26,7.8641896220371565
146,2019-05-27,10.902626521460602
147,2019-05-28,10.187700192184497
148,2019-05-29,9.830237027546445
149,2019-05-30,10.008968609865471
150,2019-05-31,8.57911595131326
151,2019-06-01,7.757166947723441
152,2019-06-02,7.925801011804385
153,2019-06-03,7.925801011804385
154,2019-06-04,8.600337268128163
155,2019-06-05,7.419898819561552
156,2019-06-06,7.588532883642496
157,2019-06-07,7.925801011804385
158,2019-06-08,7.419898819561552
159,2019-06-09,7.251264755480608
160,2019-06-10,7.757166947723441
161,2019-06-11,7.925801011804385
162,2019-06-12,7.925801011804385
163,2019-06-13,8.094435075885329
164,2019-06-14,9.106239460370995
165,2019-06-15,7.925801011804385
166,2019-06-16,8.094435075885329
167,2019-06-17,11.129848229342327
168,2019-06-18,16.863406408094438
169,2019-06-19,14.165261382799326
170,2019-06-20,11.129848229342327
171,2019-06-21,10.961214165261383
172,2019-06-22,13.322091062394605
173,2019-06-23,10.455311973018551
174,2019-06-24,10.961214165261383
175,2019-06-25,12.478920741989883
176,2019-06-26,16.526138279932546
177,2019-06-27,14.333895446880272
178,2019-06-28,11.635750421585161
179,2019-06-29,10.286677908937605
180,2019-06-30,9.106239460370995
181,2019-07-01,11.695740365111561
182,2019-07-02,11.318458417849898
183,2019-07-03,9.809330628803245
184,2019-07-04,9.620689655172413
185,2019-07-05,9.43204868154158
186,2019-07-06,8.11156186612576
187,2019-07-07,8.300202839756592
188,2019-07-08,10.186612576064908
189,2019-07-09,10.752535496957403
190,2019-07-10,9.997971602434076
191,2019-07-11,10.37525354969574
192,2019-07-12,9.24340770791075
193,2019-07-13,9.054766734279918
194,2019-07-14,8.300202839756592
195,2019-07-15,10.752535496957403
196,2019-07-16,11.507099391480729
197,2019-07-17,10.56389452332657
198,2019-07-18,9.24340770791075
199,2019-07-19,8.11156186612576
200,2019-07-20,7.356997971602434
201,2019-07-21,7.734279918864097
202,2019-07-22,8.300202839756592
203,2019-07-23,8.488843813387422
204,2019-07-24,7.734279918864097
205,2019-07-25,7.922920892494928
206,2019-07-26,7.734279918864097
207,2019-07-27,7.545638945233265
208,2019-07-28,7.1683569979716015
209,2019-07-29,7.734279918864097
210,2019-07-30,7.734279918864097
211,2019-07-31,7.1683569979716015
212,2019-08-01,6.831814415907207
213,2019-08-02,7.011599005799503
214,2019-08-03,7.191383595691797
215,2019-08-04,6.652029826014912
216,2019-08-05,8.090306545153272
217,2019-08-06,8.629660314830156
218,2019-08-07,7.371168185584092
219,2019-08-08,7.371168185584092
220,2019-08-09,7.191383595691797
221,2019-08-10,6.652029826014912
222,2019-08-11,6.4722452361226175
223,2019-08-12,7.371168185584092
224,2019-08-13,7.011599005799503
225,2019-08-14,7.550952775476387
226,2019-08-15,7.550952775476387
227,2019-08-16,7.011599005799503
228,2019-08-17,6.4722452361226175
229,2019-08-18,6.4722452361226175
230,2019-08-19,6.831814415907207
231,2019-08-20,7.191383595691797
232,2019-08-21,7.550952775476387
233,2019-08-22,6.831814415907207
234,2019-08-23,6.4722452361226175
235,2019-08-24,5.932891466445732
236,2019-08-25,5.753106876553438
237,2019-08-26,6.831814415907207
238,2019-08-27,7.191383595691797
239,2019-08-28,7.371168185584092
240,2019-08-29,7.371168185584092
241,2019-08-30,6.831814415907207
242,2019-08-31,5.932891466445732
243,2019-09-01,5.967817437097717
244,2019-09-01,5.840842598010531
245,2019-09-02,6.856641310708015
246,2019-09-03,7.364540667056757
247,2019-09-04,6.602691632533645
248,2019-09-05,6.475716793446459
249,2019-09-06,7.110590988882386
250,2019-09-07,7.364540667056757
251,2019-09-08,6.0947922761849025
252,2019-09-09,6.856641310708015
253,2019-09-10,6.856641310708015
254,2019-09-11,6.856641310708015
255,2019-09-12,7.237565827969571
256,2019-09-13,6.983616149795202
257,2019-09-14,6.72966647162083
258,2019-09-15,6.221767115272089
259,2019-09-16,6.856641310708015
260,2019-09-17,7.745465184318314
261,2019-09-18,7.999414862492685
262,2019-09-19,8.12638970157987
263,2019-09-20,7.110590988882386
264,2019-09-21,6.221767115272089
265,2019-09-22,5.840842598010531
266,2019-09-23,6.983616149795202
267,2019-09-24,8.634289057928612
268,2019-09-25,9.269163253364539
269,2019-09-26,7.872440023405499
270,2019-09-27,6.856641310708015
271,2019-09-28,6.475716793446459
272,2019-09-29,6.221767115272089
273,2019-09-30,7.364540667056757
274,2019-10-01,7.975103734439833
275,2019-10-02,7.203319502074688
276,2019-10-03,6.946058091286306
277,2019-10-04,6.817427385892116
278,2019-10-05,6.6887966804979255
279,2019-10-06,6.3029045643153525
280,2019-10-07,6.817427385892116
281,2019-10-08,8.746887966804978
282,2019-10-09,7.460580912863071
283,2019-10-10,6.6887966804979255
284,2019-10-11,6.560165975103733
285,2019-10-12,6.174273858921161
286,2019-10-13,6.560165975103733
287,2019-10-14,7.074688796680498
288,2019-10-15,7.3319502074688785
289,2019-10-16,7.3319502074688785
290,2019-10-17,6.431535269709543
291,2019-10-18,6.3029045643153525
292,2019-10-19,5.402489626556016
293,2019-10-20,5.9170124481327795
294,2019-10-21,6.431535269709543
295,2019-10-22,6.6887966804979255
296,2019-10-23,8.360995850622405
297,2019-10-24,7.3319502074688785
298,2019-10-25,7.717842323651452
299,2019-10-26,9.132780082987551
300,2019-10-27,6.431535269709543
301,2019-10-28,7.074688796680498
302,2019-10-29,7.589211618257261
303,2019-10-30,6.817427385892116
304,2019-10-31,6.6887966804979255
305,2019-11-01,5.903536977491962
306,2019-11-02,5.32475884244373
307,2019-11-03,5.67202572347267
308,2019-11-04,6.598070739549839
309,2019-11-05,6.250803858520901
310,2019-11-06,6.482315112540194
311,2019-11-07,6.598070739549839
312,2019-11-08,6.482315112540194
313,2019-11-09,5.440514469453377
314,2019-11-10,5.093247588424438
315,2019-11-11,5.67202572347267
316,2019-11-12,5.787781350482316
317,2019-11-13,6.366559485530548
318,2019-11-14,5.67202572347267
319,2019-11-15,6.366559485530548
320,2019-11-16,5.787781350482316
321,2019-11-17,6.019292604501609
322,2019-11-18,6.135048231511255
323,2019-11-19,6.366559485530548
324,2019-11-20,6.250803858520901
325,2019-11-21,6.482315112540194
326,2019-11-22,6.482315112540194
327,2019-11-23,6.019292604501609
328,2019-11-24,5.787781350482316
329,2019-11-25,6.598070739549839
330,2019-11-26,6.482315112540194
331,2019-11-27,5.787781350482316
332,2019-11-28,5.556270096463023
333,2019-11-29,5.32475884244373
334,2019-11-30,5.209003215434084
335,2019-12-01,5.774108322324968
336,2019-12-02,6.142668428005285
337,2019-12-03,6.634081902245707
338,2019-12-04,6.388375165125496
339,2019-12-05,5.774108322324968
340,2019-12-06,5.896961690885073
341,2019-12-07,5.282694848084545
342,2019-12-08,5.036988110964333
343,2019-12-09,5.6512549537648615
344,2019-12-10,6.142668428005285
345,2019-12-11,5.896961690885073
346,2019-12-12,5.528401585204755
347,2019-12-13,5.774108322324968
348,2019-12-14,5.528401585204755
349,2019-12-15,6.142668428005285
350,2019-12-16,6.388375165125496
351,2019-12-17,6.756935270805814
352,2019-12-18,7.002642007926024
353,2019-12-19,5.6512549537648615
354,2019-12-20,6.26552179656539
355,2019-12-21,5.40554821664465
356,2019-12-22,5.282694848084545
357,2019-12-23,6.01981505944518
358,2019-12-24,6.142668428005285
359,2019-12-25,6.26552179656539
360,2019-12-26,6.142668428005285
361,2019-12-27,6.26552179656539
362,2019-12-28,6.879788639365919
363,2019-12-29,6.142668428005285
364,2019-12-30,6.142668428005285
365,2019-12-31,5.6512549537648615
366,2020-01-01,5.854545454545455
367,2020-01-02,6.236363636363638
368,2020-01-03,6.363636363636365
369,2020-01-04,5.854545454545455
370,2020-01-05,6.490909090909092
371,2020-01-06,7.509090909090911
372,2020-01-07,7.000000000000002
373,2020-01-08,7.000000000000002
374,2020-01-09,6.872727272727274
375,2020-01-10,7.000000000000002
376,2020-01-11,6.61818181818182
377,2020-01-12,6.490909090909092
378,2020-01-13,6.490909090909092
379,2020-01-14,9.036363636363639
380,2020-01-15,9.545454545454547
381,2020-01-16,7.7636363636363654
382,2020-01-17,7.509090909090911
383,2020-01-18,7.254545454545456
384,2020-01-19,7.127272727272729
385,2020-01-20,7.127272727272729
386,2020-01-21,7.254545454545456
387,2020-01-22,7.000000000000002
388,2020-01-23,7.127272727272729
389,2020-01-24,6.490909090909092
390,2020-01-25,6.236363636363638
391,2020-01-26,5.981818181818183
392,2020-01-27,6.745454545454547
393,2020-01-28,7.254545454545456
394,2020-01-29,7.509090909090911
395,2020-01-30,7.6363636363636385
396,2020-01-31,6.61818181818182
397,2020-02-01,6.3171382808328875
398,2020-02-02,6.564869193806726
399,2020-02-03,6.8126001067805655
400,2020-02-04,7.431927389215162
401,2020-02-05,7.927389215162839
402,2020-02-06,8.175120128136678
403,2020-02-07,7.679658302189001
404,2020-02-08,7.184196476241324
405,2020-02-09,8.175120128136678
406,2020-02-10,7.927389215162839
407,2020-02-11,9.413774693005871
408,2020-02-12,12.386545648691937
409,2020-02-13,11.271756540309664
410,2020-02-14,9.289909236518954
411,2020-02-15,8.422851041110517
412,2020-02-16,8.918312867058194
413,2020-02-17,8.546716497597437
414,2020-02-18,8.670581954084355
415,2020-02-19,8.794447410571276
416,2020-02-20,8.546716497597437
417,2020-02-21,7.308061932728243
418,2020-02-22,6.3171382808328875
419,2020-02-23,6.936465563267484
420,2020-02-24,7.184196476241324
421,2020-02-25,7.184196476241324
422,2020-02-26,7.8035237586759205
423,2020-02-27,7.431927389215162
424,2020-02-28,7.308061932728243
425,2020-02-29,6.06940736785905
426,2020-03-01,6.522882693319305
427,2020-03-02,7.044713308784849
428,2020-03-03,7.305628616517621
429,2020-03-04,11.871646501841136
430,2020-03-05,9.914781693845343
431,2020-03-06,7.6970015781167795
432,2020-03-07,7.044713308784849
433,2020-03-08,7.044713308784849
434,2020-03-09,9.262493424513414
435,2020-03-10,7.6970015781167795
436,2020-03-11,6.7837980010520775
437,2020-03-12,11.871646501841136
438,2020-03-13,12.654392425039452
439,2020-03-14,8.871120462914254
440,2020-03-15,8.349289847448711
441,2020-03-16,8.610205155181482
442,2020-03-17,6.914255654918463
443,2020-03-18,7.305628616517621
444,2020-03-19,8.349289847448711
445,2020-03-20,8.349289847448711
446,2020-03-21,7.566543924250394
447,2020-03-22,6.522882693319305
448,2020-03-23,7.175170962651236
449,2020-03-24,7.566543924250394
450,2020-03-25,7.175170962651236
451,2020-03-26,6.653340347185691
452,2020-03-27,7.175170962651236
453,2020-03-28,6.914255654918463
454,2020-03-29,7.6970015781167795
455,2020-03-30,7.044713308784849
456,2020-03-31,7.044713308784849
457,2020-04-01,6.609179415855353
458,2020-04-02,7.098748261474269
459,2020-04-03,6.609179415855353
460,2020-04-04,6.853963838664811
461,2020-04-05,6.731571627260083
462,2020-04-06,8.0778859527121
463,2020-04-07,7.95549374130737
464,2020-04-08,8.200278164116828
465,2020-04-09,7.710709318497913
466,2020-04-10,8.322670375521556
467,2020-04-11,7.465924895688455
468,2020-04-12,7.588317107093183
469,2020-04-13,6.97635605006954
470,2020-04-14,7.221140472878997
471,2020-04-15,7.95549374130737
472,2020-04-16,7.710709318497913
473,2020-04-17,7.710709318497913
474,2020-04-18,7.710709318497913
475,2020-04-19,8.0778859527121
476,2020-04-20,7.833101529902642
477,2020-04-21,7.588317107093183
478,2020-04-22,8.0778859527121
479,2020-04-23,7.95549374130737
480,2020-04-24,7.833101529902642
481,2020-04-25,8.322670375521556
482,2020-04-26,8.567454798331013
483,2020-04-27,8.567454798331013
484,2020-04-28,7.343532684283727
485,2020-04-29,10.036161335187758
486,2020-04-30,11.13769123783032
487,2020-04-30,12.15020862308762
488,2020-05-01,9.10421052631579
489,2020-05-02,9.397894736842106
490,2020-05-03,8.810526315789474
491,2020-05-04,9.10421052631579
492,2020-05-05,8.810526315789474
493,2020-05-06,9.10421052631579
494,2020-05-07,10.278947368421054
495,2020-05-08,10.866315789473685
496,2020-05-09,9.985263157894737
497,2020-05-10,12.04105263157895
498,2020-05-11,9.985263157894737
499,2020-05-12,9.691578947368422
500,2020-05-13,9.10421052631579
501,2020-05-14,9.397894736842106
502,2020-05-15,8.516842105263159
503,2020-05-16,8.810526315789474
504,2020-05-17,9.10421052631579
505,2020-05-18,9.10421052631579
506,2020-05-19,8.516842105263159
507,2020-05-20,8.810526315789474
508,2020-05-21,8.223157894736843
509,2020-05-22,8.223157894736843
510,2020-05-23,8.516842105263159
511,2020-05-24,8.516842105263159
512,2020-05-25,8.810526315789474
513,2020-05-26,8.516842105263159
514,2020-05-27,7.929473684210526
515,2020-05-28,7.929473684210526
516,2020-05-29,7.929473684210526
517,2020-05-30,7.929473684210526
518,2020-05-31,7.929473684210526
519,2020-06-01,7.878787878787879
520,2020-06-02,9.393939393939394
521,2020-06-03,8.484848484848484
522,2020-06-04,9.090909090909092
523,2020-06-05,6.969696969696971
524,2020-06-06,7.575757575757576
525,2020-06-07,8.181818181818182
526,2020-06-08,8.787878787878789
527,2020-06-09,8.484848484848484
528,2020-06-10,8.787878787878789
529,2020-06-11,8.484848484848484
530,2020-06-12,8.181818181818182
531,2020-06-13,7.575757575757576
532,2020-06-14,7.2727272727272725
533,2020-06-15,8.181818181818182
534,2020-06-16,7.575757575757576
535,2020-06-17,7.878787878787879
536,2020-06-18,7.575757575757576
537,2020-06-19,6.969696969696971
538,2020-06-20,6.969696969696971
539,2020-06-21,7.575757575757576
540,2020-06-22,8.484848484848484
541,2020-06-23,8.181818181818182
542,2020-06-24,7.878787878787879
543,2020-06-25,7.575757575757576
544,2020-06-26,9.696969696969697
545,2020-06-27,7.575757575757576
546,2020-06-28,8.484848484848484
547,2020-06-29,7.2727272727272725
548,2020-06-30,6.969696969696971
549,2020-07-01,7.454909819639277
550,2020-07-02,8.076152304609217
551,2020-07-03,7.454909819639277
552,2020-07-04,7.765531062124247
553,2020-07-05,7.454909819639277
554,2020-07-06,7.765531062124247
555,2020-07-07,9.318637274549097
556,2020-07-08,12.114228456913827
557,2020-07-09,10.250501002004007
558,2020-07-10,8.697394789579157
559,2020-07-11,8.697394789579157
560,2020-07-12,7.454909819639277
561,2020-07-13,9.629258517034067
562,2020-07-14,9.939879759519037
563,2020-07-15,10.871743486973946
564,2020-07-16,10.250501002004007
565,2020-07-17,9.008016032064127
566,2020-07-18,18.326653306613224
567,2020-07-19,8.697394789579157
568,2020-07-20,9.008016032064127
569,2020-07-21,9.318637274549097
570,2020-07-22,9.939879759519037
571,2020-07-23,10.561122244488978
572,2020-07-24,9.939879759519037
573,2020-07-25,10.250501002004007
574,2020-07-26,11.492985971943886
575,2020-07-27,12.424849699398797
576,2020-07-28,12.114228456913827
577,2020-07-29,12.114228456913827
578,2020-07-30,11.803607214428856
579,2020-07-31,11.803607214428856
580,2020-08-01,13.58095238095238
581,2020-08-02,14.171428571428569
582,2020-08-03,12.695238095238095
583,2020-08-04,11.809523809523808
584,2020-08-05,10.923809523809524
585,2020-08-06,11.514285714285714
586,2020-08-07,11.219047619047618
587,2020-08-08,11.514285714285714
588,2020-08-09,12.104761904761904
589,2020-08-10,12.104761904761904
590,2020-08-11,12.104761904761904
591,2020-08-12,11.809523809523808
592,2020-08-13,12.99047619047619
593,2020-08-14,12.99047619047619
594,2020-08-15,12.99047619047619
595,2020-08-16,13.876190476190477
596,2020-08-17,14.171428571428569
597,2020-08-18,12.99047619047619
598,2020-08-19,11.809523809523808
599,2020-08-20,12.695238095238095
600,2020-08-21,11.809523809523808
601,2020-08-22,11.809523809523808
602,2020-08-23,11.219047619047618
603,2020-08-24,11.219047619047618
604,2020-08-25,11.514285714285714
605,2020-08-26,11.219047619047618
606,2020-08-27,9.447619047619048
607,2020-08-28,10.333333333333332
608,2020-08-29,10.333333333333332
609,2020-08-30,12.104761904761904
610,2020-08-31,10.923809523809524
611,2020-09-01,11.916583912611717
612,2020-09-02,12.512413108242304
613,2020-09-03,13.10824230387289
614,2020-09-04,12.214498510427012
615,2020-09-05,11.320754716981131
616,2020-09-06,10.724925521350546
617,2020-09-07,9.533267130089374
618,2020-09-08,9.533267130089374
619,2020-09-09,14.597815292949353
620,2020-09-10,9.831181727904667
621,2020-09-11,9.235352532274081
622,2020-09-12,8.937437934458789
623,2020-09-13,11.320754716981131
624,2020-09-14,9.533267130089374
625,2020-09-15,9.533267130089374
626,2020-09-16,9.533267130089374
627,2020-09-17,9.533267130089374
628,2020-09-18,9.831181727904667
629,2020-09-19,8.937437934458789
630,2020-09-20,9.533267130089374
631,2020-09-21,10.12909632571996
632,2020-09-22,9.831181727904667
633,2020-09-23,9.831181727904667
634,2020-09-24,8.937437934458789
635,2020-09-25,8.341608738828201
636,2020-09-26,7.7457795431976155
637,2020-09-27,7.14995034756703
638,2020-09-28,7.7457795431976155
639,2020-09-29,9.533267130089374
640,2020-09-30,9.533267130089374
641,2020-10-01,8.675512665862485
642,2020-10-02,8.376357056694813
643,2020-10-03,7.478890229191797
644,2020-10-04,7.179734620024124
645,2020-10-05,8.974668275030156
646,2020-10-06,8.675512665862485
647,2020-10-07,7.478890229191797
648,2020-10-08,7.778045838359469
649,2020-10-09,7.179734620024124
650,2020-10-10,7.478890229191797
651,2020-10-11,7.478890229191797
652,2020-10-12,7.478890229191797
653,2020-10-13,7.179734620024124
654,2020-10-14,7.179734620024124
655,2020-10-15,7.179734620024124
656,2020-10-16,7.478890229191797
657,2020-10-17,7.179734620024124
658,2020-10-18,7.478890229191797
659,2020-10-19,7.179734620024124
660,2020-10-20,7.778045838359469
661,2020-10-21,10.171290711700845
662,2020-10-22,10.470446320868517
663,2020-10-23,8.974668275030156
664,2020-10-24,7.778045838359469
665,2020-10-25,8.077201447527141
666,2020-10-26,8.077201447527141
667,2020-10-27,9.5729794933655
668,2020-10-28,8.675512665862485
669,2020-10-29,8.376357056694813
670,2020-10-30,7.478890229191797
671,2020-10-31,7.478890229191797
672,2020-11-01,7.447916666666666
673,2020-11-02,7.734375
674,2020-11-03,7.447916666666666
675,2020-11-04,6.302083333333334
676,2020-11-05,8.020833333333334
677,2020-11-06,8.880208333333334
678,2020-11-07,9.166666666666666
679,2020-11-08,8.307291666666666
680,2020-11-09,8.59375
681,2020-11-10,9.453125
682,2020-11-11,9.739583333333334
683,2020-11-12,8.880208333333334
684,2020-11-13,9.453125
685,2020-11-14,8.59375
686,2020-11-15,8.59375
687,2020-11-16,10.026041666666666
688,2020-11-17,10.026041666666666
689,2020-11-18,12.317708333333334
690,2020-11-19,11.171875
691,2020-11-20,12.317708333333334
692,2020-11-21,14.609375
693,2020-11-22,14.036458333333332
694,2020-11-23,15.755208333333332
695,2020-11-24,19.765625
696,2020-11-25,16.614583333333332
697,2020-11-26,16.901041666666668
698,2020-11-27,11.458333333333334
699,2020-11-28,12.890625000000002
700,2020-11-29,12.03125
701,2020-11-30,13.463541666666668
702,2020-12-01,13.964484266206078
703,2020-12-02,12.254547417282886
704,2020-12-03,12.824526366923951
705,2020-12-04,12.254547417282886
706,2020-12-05,12.539536892103419
707,2020-12-06,11.969557942462353
708,2020-12-07,12.254547417282886
709,2020-12-08,11.969557942462353
710,2020-12-09,12.254547417282886
711,2020-12-10,10.829600043180225
712,2020-12-11,10.829600043180225
713,2020-12-12,11.114589518000757
714,2020-12-13,11.39957899282129
715,2020-12-14,10.829600043180225
716,2020-12-15,11.114589518000757
717,2020-12-16,13.109515841744482
718,2020-12-17,19.66427376261672
719,2020-12-18,15.38943164030874
720,2020-12-19,28.498947482053218
721,2020-12-20,17.09936848923193
722,2020-12-21,15.674421115129272
723,2020-12-22,14.534463215847142
724,2020-12-23,15.959410589949803
725,2020-12-24,14.534463215847142
726,2020-12-25,15.674421115129272
727,2020-12-26,17.09936848923193
728,2020-12-27,19.66427376261672
729,2020-12-28,18.524315863334593
730,2020-12-29,19.949263237437254
731,2020-12-29,19.949263237437254
732,2020-12-30,19.949263237437254
733,2020-12-31,16.32212446699412
734,2021-01-01,20.17005545286506
735,2021-01-02,29.338262476894638
736,2021-01-03,36.672828096118295
737,2021-01-04,31.17190388170055
738,2021-01-05,29.338262476894638
739,2021-01-06,34.83918669131238
740,2021-01-07,42.17375231053604
741,2021-01-08,38.50646950092421
742,2021-01-09,36.672828096118295
743,2021-01-10,42.17375231053604
744,2021-01-11,38.50646950092421
745,2021-01-12,29.338262476894638
746,2021-01-13,27.504621072088725
747,2021-01-14,31.17190388170055
748,2021-01-15,29.338262476894638
749,2021-01-16,29.338262476894638
750,2021-01-17,27.504621072088725
751,2021-01-18,25.670979667282804
752,2021-01-19,27.504621072088725
753,2021-01-20,25.670979667282804
754,2021-01-21,25.670979667282804
755,2021-01-22,25.670979667282804
756,2021-01-23,23.83733826247689
757,2021-01-24,23.83733826247689
758,2021-01-25,23.83733826247689
759,2021-01-26,22.003696857670974
760,2021-01-27,23.83733826247689
761,2021-01-28,31.17190388170055
762,2021-01-29,67.84473197781885
763,2021-01-30,47.67467652495378
764,2021-01-31,44.00739371534195
765,2021-02-01,41.839490445859866
766,2021-02-02,36.38216560509554
767,2021-02-03,38.20127388535032
768,2021-02-04,45.47770700636943
769,2021-02-05,49.115923566878976
770,2021-02-06,47.2968152866242
771,2021-02-07,52.754140127388524
772,2021-02-08,54.57324840764331
773,2021-02-09,63.6687898089172
774,2021-02-10,56.392356687898086
775,2021-02-11,58.21146496815286
776,2021-02-12,56.392356687898086
777,2021-02-13,58.21146496815286
778,2021-02-14,56.392356687898086
779,2021-02-15,52.754140127388524
780,2021-02-16,47.2968152866242
781,2021-02-17,50.93503184713375
782,2021-02-18,50.93503184713375
783,2021-02-19,56.392356687898086
784,2021-02-20,65.48789808917196
785,2021-02-21,61.84968152866241
786,2021-02-22,58.21146496815286
787,2021-02-23,58.21146496815286
788,2021-02-24,43.65859872611464
789,2021-02-25,43.65859872611464
790,2021-02-26,40.02038216560509
791,2021-02-27,41.839490445859866
792,2021-02-28,41.839490445859866
793,2021-03-01,38.240559440559444
794,2021-03-02,38.240559440559444
795,2021-03-03,38.240559440559444
796,2021-03-04,36.41958041958042
797,2021-03-05,32.77762237762238
798,2021-03-06,32.77762237762238
799,2021-03-07,38.240559440559444
800,2021-03-08,34.598601398601396
801,2021-03-09,41.88251748251748
802,2021-03-10,38.240559440559444
803,2021-03-11,40.06153846153846
804,2021-03-12,43.7034965034965
805,2021-03-13,50.987412587412585
806,2021-03-14,50.987412587412585
807,2021-03-15,49.16643356643357
808,2021-03-16,49.16643356643357
809,2021-03-17,43.7034965034965
810,2021-03-18,45.52447552447553
811,2021-03-19,41.88251748251748
812,2021-03-20,45.52447552447553
813,2021-03-21,45.52447552447553
814,2021-03-22,45.52447552447553
815,2021-03-23,40.06153846153846
816,2021-03-24,41.88251748251748
817,2021-03-25,40.06153846153846
818,2021-03-26,38.240559440559444
819,2021-03-27,41.88251748251748
820,2021-03-28,41.88251748251748
821,2021-03-29,43.7034965034965
822,2021-03-30,47.345454545454544
823,2021-03-31,45.52447552447553
824,2021-04-01,45.646661031276416
825,2021-04-02,51.124260355029584
826,2021-04-03,54.7759932375317
827,2021-04-04,56.60185967878275
828,2021-04-05,62.07945900253592
829,2021-04-06,58.42772612003381
830,2021-04-07,56.60185967878275
831,2021-04-08,51.124260355029584
832,2021-04-09,51.124260355029584
833,2021-04-10,56.60185967878275
834,2021-04-11,62.07945900253592
835,2021-04-12,56.60185967878275
836,2021-04-13,65.73119188503804
837,2021-04-14,74.86052409129331
838,2021-04-15,71.2087912087912
839,2021-04-16,113.2037193575655
840,2021-04-17,102.24852071005917
841,2021-04-18,111.37785291631445
842,2021-04-19,100.4226542688081
843,2021-04-20,107.72612003381235
844,2021-04-21,85.81572273879965
845,2021-04-22,87.6415891800507
846,2021-04-23,104.07438715131022
847,2021-04-24,73.03465765004226
848,2021-04-25,67.5570583262891
849,2021-04-26,69.38292476754015
850,2021-04-27,67.5570583262891
851,2021-04-28,65.73119188503804
852,2021-04-29,63.905325443786985
853,2021-04-30,65.73119188503804
854,2021-05-01,69.78672985781989
855,2021-05-02,73.45971563981041
856,2021-05-03,80.80568720379145
857,2021-05-04,97.3341232227488
858,2021-05-05,115.69905213270141
859,2021-05-06,117.53554502369666
860,2021-05-07,110.18957345971563
861,2021-05-08,128.55450236966823
862,2021-05-09,128.55450236966823
863,2021-05-10,134.063981042654
864,2021-05-11,128.55450236966823
865,2021-05-12,117.53554502369666
866,2021-05-13,135.90047393364927
867,2021-05-14,106.5165876777251
868,2021-05-15,106.5165876777251
869,2021-05-16,110.18957345971563
870,2021-05-17,101.00710900473932
871,2021-05-18,93.66113744075828
872,2021-05-19,183.64928909952604
873,2021-05-20,117.53554502369666
874,2021-05-21,97.3341232227488
875,2021-05-22,86.31516587677723
876,2021-05-23,110.18957345971563
877,2021-05-24,84.47867298578197
878,2021-05-25,77.13270142180093
879,2021-05-26,69.78672985781989
880,2021-05-27,67.95023696682463
881,2021-05-28,69.78672985781989
882,2021-05-29,67.95023696682463
883,2021-05-30,58.76777251184833
884,2021-05-31,53.25829383886255
885,2021-06-01,54.76190476190476
886,2021-06-02,56.58730158730158
887,2021-06-03,56.58730158730158
888,2021-06-04,52.93650793650793
889,2021-06-05,56.58730158730158
890,2021-06-06,51.11111111111111
891,2021-06-07,51.11111111111111
892,2021-06-08,60.238095238095234
893,2021-06-09,49.285714285714285
894,2021-06-10,47.460317460317455
895,2021-06-11,45.63492063492063
896,2021-06-12,41.98412698412698
897,2021-06-13,43.8095238095238
898,2021-06-14,43.8095238095238
899,2021-06-15,43.8095238095238
900,2021-06-16,43.8095238095238
901,2021-06-17,43.8095238095238
902,2021-06-18,41.98412698412698
903,2021-06-19,40.15873015873016
904,2021-06-20,41.98412698412698
905,2021-06-21,54.76190476190476
906,2021-06-22,60.238095238095234
907,2021-06-23,41.98412698412698
908,2021-06-24,36.507936507936506
909,2021-06-25,38.33333333333333
910,2021-06-26,36.507936507936506
911,2021-06-27,36.507936507936506
912,2021-06-28,36.507936507936506
913,2021-06-29,36.507936507936506
914,2021-06-30,34.68253968253968
915,2021-07-01,32.4065335753176
916,2021-07-02,32.4065335753176
917,2021-07-03,32.4065335753176
918,2021-07-04,34.206896551724135
919,2021-07-05,34.206896551724135
920,2021-07-06,32.4065335753176
921,2021-07-07,30.60617059891107
922,2021-07-08,34.206896551724135
923,2021-07-09,30.60617059891107
924,2021-07-10,30.60617059891107
925,2021-07-11,28.80580762250454
926,2021-07-12,30.60617059891107
927,2021-07-13,30.60617059891107
928,2021-07-14,30.60617059891107
929,2021-07-15,32.4065335753176
930,2021-07-16,30.60617059891107
931,2021-07-17,28.80580762250454
932,2021-07-18,28.80580762250454
933,2021-07-19,30.60617059891107
934,2021-07-20,36.007259528130675
935,2021-07-21,30.60617059891107
936,2021-07-22,30.60617059891107
937,2021-07-23,28.80580762250454
938,2021-07-24,30.60617059891107
939,2021-07-25,30.60617059891107
940,2021-07-26,43.208711433756804
941,2021-07-27,32.4065335753176
942,2021-07-28,32.4065335753176
943,2021-07-29,34.206896551724135
944,2021-07-30,32.4065335753176
945,2021-07-31,34.206896551724135
946,2021-08-01,34.6737400530504
947,2021-08-02,32.84880636604775
948,2021-08-03,29.198938992042443
949,2021-08-04,31.02387267904509
950,2021-08-05,40.148541114058354
951,2021-08-06,34.6737400530504
952,2021-08-07,41.97347480106101
953,2021-08-08,40.148541114058354
954,2021-08-09,40.148541114058354
955,2021-08-10,41.97347480106101
956,2021-08-11,51.09814323607427
957,2021-08-12,45.62334217506632
958,2021-08-13,43.79840848806366
959,2021-08-14,45.62334217506632
960,2021-08-15,45.62334217506632
961,2021-08-16,47.44827586206897
962,2021-08-17,43.79840848806366
963,2021-08-18,43.79840848806366
964,2021-08-19,41.97347480106101
965,2021-08-20,47.44827586206897
966,2021-08-21,45.62334217506632
967,2021-08-22,45.62334217506632
968,2021-08-23,52.92307692307692
969,2021-08-24,51.09814323607427
970,2021-08-25,45.62334217506632
971,2021-08-26,41.97347480106101
972,2021-08-27,41.97347480106101
973,2021-08-28,43.79840848806366
974,2021-08-28,45.62334217506631
975,2021-08-29,45.62334217506631
976,2021-08-30,45.62334217506631
977,2021-08-31,47.44827586206896
978,2021-09-01,44.63130659767141
979,2021-09-02,48.20181112548512
980,2021-09-03,51.77231565329884
981,2021-09-04,49.98706338939198
982,2021-09-05,49.98706338939198
983,2021-09-06,51.77231565329884
984,2021-09-07,74.98059508408798
985,2021-09-08,57.128072445019406
986,2021-09-09,51.77231565329884
987,2021-09-10,48.20181112548512
988,2021-09-11,42.846054333764556
989,2021-09-12,44.63130659767141
990,2021-09-13,46.41655886157827
991,2021-09-14,42.846054333764556
992,2021-09-15,42.846054333764556
993,2021-09-16,46.41655886157827
994,2021-09-17,46.41655886157827
995,2021-09-18,39.27554980595084
996,2021-09-19,39.27554980595084
997,2021-09-20,51.77231565329884
998,2021-09-21,46.41655886157827
999,2021-09-22,42.846054333764556
1000,2021-09-23,39.27554980595084
1001,2021-09-24,49.98706338939198
1002,2021-09-25,41.0608020698577
1003,2021-09-26,39.27554980595084
1004,2021-09-27,39.27554980595084
1005,2021-09-28,39.27554980595084
1006,2021-09-29,35.70504527813713
1007,2021-09-30,35.70504527813713
1008,2021-10-01,38.2183574879227
1009,2021-10-02,36.481159420289856
1010,2021-10-03,38.2183574879227
1011,2021-10-04,41.6927536231884
1012,2021-10-05,46.904347826086955
1013,2021-10-06,55.59033816425121
1014,2021-10-07,60.80193236714975
1015,2021-10-08,50.378743961352654
1016,2021-10-09,48.6415458937198
1017,2021-10-10,46.904347826086955
1018,2021-10-11,50.378743961352654
1019,2021-10-12,48.6415458937198
1020,2021-10-13,45.1671497584541
1021,2021-10-14,50.378743961352654
1022,2021-10-15,52.11594202898551
1023,2021-10-16,48.6415458937198
1024,2021-10-17,46.904347826086955
1025,2021-10-18,48.6415458937198
1026,2021-10-19,48.6415458937198
1027,2021-10-20,57.327536231884054
1028,2021-10-21,57.327536231884054
1029,2021-10-22,53.853140096618354
1030,2021-10-23,52.11594202898551
1031,2021-10-24,60.80193236714975
1032,2021-10-25,60.80193236714975
1033,2021-10-26,71.22512077294685
1034,2021-10-27,99.02028985507245
1035,2021-10-28,100.75748792270531
1036,2021-10-29,95.54589371980676
1037,2021-10-30,93.80869565217391
1038,2021-10-31,92.07149758454105
1039,2021-11-01,107.70288858321874
1040,2021-11-02,122.55845942228338
1041,2021-11-03,96.56121045392024
1042,2021-11-04,98.41815680880332
1043,2021-11-05,89.13342503438793
1044,2021-11-06,81.70563961485558
1045,2021-11-07,83.56258596973868
1046,2021-11-08,90.990371389271
1047,2021-11-09,96.56121045392024
1048,2021-11-10,92.84731774415408
1049,2021-11-11,85.41953232462176
1050,2021-11-12,81.70563961485558
1051,2021-11-13,79.8486932599725
1052,2021-11-14,83.56258596973868
1053,2021-11-15,81.70563961485558
1054,2021-11-16,94.70426409903716
1055,2021-11-17,87.27647867950483
1056,2021-11-18,92.84731774415408
1057,2021-11-19,79.8486932599725
1058,2021-11-20,81.70563961485558
1059,2021-11-21,90.990371389271
1060,2021-11-22,83.56258596973868
1061,2021-11-23,100.2751031636864
1062,2021-11-24,115.13067400275106
1063,2021-11-25,96.56121045392024
1064,2021-11-26,90.990371389271
1065,2021-11-27,74.27785419532326
1066,2021-11-28,74.27785419532326
1067,2021-11-29,81.70563961485558
1068,2021-11-30,83.56258596973868
1069,2021-12-01,73.74796010879419
1070,2021-12-02,71.94922937443336
1071,2021-12-03,73.74796010879419
1072,2021-12-04,113.32003626473255
1073,2021-12-05,73.74796010879419
1074,2021-12-06,71.94922937443336
1075,2021-12-07,66.55303717135087
1076,2021-12-08,66.55303717135087
1077,2021-12-09,64.75430643699003
1078,2021-12-10,61.15684496826835
1079,2021-12-11,57.55938349954669
1080,2021-12-12,57.55938349954669
1081,2021-12-13,62.95557570262919
1082,2021-12-14,66.55303717135087
1083,2021-12-15,62.95557570262919
1084,2021-12-16,59.35811423390752
1085,2021-12-17,59.35811423390752
1086,2021-12-18,53.96192203082502
1087,2021-12-19,53.96192203082502
1088,2021-12-20,53.96192203082502
1089,2021-12-21,55.76065276518586
1090,2021-12-22,55.76065276518586
1091,2021-12-23,59.35811423390752
1092,2021-12-24,61.15684496826835
1093,2021-12-25,61.15684496826835
1094,2021-12-26,62.95557570262919
1095,2021-12-27,64.75430643699003
1096,2021-12-28,68.3517679057117
1097,2021-12-29,59.35811423390752
1098,2021-12-30,57.55938349954669
1099,2021-12-31,52.16319129646419
1100,2022-01-01,57.63819095477387
1101,2022-01-02,65.42713567839196
1102,2022-01-03,62.31155778894472
1103,2022-01-04,155.7788944723618
1104,2022-01-05,59.19597989949748
1105,2022-01-06,62.31155778894472
1106,2022-01-07,71.65829145728644
1107,2022-01-08,68.54271356783919
1108,2022-01-09,62.31155778894472
1109,2022-01-10,62.31155778894472
1110,2022-01-11,60.7537688442211
1111,2022-01-12,65.42713567839196
1112,2022-01-13,118.39195979899496
1113,2022-01-14,46.733668341708544
1114,2022-01-15,57.63819095477387
1115,2022-01-16,110.60301507537689
1116,2022-01-17,51.40703517587939
1117,2022-01-18,54.522613065326624
1118,2022-01-19,51.40703517587939
1119,2022-01-20,56.08040201005025
1120,2022-01-21,79.44723618090451
1121,2022-01-22,98.14070351758794
1122,2022-01-23,68.54271356783919
1123,2022-01-24,147.98994974874373
1124,2022-01-25,52.96482412060301
1125,2022-01-26,56.08040201005025
1126,2022-01-27,52.96482412060301
1127,2022-01-28,54.522613065326624
1128,2022-01-29,54.522613065326624
1129,2022-01-30,52.96482412060301
1130,2022-01-31,51.40703517587939
1131,2022-02-01,76.91453940066593
1132,2022-02-02,63.2408435072142
1133,2022-02-03,59.82241953385127
1134,2022-02-04,52.98557158712541
1135,2022-02-05,58.11320754716981
1136,2022-02-06,56.40399556048834
1137,2022-02-07,70.07769145394006
1138,2022-02-08,63.2408435072142
1139,2022-02-09,63.2408435072142
1140,2022-02-10,51.27635960044395
1141,2022-02-11,58.11320754716981
1142,2022-02-12,52.98557158712541
1143,2022-02-13,49.56714761376249
1144,2022-02-14,51.27635960044395
1145,2022-02-15,56.40399556048834
1146,2022-02-16,58.11320754716981
1147,2022-02-17,56.40399556048834
1148,2022-02-18,51.27635960044395
1149,2022-02-19,47.85793562708101
1150,2022-02-20,52.98557158712541
1151,2022-02-21,49.56714761376249
1152,2022-02-22,54.69478357380688
1153,2022-02-23,49.56714761376249
1154,2022-02-24,56.40399556048834
1155,2022-02-25,47.85793562708101
1156,2022-02-26,41.02108768035516
1157,2022-02-27,44.439511653718085
1158,2022-02-28,46.14872364039955
1159,2022-03-01,52.99632352941176
1160,2022-03-02,47.86764705882352
1161,2022-03-03,44.4485294117647
1162,2022-03-04,42.73897058823529
1163,2022-03-05,41.029411764705884
1164,2022-03-06,41.029411764705884
1165,2022-03-07,44.4485294117647
1166,2022-03-08,44.4485294117647
1167,2022-03-09,56.41544117647058
1168,2022-03-10,46.15808823529411
1169,2022-03-11,42.73897058823529
1170,2022-03-12,42.73897058823529
1171,2022-03-13,41.029411764705884
1172,2022-03-14,42.73897058823529
1173,2022-03-15,39.31985294117647
1174,2022-03-16,42.73897058823529
1175,2022-03-17,44.4485294117647
1176,2022-03-18,44.4485294117647
1177,2022-03-19,42.73897058823529
1178,2022-03-20,39.31985294117647
1179,2022-03-21,41.029411764705884
1180,2022-03-22,42.73897058823529
1181,2022-03-23,44.4485294117647
1182,2022-03-24,46.15808823529411
1183,2022-03-25,44.4485294117647
1184,2022-03-26,39.31985294117647
1185,2022-03-27,47.86764705882352
1186,2022-03-28,51.28676470588235
1187,2022-03-29,51.28676470588235
1188,2022-03-30,52.99632352941176
1189,2022-03-31,49.57720588235294
1190,2022-04-01,53.24512869858071
1191,2022-04-02,51.34351695934568
1192,2022-04-03,51.34351695934568
1193,2022-04-04,51.34351695934568
1194,2022-04-05,51.34351695934568
1195,2022-04-06,55.14674043781574
1196,2022-04-07,49.441905220110655
1197,2022-04-08,45.63868174164061
1198,2022-04-09,43.73707000240559
1199,2022-04-10,43.73707000240559
1200,2022-04-11,49.441905220110655
1201,2022-04-12,47.54029348087563
1202,2022-04-13,43.73707000240559
1203,2022-04-14,43.73707000240559
1204,2022-04-15,45.63868174164061
1205,2022-04-16,39.933846523935536
1206,2022-04-17,41.83545826317055
1207,2022-04-18,47.54029348087563
1208,2022-04-19,47.54029348087563
1209,2022-04-20,43.73707000240559
1210,2022-04-21,43.73707000240559
1211,2022-04-22,41.83545826317055
1212,2022-04-23,39.933846523935536
1213,2022-04-24,39.933846523935536
1214,2022-04-25,43.73707000240559
1215,2022-04-26,45.63868174164061
1216,2022-04-27,41.83545826317055
1217,2022-04-27,38.14409429877315
1218,2022-04-28,38.14409429877315
1219,2022-04-29,38.14409429877315
1220,2022-04-30,36.913639643974015
1221,2022-05-01,39.97634584013051
1222,2022-05-02,38.6867862969005
1223,2022-05-03,39.97634584013051
1224,2022-05-04,38.6867862969005
1225,2022-05-05,41.26590538336053
1226,2022-05-06,39.97634584013051
1227,2022-05-07,38.6867862969005
1228,2022-05-08,36.10766721044047
1229,2022-05-09,55.45106035889071
1230,2022-05-10,54.161500815660695
1231,2022-05-11,90.26916802610116
1232,2022-05-12,128.95595432300166
1233,2022-05-13,110.90212071778141
1234,2022-05-14,79.95269168026103
1235,2022-05-15,68.34665579119088
1236,2022-05-16,56.74061990212073
1237,2022-05-17,52.871941272430675
1238,2022-05-18,49.00326264274063
1239,2022-05-19,46.4241435562806
1240,2022-05-20,41.26590538336053
1241,2022-05-21,36.10766721044047
1242,2022-05-22,38.6867862969005
1243,2022-05-23,41.26590538336053
1244,2022-05-24,39.97634584013051
1245,2022-05-25,38.6867862969005
1246,2022-05-26,43.845024469820565
1247,2022-05-27,39.97634584013051
1248,2022-05-28,41.26590538336053
1249,2022-05-29,37.39722675367048
1250,2022-05-30,38.6867862969005
1251,2022-05-31,37.39722675367048
1252,2022-06-01,34.6730083234245
1253,2022-06-02,33.388822829964326
1254,2022-06-03,32.10463733650416
1255,2022-06-04,29.536266349583826
1256,2022-06-05,29.536266349583826
1257,2022-06-06,32.10463733650416
1258,2022-06-07,33.388822829964326
1259,2022-06-08,33.388822829964326
1260,2022-06-09,30.820451843043998
1261,2022-06-10,30.820451843043998
1262,2022-06-11,30.820451843043998
1263,2022-06-12,35.95719381688466
1264,2022-06-13,64.20927467300832
1265,2022-06-14,53.93579072532699
1266,2022-06-15,50.08323424494649
1267,2022-06-16,41.093935790725325
1268,2022-06-17,37.241379310344826
1269,2022-06-18,51.36741973840665
1270,2022-06-19,42.37812128418549
1271,2022-06-20,35.95719381688466
1272,2022-06-21,35.95719381688466
1273,2022-06-22,33.388822829964326
1274,2022-06-23,33.388822829964326
1275,2022-06-24,32.10463733650416
1276,2022-06-25,29.536266349583826
1277,2022-06-26,29.536266349583826
1278,2022-06-27,30.820451843043998
1279,2022-06-28,30.820451843043998
1280,2022-06-29,30.820451843043998
1281,2022-06-30,30.820451843043998
1282,2022-07-01,32.572463768115945
1283,2022-07-02,29.966666666666665
1284,2022-07-03,28.663768115942027
1285,2022-07-04,29.966666666666665
1286,2022-07-05,29.966666666666665
1287,2022-07-06,29.966666666666665
1288,2022-07-07,31.269565217391307
1289,2022-07-08,28.663768115942027
1290,2022-07-09,27.360869565217392
1291,2022-07-10,24.755072463768116
1292,2022-07-11,27.360869565217392
1293,2022-07-12,27.360869565217392
1294,2022-07-13,28.663768115942027
1295,2022-07-14,32.572463768115945
1296,2022-07-15,28.663768115942027
1297,2022-07-16,27.360869565217392
1298,2022-07-17,27.360869565217392
1299,2022-07-18,32.572463768115945
1300,2022-07-19,33.87536231884058
1301,2022-07-20,31.269565217391307
1302,2022-07-21,29.966666666666665
1303,2022-07-22,28.663768115942027
1304,2022-07-23,26.057971014492754
1305,2022-07-24,26.057971014492754
1306,2022-07-25,28.663768115942027
1307,2022-07-26,28.663768115942027
1308,2022-07-27,28.663768115942027
1309,2022-07-28,29.966666666666665
1310,2022-07-29,28.663768115942027
1311,2022-07-30,27.360869565217392
1312,2022-07-31,26.057971014492754
1313,2022-08-01,25.920367534456354
1314,2022-08-02,28.388973966309337
1315,2022-08-03,28.388973966309337
1316,2022-08-04,28.388973966309337
1317,2022-08-05,25.920367534456354
1318,2022-08-06,24.68606431852986
1319,2022-08-07,23.451761102603367
1320,2022-08-08,25.920367534456354
1321,2022-08-09,27.154670750382845
1322,2022-08-10,27.154670750382845
1323,2022-08-11,27.154670750382845
1324,2022-08-12,24.68606431852986
1325,2022-08-13,24.68606431852986
1326,2022-08-14,25.920367534456354
1327,2022-08-15,28.388973966309337
1328,2022-08-16,25.920367534456354
1329,2022-08-17,28.388973966309337
1330,2022-08-18,25.920367534456354
1331,2022-08-19,30.857580398162327
1332,2022-08-20,24.68606431852986
1333,2022-08-21,24.68606431852986
1334,2022-08-22,25.920367534456354
1335,2022-08-23,25.920367534456354
1336,2022-08-24,24.68606431852986
1337,2022-08-25,25.920367534456354
1338,2022-08-26,25.920367534456354
1339,2022-08-27,23.451761102603367
1340,2022-08-28,23.451761102603367
1341,2022-08-29,24.68606431852986
1342,2022-08-30,24.68606431852986
1343,2022-08-31,24.68606431852986
1344,2022-09-01,24.752475247524753
1345,2022-09-02,34.65346534653466
1346,2022-09-03,21.03960396039604
1347,2022-09-04,21.03960396039604
1348,2022-09-05,24.752475247524753
1349,2022-09-06,25.99009900990099
1350,2022-09-07,24.752475247524753
1351,2022-09-08,24.752475247524753
1352,2022-09-09,27.22772277227723
1353,2022-09-10,24.752475247524753
1354,2022-09-11,23.514851485148515
1355,2022-09-12,27.22772277227723
1356,2022-09-13,27.22772277227723
1357,2022-09-14,27.22772277227723
1358,2022-09-15,25.99009900990099
1359,2022-09-16,25.99009900990099
1360,2022-09-17,23.514851485148515
1361,2022-09-18,22.277227722772277
1362,2022-09-19,25.99009900990099
1363,2022-09-20,24.752475247524753
1364,2022-09-21,25.99009900990099
1365,2022-09-22,24.752475247524753
1366,2022-09-23,23.514851485148515
1367,2022-09-24,22.277227722772277
1368,2022-09-25,23.514851485148515
1369,2022-09-26,24.752475247524753
1370,2022-09-27,25.99009900990099
1371,2022-09-28,24.752475247524753
1372,2022-09-29,24.752475247524753
1373,2022-09-30,22.277227722772277
1374,2022-10-01,20.337248322147655
1375,2022-10-02,21.53355704697987
1376,2022-10-03,25.122483221476514
1377,2022-10-04,25.122483221476514
1378,2022-10-05,23.9261744966443
1379,2022-10-06,23.9261744966443
1380,2022-10-07,22.729865771812083
1381,2022-10-08,20.337248322147655
1382,2022-10-09,21.53355704697987
1383,2022-10-10,23.9261744966443
1384,2022-10-11,22.729865771812083
1385,2022-10-12,23.9261744966443
1386,2022-10-13,25.122483221476514
1387,2022-10-14,22.729865771812083
1388,2022-10-15,20.337248322147655
1389,2022-10-16,20.337248322147655
1390,2022-10-17,22.729865771812083
1391,2022-10-18,23.9261744966443
1392,2022-10-19,23.9261744966443
1393,2022-10-20,22.729865771812083
1394,2022-10-21,21.53355704697987
1395,2022-10-22,20.337248322147655
1396,2022-10-23,20.337248322147655
1397,2022-10-24,22.729865771812083
1398,2022-10-25,23.9261744966443
1399,2022-10-26,26.31879194630873
1400,2022-10-27,23.9261744966443
1401,2022-10-28,22.729865771812083
1402,2022-10-29,25.122483221476514
1403,2022-10-30,23.9261744966443
1404,2022-10-31,25.122483221476514
1405,2022-11-01,26.21586475942783
1406,2022-11-02,27.464239271781537
1407,2022-11-03,27.464239271781537
1408,2022-11-04,27.464239271781537
1409,2022-11-05,26.21586475942783
1410,2022-11-06,24.967490247074124
1411,2022-11-07,27.464239271781537
1412,2022-11-08,38.69960988296489
1413,2022-11-09,53.68010403120937
1414,2022-11-10,46.18985695708713
1415,2022-11-11,42.44473342002601
1416,2022-11-12,43.69310793237972
1417,2022-11-13,46.18985695708713
1418,2022-11-14,44.941482444733424
1419,2022-11-15,38.69960988296489
1420,2022-11-16,37.45123537061119
1421,2022-11-17,37.45123537061119
1422,2022-11-18,32.45773732119637
1423,2022-11-19,27.464239271781537
1424,2022-11-20,29.960988296488953
1425,2022-11-21,31.20936280884266
1426,2022-11-22,28.712613784135243
1427,2022-11-23,26.21586475942783
1428,2022-11-24,24.967490247074124
1429,2022-11-25,21.222366710013006
1430,2022-11-26,21.222366710013006
1431,2022-11-27,22.470741222366712
1432,2022-11-28,24.967490247074124
1433,2022-11-29,24.967490247074124
1434,2022-11-30,27.464239271781537
1435,2022-12-01,27.119331808032637
1436,2022-12-02,24.53653830250572
1437,2022-12-03,23.24514154974226
1438,2022-12-04,23.24514154974226
1439,2022-12-05,25.82793505526918
1440,2022-12-06,24.53653830250572
1441,2022-12-07,25.82793505526918
1442,2022-12-08,24.53653830250572
1443,2022-12-09,23.24514154974226
1444,2022-12-10,19.370951291451885
1445,2022-12-11,21.953744796978803
1446,2022-12-12,23.24514154974226
1447,2022-12-13,28.410728560796095
1448,2022-12-14,27.119331808032637
1449,2022-12-15,25.82793505526918
1450,2022-12-16,25.82793505526918
1451,2022-12-17,25.82793505526918
1452,2022-12-18,20.662348044215342
1453,2022-12-19,23.24514154974226
1454,2022-12-20,23.24514154974226
1455,2022-12-21,24.53653830250572
1456,2022-12-22,23.24514154974226
1457,2022-12-23,23.24514154974226
1458,2022-12-24,20.662348044215342
1459,2022-12-25,20.662348044215342
1460,2022-12-26,21.953744796978803
1461,2022-12-26,23.75323207541969
1462,2022-12-27,24.832924442484217
1463,2022-12-28,25.552719353860574
1464,2022-12-29,24.113129531107862
1465,2022-12-30,25.912616809548748
1466,2022-12-31,22.673539708355158
1467,2023-01-01,20.730452674897116
1468,2023-01-02,22.644032921810698
1469,2023-01-03,21.68724279835391
1470,2023-01-04,22.962962962962962
1471,2023-01-05,22.962962962962962
1472,2023-01-06,22.962962962962962
1473,2023-01-07,22.962962962962962
1474,2023-01-08,21.68724279835391
1475,2023-01-09,25.195473251028805
1476,2023-01-10,23.91975308641975
1477,2023-01-11,24.238683127572017
1478,2023-01-12,25.833333333333332
1479,2023-01-13,24.87654320987654
1480,2023-01-14,31.893004115226336
1481,2023-01-15,25.195473251028805
1482,2023-01-16,26.471193415637856
1483,2023-01-17,27.109053497942384
1484,2023-01-18,27.42798353909465
1485,2023-01-19,26.790123456790123
1486,2023-01-20,27.42798353909465
1487,2023-01-21,28.38477366255144
1488,2023-01-22,25.51440329218107
1489,2023-01-23,26.790123456790123
1490,2023-01-24,25.51440329218107
1491,2023-01-25,25.833333333333332
1492,2023-01-26,25.51440329218107
1493,2023-01-27,24.557613168724277
1494,2023-01-28,23.60082304526749
1495,2023-01-29,25.833333333333332
1496,2023-01-30,24.557613168724277
1497,2023-01-31,23.91975308641975
1498,2023-02-01,24.82726853984339
1499,2023-02-02,27.40672501151543
1500,2023-02-03,26.439428834638417
1501,2023-02-04,24.82726853984339
1502,2023-02-05,24.504836480884386
1503,2023-02-06,25.149700598802394
1504,2023-02-07,26.439428834638417
1505,2023-02-08,28.696453247351453
1506,2023-02-09,27.084292952556428
1507,2023-02-10,25.149700598802394
1508,2023-02-11,22.24781206817135
1509,2023-02-12,22.24781206817135
1510,2023-02-13,22.89267618608936
1511,2023-02-14,22.89267618608936
1512,2023-02-15,25.149700598802394
1513,2023-02-16,27.72915707047444
1514,2023-02-17,24.82726853984339
1515,2023-02-18,24.504836480884386
1516,2023-02-19,27.084292952556428
1517,2023-02-20,26.439428834638417
1518,2023-02-21,25.794564716720405
1519,2023-02-22,25.149700598802394
1520,2023-02-23,24.18240442192538
1521,2023-02-24,23.859972362966378
1522,2023-02-25,23.537540304007372
1523,2023-02-26,23.215108245048366
1524,2023-02-27,23.859972362966378
1525,2023-02-28,23.859972362966378
1526,2023-03-01,23.725265739983648
1527,2023-03-02,23.395748160261654
1528,2023-03-03,24.713818479149634
1529,2023-03-04,22.736713000817662
1530,2023-03-05,22.40719542109567
1531,2023-03-06,22.736713000817662
1532,2023-03-07,23.066230580539656
1533,2023-03-08,23.725265739983648
1534,2023-03-09,25.702371218315616
1535,2023-03-10,29.327064595257568
1536,2023-03-11,26.690923957481605
1537,2023-03-12,25.372853638593625
1538,2023-03-13,30.97465249386754
1539,2023-03-14,30.645134914145544
1540,2023-03-15,27.0204415372036
1541,2023-03-16,25.702371218315616
1542,2023-03-17,26.690923957481605
1543,2023-03-18,27.349959116925593
1544,2023-03-19,25.702371218315616
1545,2023-03-20,29.986099754701556
1546,2023-03-21,26.361406377759607
1547,2023-03-22,27.349959116925593
1548,2023-03-23,27.67947669664759
1549,2023-03-24,26.690923957481605
1550,2023-03-25,24.713818479149634
1551,2023-03-26,24.38430089942764
1552,2023-03-27,26.031888798037613
1553,2023-03-28,27.0204415372036
1554,2023-03-29,26.031888798037613
1555,2023-03-30,26.690923957481605
1556,2023-03-31,25.372853638593625
1557,2023-04-01,22.903225806451612
1558,2023-04-02,23.870967741935484
1559,2023-04-03,25.16129032258064
1560,2023-04-04,25.483870967741936
1561,2023-04-05,26.451612903225804
1562,2023-04-06,24.193548387096772
1563,2023-04-07,23.2258064516129
1564,2023-04-08,23.2258064516129
1565,2023-04-09,21.61290322580645
1566,2023-04-10,23.548387096774196
1567,2023-04-11,26.451612903225804
1568,2023-04-12,25.806451612903224
1569,2023-04-13,24.838709677419352
1570,2023-04-14,27.096774193548388
1571,2023-04-15,24.838709677419352
1572,2023-04-16,24.838709677419352
1573,2023-04-17,26.129032258064516
1574,2023-04-18,26.451612903225804
1575,2023-04-19,26.129032258064516
1576,2023-04-20,24.516129032258064
1577,2023-04-21,23.548387096774196
1578,2023-04-22,20.64516129032258
1579,2023-04-23,21.935483870967744
1580,2023-04-24,23.2258064516129
1581,2023-04-25,22.903225806451612
1582,2023-04-26,23.870967741935484
1583,2023-04-27,22.58064516129032
1584,2023-04-28,22.58064516129032
1585,2023-04-29,20.64516129032258
1586,2023-04-30,21.29032258064516
1587,2023-05-01,24.5359765051395
1588,2023-05-02,22.305433186490454
1589,2023-05-03,23.261380323054333
1590,2023-05-04,22.624082232011748
1591,2023-05-05,22.624082232011748
1592,2023-05-06,21.668135095447873
1593,2023-05-07,20.71218795888399
1594,2023-05-08,22.305433186490454
1595,2023-05-09,24.21732745961821
1596,2023-05-10,22.624082232011748
1597,2023-05-11,21.668135095447873
1598,2023-05-12,21.34948604992658
1599,2023-05-13,18.481644640234947
1600,2023-05-14,19.11894273127753
1601,2023-05-15,20.3935389133627
1602,2023-05-16,21.34948604992658
1603,2023-05-17,21.03083700440529
1604,2023-05-18,21.03083700440529
1605,2023-05-19,20.3935389133627
1606,2023-05-20,18.80029368575624
1607,2023-05-21,19.11894273127753
1608,2023-05-22,20.07488986784141
1609,2023-05-23,21.03083700440529
1610,2023-05-24,21.03083700440529
1611,2023-05-25,20.71218795888399
1612,2023-05-26,19.756240822320116
1613,2023-05-27,18.481644640234947
1614,2023-05-28,19.11894273127753
1615,2023-05-29,19.756240822320116
1616,2023-05-30,20.71218795888399
1617,2023-05-31,20.71218795888399
1618,2023-06-01,20.071942446043163
1619,2023-06-02,19.424460431654673
1620,2023-06-03,18.776978417266186
1621,2023-06-04,18.453237410071942
1622,2023-06-05,23.30935251798561
1623,2023-06-06,21.690647482014388
1624,2023-06-07,21.366906474820144
1625,2023-06-08,20.719424460431654
1626,2023-06-09,20.39568345323741
1627,2023-06-10,30.755395683453234
1628,2023-06-11,20.071942446043163
1629,2023-06-12,21.366906474820144
1630,2023-06-13,21.043165467625897
1631,2023-06-14,22.014388489208635
1632,2023-06-15,21.366906474820144
1633,2023-06-16,20.071942446043163
1634,2023-06-17,19.10071942446043
1635,2023-06-18,18.453237410071942
1636,2023-06-19,19.424460431654673
1637,2023-06-20,20.719424460431654
1638,2023-06-21,22.985611510791365
1639,2023-06-22,22.33812949640288
1640,2023-06-23,21.043165467625897
1641,2023-06-24,19.10071942446043
1642,2023-06-25,19.74820143884892
1643,2023-06-26,21.690647482014388
1644,2023-06-27,21.690647482014388
1645,2023-06-28,21.043165467625897
1646,2023-06-29,20.39568345323741
1647,2023-06-30,21.366906474820144
1648,2023-07-01,20.137795275590552
1649,2023-07-02,20.473425196850396
1650,2023-07-03,22.487204724409448
1651,2023-07-04,21.14468503937008
1652,2023-07-05,21.14468503937008
1653,2023-07-06,20.809055118110237
1654,2023-07-07,20.809055118110237
1655,2023-07-08,19.466535433070867
1656,2023-07-09,18.124015748031496
1657,2023-07-10,21.480314960629922
1658,2023-07-11,20.137795275590552
1659,2023-07-12,20.809055118110237
1660,2023-07-13,27.186023622047248
1661,2023-07-14,29.1998031496063
1662,2023-07-15,23.158464566929137
1663,2023-07-16,21.815944881889763
1664,2023-07-17,23.158464566929137
1665,2023-07-18,22.822834645669296
1666,2023-07-19,24.500984251968507
1667,2023-07-20,22.822834645669296
1668,2023-07-21,21.815944881889763
1669,2023-07-22,20.473425196850396
1670,2023-07-23,20.809055118110237
1671,2023-07-24,23.158464566929137
1672,2023-07-25,22.487204724409448
1673,2023-07-26,23.829724409448822
1674,2023-07-27,22.151574803149607
1675,2023-07-28,22.151574803149607
1676,2023-07-29,20.473425196850396
1677,2023-07-30,21.14468503937008
1678,2023-07-31,21.815944881889763
1679,2023-08-01,23.031249999999996
1680,2023-08-02,22.343749999999996
1681,2023-08-03,21.65625
1682,2023-08-04,22.6875
1683,2023-08-05,21.312499999999996
1684,2023-08-06,21.65625
1685,2023-08-07,22.0
1686,2023-08-08,23.375
1687,2023-08-09,22.343749999999996
1688,2023-08-10,22.343749999999996
1689,2023-08-11,21.312499999999996
1690,2023-08-12,20.96875
1691,2023-08-13,20.624999999999996
1692,2023-08-14,22.0
1693,2023-08-15,23.031249999999996
1694,2023-08-16,23.71875
1695,2023-08-17,24.749999999999996
1696,2023-08-18,27.15625
1697,2023-08-19,20.28125
1698,2023-08-20,19.59375
1699,2023-08-21,22.343749999999996
1700,2023-08-22,22.343749999999996
1701,2023-08-23,21.312499999999996
1702,2023-08-24,21.312499999999996
1703,2023-08-25,21.312499999999996
1704,2023-08-25,21.312499999999996
1705,2023-08-26,19.937499999999996
1706,2023-08-27,19.937499999999996
1707,2023-08-28,21.312499999999996
1708,2023-08-29,22.6875
1709,2023-08-30,22.0
1710,2023-08-31,22.0
1711,2023-09-01,18.99179366940211
1712,2023-09-02,16.45955451348183
1713,2023-09-03,17.0926143024619
1714,2023-09-04,17.72567409144197
1715,2023-09-05,17.0926143024619
1716,2023-09-06,17.72567409144197
1717,2023-09-07,18.35873388042204
1718,2023-09-08,18.99179366940211
1719,2023-09-09,17.0926143024619
1720,2023-09-10,17.72567409144197
1721,2023-09-11,18.99179366940211
1722,2023-09-12,18.35873388042204
1723,2023-09-13,18.99179366940211
1724,2023-09-14,18.99179366940211
1725,2023-09-15,17.72567409144197
1726,2023-09-16,16.45955451348183
1727,2023-09-17,17.72567409144197
1728,2023-09-18,17.72567409144197
1729,2023-09-19,20.25791324736225
1730,2023-09-20,20.25791324736225
1731,2023-09-21,17.72567409144197
1732,2023-09-22,17.72567409144197
1733,2023-09-23,17.0926143024619
1734,2023-09-24,15.826494724501758
1735,2023-09-25,17.72567409144197
1736,2023-09-26,18.99179366940211
1737,2023-09-27,19.62485345838218
1738,2023-09-28,18.35873388042204
1739,2023-09-29,17.72567409144197
1740,2023-09-30,16.45955451348183
1741,2023-10-01,19.474358974358974
1742,2023-10-02,22.256410256410255
1743,2023-10-03,20.169871794871792
1744,2023-10-04,20.169871794871792
1745,2023-10-05,19.474358974358974
1746,2023-10-06,18.083333333333332
1747,2023-10-07,18.083333333333332
1748,2023-10-08,16.692307692307693
1749,2023-10-09,19.474358974358974
1750,2023-10-10,19.474358974358974
1751,2023-10-11,20.169871794871792
1752,2023-10-12,19.474358974358974
1753,2023-10-13,18.083333333333332
1754,2023-10-14,18.083333333333332
1755,2023-10-15,18.778846153846153
1756,2023-10-16,20.865384615384613
1757,2023-10-17,19.474358974358974
1758,2023-10-18,20.169871794871792
1759,2023-10-19,19.474358974358974
1760,2023-10-20,20.865384615384613
1761,2023-10-21,20.865384615384613
1762,2023-10-22,20.865384615384613
1763,2023-10-23,24.342948717948715
1764,2023-10-24,31.993589743589745
1765,2023-10-25,27.124999999999996
1766,2023-10-26,25.733974358974358
1767,2023-10-27,22.256410256410255
1768,2023-10-28,20.865384615384613
1769,2023-10-29,20.865384615384613
1770,2023-10-30,22.256410256410255
1771,2023-10-31,25.038461538461537
1772,2023-11-01,22.687986171132238
1773,2023-11-02,26.577355229040624
1774,2023-11-03,27.225583405358687
1775,2023-11-04,24.632670700086432
1776,2023-11-05,23.3362143474503
1777,2023-11-06,25.280898876404493
1778,2023-11-07,23.3362143474503
1779,2023-11-08,24.632670700086432
1780,2023-11-09,30.466724286949006
1781,2023-11-10,27.225583405358687
1782,2023-11-11,27.225583405358687
1783,2023-11-12,26.577355229040624
1784,2023-11-13,25.280898876404493
1785,2023-11-14,27.225583405358687
1786,2023-11-15,25.929127052722556
1787,2023-11-16,25.929127052722556
1788,2023-11-17,24.632670700086432
1789,2023-11-18,23.3362143474503
1790,2023-11-19,23.3362143474503
1791,2023-11-20,26.577355229040624
1792,2023-11-21,25.929127052722556
1793,2023-11-22,25.929127052722556
1794,2023-11-23,23.3362143474503
1795,2023-11-24,23.3362143474503
1796,2023-11-25,23.3362143474503
1797,2023-11-26,22.687986171132238
1798,2023-11-27,24.632670700086432
1799,2023-11-28,23.3362143474503
1800,2023-11-29,23.984442523768365
1801,2023-11-30,22.039757994814178
1802,2023-12-01,23.570427470217236
1803,2023-12-02,25.59074982480729
1804,2023-12-03,25.59074982480729
1805,2023-12-04,32.99859845830413
1806,2023-12-05,32.99859845830413
1807,2023-12-06,34.345480028030835
1808,2023-12-07,32.325157673440785
1809,2023-12-08,37.03924316748423
1810,2023-12-09,33.67203924316748
1811,2023-12-10,30.978276103714084
1812,2023-12-11,30.978276103714084
1813,2023-12-12,29.631394533987383
1814,2023-12-13,28.284512964260685
1815,2023-12-14,30.978276103714084
1816,2023-12-15,31.651716888577436
1817,2023-12-16,28.957953749124037
1818,2023-12-17,27.611072179397336
1819,2023-12-18,31.651716888577436
1820,2023-12-19,28.957953749124037
1821,2023-12-20,29.631394533987383
1822,2023-12-21,31.651716888577436
1823,2023-12-22,31.651716888577436
1824,2023-12-23,30.978276103714084
1825,2023-12-24,35.01892081289418
1826,2023-12-25,32.99859845830413
1827,2023-12-26,34.345480028030835
1828,2023-12-27,32.99859845830413
1829,2023-12-28,33.67203924316748
1830,2023-12-29,31.651716888577436
1831,2023-12-30,30.304835318850735
1832,2023-12-31,28.284512964260685
1833,2024-01-01,28.69565217391304
1834,2024-01-02,35.21739130434782
1835,2024-01-03,41.08695652173913
1836,2024-01-04,34.565217391304344
1837,2024-01-05,31.304347826086957
1838,2024-01-06,31.304347826086957
1839,2024-01-07,30.0
1840,2024-01-08,33.26086956521739
1841,2024-01-09,33.26086956521739
1842,2024-01-10,34.565217391304344
1843,2024-01-11,39.13043478260869
1844,2024-01-12,32.608695652173914
1845,2024-01-13,30.0
1846,2024-01-14,30.0
1847,2024-01-15,30.0
1848,2024-01-16,28.69565217391304
1849,2024-01-17,28.69565217391304
1850,2024-01-18,29.34782608695652
1851,2024-01-19,28.043478260869566
1852,2024-01-20,26.08695652173913
1853,2024-01-21,25.43478260869565
1854,2024-01-22,25.43478260869565
1855,2024-01-23,29.34782608695652
1856,2024-01-24,26.08695652173913
1857,2024-01-25,26.739130434782606
1858,2024-01-26,26.08695652173913
1859,2024-01-27,26.08695652173913
1860,2024-01-28,25.43478260869565
1861,2024-01-29,25.43478260869565
1862,2024-01-30,30.652173913043477
1863,2024-01-31,27.391304347826086
1864,2024-02-01,26.69026548672566
1865,2024-02-02,26.005899705014752
1866,2024-02-03,23.952802359882003
1867,2024-02-04,24.63716814159292
1868,2024-02-05,24.63716814159292
1869,2024-02-06,26.69026548672566
1870,2024-02-07,26.69026548672566
1871,2024-02-08,28.74336283185841
1872,2024-02-09,30.79646017699115
1873,2024-02-10,26.69026548672566
1874,2024-02-11,27.374631268436577
1875,2024-02-12,30.112094395280234
1876,2024-02-13,32.849557522123895
1877,2024-02-14,33.533923303834804
1878,2024-02-15,34.902654867256636
1879,2024-02-16,32.849557522123895
1880,2024-02-17,30.79646017699115
1881,2024-02-18,31.480825958702066
1882,2024-02-19,35.58702064896755
1883,2024-02-20,35.58702064896755
1884,2024-02-21,32.849557522123895
1885,2024-02-22,32.16519174041298
1886,2024-02-23,31.480825958702066
1887,2024-02-24,30.112094395280234
1888,2024-02-25,32.16519174041298
1889,2024-02-26,35.58702064896755
1890,2024-02-27,43.115044247787615
1891,2024-02-28,48.58997050147493
1892,2024-02-29,51.32743362831858
1893,2024-03-01,42.335717478766206
1894,2024-03-02,50.80286097451944
1895,2024-03-03,46.24362986142155
1896,2024-03-04,57.96736700938758
1897,2024-03-05,65.1318730442557
1898,2024-03-06,54.059454626732226
1899,2024-03-07,50.80286097451944
1900,2024-03-08,50.80286097451944
1901,2024-03-09,52.756817165847124
1902,2024-03-10,51.45417970496201
1903,2024-03-11,48.19758605274922
1904,2024-03-12,53.40813589628968
1905,2024-03-13,54.710773357174794
1906,2024-03-14,51.45417970496201
1907,2024-03-15,50.15154224407689
1908,2024-03-16,46.24362986142155
1909,2024-03-17,45.59231113097899
1910,2024-03-18,44.28967367009388
1911,2024-03-19,46.24362986142155
1912,2024-03-20,44.28967367009388
1913,2024-03-21,42.335717478766206
1914,2024-03-22,36.473848904783196
1915,2024-03-23,37.12516763522575
1916,2024-03-24,37.776486365668305
1917,2024-03-25,44.28967367009388
1918,2024-03-26,41.68439874832365
1919,2024-03-27,41.68439874832365
1920,2024-03-28,44.94099240053644
1921,2024-03-29,42.98703620920877
1922,2024-03-30,40.381761287438536
1923,2024-03-31,40.381761287438536
1924,2024-04-01,38.713291888691536
1925,2024-04-02,39.36944937833037
1926,2024-04-03,37.40097690941386
1927,2024-04-04,36.74481941977502
1928,2024-04-05,34.7763469508585
1929,2024-04-06,31.495559502664307
1930,2024-04-07,33.46403197158082
1931,2024-04-08,36.08866193013618
1932,2024-04-09,36.74481941977502
1933,2024-04-10,34.12018946121967
1934,2024-04-11,34.7763469508585
1935,2024-04-12,37.40097690941386
1936,2024-04-13,42.650236826524576
1937,2024-04-14,38.0571343990527
1938,2024-04-15,34.7763469508585
1939,2024-04-16,32.80787448194198
1940,2024-04-17,32.80787448194198
1941,2024-04-18,31.495559502664307
1942,2024-04-19,32.80787448194198
1943,2024-04-20,32.15171699230314
1944,2024-04-21,30.839402013025467
1945,2024-04-22,30.839402013025467
1946,2024-04-23,30.839402013025467
1947,2024-04-24,29.527087033747783
1948,2024-04-24,28.012877442273535
1949,2024-04-25,28.76998223801066
1950,2024-04-26,25.74156305506217
1951,2024-04-27,26.498667850799293
1952,2024-04-28,27.255772646536414
1953,2024-04-29,27.255772646536414
1954,2024-04-30,28.76998223801066
1955,2024-05-01,29.529095792300804
1956,2024-05-02,26.420769919427034
1957,2024-05-03,25.643688451208593
1958,2024-05-04,25.643688451208593
1959,2024-05-05,25.643688451208593
1960,2024-05-06,27.197851387645475
1961,2024-05-07,25.643688451208593
1962,2024-05-08,24.86660698299015
1963,2024-05-09,24.86660698299015
1964,2024-05-10,26.420769919427034
1965,2024-05-11,22.535362578334823
1966,2024-05-12,21.75828111011638
1967,2024-05-13,25.643688451208593
1968,2024-05-14,25.643688451208593
1969,2024-05-15,27.97493285586392
1970,2024-05-16,30.306177260519245
1971,2024-05-17,27.197851387645475
1972,2024-05-18,27.197851387645475
1973,2024-05-19,24.86660698299015
1974,2024-05-20,30.306177260519245
1975,2024-05-21,34.19158460161145
1976,2024-05-22,31.86034019695613
1977,2024-05-23,31.083258728737686
1978,2024-05-24,28.75201432408236
1979,2024-05-25,27.197851387645475
1980,2024-05-26,30.306177260519245
1981,2024-05-27,34.19158460161145
1982,2024-05-28,34.19158460161145
1983,2024-05-29,32.63742166517457
1984,2024-05-30,30.306177260519245
1985,2024-05-31,27.97493285586392
1986,2024-06-01,27.657572906867358
1987,2024-06-02,28.447789275634996
1988,2024-06-03,30.818438381937913
1989,2024-06-04,32.39887111947319
1990,2024-06-05,37.140169332079026
1991,2024-06-06,30.818438381937913
1992,2024-06-07,33.97930385700847
1993,2024-06-08,33.18908748824083
1994,2024-06-09,27.657572906867358
1995,2024-06-10,27.657572906867358
1996,2024-06-11,33.18908748824083
1997,2024-06-12,30.028222013170275
1998,2024-06-13,30.028222013170275
1999,2024-06-14,27.657572906867358
2000,2024-06-15,26.077140169332083
2001,2024-06-16,24.4967074317968
2002,2024-06-17,26.867356538099717
2003,2024-06-18,30.818438381937913
2004,2024-06-19,26.867356538099717
2005,2024-06-20,28.447789275634996
2006,2024-06-21,26.077140169332083
2007,2024-06-22,24.4967074317968
2008,2024-06-23,24.4967074317968
2009,2024-06-24,27.657572906867358
2010,2024-06-25,24.4967074317968
2011,2024-06-26,26.867356538099717
2012,2024-06-27,26.077140169332083
2013,2024-06-28,22.916274694261524
2014,2024-06-29,22.126058325493883
2015,2024-06-30,20.545625587958607
2016,2024-07-01,23.644067796610173
2017,2024-07-02,24.43220338983051
2018,2024-07-03,24.43220338983051
2019,2024-07-04,29.161016949152543
2020,2024-07-05,31.52542372881356
2021,2024-07-06,25.22033898305085
2022,2024-07-07,24.43220338983051
2023,2024-07-08,26.00847457627119
2024,2024-07-09,25.22033898305085
2025,2024-07-10,26.796610169491526
2026,2024-07-11,23.644067796610173
2027,2024-07-12,23.644067796610173
2028,2024-07-13,22.06779661016949
2029,2024-07-14,27.58474576271187
2030,2024-07-15,26.796610169491526
2031,2024-07-16,27.58474576271187
2032,2024-07-17,27.58474576271187
2033,2024-07-18,29.949152542372886
2034,2024-07-19,31.52542372881356
2035,2024-07-20,30.737288135593225
2036,2024-07-21,29.161016949152543
2037,2024-07-22,29.949152542372886
2038,2024-07-23,27.58474576271187
2039,2024-07-24,27.58474576271187
2040,2024-07-25,29.949152542372886
2041,2024-07-26,26.796610169491526
2042,2024-07-27,28.372881355932208
2043,2024-07-28,27.58474576271187
2044,2024-07-29,26.796610169491526
2045,2024-07-30,26.00847457627119
2046,2024-07-31,25.22033898305085
2047,2024-08-01,24.911266201395808
2048,2024-08-02,24.911266201395808
2049,2024-08-03,25.7148554336989
2050,2024-08-04,24.911266201395808
2051,2024-08-05,45.80458624127617
2052,2024-08-06,29.732801595214355
2053,2024-08-07,27.32203389830508
2054,2024-08-08,26.518444666001994
2055,2024-08-09,25.7148554336989
2056,2024-08-10,22.500498504486536
2057,2024-08-11,24.911266201395808
2058,2024-08-12,24.911266201395808
2059,2024-08-13,26.518444666001994
2060,2024-08-14,25.7148554336989
2061,2024-08-15,24.911266201395808
2062,2024-08-16,24.107676969092722
2063,2024-08-17,23.30408773678963
2064,2024-08-18,23.30408773678963
2065,2024-08-19,24.911266201395808
2066,2024-08-20,26.518444666001994
2067,2024-08-21,25.7148554336989
2068,2024-08-22,23.30408773678963
2069,2024-08-23,26.518444666001994
2070,2024-08-24,24.107676969092722
2071,2024-08-25,24.911266201395808
2072,2024-08-26,27.32203389830508
2073,2024-08-27,26.518444666001994
2074,2024-08-28,26.518444666001994
2075,2024-08-29,25.7148554336989
2076,2024-08-30,24.911266201395808
2077,2024-08-31,23.30408773678963
2078,2024-09-01,22.388059701492537
2079,2024-09-02,23.987206823027723
2080,2024-09-03,24.78678038379531
2081,2024-09-04,24.78678038379531
2082,2024-09-05,22.388059701492537
2083,2024-09-06,25.5863539445629
2084,2024-09-07,22.388059701492537
2085,2024-09-08,21.58848614072495
2086,2024-09-09,23.187633262260128
2087,2024-09-10,23.187633262260128
2088,2024-09-11,22.388059701492537
2089,2024-09-12,23.187633262260128
2090,2024-09-13,23.987206823027723
2091,2024-09-14,23.987206823027723
2092,2024-09-15,22.388059701492537
2093,2024-09-16,23.187633262260128
2094,2024-09-17,25.5863539445629
2095,2024-09-18,25.5863539445629
2096,2024-09-19,26.385927505330493
2097,2024-09-20,25.5863539445629
2098,2024-09-21,24.78678038379531
2099,2024-09-22,25.5863539445629
2100,2024-09-23,27.18550106609808
2101,2024-09-24,30.383795309168445
2102,2024-09-25,27.985074626865675
2103,2024-09-26,30.383795309168445
2104,2024-09-27,29.584221748400854
2105,2024-09-28,25.5863539445629
2106,2024-09-29,25.5863539445629
2107,2024-09-30,26.385927505330493
2108,2024-10-01,26.99795081967213
2109,2024-10-02,24.61577868852459
2110,2024-10-03,24.61577868852459
2111,2024-10-04,24.61577868852459
2112,2024-10-05,22.233606557377048
2113,2024-10-06,22.233606557377048
2114,2024-10-07,25.40983606557377
2115,2024-10-08,24.61577868852459
2116,2024-10-09,24.61577868852459
2117,2024-10-10,23.02766393442623
2118,2024-10-11,23.82172131147541
2119,2024-10-12,23.82172131147541
2120,2024-10-13,23.82172131147541
2121,2024-10-14,26.203893442622952
2122,2024-10-15,26.99795081967213
2123,2024-10-16,26.99795081967213
2124,2024-10-17,25.40983606557377
2125,2024-10-18,25.40983606557377
2126,2024-10-19,24.61577868852459
2127,2024-10-20,24.61577868852459
2128,2024-10-21,26.203893442622952
2129,2024-10-22,26.203893442622952
2130,2024-10-23,25.40983606557377
2131,2024-10-24,25.40983606557377
2132,2024-10-25,25.40983606557377
2133,2024-10-26,22.233606557377048
2134,2024-10-27,23.02766393442623
2135,2024-10-28,23.82172131147541
2136,2024-10-29,29.380122950819672
2137,2024-10-30,26.99795081967213
2138,2024-10-31,26.203893442622952
2139,2024-11-01,24.271113501882734
2140,2024-11-02,22.754168908015064
2141,2024-11-03,23.512641204948896
2142,2024-11-04,27.305002689618075
2143,2024-11-05,24.271113501882734
2144,2024-11-06,41.71597633136095
2145,2024-11-07,35.64819795589026
2146,2024-11-08,34.88972565895643
2147,2024-11-09,34.88972565895643
2148,2024-11-10,51.5761161915008
2149,2024-11-11,57.64389456697149
2150,2024-11-12,66.74556213017752
2151,2024-11-13,59.16083916083917
2152,2024-11-14,57.64389456697149
2153,2024-11-15,48.54222700376547
2154,2024-11-16,52.33458848843464
2155,2024-11-17,48.54222700376547
2156,2024-11-18,50.81764389456697
2157,2024-11-19,47.78375470683163
2158,2024-11-20,49.3006993006993
2159,2024-11-21,58.40236686390533
2160,2024-11-22,61.43625605164067
2161,2024-11-23,65.98708983324367
2162,2024-11-24,59.16083916083917
2163,2024-11-25,54.61000537923615
2164,2024-11-26,50.05917159763314
2165,2024-11-27,49.3006993006993
2166,2024-11-28,47.02528240989779
2167,2024-11-29,49.3006993006993
2168,2024-11-30,55.36847767616998
2169,2024-12-01,60.09654519640322
2170,2024-12-02,73.90250828206342
2171,2024-12-03,73.90250828206342
2172,2024-12-04,69.84193090392806
2173,2024-12-05,81.21154756270705
2174,2024-12-06,72.27827733080929
2175,2024-12-07,72.27827733080929
2176,2024-12-08,68.21769995267393
2177,2024-12-09,69.02981542830099
2178,2024-12-10,66.59346900141979
2179,2024-12-11,60.09654519640322
2180,2024-12-12,58.472314245149086
2181,2024-12-13,52.78750591575959
2182,2024-12-14,51.975390440132514
2183,2024-12-15,47.914813061997165
2184,2024-12-16,53.59962139138666
2185,2024-12-17,56.84808329389494
2186,2024-12-18,52.78750591575959
2187,2024-12-19,56.03596781826786
2188,2024-12-20,60.09654519640322
2189,2024-12-21,47.914813061997165
2190,2024-12-22,44.66635115948888
2191,2024-12-23,43.04212020823474
2192,2024-12-23,40.83483199242783
2193,2024-12-24,43.04212020823474
2194,2024-12-25,40.83483199242783
2195,2024-12-26,40.83483199242783
2196,2024-12-27,40.83483199242783
2197,2024-12-28,40.83483199242783
2198,2024-12-29,41.93847610033128
2199,2024-12-30,39.731187884524374
2200,2024-12-31,37.52389966871747
2201,2025-01-01,41.001338688085674
2202,2025-01-02,44.238286479250334
2203,2025-01-03,43.15930388219545
2204,2025-01-04,43.15930388219545
2205,2025-01-05,41.001338688085674
2206,2025-01-06,44.238286479250334
2207,2025-01-07,46.39625167336011
2208,2025-01-08,41.001338688085674
2209,2025-01-09,39.922356091030785
2210,2025-01-10,37.76439089692102
2211,2025-01-11,36.68540829986613
2212,2025-01-12,36.68540829986613
2213,2025-01-13,38.8433734939759
2214,2025-01-14,39.922356091030785
2215,2025-01-15,45.31726907630522
2216,2025-01-16,51.79116465863454
2217,2025-01-17,52.870147255689425
2218,2025-01-18,67.97590361445783
2219,2025-01-19,105.74029451137885
2220,2025-01-20,107.89825970548863
2221,2025-01-21,77.6867469879518
2222,2025-01-22,65.81793842034806
2223,2025-01-23,64.73895582329317
2224,2025-01-24,61.50200803212852
2225,2025-01-25,50.712182061579654
2226,2025-01-26,51.79116465863454
2227,2025-01-27,59.34404283801874
2228,2025-01-28,50.712182061579654
2229,2025-01-29,44.238286479250334
2230,2025-01-30,42.08032128514056
2231,2025-01-31,37.76439089692102
2232,2025-02-01,41.70554493307839
2233,2025-02-02,51.58317399617591
2234,2025-02-03,70.24091778202677
2235,2025-02-04,46.09560229445507
2236,2025-02-05,40.608030592734224
2237,2025-02-06,39.510516252390055
2238,2025-02-07,38.41300191204589
2239,2025-02-08,37.31548757170172
2240,2025-02-09,36.217973231357554
2241,2025-02-10,34.022944550669216
2242,2025-02-11,35.120458891013385
2243,2025-02-12,37.31548757170172
2244,2025-02-13,35.120458891013385
2245,2025-02-14,36.217973231357554
2246,2025-02-15,39.510516252390055
2247,2025-02-16,40.608030592734224
2248,2025-02-17,42.80305927342256
2249,2025-02-18,41.70554493307839
2250,2025-02-19,36.217973231357554
2251,2025-02-20,42.80305927342256
2252,2025-02-21,40.608030592734224
2253,2025-02-22,38.41300191204589
2254,2025-02-23,35.120458891013385
2255,2025-02-24,39.510516252390055
2256,2025-02-25,48.2906309751434
2257,2025-02-26,39.510516252390055
2258,2025-02-27,39.510516252390055
2259,2025-02-28,43.90057361376673
2260,2025-03-01,202.7020764376885
