date,weighted_average_sentiment
2019-01-01,0.8687619678864505
2019-01-02,0.6705926477639544
2019-01-03,0.7960044490761933
2019-01-04,0.9381731753031706
2019-01-05,0.76724229376908
2019-01-06,0.43567020290320085
2019-01-07,0.9262019519560553
2019-01-08,0.93368952467591
2019-01-09,0.8278503451989997
2019-01-10,0.9018760742050824
2019-01-11,0.5732722056293449
2019-01-12,0.7107505295463702
2019-01-13,0.7532731156828189
2019-01-14,0.795705475284404
2019-01-15,0.608999462846764
2019-01-16,0.6855560330379478
2019-01-17,0.8714348093882657
2019-01-18,0.8988522419145369
2019-01-19,0.9898374402942133
2019-01-20,0.1727954788694147
2019-01-21,0.6740351377179883
2019-01-22,0.8055756171056013
2019-01-23,0.6785452661425323
2019-01-24,0.6889791594050573
2019-01-25,0.4863168874789045
2019-01-26,0.9999917734997359
2019-01-27,0.9961810281443348
2019-01-28,0.3536115695782478
2019-01-29,0.3810558238265422
2019-01-30,0.7552128617097843
2019-01-31,0.6843240959585235
2019-02-01,0.8955001064669178
2019-02-02,0.5609978882427782
2019-02-03,0.5316779979149295
2019-02-04,0.6870551830431464
2019-02-05,0.5478833128475062
2019-02-06,0.7213276531105952
2019-02-07,0.9323790704872758
2019-02-08,0.5563305941259009
2019-02-09,0.7711357925536241
2019-02-10,0.9978353827023736
2019-02-11,0.8352477714775847
2019-02-12,0.6679992598506166
2019-02-13,0.6236180709098417
2019-02-14,0.9383586449240128
2019-02-15,0.7919986885858377
2019-02-16,-0.11779873035602433
2019-02-17,0.6263623253442967
2019-02-18,0.7466199645504876
2019-02-19,0.9412097559959246
2019-02-20,0.6494042950876253
2019-02-21,0.9971835712047712
2019-02-22,0.6884631128080272
2019-02-23,0.8938823752134322
2019-02-24,0.7678764591818166
2019-02-25,0.8609179850514748
2019-02-26,0.8038082350185975
2019-02-27,0.6526230179098951
2019-02-28,0.8728358593248806
2019-03-01,0.7395269895053056
2019-03-02,0.9998519152139723
2019-03-03,0.5479853571315586
2019-03-04,0.6472902486143635
2019-03-05,0.7924383614852228
2019-03-06,0.8552909053140229
2019-03-07,0.6741833851910111
2019-03-08,0.46033536756001536
2019-03-09,0.48398412173746397
2019-03-10,0.9753379295999475
2019-03-11,0.9983687624284531
2019-03-12,0.8476192689509622
2019-03-13,0.8058269382368841
2019-03-14,0.7981056988291305
2019-03-15,0.9348333241486573
2019-03-16,0.9994767177719318
2019-03-17,0.999847826098357
2019-03-18,0.8380968538737349
2019-03-19,0.6058565168879368
2019-03-20,0.8944527809847832
2019-03-21,0.7766152916439536
2019-03-22,0.9974874118310453
2019-03-23,0.9998640741734564
2019-03-24,0.9782527289232141
2019-03-25,0.9971313712798026
2019-03-26,0.9044548450278274
2019-03-27,0.9920380126982362
2019-03-28,0.18600286580872274
2019-03-29,0.6533087371442935
2019-03-30,0.6752183488393865
2019-03-31,0.8363757855137331
2019-04-01,0.8108659240413327
2019-04-02,0.4848394728251798
2019-04-03,0.6603209312282189
2019-04-04,0.7116283802877857
2019-04-05,0.741639903988313
2019-04-06,0.5655755585193379
2019-04-07,0.9991849444090428
2019-04-08,0.9633448452515205
2019-04-09,0.698362883511514
2019-04-10,0.9275587873173894
2019-04-11,0.736376991850374
2019-04-12,0.7464221944281432
2019-04-13,0.9582432985327153
2019-04-14,0.9933916807120825
2019-04-15,0.684806179858883
2019-04-16,0.8874164986621332
2019-04-17,0.32858545971654307
2019-04-18,0.6062409000639656
2019-04-19,0.6524923501714947
2019-04-20,0.3192645353177047
2019-04-21,0.7425667411141048
2019-04-22,0.9994944407627616
2019-04-23,0.3962098974918633
2019-04-24,0.8545439504206216
2019-04-25,0.7956507161227151
2019-04-26,0.6432718683961577
2019-04-27,0.02206240581702791
2019-04-28,0.9998153070925275
2019-04-29,0.828526084760162
2019-04-30,0.6250606340588466
2019-05-01,0.8836494920108464
2019-05-02,0.995027141181173
2019-05-03,0.8832301419313994
2019-05-04,0.9978504813058011
2019-05-05,0.7547822865274308
2019-05-06,0.9005895867399278
2019-05-07,0.7778720701808907
2019-05-08,0.6508138917507903
2019-05-09,0.7891304134006766
2019-05-10,0.7877499689895892
2019-05-11,0.865345880723709
2019-05-12,0.6921770503344471
2019-05-13,0.8001207126763016
2019-05-14,0.6947217901573488
2019-05-15,0.8282521947911243
2019-05-16,0.5703672754340601
2019-05-17,0.7285497218880511
2019-05-18,0.7073524127205114
2019-05-19,0.700437975201299
2019-05-20,0.7473749769369702
2019-05-21,0.7924635320683616
2019-05-22,0.8090572965113769
2019-05-23,0.510763905793456
2019-05-24,0.7583375742573822
2019-05-25,0.9999259302521947
2019-05-26,0.738255072808443
2019-05-27,0.8518430294864189
2019-05-28,0.7557794059514037
2019-05-29,0.5343358128771274
2019-05-30,0.6794735312104018
2019-05-31,0.5623899765315015
2019-06-01,0.7974907023193254
2019-06-02,0.9998323491081267
2019-06-03,0.8438671889017908
2019-06-04,0.7696587015791603
2019-06-05,0.7124826162302114
2019-06-06,0.9334798188720934
2019-06-07,0.9221818273722595
2019-06-08,0.9999861521624501
2019-06-09,0.7708171728908525
2019-06-10,0.8546465059573947
2019-06-11,0.7739114558457667
2019-06-12,0.7904745198719835
2019-06-13,0.9501626704673327
2019-06-14,0.6508961751141857
2019-06-15,0.25735628283223844
2019-06-16,0.5345836042462822
2019-06-17,0.9108417146241606
2019-06-18,0.9293249923769659
2019-06-19,0.9513149609611588
2019-06-20,0.6982194127305191
2019-06-21,0.8641298370395041
2019-06-22,0.5180045215309441
2019-06-23,0.46554504298399485
2019-06-24,0.7424972867471283
2019-06-25,0.6153886761408991
2019-06-26,0.6257674259862411
2019-06-27,0.5078362507902862
2019-06-28,0.6045573554278012
2019-06-29,0.3195515923933214
2019-06-30,0.759340241840939
2019-07-01,0.7531559147025988
2019-07-02,0.4911958732822617
2019-07-03,0.6320869947820789
2019-07-04,0.8269349674816416
2019-07-05,0.9998216962363543
2019-07-06,0.6524121012848451
2019-07-07,0.7610255785360419
2019-07-08,0.9212625715793743
2019-07-09,0.9991183263514355
2019-07-10,0.431772320042105
2019-07-11,0.6209591026000829
2019-07-12,0.7689167701058109
2019-07-13,0.9942214438177119
2019-07-14,0.26087202728998876
2019-07-15,0.594524469804532
2019-07-16,0.4129769369710759
2019-07-17,0.9554045726787517
2019-07-18,0.6332199206294831
2019-07-19,0.5224800204216346
2019-07-20,-0.4440839598233776
2019-07-21,0.9999911244944433
2019-07-22,0.9944151751809223
2019-07-23,0.9105907054553126
2019-07-24,0.2689514187868873
2019-07-25,0.6965305097504247
2019-07-26,0.9058528863198535
2019-07-27,0.8859507850121653
2019-07-28,0.6282073581721747
2019-07-29,0.37328507884705847
2019-07-30,0.9224094014089971
2019-07-31,0.8893788210398023
2019-08-01,0.6501767012660551
2019-08-02,0.7124752503139345
2019-08-03,0.715257252629703
2019-08-04,-0.22159148910188026
2019-08-05,0.7358743702243151
2019-08-06,0.8649939924787919
2019-08-07,0.9921654425600092
2019-08-08,0.5907780933160235
2019-08-09,0.8608664637845143
2019-08-10,0.3974425983312102
2019-08-11,0.10391091590131085
2019-08-12,0.8376466191352362
2019-08-13,0.7798521524372558
2019-08-14,0.7667479601997209
2019-08-15,0.8528304551065619
2019-08-16,0.6232142744932885
2019-08-17,0.9946127090491498
2019-08-18,0.6382301351791771
2019-08-19,0.8073789873629346
2019-08-20,0.9837369929193943
2019-08-21,0.8894316229831603
2019-08-22,0.7349656134252862
2019-08-23,0.4965441924101006
2019-08-24,0.8849890265965263
2019-08-25,0.5787347005124943
2019-08-26,0.708014620842586
2019-08-27,0.7984249837672129
2019-08-28,0.4177944325153385
2019-08-29,0.7590240208687297
2019-08-30,0.6682279314181361
2019-08-31,0.9114837827309696
2019-09-01,0.998613620776441
2019-09-02,0.7262847442096934
2019-09-03,0.8294611331429599
2019-09-04,0.8332133609325554
2019-09-05,0.9271605301901137
2019-09-06,0.8287168022063062
2019-09-07,0.203309002928278
2019-09-08,0.9998538857046867
2019-09-09,0.4857155212757508
2019-09-10,0.8946253069371266
2019-09-11,0.2515796411412758
2019-09-12,0.49666084913298575
2019-09-13,0.787389156965152
2019-09-14,0.6789998861245257
2019-09-15,0.5638395629868236
2019-09-16,0.6510597937118497
2019-09-17,0.9439823178108837
2019-09-18,0.7097829225508273
2019-09-19,0.7385601819692088
2019-09-20,0.7684504431421312
2019-09-21,0.5291714335374027
2019-09-22,0.9997254537428588
2019-09-23,0.6259693486291615
2019-09-24,0.3582316877714126
2019-09-25,0.7504977252580614
2019-09-26,0.2950617489613216
2019-09-27,0.42521841888745654
2019-09-28,0.9712930521339203
2019-09-29,0.89187267429794
2019-09-30,0.8548122798343457
2019-10-01,0.6706711646476051
2019-10-02,0.6359779895803194
2019-10-03,0.7990157959996897
2019-10-04,0.912295867136685
2019-10-05,0.4588410630635122
2019-10-06,0.9967210812494064
2019-10-07,0.578204006894573
2019-10-08,0.5091976243550197
2019-10-09,0.7303726685262059
2019-10-10,0.5945804317470392
2019-10-11,0.6762648069111994
2019-10-12,0.8326103941884607
2019-10-13,0.7243810521001296
2019-10-14,0.5008938100526804
2019-10-15,0.7481193116269927
2019-10-16,0.5796805078859004
2019-10-17,0.5873416582826418
2019-10-18,0.2762640128863757
2019-10-19,0.9995900282121385
2019-10-20,0.7983619989769101
2019-10-21,0.8149136036267284
2019-10-22,0.7474968057091638
2019-10-23,0.8303800250135973
2019-10-24,0.7574007098382736
2019-10-25,0.7440550969157099
2019-10-26,0.3437369946968922
2019-10-27,0.7221007530717911
2019-10-28,0.6754683660106067
2019-10-29,0.4907705702413946
2019-10-30,0.88559763864302
2019-10-31,0.8253432853973737
2019-11-01,0.710876444815454
2019-11-02,0.9877666960944738
2019-11-03,0.8967538880555207
2019-11-04,0.7293797072576124
2019-11-05,0.584096287500017
2019-11-06,0.7105584903726306
2019-11-07,0.4531101701095457
2019-11-08,0.7408782380182636
2019-11-09,0.9997696857787792
2019-11-10,0.5396489768768613
2019-11-11,0.49933336911978377
2019-11-12,0.6228983856216901
2019-11-13,0.7302418557100846
2019-11-14,0.7814934459795804
2019-11-15,0.42536693047019025
2019-11-16,0.6666091004339681
2019-11-17,0.6821738844501798
2019-11-18,0.4874233686067079
2019-11-19,0.997258981763714
2019-11-20,0.7035331213440907
2019-11-21,0.5133590370123426
2019-11-22,0.7063800856998484
2019-11-23,0.4510908166124505
2019-11-24,0.7745170263004895
2019-11-25,0.4982155063740249
2019-11-26,0.6960308831580035
2019-11-27,0.817312503574313
2019-11-28,0.7854478946784917
2019-11-29,0.7735213158141323
2019-11-30,0.9925222803561851
2019-12-01,0.8293858651982711
2019-12-02,0.7540213513030704
2019-12-03,0.8759126470785917
2019-12-04,0.5657818332592272
2019-12-05,0.8718112176959801
2019-12-06,0.7974113904112905
2019-12-07,0.5878395377877766
2019-12-08,0.9994348654680859
2019-12-09,0.8218665674802362
2019-12-10,0.6826608006261586
2019-12-11,0.805007088144341
2019-12-12,0.705560287443985
2019-12-13,0.6216232777589462
2019-12-14,0.998610241825348
2019-12-15,0.7833481475266817
2019-12-16,0.6545600156759566
2019-12-17,0.9655754387007452
2019-12-18,0.664348587381014
2019-12-19,0.9342717434538375
2019-12-20,0.7404258289094799
2019-12-21,0.7714300558150139
2019-12-22,0.5217313996352252
2019-12-23,0.4521180947389679
2019-12-24,0.6942921034744409
2019-12-25,0.9888911011931484
2019-12-26,0.9901533968798929
2019-12-27,0.7564446759340907
2019-12-28,0.311919418707169
2019-12-29,0.262069594459637
2019-12-30,0.3584070730544694
2019-12-31,0.7802282449415202
2020-01-01,0.7108060446751681
2020-01-02,0.654468501773349
2020-01-03,0.9109356415841477
2020-01-04,0.9992981100338509
2020-01-05,0.9999558406583977
2020-01-06,0.2939416310339956
2020-01-07,0.6446798282655426
2020-01-08,0.9985508220439018
2020-01-09,0.6684888411964898
2020-01-10,0.7695704887152902
2020-01-11,0.587107794524684
2020-01-12,0.9998100950783068
2020-01-13,0.9530390835670405
2020-01-14,0.7955652173992693
2020-01-15,0.8696380562291117
2020-01-16,0.7402984066998085
2020-01-17,0.8258742952915333
2020-01-18,0.601205082060431
2020-01-19,0.3480426593258356
2020-01-20,0.8010291798447574
2020-01-21,0.4742010714733067
2020-01-22,0.576162953078583
2020-01-23,0.9277353029478639
2020-01-24,0.4768884248703442
2020-01-25,0.6605220308297696
2020-01-26,0.3800196398807922
2020-01-27,0.7688573627617268
2020-01-28,0.4112272541701632
2020-01-29,0.7317708917384278
2020-01-30,0.6624581144159235
2020-01-31,0.8196699184950975
2020-02-01,0.8527526350271745
2020-02-02,0.9987399977411995
2020-02-03,0.6200205409009052
2020-02-04,0.843116854531325
2020-02-05,0.9154673977841263
2020-02-06,0.6152387539942487
2020-02-07,0.7177002723125898
2020-02-08,0.9509272978339266
2020-02-09,0.4701627927418791
2020-02-10,0.7006029754891339
2020-02-11,0.5753947362243361
2020-02-12,0.7872342457182145
2020-02-13,0.5796662069779426
2020-02-14,0.7368727165793226
2020-02-15,0.6836477732666155
2020-02-16,0.6621125554785605
2020-02-17,0.7336704611047026
2020-02-18,0.5762226059207075
2020-02-19,0.9245599247712487
2020-02-20,0.6920900423954928
2020-02-21,0.6347450062727391
2020-02-22,0.5409235756327504
2020-02-23,0.7676559824605484
2020-02-24,0.8157595781049708
2020-02-25,0.7495576209895509
2020-02-26,0.6633135738921841
2020-02-27,0.7854583902525789
2020-02-28,0.8320417641071586
2020-02-29,0.7566686688692281
2020-03-01,0.9976190392710779
2020-03-02,0.3310344596058445
2020-03-03,0.7724427721315433
2020-03-04,0.7971268481392146
2020-03-05,0.8227271528665336
2020-03-06,0.4329325438840676
2020-03-07,0.766949075779881
2020-03-08,0.9469177905504552
2020-03-09,0.5869435232144926
2020-03-10,0.7735592385820826
2020-03-11,0.6433737707447523
2020-03-12,0.39374398345922956
2020-03-13,0.47074356523003846
2020-03-14,0.9719919901199001
2020-03-15,0.45724070880092327
2020-03-16,0.7501515536490023
2020-03-17,0.9403801623520374
2020-03-18,0.6379157647387608
2020-03-19,0.4561577273629135
2020-03-20,0.6646074086001451
2020-03-21,0.35339815470934766
2020-03-22,0.9953671248612882
2020-03-23,0.8733838750628924
2020-03-24,0.8123095310444556
2020-03-25,0.5305455227504856
2020-03-26,0.6448558437365193
2020-03-27,0.8819269621836974
2020-03-28,0.8552821423319018
2020-03-29,0.5256186278400807
2020-03-30,0.8842578153491629
2020-03-31,0.6233269303528222
2020-04-01,0.888272609326021
2020-04-02,0.9186076073979219
2020-04-03,0.49712820428101717
2020-04-04,0.11344975793449028
2020-04-05,0.8234016736304398
2020-04-06,0.8508595429839737
2020-04-07,0.5912136814753567
2020-04-08,0.9040419182560634
2020-04-09,0.7374844893322314
2020-04-10,0.830628821895034
2020-04-11,0.865354574358882
2020-04-12,0.9627678307604284
2020-04-13,0.41489683209835
2020-04-14,0.39017977347269805
2020-04-15,0.7648529537644858
2020-04-16,0.7756612801784323
2020-04-17,0.8293041936538439
2020-04-18,0.8776265684796657
2020-04-19,0.5107475096181948
2020-04-20,0.8603964915855676
2020-04-21,0.4158535226854321
2020-04-22,0.43371312108374804
2020-04-23,0.8963167786984776
2020-04-24,0.7766695685892868
2020-04-25,0.7081081644487855
2020-04-26,0.7279300310464719
2020-04-27,0.7308806712566832
2020-04-28,0.8082862649979305
2020-04-29,0.7212658626523081
2020-04-30,0.4699348311379266
2020-05-01,0.7838246652072475
2020-05-02,0.017698685779177735
2020-05-03,0.9998210236040966
2020-05-04,0.6244078945425355
2020-05-05,0.7128801687931998
2020-05-06,0.7326990316002614
2020-05-07,0.7068959446673415
2020-05-08,0.6122463712512881
2020-05-09,0.8017022011590558
2020-05-10,0.5375696894279477
2020-05-11,0.5397058156720216
2020-05-12,0.7040210948691668
2020-05-13,0.7799716793182592
2020-05-14,0.9993544499835282
2020-05-15,0.6732935539716406
2020-05-16,0.8495555973389209
2020-05-17,0.9988390338807167
2020-05-18,0.9015269478755853
2020-05-19,0.5233662757460928
2020-05-20,0.5397161814928011
2020-05-21,0.683352883548454
2020-05-22,0.7824400534552132
2020-05-23,0.9804276820279656
2020-05-24,0.6641580733165849
2020-05-25,0.6565667766154922
2020-05-26,0.41636909424692464
2020-05-27,0.8578572352415464
2020-05-28,0.9110315914559374
2020-05-29,0.9957486923525452
2020-05-30,0.8377750645905917
2020-05-31,0.876450049710127
2020-06-01,0.7659470536808249
2020-06-02,0.7129057912772839
2020-06-03,0.7416531804503131
2020-06-04,0.8407904897340922
2020-06-05,0.7542720241217498
2020-06-06,-0.0006450258545668535
2020-06-07,-0.07632726528147447
2020-06-08,0.9222609744485216
2020-06-09,0.7843477812031886
2020-06-10,0.8654855605960546
2020-06-11,0.7759957515031303
2020-06-12,0.5061446310345642
2020-06-13,0.30788565281178076
2020-06-14,0.7356766871609112
2020-06-15,0.5855021518787126
2020-06-16,0.6876951938821242
2020-06-17,0.8095275807550875
2020-06-18,0.7999704282802979
2020-06-19,0.8959568533677883
2020-06-20,0.6378241986092691
2020-06-21,0.6103725125759086
2020-06-22,0.5674832724996556
2020-06-23,0.8393248066080027
2020-06-24,0.4294526161800212
2020-06-25,0.5271737367121355
2020-06-26,0.9286288183819549
2020-06-27,0.8583074996613058
2020-06-28,0.6653132730812342
2020-06-29,0.8363561918561752
2020-06-30,0.5047688407639613
2020-07-01,0.48979910259010156
2020-07-02,0.9393190232604148
2020-07-03,0.9533605046658653
2020-07-04,0.9979574853722458
2020-07-05,0.940095294112623
2020-07-06,0.5383688697102056
2020-07-07,0.8994995001357796
2020-07-08,0.7078782460581076
2020-07-09,0.4373174143983192
2020-07-10,0.8937889833539607
2020-07-11,0.30238231348527067
2020-07-12,0.8659424747705049
2020-07-13,0.7469489379067954
2020-07-14,0.9940832065203629
2020-07-15,0.8415020931274135
2020-07-16,0.7870220092648211
2020-07-17,0.6211507769448189
2020-07-18,0.4750571736015537
2020-07-19,0.940742351932198
2020-07-20,0.9900102988379903
2020-07-21,0.7926163488987666
2020-07-22,0.5341645930107176
2020-07-23,0.7846536437879602
2020-07-24,0.7805724561367635
2020-07-25,0.8273634434564406
2020-07-26,0.7106373086276364
2020-07-27,0.7138829313553985
2020-07-28,0.8879060069625212
2020-07-29,0.7295257566305654
2020-07-30,0.6501901010608572
2020-07-31,0.8281587033539551
2020-08-01,0.8589862775670961
2020-08-02,0.7877146673119265
2020-08-03,0.8665773040203685
2020-08-04,0.8480198661999178
2020-08-05,0.8819860509790377
2020-08-06,0.5750164811034595
2020-08-07,0.6736215889257444
2020-08-08,0.5604577449653728
2020-08-09,0.852079322022921
2020-08-10,0.9184833220072669
2020-08-11,0.6769320414784042
2020-08-12,0.899137603757711
2020-08-13,0.6947164352640564
2020-08-14,0.9097331410488598
2020-08-15,0.9985252747166369
2020-08-16,0.6969493268923871
2020-08-17,0.796585267172193
2020-08-18,0.9864913686811272
2020-08-19,0.911866277418948
2020-08-20,0.7996009516385624
2020-08-21,0.8270448585007262
2020-08-22,0.8066601634355379
2020-08-23,0.7391089663201582
2020-08-24,0.9147239333726281
2020-08-25,0.8382060708544893
2020-08-26,0.8183309995071127
2020-08-27,0.9189130917684881
2020-08-28,0.8026006991494025
2020-08-29,0.8368488222013586
2020-08-30,-0.26627454184816
2020-08-31,0.7481697163090393
2020-09-01,0.8943453864070018
2020-09-02,0.837099503927226
2020-09-03,0.40379148404039417
2020-09-04,0.9514468336408125
2020-09-05,-0.4360090672734874
2020-09-07,0.7970300284778169
2020-09-08,0.5500978278389068
2020-09-09,0.6241486002815103
2020-09-10,0.4317905521708882
2020-09-11,0.8196703098380348
2020-09-12,0.9681198171709134
2020-09-13,0.9939238861075959
2020-09-14,0.8015562285951878
2020-09-15,0.6976992082738798
2020-09-16,0.8818188157630266
2020-09-17,0.54044840084184
2020-09-18,0.5156177933314969
2020-09-19,0.4828221795038865
2020-09-20,0.920100201847578
2020-09-21,0.9882179462463649
2020-09-22,0.8810304391466708
2020-09-23,0.9115028478213494
2020-09-24,0.99283260537936
2020-09-25,0.5123109475924278
2020-09-26,0.6127258807825084
2020-09-27,0.8084564072526917
2020-09-28,0.6925454941234415
2020-09-29,0.8613739224557023
2020-09-30,0.6283638392377231
2020-10-01,0.7281120986714038
2020-10-02,0.865955199773333
2020-10-03,0.8045390748711949
2020-10-04,0.4247077111554562
2020-10-05,0.6239716597790775
2020-10-06,0.6384436069890399
2020-10-07,0.6926695212839494
2020-10-08,0.8419960305459712
2020-10-09,0.578475333400651
2020-10-10,0.8965146047507815
2020-10-11,0.9997771699855016
2020-10-12,0.6324174726729639
2020-10-13,0.7081867718114077
2020-10-14,0.8461426070961215
2020-10-15,0.6392763178647501
2020-10-16,0.44990445891650394
2020-10-17,0.025744131688515796
2020-10-18,0.4766732474341091
2020-10-19,0.9073734810886991
2020-10-20,0.7510731565493618
2020-10-21,0.7949724712574959
2020-10-22,0.8645130955067897
2020-10-23,0.7517436498513912
2020-10-24,0.21692253854149254
2020-10-25,0.9874898717090376
2020-10-26,0.8198852336150693
2020-10-27,0.8373646025724778
2020-10-28,0.8007393439469783
2020-10-29,0.6503031773227712
2020-10-30,0.6807980093950405
2020-10-31,0.9472660825451441
2020-11-01,0.9278996803806534
2020-11-02,0.523885122917797
2020-11-03,0.7244319238820938
2020-11-04,0.7505000249712781
2020-11-05,0.7716101876549988
2020-11-06,0.36739858458075464
2020-11-07,0.7971149208306778
2020-11-08,0.7468307213703692
2020-11-09,0.48365690508536147
2020-11-10,0.4492878723556003
2020-11-11,0.5008279702549038
2020-11-12,0.7254245608573103
2020-11-13,0.9092152178067866
2020-11-14,0.26647161022012916
2020-11-15,0.7739259755994299
2020-11-16,0.8401195794399094
2020-11-17,0.6794222902455733
2020-11-18,0.6617824382695177
2020-11-19,0.6802398428171017
2020-11-20,0.5084639462620901
2020-11-21,0.7748268983253418
2020-11-22,0.45849682143542936
2020-11-23,0.7339129734258323
2020-11-24,0.7271703963866722
2020-11-25,0.6738590216097041
2020-11-26,0.3293413536677576
2020-11-27,0.7477979390502847
2020-11-28,0.8572872824623662
2020-11-29,0.85246671689409
2020-11-30,0.7317051156809222
2020-12-01,0.597176803864149
2020-12-02,0.7724201680903602
2020-12-03,0.629802682155371
2020-12-04,0.9912166049381199
2020-12-05,0.8404473675537916
2020-12-06,0.9744575818793926
2020-12-07,0.39715095864518224
2020-12-08,0.9805967093695295
2020-12-09,0.44392818772014814
2020-12-10,0.6037741148377538
2020-12-11,0.7282193623274911
2020-12-12,0.3331313338303958
2020-12-13,0.8204951913893442
2020-12-14,0.7430295209669205
2020-12-15,0.8231987360828515
2020-12-16,0.7949691093991151
2020-12-17,0.698361257304736
2020-12-18,0.7174195024812678
2020-12-19,0.2610431761098231
2020-12-20,0.6480687419864011
2020-12-21,0.8381581896366564
2020-12-22,0.5745309777162969
2020-12-23,0.5920842451518997
2020-12-24,0.7325797159752294
2020-12-25,0.4764889023605778
2020-12-26,0.7205563743698951
2020-12-27,0.6807552430025656
2020-12-28,0.6129561727688916
2020-12-29,0.9234397747429494
2020-12-30,0.6539943709711339
2020-12-31,0.6844945746555078
2021-01-01,0.7199782193897943
2021-01-02,0.6134471551172462
2021-01-03,0.6625856192865472
2021-01-04,0.5102412179312182
2021-01-05,0.48003993906291914
2021-01-06,0.7165309745501942
2021-01-07,0.6592562806175478
2021-01-08,0.7987404296007872
2021-01-09,0.518524841867328
2021-01-10,0.642337551239385
2021-01-11,0.43058414198893336
2021-01-12,0.7025477925897422
2021-01-13,0.8318246307318197
2021-01-14,0.7993883498698537
2021-01-15,0.7900419130434096
2021-01-16,0.35650406605477647
2021-01-17,0.7573586296367457
2021-01-18,0.3887167670889338
2021-01-19,0.6526432723457454
2021-01-20,0.6375307105976405
2021-01-21,0.4023236259541033
2021-01-22,0.6026269053727257
2021-01-23,0.6274150199452943
2021-01-24,0.20773719374564695
2021-01-25,0.7286545734915201
2021-01-26,0.41338610026187883
2021-01-27,0.7374896322950285
2021-01-28,0.7438341422699004
2021-01-29,0.8202796127286233
2021-01-30,0.8517045598654345
2021-01-31,0.6583864918273514
2021-02-01,0.8266460384249978
2021-02-02,0.7776273011249201
2021-02-03,0.4141437493648845
2021-02-04,0.7193149349871386
2021-02-05,0.8125574716566752
2021-02-06,0.937265393142839
2021-02-07,0.7949357816560783
2021-02-08,0.6307002089228407
2021-02-09,0.771419347322479
2021-02-10,0.7062076181902128
2021-02-11,0.7047164864521521
2021-02-12,0.6969315545148259
2021-02-13,0.8909386960169298
2021-02-14,0.29722461461231053
2021-02-15,0.6113544427832576
2021-02-16,0.5712557771339233
2021-02-17,0.5662505499359323
2021-02-18,0.8405531334750798
2021-02-19,0.6084176275279184
2021-02-20,0.5685388660729388
2021-02-21,0.8579147444923232
2021-02-22,0.6870463252947685
2021-02-23,0.585314981876878
2021-02-24,0.688459506988689
2021-02-25,0.4949267842896957
2021-02-26,0.3921535668254302
2021-02-27,0.6745381632314724
2021-02-28,0.9967326192862479
2021-03-01,0.7545878317042727
2021-03-02,0.6903499491827095
2021-03-03,0.6098677447886066
2021-03-04,0.4674773950342381
2021-03-05,0.7834726770510713
2021-03-06,0.8548383514951623
2021-03-07,0.9995530282088768
2021-03-08,0.8972371210383682
2021-03-09,0.46383723451145237
2021-03-10,0.8813946978528843
2021-03-11,0.47342213340766304
2021-03-12,0.9167898416225302
2021-03-13,0.7061537632010177
2021-03-14,0.23778700898773839
2021-03-15,0.6649503926087847
2021-03-16,0.8334787713437037
2021-03-17,0.7454183406139786
2021-03-18,0.7405937559324484
2021-03-19,0.7084634686627407
2021-03-20,0.5095906567149298
2021-03-21,0.37662042234161036
2021-03-22,0.47697770586347193
2021-03-23,0.7116542732996091
2021-03-24,0.922749678643287
2021-03-25,0.7879267338123452
2021-03-26,0.7162991952921368
2021-03-27,0.854649172056011
2021-03-28,0.6348163448201536
2021-03-29,0.8952946777329863
2021-03-30,0.7617068383929498
2021-03-31,0.7173951242565629
2021-04-01,0.8120515023768216
2021-04-02,0.5015108192827096
2021-04-03,0.6775259979391749
2021-04-04,0.42394104876315086
2021-04-05,0.552490154409541
2021-04-06,0.718848866764319
2021-04-07,0.7465772935349979
2021-04-08,0.7939897469722127
2021-04-09,0.7323714139913143
2021-04-10,0.7730765139798892
2021-04-11,0.9377248201148689
2021-04-12,0.6907361608424001
2021-04-13,0.6383792568950589
2021-04-14,0.6861974995441847
2021-04-15,0.7128666511229991
2021-04-16,0.49194922080551295
2021-04-17,0.7321702241384164
2021-04-18,0.11354749237287072
2021-04-19,0.6976669200494549
2021-04-20,0.6982025836966927
2021-04-21,0.44518468464178396
2021-04-22,0.6864061955651901
2021-04-23,0.47047434598103005
2021-04-24,0.7448107909602065
2021-04-25,0.7352223734049298
2021-04-26,0.7406431142531144
2021-04-27,0.6808233289536378
2021-04-28,0.7867363186618692
2021-04-29,0.5982510889273218
2021-04-30,0.9939184576048269
2021-05-01,0.7480327583238517
2021-05-02,0.9987418137230126
2021-05-03,0.5516156294699807
2021-05-04,0.8317139971755605
2021-05-05,0.8451841129189838
2021-05-06,0.7867036530547266
2021-05-07,0.801914582006501
2021-05-08,0.9385082496237457
2021-05-09,0.8304192879740647
2021-05-10,0.8128673813915799
2021-05-11,0.7138153434088355
2021-05-12,0.7003525296602264
2021-05-13,0.484470139521689
2021-05-14,0.7442515631322972
2021-05-15,0.8205126118294579
2021-05-16,0.5248157379576793
2021-05-17,0.45691968297466085
2021-05-18,0.46249616976703073
2021-05-19,0.28708036668196335
2021-05-20,0.4620703140729738
2021-05-21,0.6964059827576651
2021-05-22,0.7486495925734097
2021-05-23,0.3326159861268664
2021-05-24,0.4975758381677294
2021-05-25,0.45835989532238736
2021-05-26,0.4839952491847147
2021-05-27,0.5414443086139399
2021-05-28,0.6271948013717743
2021-05-29,0.740801147293011
2021-05-30,0.5353914037725673
2021-05-31,0.38365779905729747
2021-06-01,0.8292645418473825
2021-06-02,0.7109746876840848
2021-06-03,0.8012332518556932
2021-06-04,0.7340084585160385
2021-06-05,0.80150286076271
2021-06-06,0.7935955481427254
2021-06-07,0.7559032180763038
2021-06-08,0.854154090783928
2021-06-09,0.7802089025170331
2021-06-10,0.7842616856215382
2021-06-11,0.8577280839852994
2021-06-12,0.5501836931761579
2021-06-13,0.8864958298663678
2021-06-14,0.6286539775179228
2021-06-15,0.8845253052117141
2021-06-16,0.8067506819243386
2021-06-17,0.7054599492258349
2021-06-18,0.7301687638039923
2021-06-19,0.7540737094158069
2021-06-20,0.5794229245721735
2021-06-21,0.28000755007002764
2021-06-22,0.45610582813766876
2021-06-23,0.6651678313814366
2021-06-24,0.8312385697427582
2021-06-25,0.7937423536928759
2021-06-26,0.41486623668753425
2021-06-27,0.970043219684887
2021-06-28,0.5452140971260524
2021-06-29,0.7248465134366254
2021-06-30,0.7462936176322126
2021-07-01,0.8153796073376673
2021-07-02,0.57055998733251
2021-07-03,0.7285677154630329
2021-07-04,0.6723912282386318
2021-07-05,0.5517390428989181
2021-07-06,0.5323264386158552
2021-07-07,0.809637057067234
2021-07-08,0.41451276440715357
2021-07-09,0.5089707521363691
2021-07-10,0.7643092138714822
2021-07-11,0.7919123510332349
2021-07-12,0.5123030748197501
2021-07-13,0.7857717739967397
2021-07-14,0.4647456016342051
2021-07-15,0.7507202086410549
2021-07-16,0.7713177296210649
2021-07-17,0.7409035396891658
2021-07-18,0.9953896375718408
2021-07-19,0.3653230606394521
2021-07-20,0.7136111539351676
2021-07-21,0.8004670212799305
2021-07-22,0.7986150548370852
2021-07-23,0.9811201148624364
2021-07-24,0.8276902256751176
2021-07-25,0.9735087693595751
2021-07-26,0.6740897086866204
2021-07-27,0.5953079444787653
2021-07-28,0.3491265520836957
2021-07-29,0.52916001791427
2021-07-30,0.8985856704521898
2021-07-31,0.5411703055437023
2021-08-01,0.5873777040786222
2021-08-02,0.4229384541600838
2021-08-03,0.5086116630007858
2021-08-04,0.7462335047165166
2021-08-05,0.8950628340816477
2021-08-06,0.8623166972873636
2021-08-07,0.5157308975029186
2021-08-08,0.6168076203655158
2021-08-09,0.6816387069953633
2021-08-10,0.7725710531321883
2021-08-11,0.8025603816880398
2021-08-12,0.6997741293246552
2021-08-13,0.6624927290553807
2021-08-14,0.5315164015577527
2021-08-15,0.6483109727032874
2021-08-16,0.7087101516025868
2021-08-17,0.8098371593764805
2021-08-18,0.7961696840166776
2021-08-19,0.47591562378789803
2021-08-20,0.6809684149741023
2021-08-21,-0.023422933662578065
2021-08-22,0.7209744704291834
2021-08-23,0.6675849446824759
2021-08-24,0.767797675495308
2021-08-25,0.6778370471014081
2021-08-26,0.7944660084742361
2021-08-27,0.6029344111025388
2021-08-28,0.8040121451296669
2021-08-29,0.9349819781808925
2021-08-30,0.4217503301508761
2021-08-31,0.7056830942479929
2021-09-01,0.711524127023421
2021-09-02,0.7005153684984876
2021-09-03,0.6871020731357166
2021-09-04,0.6251115451119491
2021-09-05,0.554872393319496
2021-09-06,0.6710917002144299
2021-09-07,0.7792300313731063
2021-09-08,0.7700255912071093
2021-09-09,0.8707193036676868
2021-09-10,0.7381079863438973
2021-09-11,0.39704757695502835
2021-09-12,0.9853277445530517
2021-09-13,0.5446337041030174
2021-09-14,0.5789727296548408
2021-09-15,0.677738714167497
2021-09-16,0.8177000004869116
2021-09-17,0.7138450110163034
2021-09-18,0.999696677210862
2021-09-19,0.87757265869428
2021-09-20,0.573418518030564
2021-09-21,0.7300962373036192
2021-09-22,0.70550396706304
2021-09-23,0.7059268087479601
2021-09-24,0.4840377582635227
2021-09-25,0.7434885854850894
2021-09-26,0.38741182336123176
2021-09-27,0.6252997783687559
2021-09-28,0.6670453476578164
2021-09-29,0.5529217747087034
2021-09-30,0.5057582198088302
2021-10-01,0.4253934240171553
2021-10-02,0.45378646160501307
2021-10-03,0.7196448289503409
2021-10-04,0.7267140514263755
2021-10-05,0.4980550553812029
2021-10-06,0.5469641262357899
2021-10-07,0.8421175698751208
2021-10-08,0.6959233288181291
2021-10-09,0.4746481475954968
2021-10-10,0.675524268917478
2021-10-11,0.764521557198337
2021-10-12,0.66050813253755
2021-10-13,0.583164344765854
2021-10-14,0.6486690059479018
2021-10-15,0.6146282561451047
2021-10-16,0.8362607199796812
2021-10-17,0.3615697866490325
2021-10-18,0.6659673637581595
2021-10-19,0.7310791841856543
2021-10-20,0.5957270582672987
2021-10-21,0.6455344368847489
2021-10-22,0.6306126571919243
2021-10-23,0.7456676593598215
2021-10-24,0.5151285689828315
2021-10-25,0.7072499259066779
2021-10-26,0.7851187353572175
2021-10-27,0.6923246868148831
2021-10-28,0.7162753958226867
2021-10-29,0.6320702113460583
2021-10-30,0.08538422635227105
2021-10-31,0.5673694417135303
2021-11-01,0.707041735057677
2021-11-02,0.5978055156592766
2021-11-03,0.71057011822932
2021-11-04,0.7253794951442986
2021-11-05,0.8726229590622007
2021-11-06,0.9973845727972432
2021-11-07,0.6444958585374599
2021-11-08,0.5572147566789728
2021-11-09,0.6834872126757956
2021-11-10,0.7384096799706726
2021-11-11,0.5293720232296406
2021-11-12,0.6265086242469763
2021-11-13,0.6028948624355314
2021-11-14,0.7955280339954728
2021-11-15,0.7045700970312181
2021-11-16,0.6316281075419907
2021-11-17,0.6355670428616224
2021-11-18,0.7222731228287848
2021-11-19,0.9069554061483199
2021-11-20,0.998037807969032
2021-11-21,0.9481222088550838
2021-11-22,0.8241549210014201
2021-11-23,0.8955252876438564
2021-11-24,0.6790214055056575
2021-11-25,0.7929638679169511
2021-11-26,0.35353988501973027
2021-11-27,0.8585298743241685
2021-11-28,0.7236408728929786
2021-11-29,0.6411962086933041
2021-11-30,0.8573175865487233
2021-12-01,0.7313261360706318
2021-12-02,0.5940979814425453
2021-12-03,0.7037408917021983
2021-12-04,0.6384535929305782
2021-12-05,0.9186406867866266
2021-12-06,0.6220072962428
2021-12-07,0.8090589404011232
2021-12-08,0.8216642135010243
2021-12-09,0.6141294800445954
2021-12-10,0.7492407800872332
2021-12-11,0.6397957767891633
2021-12-12,0.41200857245968925
2021-12-13,0.6622997553472288
2021-12-14,0.5654980300887694
2021-12-15,0.7573954725030493
2021-12-16,0.5662654888537976
2021-12-17,0.7645342671349498
2021-12-18,0.7137535701889021
2021-12-19,0.388085471150291
2021-12-20,0.8117460086627747
2021-12-21,0.854199800736149
2021-12-22,0.6446796475390337
2021-12-23,0.7315717727906151
2021-12-24,0.5606735574320977
2021-12-25,0.9970091699397698
2021-12-26,0.8767477788211548
2021-12-27,0.8544874736602456
2021-12-28,0.566061548039407
2021-12-29,0.5377809392062805
2021-12-30,0.6412428319252521
2021-12-31,0.6771539071092915
2022-01-01,0.6226667924019313
2022-01-02,0.8736297886332242
2022-01-03,0.7813471257139311
2022-01-04,0.7233051237386249
2022-01-05,0.5012323736380733
2022-01-06,0.19914509065938987
2022-01-07,0.21701506126411854
2022-01-08,0.5475323515891927
2022-01-09,0.6522310163231035
2022-01-10,0.7890592916761269
2022-01-11,0.4120498403238072
2022-01-12,0.21573133395991187
2022-01-13,0.6654859180126471
2022-01-14,0.5556128184757942
2022-01-15,0.6907785811290562
2022-01-16,0.9199888433158662
2022-01-17,0.7643122312420088
2022-01-18,0.6612307188729953
2022-01-19,0.7258683783777263
2022-01-20,0.7230864789767535
2022-01-21,0.5352004453472338
2022-01-22,0.13647723069550774
2022-01-23,0.6536561558347322
2022-01-24,0.38190587381230207
2022-01-25,0.6168662673289773
2022-01-26,0.7418206195444489
2022-01-27,0.7912609545525197
2022-01-28,0.409291773046612
2022-01-29,0.43239446030637135
2022-01-30,0.8384323199452275
2022-01-31,0.8621565640867366
2022-02-01,0.776419422432324
2022-02-02,0.7183501637414521
2022-02-03,0.6458706930285019
2022-02-04,0.6701558421495469
2022-02-05,0.7850639387999041
2022-02-06,0.9793860914651403
2022-02-07,0.8229944814130605
2022-02-08,0.7778743392507758
2022-02-09,0.7684408584840718
2022-02-10,0.7936374259214477
2022-02-11,0.7899123851396052
2022-02-12,0.5705364354400199
2022-02-13,0.8729639588970834
2022-02-14,0.7619660215224243
2022-02-15,0.7304951611043369
2022-02-16,0.7521105202226442
2022-02-17,0.7217999737441125
2022-02-18,0.47163726528327216
2022-02-19,0.9978116771753125
2022-02-20,0.9980521653232358
2022-02-21,0.8703448897080047
2022-02-22,0.6984266407280325
2022-02-23,0.7632453852441452
2022-02-24,0.5270701215933904
2022-02-25,0.755417818913961
2022-02-26,0.383403963707904
2022-02-27,0.9818055114542734
2022-02-28,0.7485443066158475
2022-03-01,0.6561931215347001
2022-03-02,0.828929082075669
2022-03-03,0.8396774735543076
2022-03-04,0.4906640767000381
2022-03-05,0.8226761501581793
2022-03-06,0.6088954351452586
2022-03-07,0.3733418354277131
2022-03-08,0.6728935647272004
2022-03-09,0.6657589952769725
2022-03-10,0.48916991322648556
2022-03-11,0.4590783387384715
2022-03-12,0.4779521852098969
2022-03-13,0.9385244061689118
2022-03-14,0.47998546191281083
2022-03-15,0.5901468744260684
2022-03-16,0.7189410666379674
2022-03-17,0.7458390520669104
2022-03-18,0.736504315854495
2022-03-19,0.5160280380930408
2022-03-20,0.517002143106163
2022-03-21,0.6670516521394737
2022-03-22,0.8954149776667956
2022-03-24,0.7917214794053345
2022-03-25,0.8125983865142261
2022-03-26,0.8274343487079735
2022-03-27,0.7708546352439615
2022-03-28,0.6962668368853114
2022-03-29,0.6332814012317042
2022-03-30,0.6504931496949848
2022-03-31,0.7761828856686063
2022-04-01,0.6998427500643785
2022-04-02,0.9693284087742633
2022-04-03,0.6399643867757243
2022-04-04,0.7723565675803205
2022-04-05,0.7719138579728322
2022-04-06,0.7236415032151918
2022-04-07,0.8297015305904627
2022-04-08,0.8103772657968192
2022-04-09,0.8125957924080583
2022-04-10,0.9056595772467617
2022-04-11,0.6797151926944158
2022-04-12,0.548119755577342
2022-04-13,0.7675620777071843
2022-04-14,0.7136673579346353
2022-04-15,0.7432048657272844
2022-04-16,0.6384280179746592
2022-04-17,0.010662647437942142
2022-04-18,0.7485581402229152
2022-04-19,0.686352859433107
2022-04-20,0.57141832649003
2022-04-21,0.6614722943355165
2022-04-22,0.5907424330448723
2022-04-23,0.842983665917386
2022-04-24,0.6110962872420419
2022-04-25,0.7395652673897324
2022-04-26,0.7670527943750507
2022-04-27,0.8262520970553008
2022-04-28,0.8059404673110825
2022-04-29,0.7993051974338014
2022-04-30,0.3608282076042693
2022-05-01,0.8877141833582447
2022-05-02,0.816458162376792
2022-05-03,0.4657504662370351
2022-05-04,0.7457447629276299
2022-05-05,0.7744228808075089
2022-05-06,0.5533217782438014
2022-05-07,0.7260880935278985
2022-05-08,0.603430643644229
2022-05-09,0.49515201414320203
2022-05-10,0.7103891488256906
2022-05-11,0.5998303751298368
2022-05-12,0.29793456758434517
2022-05-13,0.6259590033788576
2022-05-14,0.5428326985769043
2022-05-15,0.7670965132237296
2022-05-16,0.6703461038045669
2022-05-17,0.5473086915403986
2022-05-18,0.6631434324753666
2022-05-19,0.9136574465118507
2022-05-20,0.6016558814855653
2022-05-21,0.7209635165428475
2022-05-22,0.9926671517766911
2022-05-23,0.7731761566272011
2022-05-24,0.8001961561732522
2022-05-25,0.5055200057097211
2022-05-26,0.7533477072912694
2022-05-27,0.7559388520872998
2022-05-28,0.8339171601557404
2022-05-29,0.5989629259868605
2022-05-30,0.8019464237346845
2022-05-31,0.9240464190580259
2022-06-01,0.7827625961721394
2022-06-02,0.6099508036659218
2022-06-03,0.5460251719102628
2022-06-04,0.4074513504702801
2022-06-05,0.3896468846726257
2022-06-06,0.45780109102395405
2022-06-07,0.7218899680615333
2022-06-08,0.8876836853162822
2022-06-09,0.7735745143281751
2022-06-10,0.5828163494860173
2022-06-11,0.978962201109364
2022-06-12,0.5285766043438145
2022-06-13,0.04650431605362307
2022-06-14,0.32728060760747946
2022-06-15,0.744461930969584
2022-06-16,0.7579206955400346
2022-06-17,0.3475749712029818
2022-06-18,-0.293480971418256
2022-06-19,0.5388861240807484
2022-06-20,0.6151737072941799
2022-06-21,0.5629674545237758
2022-06-22,0.3206009728376104
2022-06-23,0.9210247759584513
2022-06-24,0.6812120115088877
2022-06-25,0.7734777682400964
2022-06-26,0.6400797704389724
2022-06-27,0.6618491167934615
2022-06-28,0.7464606289858727
2022-06-29,0.49786668485506597
2022-06-30,0.48759965310554887
2022-07-01,0.5232850812483093
2022-07-02,0.7029629370621242
2022-07-03,0.7640520069415243
2022-07-04,0.7282951324382709
2022-07-05,0.5281483880534458
2022-07-06,0.7214800534143737
2022-07-07,0.6867821686409358
2022-07-08,0.7232618595646498
2022-07-09,0.7385706839187274
2022-07-10,0.5800232915869681
2022-07-11,0.4766012205873049
2022-07-12,0.6217563148792826
2022-07-13,0.7512224619677662
2022-07-14,0.6002172447178667
2022-07-15,0.7856309949047287
2022-07-16,0.7323798334203255
2022-07-17,0.812922481976246
2022-07-18,0.7412784580637333
2022-07-19,0.5497100402744043
2022-07-20,0.6713049847948787
2022-07-21,0.72275035401909
2022-07-22,0.7082565924627324
2022-07-23,0.7090080181895476
2022-07-24,0.8174219934118556
2022-07-25,0.5947046352245389
2022-07-26,0.5301772031104388
2022-07-27,0.5669832910920553
2022-07-28,0.6498268909432275
2022-07-29,0.6901527789307614
2022-07-30,0.3659366594607635
2022-07-31,0.7828474393327792
2022-08-01,0.5001347864603495
2022-08-02,0.7083463305168944
2022-08-03,0.7649415088369892
2022-08-04,0.9109862927373473
2022-08-05,0.8166402889085197
2022-08-06,0.5573075951733151
2022-08-07,0.8416971514244049
2022-08-08,0.7652418577793619
2022-08-09,0.4978080368647215
2022-08-10,0.6859991990365112
2022-08-11,0.8448961504335436
2022-08-12,0.8100870560016525
2022-08-13,0.7721198433014772
2022-08-14,0.6500645671050217
2022-08-15,0.5107100932915729
2022-08-16,0.4054770383495695
2022-08-17,0.7991176147639685
2022-08-18,0.5395264249111829
2022-08-19,0.3694597856973313
2022-08-20,0.5949084458231242
2022-08-21,0.9982558377775929
2022-08-22,0.34084357767847606
2022-08-23,0.5738382053839397
2022-08-24,0.5529924516369926
2022-08-25,0.6599144402955417
2022-08-26,0.6992229766609923
2022-08-27,0.010015313942826256
2022-08-28,-0.10813932476798464
2022-08-29,0.4419910563955698
2022-08-30,0.6413457369891307
2022-08-31,0.411162543306186
2022-09-01,0.553812682803974
2022-09-02,0.6303784073669926
2022-09-03,0.6332367676573986
2022-09-04,0.7027776807398165
2022-09-05,0.8959134485462411
2022-09-06,0.5695578609857876
2022-09-07,0.29674508693337714
2022-09-08,0.41486811413613733
2022-09-09,0.652788091054189
2022-09-10,0.6892761651262429
2022-09-11,-0.29622501542312446
2022-09-12,0.7746387062950886
2022-09-13,0.8110039552089424
2022-09-14,0.7478342558105004
2022-09-15,0.5762693422163985
2022-09-16,0.8456936014446209
2022-09-17,0.769419392452844
2022-09-18,0.38608085546136117
2022-09-19,0.5328395769077569
2022-09-20,0.7458912718833084
2022-09-21,0.72222841341245
2022-09-22,0.6288597236566666
2022-09-23,0.608984570130596
2022-09-24,0.8678561348229733
2022-09-25,0.9885098432603453
2022-09-26,0.8845429538796251
2022-09-27,0.4559024650522745
2022-09-28,0.6691307153461601
2022-09-29,0.43213943044264663
2022-09-30,0.30184407319144546
2022-10-01,0.2883193954998772
2022-10-02,0.6521086895235816
2022-10-03,0.6832560166316575
2022-10-04,0.7506471984915409
2022-10-05,0.4761400315897983
2022-10-06,0.5625981007642535
2022-10-07,0.44030479651695476
2022-10-08,0.7201831074678342
2022-10-09,0.7139776543129975
2022-10-10,0.5928656403308317
2022-10-11,0.6558923105425978
2022-10-12,0.5318409957242657
2022-10-13,0.534589690375121
2022-10-14,0.7680536570595844
2022-10-15,0.7328168728623801
2022-10-16,0.6355597576594952
2022-10-17,0.5917642212465898
2022-10-18,0.5399071879398364
2022-10-19,0.7676082106620994
2022-10-20,0.7338801449765092
2022-10-21,0.7025390855267241
2022-10-22,0.7251094641311716
2022-10-23,0.9972380555128372
2022-10-24,0.8062398693750529
2022-10-25,0.49172003241796103
2022-10-26,0.8982643657876817
2022-10-27,0.6191951829474044
2022-10-28,0.6119273955189227
2022-10-29,0.7298109204260743
2022-10-30,0.23517247808015956
2022-10-31,0.8352988602672843
2022-11-01,0.4787578193124473
2022-11-02,0.8238723040598509
2022-11-03,0.8076645747195381
2022-11-04,0.4233664049571445
2022-11-05,0.6059173891284076
2022-11-06,0.6444428824592864
2022-11-07,0.6838449182920533
2022-11-08,0.6365307014464188
2022-11-09,0.4155494253695536
2022-11-10,0.5533888100353945
2022-11-11,0.23056699183583473
2022-11-12,0.4564784523792938
2022-11-13,0.5456424016826436
2022-11-14,0.39558672509894466
2022-11-15,0.47329805449332757
2022-11-16,0.5146470274391484
2022-11-17,0.5402448881292237
2022-11-18,0.5114899204928832
2022-11-19,0.5190732435441564
2022-11-20,0.7806794223572349
2022-11-21,0.5242905037090582
2022-11-22,0.41463171442082525
2022-11-23,0.49173034589265735
2022-11-24,0.5784273070532903
2022-11-25,0.5482500790182585
2022-11-26,0.6493511557800208
2022-11-27,0.12668568678265943
2022-11-28,0.47063698631376905
2022-11-29,0.8310004259688561
2022-11-30,0.7841057955703057
2022-12-01,0.5307263385111443
2022-12-02,0.4747550636968247
2022-12-03,0.9700565994986236
2022-12-04,0.7313848991090398
2022-12-05,0.6454627614244585
2022-12-06,0.8818125114043542
2022-12-07,0.5215115616114206
2022-12-08,0.49450610965096936
2022-12-09,0.4041047642549728
2022-12-10,0.15239544736460897
2022-12-11,0.2633145445485672
2022-12-12,0.4470844088794911
2022-12-13,0.8237029208371313
2022-12-14,0.8725415320137374
2022-12-15,0.6242725496312663
2022-12-16,0.5438560847978908
2022-12-17,0.6180757786890417
2022-12-18,0.6459677390106165
2022-12-19,0.6735129392869033
2022-12-20,0.7410401116108902
2022-12-21,0.6345569900255477
2022-12-22,0.5275772605177571
2022-12-23,0.7560566355077121
2022-12-24,0.16896864665578895
2022-12-25,0.8088948629281301
2022-12-26,0.3467680723983471
2022-12-27,0.5075501612494587
2022-12-28,0.6764410843852153
2023-01-01,0.2276637977812209
2023-01-02,0.5813212381809475
2023-01-03,0.5203472909837584
2023-01-04,0.6303459088472041
2023-01-05,0.4355542591901972
2023-01-06,0.3090146633139279
2023-01-07,-0.17666451730916596
2023-01-08,0.5637942839722621
2023-01-09,0.6901998399923256
2023-01-10,0.3957498934886677
2023-01-11,0.5583714839877754
2023-01-12,0.757914023722962
2023-01-13,0.7563217786658679
2023-01-14,0.46617655447604495
2023-01-15,0.8636552041431962
2023-01-16,0.5577594158151339
2023-01-17,0.5860650806174125
2023-01-18,0.706701091631818
2023-01-19,0.7758680017180998
2023-01-20,0.7264639520189747
2023-01-21,0.4624127743528704
2023-01-22,0.4777747047098796
2023-01-23,0.6139599746828523
2023-01-24,0.6091365168226387
2023-01-25,0.8248949328125543
2023-01-26,0.7167203635701315
2023-01-27,0.6014861578129257
2023-01-28,0.35673409646068927
2023-01-29,0.334407595823743
2023-01-30,0.6816566843059357
2023-01-31,0.4232003849432479
2023-02-01,0.4563991585528339
2023-02-02,0.5737613457907405
2023-02-03,0.7693356039186432
2023-02-04,0.5124548105110325
2023-02-05,0.8681863816447768
2023-02-06,0.6328309015758162
2023-02-07,0.5770088729373549
2023-02-08,0.35688927614797616
2023-02-09,0.569707267860035
2023-02-10,0.6043737868236166
2023-02-11,0.6111123822731493
2023-02-12,0.9061924059523309
2023-02-13,0.6824886701315281
2023-02-14,0.6708509238799807
2023-02-15,0.6404977190195489
2023-02-16,0.7219807006224574
2023-02-17,0.7933353897397911
2023-02-18,0.329544111186299
2023-02-19,0.7038228184303315
2023-02-20,0.613500775593527
2023-02-21,0.552941595712447
2023-02-22,0.7424890199617536
2023-02-23,0.5390980200350356
2023-02-24,0.7447612895980082
2023-02-25,0.8634009794537025
2023-02-26,7.882374603198318e-11
2023-02-27,0.7022945700018383
2023-02-28,0.8061360959140962
2023-03-01,0.38035119532365413
2023-03-02,0.7482698559104558
2023-03-03,0.35642903231959777
2023-03-04,0.5128364550382986
2023-03-05,0.9997952130699759
2023-03-06,0.6704989048028287
2023-03-07,0.8268736559695594
2023-03-08,0.714868344480189
2023-03-09,0.7341494933813157
2023-03-10,0.6636521275457977
2023-03-11,0.5375720033737208
2023-03-12,0.800193185554491
2023-03-13,0.6732141649878848
2023-03-14,0.6091351550334462
2023-03-15,0.5038135979947385
2023-03-16,0.601097530961942
2023-03-17,0.6842494789791118
2023-03-18,0.01588488611436686
2023-03-19,0.3916869182310436
2023-03-20,0.6412166627000525
2023-03-21,0.6935676275717162
2023-03-22,0.7462583182914605
2023-03-23,0.8234119950013195
2023-03-24,0.800011527939084
2023-03-25,0.7364871107505865
2023-03-26,0.32661555345477783
2023-03-27,0.5567441324356196
2023-03-28,0.6703707431103983
2023-03-29,0.532990422892602
2023-03-30,0.7485394388147194
2023-03-31,0.5839794186620093
2023-04-01,0.8011538975547013
2023-04-02,0.5308707112672161
2023-04-03,0.7189150532161298
2023-04-04,0.8653724434699928
2023-04-05,0.5419084850501712
2023-04-06,0.8123823023084751
2023-04-07,0.6310995776378758
2023-04-08,0.5942786034924527
2023-04-09,0.7042593233153982
2023-04-10,0.6146261219249898
2023-04-11,0.623378340622477
2023-04-12,0.8055358941869617
2023-04-13,0.7521161880950568
2023-04-14,0.5923447817338974
2023-04-15,0.9981383984428543
2023-04-16,0.5688578220477372
2023-04-17,0.7070647578621957
2023-04-18,0.5731815355729911
2023-04-19,0.6265877805380329
2023-04-20,0.6412379684776133
2023-04-21,0.44152391457305157
2023-04-22,0.4486017770265497
2023-04-23,0.5611200270381591
2023-04-24,0.8019111822917742
2023-04-25,0.6403347201723021
2023-04-26,0.6296822102290546
2023-04-27,0.7088473418928174
2023-04-28,0.8020897277050335
2023-04-29,0.9588009379339355
2023-04-30,0.6395963822666136
2023-05-01,0.6403905911152897
2023-05-02,0.6600724809235256
2023-05-03,0.5439865011090937
2023-05-04,0.6857130929846538
2023-05-05,0.7441570883657406
2023-05-06,0.48045710801994146
2023-05-07,0.6067282855155212
2023-05-08,0.5712916688699462
2023-05-09,0.67852457221643
2023-05-10,0.7094767373231633
2023-05-11,0.6352904523405378
2023-05-12,0.7222291449160717
2023-05-13,0.7736649952874723
2023-05-14,0.9498092833350714
2023-05-15,0.5830218790985524
2023-05-16,0.8355454570767329
2023-05-17,0.8027461717322762
2023-05-18,0.6203552171360683
2023-05-19,0.8543325064232777
2023-05-20,0.7233925553035607
2023-05-21,0.5273031022024494
2023-05-22,0.8388417490457489
2023-05-23,0.7767562056176235
2023-05-24,0.6615679191963402
2023-05-25,0.6150380298778259
2023-05-26,0.5591719268450435
2023-05-27,0.896967278863505
2023-05-28,0.6344224980666048
2023-05-29,0.6536101768205854
2023-05-30,0.7657664652350051
2023-05-31,0.7449014461189468
2023-06-01,0.7445174610971805
2023-06-02,0.6629805185982494
2023-06-03,0.9995522106374295
2023-06-04,0.7591138969064575
2023-06-05,0.3577353132886189
2023-06-06,0.5028074338672075
2023-06-07,0.5671095697078329
2023-06-08,0.7927537244387138
2023-06-09,0.6015805226773987
2023-06-10,0.7447246048587965
2023-06-11,0.5821560126685723
2023-06-12,0.7374374791684245
2023-06-13,0.688962647478526
2023-06-14,0.5648571325082301
2023-06-15,0.8737377629775481
2023-06-16,0.83819910198077
2023-06-17,0.9308285194663546
2023-06-18,0.1464876271864057
2023-06-19,0.840446650410328
2023-06-20,0.6378413990742747
2023-06-21,0.688652444844037
2023-06-22,0.8249109661612253
2023-06-23,0.5952736233889786
2023-06-24,0.9007336746481355
2023-06-25,0.6047102294847071
2023-06-26,0.6353760330242633
2023-06-27,0.6186452241020703
2023-06-28,0.6809265910640604
2023-06-29,0.8996631891382976
2023-06-30,0.6498561140495269
2023-07-01,0.3669716849325968
2023-07-02,0.6289130095834512
2023-07-03,0.562964167406524
2023-07-04,0.38339841579420153
2023-07-05,0.6063900143691495
2023-07-06,0.7153838662142606
2023-07-07,0.5916351386761567
2023-07-08,0.7741191975521163
2023-07-09,0.9638594179365438
2023-07-10,0.7899497040967934
2023-07-11,0.7082902113939589
2023-07-12,0.7794252719210959
2023-07-13,0.7258434928046906
2023-07-14,0.6060931541224484
2023-07-15,0.8283163677469945
2023-07-16,0.44965760662160764
2023-07-17,0.6636578932611024
2023-07-18,0.6850422561106689
2023-07-19,0.6193094183508199
2023-07-20,0.6404124015011334
2023-07-21,0.7844365130881197
2023-07-22,0.9928022674572365
2023-07-23,0.9987579069391532
2023-07-24,0.85899204043465
2023-07-25,0.7844380744373984
2023-07-26,0.7434631345863878
2023-07-27,0.723173406422581
2023-07-28,0.8573227060427648
2023-07-29,0.990818861565422
2023-07-30,0.6813140121724878
2023-07-31,0.8272282513968002
2023-08-01,0.7791631330406238
2023-08-02,0.8370184197472793
2023-08-03,0.5714296876908482
2023-08-04,0.37970944226861586
2023-08-05,0.8003429144425469
2023-08-06,0.6449536948715988
2023-08-07,0.7535717765690567
2023-08-08,0.786538986919081
2023-08-09,0.36815587143838296
2023-08-10,0.8806586461168098
2023-08-11,0.6773789485691895
2023-08-12,0.5606235759790115
2023-08-13,0.9745869574876216
2023-08-14,0.59411000729704
2023-08-15,0.7805990130242518
2023-08-16,0.7761811730819941
2023-08-17,0.3975852175435381
2023-08-18,0.3795347994387228
2023-08-19,0.4090344717392381
2023-08-20,0.721165258372836
2023-08-21,0.7419939514913838
2023-08-22,0.675835201839519
2023-08-23,0.7378553697776224
2023-08-24,0.6451017602102731
2023-08-25,0.8827082738180632
2023-08-26,0.5372336883593416
2023-08-27,0.6821153706746627
2023-08-28,0.586136503085605
2023-08-29,0.5870828249588008
2023-08-30,0.6460299784168776
2023-08-31,0.6506752112974462
2023-09-01,0.4830002864590818
2023-09-02,0.7204376054560563
2023-09-03,0.6459305711272776
2023-09-04,0.7264855656896576
2023-09-05,0.8409097991951727
2023-09-06,0.7263739226152492
2023-09-07,0.637820874997622
2023-09-08,0.6670605792172729
2023-09-09,0.6145084436235065
2023-09-10,0.4582538976323409
2023-09-11,0.7816948577622012
2023-09-12,0.8048372274357545
2023-09-13,0.8596723297709042
2023-09-14,0.8383763388800969
2023-09-15,0.7998898703480778
2023-09-16,0.7141894136228638
2023-09-17,0.4436304425289011
2023-09-18,0.751560618031997
2023-09-19,0.7265151357423892
2023-09-20,0.5164477122649728
2023-09-21,0.6086021859403024
2023-09-22,0.7193805557319491
2023-09-23,0.9974059106396992
2023-09-24,0.9997657411965314
2023-09-25,0.6856420439336479
2023-09-26,0.7239100440509326
2023-09-27,0.4952564589807557
2023-09-28,0.5595677611809854
2023-09-29,0.6400859585468056
2023-09-30,0.7922721198350545
2023-10-01,0.570886926802201
2023-10-02,0.5431392755830453
2023-10-03,0.34866962952849
2023-10-04,0.7614801049466383
2023-10-05,0.7204021357759492
2023-10-06,0.5419178487721795
2023-10-07,0.9798434970986851
2023-10-08,0.5124961280336933
2023-10-09,0.5182700598443415
2023-10-10,0.6277987644778119
2023-10-11,0.6412916910660096
2023-10-12,0.7142841670133612
2023-10-13,0.6622808834874923
2023-10-14,0.8273482400055204
2023-10-15,0.5272100190994747
2023-10-16,0.7394068001235099
2023-10-17,0.5778474600113552
2023-10-18,0.6920796355726877
2023-10-19,0.451674147805596
2023-10-20,0.749602380196668
2023-10-21,0.7206347310530757
2023-10-22,0.5229291268669458
2023-10-23,0.6529104130959761
2023-10-24,0.53829504391561
2023-10-25,0.7168340087129847
2023-10-26,0.6767586197063101
2023-10-27,0.2813043318755684
2023-10-28,0.9841373078479584
2023-10-29,0.739108581324759
2023-10-30,0.5249064904061671
2023-10-31,0.6723442929397967
2023-11-01,0.6060599791613653
2023-11-02,0.6714690448836783
2023-11-03,0.5731781665275566
2023-11-04,0.20448827439461054
2023-11-05,0.9994122930190577
2023-11-06,0.6208599705537517
2023-11-07,0.6753592119143609
2023-11-08,0.7506505532444452
2023-11-09,0.575766798337267
2023-11-10,0.7879735447544305
2023-11-11,0.682631414610142
2023-11-12,0.3676158541941149
2023-11-13,0.6241103405837195
2023-11-14,0.29837007919560504
2023-11-15,0.7197090733496317
2023-11-16,0.6228250819521441
2023-11-17,0.6980239630571119
2023-11-18,0.8746481939390726
2023-11-19,0.7165954972443921
2023-11-20,0.8168014686460141
2023-11-21,0.37243150682348086
2023-11-22,0.39532048173311574
2023-11-23,0.8096071753847264
2023-11-24,0.6926030144700466
2023-11-25,0.8532135056575457
2023-11-26,0.4664623092011985
2023-11-27,0.667944841432354
2023-11-28,0.8035117775462922
2023-11-29,0.7056822618472821
2023-11-30,0.6267892723584063
2023-12-01,0.6452027083741136
2023-12-02,0.6199785568451266
2023-12-03,0.7628072235781078
2023-12-04,0.6137587500540403
2023-12-05,0.6191816299362731
2023-12-06,0.6929063001238019
2023-12-07,0.7832637428755675
2023-12-08,0.5308599337907195
2023-12-09,0.6301528612884891
2023-12-10,0.7861030509512648
2023-12-11,0.5923454669025586
2023-12-12,0.834474632855519
2023-12-13,0.6650376540036899
2023-12-14,0.5674187582742709
2023-12-15,0.5271504595061398
2023-12-16,0.9974538376426989
2023-12-17,0.6529786137424235
2023-12-18,0.6531922315738846
2023-12-19,0.7507413219465254
2023-12-20,0.5613260977453235
2023-12-21,0.6578530773361585
2023-12-22,0.792572528872535
2023-12-23,0.7621227287973542
2023-12-24,0.3849049204477189
2023-12-25,0.997648145189575
2023-12-26,0.5958677706229105
2023-12-27,0.37333528247231185
2023-12-28,0.9620664993843246
2023-12-29,0.45003101840942833
2023-12-30,0.9963654109359884
2023-12-31,0.9335369884664224
2024-01-01,0.7857769554477835
2024-01-02,0.7008061865485209
2024-01-03,0.583856448463594
2024-01-04,0.539752066727347
2024-01-05,0.7106181292254129
2024-01-06,0.7236806276822491
2024-01-07,0.7145588549644255
2024-01-08,0.724556708321207
2024-01-09,0.5742732370566912
2024-01-10,0.709106485809217
2024-01-11,0.5728848833560888
2024-01-12,0.6749553743677105
2024-01-13,0.604412771337018
2024-01-14,0.8305966927515647
2024-01-15,0.6608467518484565
2024-01-16,0.5959672326709882
2024-01-17,0.7294054582006527
2024-01-18,0.4189838780792554
2024-01-19,0.7260999625450864
2024-01-20,0.5303843902242691
2024-01-21,0.6158473994923139
2024-01-22,0.47903948638503546
2024-01-23,0.5035317128646745
2024-01-24,0.42459851624958767
2024-01-25,0.6624990936723704
2024-01-26,0.6738958558033805
2024-01-27,0.475444000342084
2024-01-28,-0.05239938487258374
2024-01-29,0.49789146374887305
2024-01-30,0.45759814717727626
2024-01-31,0.681411495104238
2024-02-01,0.6226947855983612
2024-02-02,0.7139027687048699
2024-02-03,0.40166084518167766
2024-02-04,0.8146623130723654
2024-02-05,0.6793822918555875
2024-02-06,0.7219310928722544
2024-02-07,0.514422277937068
2024-02-08,0.5846526173561841
2024-02-09,0.5700366923016297
2024-02-10,0.4167513584545795
2024-02-11,0.7356995968646681
2024-02-12,0.5458632443510644
2024-02-13,0.7290634829598499
2024-02-14,0.5091093109606244
2024-02-15,0.6543661837634053
2024-02-16,0.5812814202782192
2024-02-17,0.9616786950497712
2024-02-18,0.8910193731450239
2024-02-19,0.3267167539955023
2024-02-20,0.5740764102899782
2024-02-21,0.7358682478952413
2024-02-22,0.4787212311481428
2024-02-23,0.8177091783423228
2024-02-24,0.6212459276287674
2024-02-25,0.9155847812080006
2024-02-26,0.5610426100149472
2024-02-27,0.45029162670663136
2024-02-28,0.49296021136364093
2024-02-29,0.5897377371241196
2024-03-01,0.5999887630195289
2024-03-02,0.9991995875819296
2024-03-03,0.5758616920558199
2024-03-04,0.5642661400329225
2024-03-05,0.37470303295950685
2024-03-06,0.5441523694700378
2024-03-07,0.7875748784265937
2024-03-08,0.4534766769210886
2024-03-09,0.6240948694081895
2024-03-10,0.6747233106551104
2024-03-11,0.45213129991458706
2024-03-12,0.6176821984714279
2024-03-13,0.6795010101480895
2024-03-14,0.6612583765065859
2024-03-15,0.499459589596448
2024-03-16,0.6313786834528877
2024-03-17,0.705101218976805
2024-03-18,0.7209235313547595
2024-03-19,0.3675755705915509
2024-03-20,0.3752696350651827
2024-03-21,0.5734834152492647
2024-03-22,0.5926683654676992
2024-03-23,0.4912415598255949
2024-03-24,0.9096471144312146
2024-03-25,0.6358147179247973
2024-03-26,0.497208087686337
2024-03-27,0.6235694119479512
2024-03-28,0.7532021750839841
2024-03-29,0.3703038467606033
2024-03-30,0.7391287319593615
2024-03-31,0.35665477919051664
2024-04-01,0.5651432804759953
2024-04-02,0.7525872339850411
2024-04-03,0.7538690710984889
2024-04-04,0.5731691963327877
2024-04-05,0.422406374574159
2024-04-06,0.6336135780132606
2024-04-07,0.5556100947398767
2024-04-08,0.5968205563155955
2024-04-09,0.7960646569650829
2024-04-10,0.5241966039862753
2024-04-11,0.6395260923869928
2024-04-12,0.45465431059283784
2024-04-13,-0.01928104087365034
2024-04-14,0.3067683710231962
2024-04-15,0.5344494376567247
2024-04-16,0.4277533300439243
2024-04-17,0.5286030986817354
2024-04-18,0.6817237452989552
2024-04-19,0.7025978729550583
2024-04-20,0.4612411215018051
2024-04-21,0.4228720133620631
2024-04-22,0.5415489053714663
2024-04-23,0.717802915882324
2024-04-24,0.8032862844571674
2024-04-25,0.6285171247094737
2024-04-26,0.46388666796475886
2024-04-27,0.9999684709287561
2024-04-28,0.5976129301706277
2024-04-29,0.4869289242740331
2024-04-30,0.5283468762679129
2024-05-01,0.19407563715738438
2024-05-02,0.4630409179600837
2024-05-03,0.6257617402071168
2024-05-04,0.9867548721372431
2024-05-05,0.5584474976241987
2024-05-06,0.4979189117220046
2024-05-07,0.558716114189439
2024-05-08,0.39907972598160013
2024-05-09,0.39095644524205664
2024-05-10,0.43024831263043517
2024-05-11,0.6468527974182897
2024-05-12,0.9485021209920071
2024-05-13,0.5944219507288316
2024-05-14,0.8140440149001339
2024-05-15,0.750980810915296
2024-05-16,0.6642229564195372
2024-05-17,0.7341132169971242
2024-05-18,0.4701532509449077
2024-05-19,0.6970752843913245
2024-05-20,0.5833455379519579
2024-05-21,0.6641061993110549
2024-05-22,0.7493296626682664
2024-05-23,0.728691806699417
2024-05-24,0.7602628963766175
2024-05-25,0.748916475610881
2024-05-26,0.49040779162574627
2024-05-27,0.6130529223851712
2024-05-28,0.7206252796147644
2024-05-29,0.7569405844156835
2024-05-30,0.8320802342279469
2024-05-31,0.03198538523500293
2024-06-01,0.7478971025808719
2024-06-02,0.6648872827474605
2024-06-03,0.7110168944163423
2024-06-04,0.6779484894715083
2024-06-05,0.5702617675304191
2024-06-06,0.6778280261484283
2024-06-07,0.45683933241846436
2024-06-08,0.6972236821944169
2024-06-09,0.8983187253790393
2024-06-10,0.5674042125677803
2024-06-11,0.53816374627857
2024-06-12,0.7045455567540024
2024-06-13,0.6175262052241062
2024-06-14,0.4238926905926314
2024-06-15,0.774515976574307
2024-06-16,0.5733517093245201
2024-06-17,0.5518144978889158
2024-06-18,0.41372833427968003
2024-06-19,0.9330976705401133
2024-06-20,0.6015429461134004
2024-06-21,0.38547025138864405
2024-06-22,0.6906518020558993
2024-06-23,0.10109098115294222
2024-06-24,0.3382349082301734
2024-06-25,0.5860688373649874
2024-06-26,0.7662177102191348
2024-06-27,0.7111746706537045
2024-06-28,0.41897539689328694
2024-06-29,0.8529244147378798
2024-06-30,0.7225824375396454
2024-07-01,0.7298069577369256
2024-07-02,0.3144761022405283
2024-07-03,0.6434372679716792
2024-07-04,0.3438523555118098
2024-07-05,0.3005244289968797
2024-07-06,0.6462219825584806
2024-07-07,0.24487930832887658
2024-07-08,0.3335173583968412
2024-07-09,0.554801753282675
2024-07-10,0.7166007222703157
2024-07-11,0.7415060571479887
2024-07-12,0.589877672762446
2024-07-13,0.4721872035916829
2024-07-14,0.6716155118678655
2024-07-15,0.5632762415884814
2024-07-16,0.7651979843472962
2024-07-17,0.6544561948172554
2024-07-18,0.4463531147952543
2024-07-19,0.4486651908430054
2024-07-20,0.33479014113447947
2024-07-21,0.18116757223050345
2024-07-22,0.7435996877856409
2024-07-23,0.6614369918348737
2024-07-24,0.740343222815957
2024-07-25,0.6324241174396462
2024-07-26,0.650524173815576
2024-07-27,0.7415360196425749
2024-07-28,0.8635053610307072
2024-07-29,0.6329223955222625
2024-07-30,0.389748121187073
2024-07-31,0.6936965587068751
2024-08-01,0.3889303876017969
2024-08-02,0.7618023377715742
2024-08-03,0.5005353241140064
2024-08-04,0.4126884558184306
2024-08-05,0.0042055745568309755
2024-08-06,0.27677231023463567
2024-08-07,0.6184497194482813
2024-08-08,0.3975330938101987
2024-08-09,0.5575830128847892
2024-08-10,0.41920718032725646
2024-08-11,0.07275579029833122
2024-08-12,0.2724262245885691
2024-08-13,0.6150773375134255
2024-08-14,0.6235557122164184
2024-08-15,0.6274352894925889
2024-08-16,0.5558766475762588
2024-08-17,0.6744706869735348
2024-08-18,0.4845277565867431
2024-08-19,0.688584092191967
2024-08-20,0.4175144675043971
2024-08-21,0.7111848194481561
2024-08-22,0.5576737166617061
2024-08-23,0.5769276023677836
2024-08-24,0.9934899145314134
2024-08-25,0.30734506797963834
2024-08-26,0.38689148810433605
2024-08-27,0.30860841714138515
2024-08-28,0.3739032011657914
2024-08-29,0.5347045108336441
2024-08-30,0.5681246555497911
2024-08-31,0.5378463737871092
2024-09-01,0.4923959606751323
2024-09-02,0.3087361296046684
2024-09-03,0.305965220387593
2024-09-04,0.44875843634588297
2024-09-05,0.08806141308368819
2024-09-06,0.274058144982289
2024-09-07,0.3786486750256256
2024-09-08,0.5349432458081339
2024-09-09,0.3906527846872205
2024-09-10,0.339635427076159
2024-09-11,0.38764564839020843
2024-09-12,0.4110330245476941
2024-09-13,0.6071566827822886
2024-09-14,0.5947431504028964
2024-09-15,0.6246008621095995
2024-09-16,0.4258336733158826
2024-09-17,0.5789333837463276
2024-09-18,0.5569832023638683
2024-09-19,0.5456482461551035
2024-09-20,0.7187346125487039
2024-09-21,0.8997648869529968
2024-09-22,0.5212312766392897
2024-09-23,0.5813879278406043
2024-09-24,0.7034250093138017
2024-09-25,0.4902252284081815
2024-09-26,0.44354012096891093
2024-09-27,0.7412239578139087
2024-09-28,0.2427431501022989
2024-09-29,0.5060901288438081
2024-09-30,0.34375930589277015
2024-10-01,0.36267903290137804
2024-10-02,0.7474955966312129
2024-10-03,0.5452772069395699
2024-10-04,0.6671460066307595
2024-10-05,0.9993191779725946
2024-10-06,0.9996719621608534
2024-10-07,0.728974225116043
2024-10-08,0.6862194239190642
2024-10-09,0.6671444083356021
2024-10-10,0.5181770210783394
2024-10-11,0.42694357630335117
2024-10-12,0.6425683181166809
2024-10-13,0.8299361024959296
2024-10-14,0.5125240776287971
2024-10-15,0.6112184272285168
2024-10-16,0.500193911287747
2024-10-17,0.6573001645038699
2024-10-18,0.7821317272933151
2024-10-19,0.44949423623267504
2024-10-20,0.7172611282436989
2024-10-21,0.5659205208557417
2024-10-22,0.5042433590461166
2024-10-23,0.5547715669884477
2024-10-24,0.516399775122457
2024-10-25,0.7524036766833359
2024-10-26,0.48611039547902807
2024-10-27,0.20287457737785206
2024-10-28,0.5646746073343465
2024-10-29,0.41541050035626964
2024-10-30,0.45642402466058507
2024-10-31,0.7485159708949151
2024-11-01,0.7295252275686818
2024-11-02,0.6113337128025215
2024-11-03,0.36395567299870973
2024-11-04,0.8186919956138825
2024-11-05,0.4010719915514663
2024-11-06,0.32380672174215197
2024-11-07,0.5211572249960741
2024-11-08,0.7323483902256629
2024-11-09,0.565706021564815
2024-11-10,0.41069044998327314
2024-11-11,0.4937549664526894
2024-11-12,0.7084281136360842
2024-11-13,0.5271735509470663
2024-11-14,0.6290033075725793
2024-11-15,0.5552258009576401
2024-11-16,0.3981566953367467
2024-11-17,0.6571440303342825
2024-11-18,0.6082274925720049
2024-11-19,0.4013518747548982
2024-11-20,0.39980511327026796
2024-11-21,0.4963671794656346
2024-11-22,0.6726906826061929
2024-11-23,0.47217945065292344
2024-11-24,0.8712970106365557
2024-11-25,0.4797900935387938
2024-11-26,0.5091381910703262
2024-11-27,0.5642456262713522
2024-11-28,0.6144376996600405
2024-11-29,0.5748989121644117
2024-11-30,0.7336525095428682
2024-12-01,0.45944685275783964
2024-12-02,0.6314284442816384
2024-12-03,0.5638832988257299
2024-12-04,0.562090857998581
2024-12-05,0.5920429855392889
2024-12-06,0.7585328349997096
2024-12-07,0.4887769575993501
2024-12-08,0.5971283635427741
2024-12-09,0.7268902801214204
2024-12-10,0.571123981249168
2024-12-11,0.7252411294726865
2024-12-12,0.6768031000570521
2024-12-13,0.5480315085545716
2024-12-14,0.6832387599893848
2024-12-15,0.17443840646360892
2024-12-16,0.2827506203747561
2024-12-17,0.8266874811977328
2024-12-18,0.7068587218212752
2024-12-19,0.3250329830484346
2024-12-20,0.6562786723166574
2024-12-21,0.6042440684385344
2024-12-22,0.3080401466857972
2024-12-23,0.668767463979409
2024-12-24,0.5577712193134904
2024-12-25,0.8419722683354458
2024-12-26,0.7403019846676769
2024-12-27,0.5254834277862839
2024-12-28,0.6576255393323673
2024-12-29,0.8032768802909108
2024-12-30,0.7251992219930863
2024-12-31,0.6174334636949416
