date,apple_options_title_score,apple_options_selftexts_score
2019-01-01,1.3314672768071139,-1.5979501702858476
2019-01-03,1.513843344852714,0.6797286882304507
2019-01-04,1.6068958829342816,1.6077370409031695
2019-01-06,1.1008176962444047,0.31449365503715915
2019-01-07,1.5933024858879399,1.5351233237615631
2019-01-08,1.598450542378658,1.6034682126046371
2019-01-10,1.5963768353329402,1.5910243990443182
2019-01-12,1.6065850315705197,1.594299232280994
2019-01-14,1.601153990696044,1.536243945563769
2019-01-16,0.6489889578301848,1.298069102051
2019-01-18,1.5991221679784555,0.8579373691273695
2019-01-30,1.5999547932159686,1.497280122710075
2019-01-31,1.6003399250190176,1.5930207647381798
2019-02-04,1.6017035007349798,1.6004570354191903
2019-02-08,1.6010717835102946,1.6018041748277432
2019-02-10,-0.9191794105894816,1.5848992871733862
2019-02-11,1.583686656672754,1.6028212564195234
2019-02-15,1.6002045997672365,1.5353147890626908
2019-02-17,1.5980408419665573,1.5946349602027736
2019-02-21,1.590713638545613,1.6160574597556743
2019-03-10,1.6005952195341837,1.6010161150360867
2019-03-16,1.5935776011822986,1.5351233237615631
2019-03-23,1.6051528195524885,0.9303409888862216
2019-03-25,1.5776120242016105,1.6018599743129227
2019-03-30,1.0993967064479133,1.5353147890626908
2019-03-31,0.15824026708635103,1.589406024083099
2019-04-02,1.6075226447083193,1.5426289212382973
2019-04-04,1.6004289379355123,1.5356078483947204
2019-04-07,1.6103854006356757,1.61004337615053
2019-04-09,-1.0769247957445378,1.5362825785535659
2019-04-10,1.5969211356491035,1.5681256009724858
2019-04-18,1.6031107061384247,1.599372160919136
2019-04-25,1.5912250328780546,1.4975224731513157
2019-04-30,0.8040651467899206,0.8004560329737893
2019-05-03,1.59753485837956,0.7475116138495715
2019-05-04,0.9196349199387517,1.6012627063041878
2019-05-15,1.6293396821282782,0.8303035455789979
2019-05-17,1.6233574795803198,1.5208099689903165
2019-05-27,1.5981495755649995,1.6009294766933295
2019-05-29,-1.5747121648358287,1.616762548945344
2019-06-02,1.602901817720497,1.6029054371930689
2019-06-05,0.7768705314126859,1.5688241073056153
2019-06-07,-0.2425396611884912,1.6005649121715024
2019-06-14,0.003933251060039994,-1.5910777036830845
2019-07-01,1.59746488756751,1.601447344439191
2019-07-07,1.5999860552423315,1.5927275369313063
2019-07-08,1.6082011764146915,1.5978492225087604
2019-07-09,1.6324401462950728,1.6323799607742204
2019-07-12,1.518852726134139,1.5915281721199408
2019-07-23,1.6009090764771472,0.6629338259697096
2019-07-26,0.9894074491285603,1.592969887372547
2019-08-06,-1.3901874176101732,1.6031820375276633
2019-08-11,1.6204350245201027,0.4282607577656459
2019-08-12,1.5945226470750218,1.601597155878822
2019-08-18,-1.589657378706476,-1.3667390616078403
2019-08-23,1.594735773824924,1.5405555293922784
2019-09-10,1.602375284730619,1.5934437432461201
2019-09-11,0.0020882309551592164,1.592969887372547
2019-09-12,1.0449860993559548,1.525606072298935
2019-09-20,1.4445833916319182,1.5560073193256463
2019-09-26,1.4687415931242827,1.6003951153447167
2019-10-04,0.7994121574391823,1.5758034217374806
2019-10-08,1.6012805880705234,1.4987436864868602
2019-10-09,1.601662831528511,1.6005269437699927
2019-10-10,1.6071437218977098,1.607109691921276
2019-10-11,1.6047162308979663,1.5974244260217476
2019-10-12,1.5954494851911813,1.6036830092939323
2019-10-18,1.5999523869257484,0.43906201022295205
2019-10-20,1.6071248609181807,1.5569449002939733
2019-10-21,1.6006520229555607,1.524748925783375
2019-10-24,1.5978161479276736,1.5772066130075735
2019-10-28,1.608000321951094,1.605247769868003
2019-10-31,1.511950607698851,-0.1659853546972824
2019-11-01,1.6045156170841754,1.6043980289623851
2019-11-03,1.601256990567328,0.021984611037792003
2019-11-06,1.5991334275012339,1.6000001236443717
2019-11-10,1.599988920408291,1.5351233237615631
2019-11-15,1.6090956652149349,1.581855999041226
2019-11-16,-1.5489975290881772,0.5112557458772186
2019-11-19,1.601044188350458,1.600928905019789
2019-11-25,1.6013998105530942,1.5498717187228093
2019-11-26,1.6375417730424822,1.6306371543506155
2019-12-06,1.5918302723823108,1.5931418109694522
2019-12-12,1.600408913555093,1.4094826148870725
2019-12-24,1.6042429022377322,1.548104470522056
2019-12-26,1.604876824077696,0.7065371774816466
2020-01-03,1.6001779234637874,1.5957960727654852
2020-01-06,-0.8287532980168641,1.6040455741273008
2020-01-08,1.6006339506667724,1.6012017909432366
2020-01-09,1.602555641194918,1.596356157337596
2020-01-10,1.601582286941406,1.5809943445837245
2020-01-11,1.6048796486313637,1.5638317005911075
2020-01-13,1.599442206153033,1.5356078483947204
2020-01-14,1.5979319439883737,1.5367654205902117
2020-01-16,1.5345139621092343,1.6021438706015803
2020-01-17,0.28236609506544624,1.6014977613446384
2020-01-18,1.4746583631605714,0.0024665278156618237
2020-01-25,1.6009141127996804,1.5978297273112188
2020-01-27,1.5542812443432221,1.587247717748609
2020-01-28,0.8383813675912558,0.5554167181464438
2020-01-30,1.5620859844175454,1.5927275369313063
2020-01-31,0.00481454169155071,1.5977067267458678
2020-02-02,1.593787685516649,1.601945694404324
2020-02-03,1.6010700424934348,1.5452536886944952
2020-02-04,1.6003306219825928,1.6010108015048006
2020-02-07,1.5990785344077467,1.5983420663753864
2020-02-08,0.7087840569347901,1.5971149940385432
2020-02-09,1.316527193979697,1.4714093222403928
2020-02-10,1.6002852938748429,1.535365674202804
2020-02-11,-0.8892219924075184,1.5852425777922006
2020-02-12,1.6002012762129856,1.592969887372547
2020-02-15,1.6015522008968355,1.597911153253414
2020-02-16,-0.0021018756227298985,1.5520669835964764
2020-02-17,1.404207568350049,1.5006187063460128
2020-02-18,0.5712891349349567,1.5338707126646804
2020-02-20,1.6012682579343784,-0.004257107027921481
2020-02-24,0.00361741637733823,1.597506859562584
2020-02-25,0.5290499555336947,1.565709249116312
2020-02-27,1.6026587726093349,1.602445102710953
2020-02-29,1.5882794974204577,1.6025378728941722
2020-03-03,1.5377695363023207,1.60135931995815
2020-03-08,0.1942431098962869,-0.8827856341339021
2020-03-09,0.5409645610964143,1.5555642627227664
2020-03-10,1.5910476730057994,0.8832706676531776
2020-03-11,1.5882863281986095,-0.12827835386797598
2020-03-12,0.12896729672881302,1.0026155573954518
2020-03-13,1.597100024833324,0.3381387687443119
2020-03-14,1.5595496765465737,1.6017355609289285
2020-03-16,1.6022148910644014,1.595535246958272
2020-03-17,1.5989316309399888,0.11945542391425835
2020-03-18,1.581357404363834,1.5762542267639905
2020-03-19,1.5982871718879579,1.3843648314792034
2020-03-20,0.642519676650527,1.4843352930344944
2020-03-21,1.6007807737626767,1.5683510373815057
2020-03-22,1.4151559767100448,1.597141659840446
2020-03-23,1.5996128885816085,1.5064958483760493
2020-03-24,1.6004121285739479,0.47230024111387825
2020-03-25,1.5129795345158996,1.3432084754584992
2020-03-26,1.600971706200312,0.7114110172908438
2020-03-27,1.6001177048748763,0.8531499811083605
2020-03-28,1.6087726515576808,1.5812380509701693
2020-04-01,1.6079004790978821,0.4709034416590555
2020-04-02,1.5991509519702225,1.3601855774781078
2020-04-03,1.604592852173362,0.8134443097968262
2020-04-05,1.599995878604198,1.497280122710075
2020-04-07,1.617801289744104,0.5549700804329044
2020-04-08,1.6040837273676352,1.360365181046549
2020-04-09,0.8339562394057337,1.3333319668903503
2020-04-10,1.5824468748052716,1.5026689106804352
2020-04-13,1.6003330110315064,1.2470883028028903
2020-04-15,1.6033458326109762,1.164949734977452
2020-04-16,1.3980880427282634,1.0153746146756355
2020-04-17,1.5601171873084192,1.4202000885543764
2020-04-20,1.602178145791417,1.5475690140742968
2020-04-21,1.6017997765275955,0.8331181019663824
2020-04-22,1.3781437886425774,1.3679349399958898
2020-04-23,1.5998677481976376,1.3391572056987193
2020-04-24,1.5995882591025516,0.6058673779586122
2020-04-25,1.418583235416702,1.5869566297364195
2020-04-26,1.3855921959059798,1.5965144092031704
2020-04-27,1.092167520043728,1.5921305371542713
2020-04-28,1.6055262566486417,0.8086313789207679
2020-04-29,1.5552592533663017,0.19239329014229078
2020-04-30,1.2105712184094175,1.3824805783826053
2020-05-01,1.6022764871094448,0.02788034001147224
2020-05-04,0.24052010599650628,1.6120345244713146
2020-05-05,1.5843667397673387,1.2452237492171334
2020-05-06,1.6137884049785987,0.9743116099811807
2020-05-07,1.59916064268653,0.7222404546151863
2020-05-08,1.587068968572443,1.0665475587960738
2020-05-10,1.6043826183982997,1.5802872265571535
2020-05-11,0.7318726286179131,1.5660933303799114
2020-05-12,1.1288881492323088,1.4373298226298843
2020-05-13,1.600174737158315,1.5863263211128553
2020-05-14,0.8009022347323871,1.4032173620730095
2020-05-15,1.6011715487398452,0.8725841111340559
2020-05-17,1.3646705441397877,1.5608852577762486
2020-05-19,1.5997276742356947,0.7111128276628613
2020-05-20,0.8780052347659264,1.5287884215596446
2020-05-21,1.6010134277281924,0.9158167074174718
2020-05-22,1.5996792754144766,0.8817710478749308
2020-05-25,1.6002924074012603,1.6002837626230757
2020-05-26,1.6011687766783589,1.547346514744199
2020-05-28,1.5870246645437949,1.234819934088188
2020-05-29,1.5702633783996505,1.4069291792140337
2020-05-30,1.5958480876394199,1.6012621733855987
2020-06-01,1.6179419316256685,1.6171678621406818
2020-06-02,1.5999890418177403,0.8340079076435158
2020-06-04,0.9020866946358769,1.497280122710075
2020-06-05,0.14405985050311335,1.3926463266179063
2020-06-08,1.5970877986432221,1.6010245010415476
2020-06-09,0.802644187686719,1.2480383875786532
2020-06-10,1.6075335655101866,1.4425657279867812
2020-06-11,1.6002337441102035,0.811987801606324
2020-06-12,1.601162478004975,0.9417316846945922
2020-06-13,-1.573479865592541,1.6011650417108525
2020-06-14,1.063095883089946,1.5808083771589636
2020-06-16,1.583404999291392,0.942352384455737
2020-06-17,0.0033262141682219516,1.0485852500118176
2020-06-18,1.5746182430842144,0.5988629236123096
2020-06-19,-0.7366868494840393,1.2298738212417617
2020-06-20,0.7866271831654965,1.1646684517185801
2020-06-22,1.1901699027640558,1.497858643566958
2020-06-23,1.5996345844231399,1.2897854755104967
2020-06-24,1.044935982744529,1.5089966468821778
2020-06-25,0.40472934904940433,0.45090998612534994
2020-06-26,0.790177206335997,1.0487881038035163
2020-06-27,1.6006845896756696,0.027253839076609228
2020-06-28,1.604064354668712,1.5880231138340402
2020-06-29,-0.6505933873795179,1.5941283002553002
2020-06-30,0.8007355315302478,1.3940817635248663
2020-07-01,0.7999055777211374,1.2021219386503454
2020-07-02,1.6014781987979547,0.9705715565341718
2020-07-03,1.608157337663297,1.6081173630522418
2020-07-05,-1.5966403709349453,0.4911387404801559
2020-07-07,1.5989812493291096,1.1037097411760994
2020-07-08,1.5862162725138644,1.5450989866419864
2020-07-09,0.7986027511052322,1.0883925979797036
2020-07-13,1.6112748150040386,1.611623027614122
2020-07-14,0.8257875648396941,1.0197921204013831
2020-07-15,1.5587006304386704,0.6979223903559512
2020-07-16,1.5812833333379404,0.28272094962673067
2020-07-17,1.600258954703793,1.4854075857233355
2020-07-18,1.6034213694218085,1.5953376544419449
2020-07-20,1.6244097437605383,0.8314064962884765
2020-07-21,1.6002261306892889,0.7971499722753704
2020-07-22,0.45425322642321203,1.061078448058557
2020-07-23,-0.2647612905394936,1.516565160773018
2020-07-24,1.0682060154596849,1.4672024700000497
2020-07-25,1.6002868932216114,1.4975224731513157
2020-07-26,1.5952663770064806,1.5935594018288333
2020-07-27,1.3044545743777012,1.0045248964021845
2020-07-28,0.7458412146606936,1.2777396518152393
2020-07-29,1.613815244709334,1.613749986157399
2020-07-30,1.6033955240936493,1.110926396310177
2020-07-31,1.259486024114191,1.2762340123202014
2020-08-01,1.6102362457958281,1.609962695736251
2020-08-02,1.3862135620821527,1.5868409745712615
2020-08-03,0.745694223496432,1.5772745322203903
2020-08-04,1.5941395943049055,0.6847800064254819
2020-08-05,1.5657405483877511,1.2663016884518483
2020-08-06,0.5333446117924522,1.1258899113390288
2020-08-07,1.2351873853942152,1.4889334498623108
2020-08-09,1.5720962593773244,1.5962242930296267
2020-08-10,1.598901079861549,1.5779745607556122
2020-08-11,1.584199277788807,1.5663179976856902
2020-08-12,1.601833456423439,1.5798853671520559
2020-08-13,0.8924597484600856,1.5500088599288895
2020-08-15,1.6073133830648174,1.399792594598915
2020-08-16,1.6033652278884145,1.588489433916526
2020-08-17,1.4491971690103758,1.1169063444080998
2020-08-18,1.5980476778751105,1.5707314945846516
2020-08-19,0.9817897546444353,1.5644364464416711
2020-08-20,-0.2733904509340056,1.5953332225671601
2020-08-21,0.9233198792100606,1.5708975964742173
2020-08-22,1.5745159827288595,1.5659516942450906
2020-08-23,1.1483195652883222,1.1498870677600004
2020-08-24,1.6006914992190764,1.2529586638173862
2020-08-25,1.1650519612025008,1.1095547125774978
2020-08-26,1.3918198843991538,1.490298367250505
2020-08-27,1.5831307806038886,1.589670797831509
2020-08-28,1.2961850057577549,1.132687232498727
2020-08-29,0.8186503107674438,1.1443759421987185
2020-08-31,1.0955651716364083,1.359026181425277
2020-09-01,0.7130999473796626,1.338758425731278
2020-09-02,1.1054487843287286,1.4076866584312937
2020-09-03,1.599814639849719,1.5516709336511945
2020-09-04,1.3089161654717276,1.4309016933169934
2020-09-05,1.1801648700673355,1.536522585361598
2020-09-06,1.6159955298802529,1.6162755653939505
2020-09-07,1.6022679568359532,1.492825929740195
2020-09-08,1.6022597613418799,1.5972614032490933
2020-09-09,1.5938631716854559,1.557797641435086
2020-09-10,1.1683508661721596,1.3533273670440358
2020-09-11,1.5972641740176954,1.6016400094808614
2020-09-12,1.6012730511623583,1.6020819046979624
2020-09-13,-0.2105749516235759,1.4774912517259589
2020-09-14,0.8139629974792311,1.5734266477579166
2020-09-15,1.6087896607495544,1.5696567019011431
2020-09-16,1.34101333756726,1.0320087600817964
2020-09-17,0.8083246367251352,1.5938324223488278
2020-09-18,1.1444481104374822,0.966988448364587
2020-09-19,1.6026168422813534,1.2275621608813598
2020-09-20,1.6009002579696345,1.0479022728183256
2020-09-21,1.601898492841827,1.5390379069305027
2020-09-24,0.7649828450236733,0.8741496937886003
2020-09-25,0.5444775084888486,1.1293117935467933
2020-09-27,1.617310403819732,1.6123227024095113
2020-09-28,1.517205236671814,1.568622459788769
2020-09-29,0.8047876542542768,1.573113612769947
2020-09-30,0.796290004624052,1.5540654010535944
2020-10-02,1.6040453923210465,0.8981050786080047
2020-10-05,1.5938657386606188,1.5880933371056591
2020-10-06,1.5939726137410264,1.5286168882258255
2020-10-07,1.6048143084784199,1.6028502197799384
2020-10-09,0.008099926757511474,1.0603520656354002
2020-10-10,0.8023358994374814,1.6010660523064617
2020-10-12,1.6007104506820482,1.5365802834264117
2020-10-13,1.607486937103289,1.5845070081733308
2020-10-14,1.571979224338024,1.5842304945714787
2020-10-15,0.6554402430309528,1.114125919317042
2020-10-16,1.0680994145180174,1.519919347091042
2020-10-18,1.611235475398283,1.5440607794731163
2020-10-19,0.9710161373438675,0.6081540653864167
2020-10-20,0.8963943858339327,0.7229493124117107
2020-10-21,0.5358438634659929,1.5885811936404803
2020-10-22,0.0043150122309773,0.01256999567094541
2020-10-23,1.6239375941908143,1.5590545563095408
2020-10-24,1.5258907037629048,1.5716085129484791
2020-10-26,0.9119679788652832,1.1866950952923712
2020-10-28,0.7771492891301852,1.1258261050304532
2020-10-29,1.4794566495752326,1.5617636616068626
2020-10-30,1.5999893252313466,1.573171732980832
2020-10-31,1.5938214161314919,0.36676017048074355
2020-11-01,1.6016492881861095,1.603760760748063
2020-11-02,1.264151074977125,1.6007956853754146
2020-11-04,1.1061739136221305,1.5860932811909692
2020-11-06,1.5942635903627793,1.592969887372547
2020-11-09,1.6497081334843666,1.1309291404299076
2020-11-10,1.6293728636013165,1.6291036236459984
2020-11-11,1.6061521618778887,-0.0035477091691615307
2020-11-12,1.3202739336177403,1.5943352896583285
2020-11-13,0.03011070822052731,1.5284381374344387
2020-11-16,1.617004573291426,1.6158645897634116
2020-11-19,1.2534647998454356,1.3706942811661655
2020-11-20,1.603837377480128,1.5854534483447076
2020-11-23,1.6101335916491135,1.2049814740551201
2020-11-25,1.5821528579482034,1.4975224731513157
2020-11-26,1.6002726546723658,1.4975224731513157
2020-11-27,1.0584913211832616,1.4538757903703676
2020-11-28,0.8390162307844349,1.5739904373276736
2020-11-29,0.8045682499590537,1.6029612991531232
2020-11-30,1.5960773015178065,1.5818051327305909
2020-12-01,1.580382885793975,1.172252783996731
2020-12-02,1.6025736280636722,1.6031567444188561
2020-12-04,1.6001432152965003,1.5904337250485603
2020-12-06,1.602924753130103,1.6021371770425707
2020-12-07,1.6006778519953477,1.6001324878538277
2020-12-08,1.455170206053529,1.593656643351527
2020-12-09,1.1663353799386,1.5709770334582398
2020-12-10,0.8054522859456136,1.6000463897513604
2020-12-11,1.5913317503378375,1.5977812725582445
2020-12-12,0.0729372100483961,1.6129711573826662
2020-12-13,0.03905694226391589,1.6056879638624424
2020-12-15,1.200978725777315,1.5824135347032044
2020-12-16,1.600423841443502,1.3812684840753153
2020-12-17,1.5957671581805197,0.80211619884254
2020-12-18,1.6015646647112725,1.595766224953594
2020-12-20,1.059250227876254,1.5868664468036442
2020-12-21,1.0170994954218662,1.497280122710075
2020-12-22,1.5800931971995924,1.5137369606779953
2020-12-23,1.6021268789782015,1.6010822950937333
2020-12-24,1.4556380251353267,1.6012726519092904
2020-12-25,-0.9105516151627753,1.6046331091149388
2020-12-26,1.5924817199229582,1.577250255593863
2020-12-27,0.5299817590554009,1.6432625678213917
2020-12-29,1.5983139265846793,0.8284909088747228
2020-12-30,1.6012063799545064,1.6014301873781605
2020-12-31,0.5994268304097631,1.069208545837686
2021-01-02,1.5672600772555014,1.0573267709994896
2021-01-03,0.5275211463638185,1.602855847398554
2021-01-04,1.6008920430363307,1.6018088914459816
2021-01-05,0.5358302780419023,1.0965681367049103
2021-01-06,0.4885336249344766,1.4470196668302822
2021-01-07,1.6003186766588169,0.546381901268958
2021-01-08,0.5421154285383284,1.6020967575596639
2021-01-10,1.5935046324503217,1.3884188348555955
2021-01-11,-1.5982512918311758,1.6009066391114632
2021-01-12,1.6155532758506657,1.6155964228389181
2021-01-13,1.6486775353943943,1.6516764568305091
2021-01-14,1.5997643595151883,1.497280122710075
2021-01-15,1.6138278581196064,1.6136128299145132
2021-01-16,1.4838220637923052,1.5853500826351996
2021-01-17,0.29763251483685194,1.6044131219103326
2021-01-18,1.6313088954815989,1.65585350478607
2021-01-19,1.5951172276771588,0.02179895442757085
2021-01-20,1.06244443250274,1.3678445098938037
2021-01-21,1.6010759926964542,1.6003437526654203
2021-01-22,1.5411855139154769,1.3301708280953908
2021-01-23,1.5483028563722843,1.5193098328036114
2021-01-24,1.55242332620284,1.585588888282668
2021-01-25,0.9802697584695332,1.5889329036898654
2021-01-26,1.5981258646374565,1.1933322249863154
2021-01-27,0.6831364467691243,1.5715772762217282
2021-01-28,0.4757451768597781,0.8009918298775767
2021-01-29,1.5285549205375855,1.5809844350102054
2021-01-30,1.540822311639992,1.4406985750096026
2021-01-31,1.4587271806482054,1.5409182906929113
2021-02-01,0.7593910220738912,1.3171160892580804
2021-02-02,0.05537929722954449,1.4911171936672534
2021-02-03,1.5148094964566075,1.3648609657286666
2021-02-04,1.190059906797547,1.5516359580261168
2021-02-05,1.5469702521946747,1.2777701696405686
2021-02-06,0.7027319254180024,1.0079410908652848
2021-02-07,0.5235190899940991,1.0957142899197265
2021-02-08,1.163585388311073,1.508150894098908
2021-02-09,1.220419155455694,1.5924182641629274
2021-02-10,1.6075780033813278,0.8166984385383222
2021-02-11,1.0771488522607497,1.4211104032518298
2021-02-12,1.09329856676576,1.5898863861729748
2021-02-13,1.2890760992690673,1.4284873732052648
2021-02-14,1.5533285095609113,1.3775891783723253
2021-02-15,-1.5939051647164477,1.6034013198583528
2021-02-16,-0.3152477958925286,1.5984454864024809
2021-02-17,1.6116568577760915,1.514442529071733
2021-02-18,1.489034719738771,1.4418953106967518
2021-02-19,1.4165758666544865,1.3008031548131962
2021-02-20,1.6360888823660378,1.4397531958616252
2021-02-21,1.5968704075020206,1.6011443336395574
2021-02-22,1.5615474782265382,1.1498797165790038
2021-02-23,0.6244758057280443,1.3377290479993318
2021-02-24,1.6009407770143778,1.1855547654602023
2021-02-25,1.60484879341191,1.582031707427237
2021-02-26,0.8025558224808256,1.059089706378246
2021-02-27,0.7501873975708162,1.5593815406933935
2021-02-28,1.1963050468333603,0.8285088624691821
2021-03-01,1.0467563525466896,1.532207751729624
2021-03-02,1.0815874964584902,1.0325691978557103
2021-03-03,1.575249106673949,1.5590125592838064
2021-03-04,1.2874373977937592,1.3715083344180352
2021-03-05,0.972500740319196,1.5060913293433658
2021-03-06,-0.3392876686258886,1.6004350029308858
2021-03-07,1.600273136349185,1.1686706167382348
2021-03-08,1.6068920210907762,1.4305613026725106
2021-03-09,1.5483555444718393,0.3141215973864398
2021-03-10,0.7315597592438102,1.1000406605358142
2021-03-11,1.6012199232789543,1.6012207644678726
2021-03-12,1.60075895207784,1.6007577995711753
2021-03-13,1.5983923929339023,1.5540852392921287
2021-03-15,0.7071100958209003,1.0187027033410472
2021-03-16,1.3868018824975838,1.3460567911198664
2021-03-17,1.4120344540367091,1.5943696337599549
2021-03-18,1.6068793867721158,1.5829916612513724
2021-03-19,1.2726761955612929,1.1056764267803667
2021-03-20,1.5694991690875224,1.3546270299923677
2021-03-21,1.6001437113383647,1.5163228984564394
2021-03-22,1.6100945515660865,1.3211872587121132
2021-03-23,1.0299055258862655,0.9122721422660766
2021-03-24,1.0043393025980054,1.5025850481650371
2021-03-25,0.5803819572892502,1.2100173608642122
2021-03-26,1.600149561531936,1.6001493735184662
2021-03-27,1.2535660492885339,0.7487448236018934
2021-03-28,1.611384617350658,1.6113644717966589
2021-03-29,1.5877513539680108,1.6040500639026858
2021-03-30,1.6032573756886213,1.6017826908722954
2021-03-31,1.0301070483596786,1.5557884024573803
2021-04-01,1.0672581388497828,1.0657551675079528
2021-04-02,-0.9575900676379088,1.53700657932104
2021-04-04,1.626044106776611,1.6240381604349605
2021-04-05,1.6466653862311889,1.6472592226795553
2021-04-06,0.6215335979649659,0.07080373732226954
2021-04-07,1.1935109101157033,1.5464252017901035
2021-04-08,1.0254542633214565,1.5345805475560894
2021-04-09,1.0737397512287212,1.5247851617665433
2021-04-10,0.8610983260029891,0.4621044420271884
2021-04-11,1.074271097739314,1.6048669216662443
2021-04-12,1.6070830337874256,1.4885931190723831
2021-04-13,1.6031585131129873,1.284330779414919
2021-04-14,1.5619735742071108,1.2786686157560738
2021-04-15,1.3310259114888459,1.5836208356401305
2021-04-16,1.1190947472220352,1.3969762756599091
2021-04-17,1.6042234014524046,1.1703686165972138
2021-04-19,1.2594480506665935,1.5703383447219113
2021-04-20,0.8495770815855793,0.8294588777668945
2021-04-21,1.6012555218249296,1.5952868911446874
2021-04-22,1.0677895286284895,1.3937997118100778
2021-04-23,1.6035709532281166,1.6089500568861432
2021-04-24,1.2874489774336446,1.3538139095315376
2021-04-25,1.6260297176837617,1.6247810474416315
2021-04-26,1.6013207670687317,1.5990229882124662
2021-04-27,1.5839868300817674,1.1225897311467712
2021-04-28,1.12639123431868,0.5908350644289533
2021-04-29,1.6079808096394026,1.0593277110803014
2021-04-30,0.9908179455754239,1.3749800724227663
2021-05-01,0.2595329642083383,1.604868398574947
2021-05-02,1.6373364573877156,1.6370891527137605
2021-05-03,1.201531379847267,1.5812300166642235
2021-05-04,1.3353318846704678,1.1316647135480327
2021-05-05,1.5763681216808494,1.5661233791575797
2021-05-06,1.1752411390979316,1.2809293229519347
2021-05-07,1.1081471663905356,1.5015056433998908
2021-05-08,0.0395356901633348,1.4682476927025052
2021-05-10,1.6001447338713388,1.597869260537102
2021-05-11,1.5957784783344369,1.6015955069917764
2021-05-12,1.4287598364284642,0.022076863053852702
2021-05-13,1.5980197752442902,0.7245683841713504
2021-05-14,1.1233618778027243,1.5585505105398412
2021-05-15,1.0775210059088893,1.0759845871381042
2021-05-16,1.596516731833635,1.5996070608206028
2021-05-17,1.6020284562382772,1.5909056954935903
2021-05-18,1.600347478825504,1.5980284143040802
2021-05-19,1.6030506543087555,1.5821558327257217
2021-05-20,1.6005000610490623,1.5977915539497938
2021-05-21,1.60039581795139,1.5983261129921424
2021-05-23,0.005746791089917047,1.5967059508486308
2021-05-24,1.6019120572827097,1.599957740930368
2021-05-26,1.6005001321259131,1.5988553738118219
2021-05-27,1.600246939549647,1.5983453445188136
2021-05-28,1.600347828323674,1.5991769878221043
2021-05-29,1.6027158571510174,1.6026186417270727
2021-05-31,0.7986796604248791,1.6260952470977896
2021-06-01,1.2460467961633268,1.437742192563625
2021-06-02,1.604203343967735,1.1303577446617281
2021-06-03,1.5985926006391828,1.5816971447883
2021-06-04,1.6027566662472827,1.6007901947222012
2021-06-05,0.804026068502459,0.8041138664155526
2021-06-07,1.5961531721473996,1.5990876454822662
2021-06-08,1.6021011775480605,1.5995771100045286
2021-06-11,1.6050244721851885,1.2643857252277446
2021-06-14,1.6000484124268994,1.4975224731513157
2021-06-15,-0.04395265009418414,1.51644407367706
2021-06-16,1.6067021359491118,1.6042586340749263
2021-06-17,1.584543908676329,1.5539010204595005
2021-06-18,1.6028561694384291,1.601404884960712
2021-06-19,1.6019888616206737,1.473714833997954
2021-06-20,0.6748054633835205,1.5948754058140915
2021-06-21,1.6235411190330218,1.6235205001266886
2021-06-23,1.603451309973135,1.6034656471398387
2021-06-24,0.1310633834208914,0.0009629626533543822
2021-06-25,1.5269613844481873,1.454240551728949
2021-06-27,0.5523184823713088,1.2558187794696942
2021-06-29,0.003476498267292445,1.5543974070666502
2021-06-30,0.4219600087173552,1.618675700680946
2021-07-02,1.0826481848607632,0.9476219783695606
2021-07-03,1.5963961737799401,1.4972292005205086
2021-07-04,0.48399431491555184,1.5928208827329184
2021-07-05,5.092229349214209e-05,1.497280122710075
2021-07-06,1.1292841174585293,1.642356466417078
2021-07-07,1.0443198654279882,0.4146508122722571
2021-07-08,1.5938814019498888,1.5740554499528792
2021-07-09,1.5861521429993093,1.5489348601875619
2021-07-10,1.586947621122294,0.42088617272616363
2021-07-11,1.585158860039446,1.5756491106837898
2021-07-12,1.599034571892492,1.5844727462042119
2021-07-13,1.6100031285743828,1.607348881711711
2021-07-14,0.6421959783675593,1.5173206591046744
2021-07-15,1.1626878687052418,1.5433202991376633
2021-07-16,1.546808655969522,-1.4267868806849064
2021-07-17,1.4381160525643115,1.2301344229667754
2021-07-18,0.879007117046013,1.5902407671479106
2021-07-19,1.6023676557722322,1.5998606705430287
2021-07-20,1.6002458501098022,1.5989739474290252
2021-07-21,1.6003370817002296,1.5564226708007312
2021-07-23,1.5944973842733872,1.5983194814029775
2021-07-24,1.6479835513212222,1.6495950813149012
2021-07-25,1.618399356985916,1.4726137325932087
2021-07-26,1.6011623568641407,1.5992843871568558
2021-07-27,0.2736437248138209,1.0781740253085619
2021-07-28,1.2037790781321367,1.1861437497363962
2021-07-30,1.6033400390147214,1.5807061093426191
2021-08-01,1.6225862166298133,1.6225286463836808
2021-08-02,1.600489505671261,1.5985925931134093
2021-08-03,1.610929985880447,1.2106329786874699
2021-08-04,0.07055966304914191,0.964003180227746
2021-08-05,0.05378982919566422,0.8054398723986543
2021-08-07,1.6126624687477114,1.5755692426532724
2021-08-08,0.4753458030132103,1.7166909271185098
2021-08-09,1.070589601056106,0.9708806210784623
2021-08-10,1.6009397829284835,1.6003454378171689
2021-08-11,1.6001455705248246,1.5984976542596545
2021-08-13,1.6371254019061527,1.6372363060848818
2021-08-15,1.626062405249763,1.6103764259620743
2021-08-17,1.0666276105383887,1.0692631092497538
2021-08-20,-1.5128566404916173,1.600206294214753
2021-08-23,1.5303173531815204,1.603076593119803
2021-08-24,1.6208883883284593,1.5736036405161142
2021-08-25,0.8507387778747512,1.5403508215584518
2021-08-26,1.602201151656379,1.6005187060044441
2021-08-27,1.6323284508716556,1.6320422436544768
2021-08-29,0.0002932726315849907,1.4975224731513157
2021-08-30,0.9582375794690875,1.3364455407442026
2021-08-31,1.600805637788985,1.5990559024650768
2021-09-01,0.006016895512605203,1.5975496934084497
2021-09-02,1.59947467594966,1.5398819939198924
2021-09-03,1.3639433609242864,1.598411424556986
2021-09-04,0.06805035761560098,1.2818618909657218
2021-09-06,1.4818903717616032,1.5495330005671977
2021-09-07,1.598777772734902,1.5823010898274252
2021-09-08,1.6061313212428345,0.39843293591036644
2021-09-10,1.6005181160821473,1.5362825785535659
2021-09-13,1.6000915488659007,1.5988271805162246
2021-09-14,1.6003099054396612,1.567300538460528
2021-09-15,1.4149960232531185,1.5961429728496404
2021-09-17,1.656432265106109,1.6558229920912513
2021-09-19,0.8073787315259449,1.3474689865246892
2021-09-20,1.6137868071412025,1.6123502185982075
2021-09-21,1.6014844341763332,1.6011256976208377
2021-09-22,-1.5665737018785795,-1.0951001256150361
2021-09-23,1.6050153753994412,1.542742606306044
2021-09-26,1.6045029359827907,1.603109857061783
2021-09-27,1.6032137143750222,1.6021526613630814
2021-09-28,1.5104752895828801,1.6001298266471828
2021-09-29,1.6011750198983088,1.5998976262164812
2021-09-30,1.6023439477900936,1.552304160008241
2021-10-01,1.6016787384253357,1.559225646120308
2021-10-02,1.6149436365714593,0.6992599346128762
2021-10-03,1.5161490654627603,0.9782985693748053
2021-10-04,0.6356215491394845,1.5847893481664703
2021-10-06,1.3358989204810596,1.5718451377455138
2021-10-08,1.6747091666660971,1.6272361853104769
2021-10-10,-1.342258275088501,1.6281090263038358
2021-10-13,1.6007566699759344,1.598952536508686
2021-10-14,1.6043186400410052,0.8216301472788692
2021-10-15,1.6108058520220405,1.614893943683199
2021-10-18,1.600440020129229,1.5991378077238005
2021-10-19,1.6002483078460414,1.5985395433994352
2021-10-21,1.6333495976519872,1.6312821137490068
2021-10-22,1.6046581968778222,1.5989772807079716
2021-10-23,1.603856191701231,1.1688638057708007
2021-10-24,1.6103151574797867,1.5227819640474456
2021-10-25,1.6000963602540454,1.598314964788044
2021-10-26,1.6002357914372634,1.6002264470189977
2021-10-27,1.6012725552293674,1.6012171938883806
2021-10-28,1.5841538695402158,0.7866286404235676
2021-10-29,0.7212730953974313,1.0114474520761096
2021-11-01,1.6004944648974826,1.5997133568509767
2021-11-02,1.60020629787118,1.5656224252890405
2021-11-03,1.6014205417037601,1.6005152293249587
2021-11-04,1.5921368055621246,1.5697811299533653
2021-11-05,-1.3456297200127478,0.39913289161703663
2021-11-07,1.6033665045465404,1.6033709536858558
2021-11-09,1.5586424222992181,1.5867208903409356
2021-11-10,1.6002977399975333,1.5987789239901402
2021-11-12,1.5984044403098288,1.5796862774817795
2021-11-13,1.6035325511156562,1.6035232347914385
2021-11-15,1.6015177834411067,1.6015090839677084
2021-11-16,1.5825913570766907,1.597900449039213
2021-11-17,1.598483883401863,1.4282784696381077
2021-11-18,1.601889145183701,1.572708569817066
2021-11-19,1.4380885442266664,1.1496584970204111
2021-11-20,1.6051842455037266,1.4249959488608264
2021-11-21,1.6008197040624426,1.549681123608493
2021-11-22,1.5998451901217368,1.5368212690444432
2021-11-23,1.6012545880772842,1.5491045789568525
2021-11-24,1.559141710033332,1.5987996637338158
2021-11-25,1.5965542021348451,1.579250416469352
2021-11-26,1.600997315054024,1.5973180097840245
2021-11-28,1.3781412948792713,1.6012954027042219
2021-11-29,1.5845647339631883,1.567510706223961
2021-11-30,1.6007651626622799,1.5603876845820999
2021-12-01,0.8148200487180166,1.5861743769800638
2021-12-02,1.6054828805217034,1.5801032633372074
2021-12-03,0.20703019470219727,1.5963327093982014
2021-12-04,1.610737193152036,1.4596459421876404
2021-12-05,1.6080023974061899,1.6079953318118796
2021-12-06,1.5928660437258415,1.5874428195867571
2021-12-07,1.61929510368037,1.207218000478979
2021-12-08,0.6090630096229014,1.5791134448341673
2021-12-09,1.5982280371175337,1.5814391521654685
2021-12-10,1.3904746911400663,0.9644240720991948
2021-12-11,1.601605283538293,1.6019223157249485
2021-12-12,1.6048086577243896,1.5831329623100994
2021-12-13,1.601117348030641,1.6011234888805137
2021-12-14,1.4992732307546173,1.6019187271144308
2021-12-15,0.7989950049592042,1.569949362670335
2021-12-16,1.605345966434018,1.6053465490302556
2021-12-17,1.5913504197565895,1.5768945735409017
2021-12-18,1.6000945156097213,1.6000880634490957
2021-12-19,1.4588317954747905,0.8060281902874832
2021-12-20,1.602262221563379,1.6002056959210833
2021-12-21,1.6008107268812841,1.6010210019794457
2021-12-22,0.0021368759175818563,1.5374635610526712
2021-12-26,0.5437131793369359,1.4732475663604394
2021-12-27,1.6700409585514935,1.6749463288288433
2021-12-28,1.6010944058543266,1.048484458944091
2021-12-30,1.5952542455698033,0.8104389184513641
2021-12-31,1.6042110973824764,0.004219115376464305
2022-01-02,0.9180708491011308,1.0478133437019472
2022-01-04,1.6055142963125282,1.6054857186625446
2022-01-05,-1.598132422906726,1.5998143858945757
2022-01-06,1.5261711308463723,0.8003428491359822
2022-01-09,1.6024555260439224,-1.5949251194718714
2022-01-12,1.5926506870550738,-0.0667026236253426
2022-01-15,1.5304496738361049,1.6023961536026567
2022-01-17,1.6042700034993682,1.6042102539526908
2022-01-21,1.60100645619849,1.6007468048583409
2022-01-23,1.6197789950217176,1.5548936579015926
2022-01-24,1.600349343475436,1.5354867612987622
2022-01-25,0.8249859087173639,1.5774540322073425
2022-01-26,1.6010061116368728,1.583731463439923
2022-01-27,1.6012027850400483,1.5359141604589972
2022-01-28,1.642292562962814,1.3285703929793322
2022-01-30,1.0734072615001626,1.255488075315149
2022-01-31,1.6002558829337492,1.535365674202804
2022-02-02,0.016990708799206597,1.606680908974905
2022-02-03,1.6001968916171458,1.5491057184676076
2022-02-04,1.5081232587512043,1.5352444989821836
2022-02-06,1.605973165562986,1.59074710962045
2022-02-09,1.5936191978540792,1.601939349342778
2022-02-12,-0.42368551046665937,0.22916523841821201
2022-02-13,0.8038419250459775,1.327246845408848
2022-02-19,1.2850563281711933,1.6035976480620093
2022-02-20,1.6009985885306877,1.5998579633416286
2022-02-21,1.6181911033772853,1.6059618797820543
2022-02-23,1.5995602842453058,1.582281621596579
2022-02-25,1.598481691364913,1.5356586887760724
2022-03-01,1.0200359853541365,0.8138708954908355
2022-03-02,0.540104743429677,1.6581062014118533
2022-03-07,1.5873742971963423,1.5693481921751427
2022-03-12,0.008729614523976482,0.7881759785591259
2022-03-15,1.6114336804265823,1.5866657624994756
2022-03-16,1.602519444233842,1.6022564120751206
2022-03-17,1.6017488879027955,1.6017359116700447
2022-03-18,1.605019779384092,1.5994394050604759
2022-03-20,1.6119358216490167,1.612768903869494
2022-03-21,1.600678217322065,1.5755593558911165
2022-03-23,0.0010192711751663504,1.498248468003209
2022-03-24,1.6098434125516987,1.608598404199766
2022-03-25,-1.546202627257884,1.6033371642520562
2022-03-26,1.6024278647630885,1.5929251753729576
2022-03-29,1.4809120709822854,1.6015006771792315
2022-03-30,1.6014521353506712,0.9245152740181253
2022-03-31,1.6008672032864277,1.5500577613527866
2022-04-04,1.1366764861056944,1.592919002232434
2022-04-05,1.6009511421875735,1.600940028637932
2022-04-08,1.249275470945863,1.6024728727833846
2022-04-13,0.006906618139037812,1.205449461124032
2022-04-14,1.61074645511281,1.6109429205163401
2022-04-15,1.6034251640629973,1.5253775691833529
2022-04-18,1.6015684658751577,1.541545009187441
2022-04-21,1.6018135803964397,1.5948517767007442
2022-04-22,1.601924449886038,1.5957251051527603
2022-04-23,1.6056089319375355,1.5983575991489656
2022-04-25,1.6106140746152682,1.5780194321415975
2022-04-27,1.592866845782597,0.00849595958302011
2022-04-28,1.6000978889366555,1.535365674202804
2022-05-02,1.6001586799213205,1.5356078483947204
2022-05-05,0.740130666328951,1.5582678856121432
2022-05-09,1.3790652674527053,1.560375043097628
2022-05-13,1.609095570693236,1.5798223740438764
2022-05-15,1.6002322480649338,1.535365674202804
2022-05-17,1.6079236214401145,1.5936999672471932
2022-05-21,1.605072164116285,1.6034911283774067
2022-05-22,1.5917590001216502,1.6189216112486244
2022-05-24,1.5465412196979442,1.535365674202804
2022-05-25,1.6315914214983704,1.629314043574976
2022-05-28,1.6009612658381491,1.59967443984769
2022-06-04,1.6018888057598695,1.575878186691989
2022-06-05,1.6080538000177225,1.1096177612865596
2022-06-07,1.6109893153109849,1.5982460599912705
2022-06-13,1.5618760894517107,1.535365674202804
2022-06-16,0.0466095526889797,1.6033895556818876
2022-06-19,1.1155724154105457,1.5942377083380066
2022-06-21,1.6015080356278941,1.6018441882798855
2022-06-27,1.507526839854943,1.5356078483947204
2022-06-30,1.6044132769116204,1.5472559130088692
2022-07-06,0.0371470401139627,1.6318447545249393
2022-07-07,0.006483324491709425,1.5415557213631994
2022-07-14,1.620417508443992,1.6195636736063694
2022-07-16,-1.59368099194678,1.5939980692873073
2022-07-18,1.6094912737919855,1.5751040258716804
2022-07-21,1.5522958318074835,1.2837471494790411
2022-07-22,1.6000117195877983,1.5048972330086208
2022-07-24,1.6090859944109699,1.5767702150083172
2022-07-31,1.5921999460544731,1.497280122710075
2022-08-02,1.5934957402957872,1.606919489551185
2022-08-03,1.6030720581814495,1.5787251339377426
2022-08-05,-1.579628606300055,1.596061002301653
2022-08-07,1.088488394214387,1.5440670603023623
2022-08-09,1.6000187158627408,1.5351233237615631
2022-08-10,1.602707378343783,1.1512945413633235
2022-08-13,1.620706213819134,0.8838493302465588
2022-08-17,1.5196587013914513,1.4977646473432322
2022-08-18,1.3926941180148587,1.363400881230721
2022-08-19,1.6021686140127893,1.4274747557944543
2022-08-24,1.2001370033824208,1.55460731419809
2022-08-26,1.5979749895117301,1.6007836995518012
2022-08-27,1.6022363654949712,1.598698803297275
2022-08-30,1.601178652514291,1.600457893744503
2022-09-01,1.390909111701902,1.614591690622716
2022-09-05,1.6460487527247167,1.4579966553497474
2022-09-08,1.6055054182549988,1.608824562992335
2022-09-09,1.6023380017449587,1.6023422929686806
2022-09-10,0.5452346750899071,1.0618365923444197
2022-09-12,1.6143296396955809,1.1001141368271472
2022-09-15,1.60510983537984,1.6057294365784351
2022-09-16,1.6001918198524228,1.4975224731513157
2022-09-19,1.579405953849219,1.5316538238828776
2022-09-20,1.4740225216907687,1.601360577467137
2022-09-25,1.614473568835865,1.6142468526799503
2022-09-28,1.5977540465951263,-1.5990245607401739
2022-10-01,1.5938987595291376,1.4975224731513157
2022-10-08,1.5294790888581484,1.5977120330163321
2022-10-12,-1.5933751773940992,-1.594987211516238
2022-10-13,1.600813503249587,1.6005616956220352
2022-10-14,1.5733924155782828,1.6167436900988945
2022-10-15,1.6029165471464584,1.3133665151952336
2022-10-16,1.6029966418797463,1.592240374653971
2022-10-17,1.6002585563043676,1.4975224731513157
2022-10-18,1.6036970058710478,0.6777557661993912
2022-10-24,1.6016770734252372,1.500302985576144
2022-10-25,1.6020996141806796,0.7696492978073053
2022-10-27,1.600037553978015,1.497280122710075
2022-10-28,1.6068545977096615,1.6064680972365917
2022-10-30,1.609438899787086,1.6044698605593373
2022-11-02,1.6165680897080752,1.4813103198103534
2022-11-06,1.6084331240171672,1.6089845775332452
2022-11-14,1.6032429062285147,1.6031906861024052
2022-11-15,1.599829437297351,1.32455975609174
2022-11-16,1.600376197263777,1.601647240345927
2022-11-17,1.6015633261399043,1.5960058471249379
2022-11-18,1.6045203750937294,0.018251338685535964
2022-11-19,0.8291910621324788,1.5792884125901443
2022-11-20,1.6139960536850257,1.6134403437247389
2022-12-04,1.6046798846627128,1.6040123856675232
2022-12-05,1.6030314400969554,1.6037214600047038
2022-12-07,-1.5990216592616115,1.5960921013644296
2022-12-13,1.5339376236202644,1.535365674202804
2022-12-14,1.601029761044867,1.6005993228665236
2022-12-15,1.5940528479986673,1.497280122710075
2022-12-17,1.6002386587193327,1.6002906155797991
2022-12-20,1.6010372255204053,1.5798728271149547
2022-12-22,1.601929365565585,1.1583272884493825
2022-12-24,1.6024294381501998,1.6110176182307197
2022-12-27,1.6011701103577083,1.573550873469648
2022-12-31,1.6035153633980768,-0.5225076441603113
2023-01-03,1.598371580799387,1.6185850608090777
2023-01-08,-0.022502892724139103,0.09161900615104737
2023-01-16,1.6070987165051391,1.6070822460419505
2023-01-26,-1.5982876195038827,1.5943817265895015
2023-01-29,1.6178309392241779,1.6162288521810009
2023-02-01,-1.594275454878279,1.5290401363540678
2023-02-02,1.6068642392829602,1.6068405211893748
2023-02-03,1.6274036095635533,1.6253764736677623
2023-02-05,0.9673325610787386,1.1397760286645309
2023-02-06,1.6017832843441104,0.001806526907543015
2023-02-17,1.600776159435657,1.6008601456348266
2023-02-22,1.6096447941265364,1.5997892775062876
2023-02-27,-1.4133683681692912,1.591140125711707
2023-03-02,-0.08897321663377349,0.006181284605788004
2023-03-06,1.5991889243727468,1.592969887372547
2023-03-07,1.5993255615747426,1.215676546322033
2023-03-09,1.6011450629468031,1.601172953216296
2023-03-14,1.6014915672235168,1.0321890106569769
2023-03-15,1.6004915239794757,1.5337341976618624
2023-03-16,1.600569923908634,1.5839738983014249
2023-03-21,1.6003406673863598,1.604895972785308
2023-03-22,1.6117750823730155,1.3933496098677152
2023-03-23,1.5989018845711955,0.40168761993463153
2023-03-25,0.5617111837415266,1.1608323716061362
2023-04-02,1.6011459759897915,1.3464032165227113
2023-04-14,1.6034736291034724,1.602906561838226
2023-04-15,-1.5915853119277972,1.6081529638392045
2023-04-21,-1.5500120588868913,-0.4891798017409203
2023-04-27,1.6155037871605062,1.590384563644866
2023-04-28,0.06321897924032766,1.579321925722803
2023-05-03,1.60393160051916,1.6042183439975792
2023-05-04,1.6065889123234276,0.007097654095426112
2023-05-07,0.020192487263843616,1.5798892437858767
2023-05-15,1.5993039881010174,1.6005153873775528
2023-05-18,1.6006041122078494,0.4640802532842093
2023-05-20,1.295193471691644,0.040848433518789085
2023-05-23,1.6014020537213545,1.601294680429392
2023-05-25,1.5977345942027354,1.5362825785535659
2023-05-26,1.5979467287364648,1.6037153848858652
2023-05-28,1.6166336845128626,1.595686415845924
2023-06-02,1.0433326322398502,1.564253567106146
2023-06-04,1.581568453124821,1.535365674202804
2023-06-05,1.127300088044106,0.09895986522954936
2023-06-06,1.559074667243019,1.6211272901402625
2023-06-07,1.6023871484771093,1.5960049249832107
2023-06-08,1.582916023129031,1.5353147890626908
2023-06-16,1.5997911396711537,0.9873775882692074
2023-06-19,0.005109713563870442,1.4212240571825088
2023-06-20,0.8054265199546429,0.8046471274216757
2023-06-21,1.6015444699011594,1.5979042074883765
2023-06-23,1.601524708646252,1.598271381139327
2023-06-26,1.6010938343004426,1.6005277371357207
2023-06-30,1.6079196510635883,1.595345417700527
2023-07-03,1.6025245163631097,1.5806510245162626
2023-07-07,1.602578408081415,1.4181820361640198
2023-07-08,1.6059660103882278,1.6047626836835447
2023-07-10,1.6016038303521352,1.595281658714903
2023-07-11,1.5807823001854437,1.535365674202804
2023-07-14,1.6081471223483021,0.6243319009799845
2023-07-17,1.6027047274512076,1.6026138324532897
2023-07-18,1.6062414512751069,1.5221022397095725
2023-07-20,1.5987577608539558,1.4988900508670024
2023-07-21,0.01756846113271468,0.8110018155192258
2023-07-24,1.6156770711715236,1.6153344427694438
2023-07-25,0.17047537332203136,1.4988997986337653
2023-07-26,1.601044881051764,1.148903468045812
2023-07-27,0.3409384788713252,1.604740835946706
2023-07-29,1.606382543732246,1.4650125806697625
2023-07-30,1.600434905844149,1.5696559161008805
2023-08-01,1.6026891717102665,1.602533857061253
2023-08-03,1.6005190294632763,1.5996720092373597
2023-08-04,1.6010028429563572,1.5598981911200298
2023-08-06,1.6035681647851285,0.007730652287939227
2023-08-07,0.802704714833906,1.5998729053528775
2023-08-09,1.60074684738953,1.6007339647374872
2023-08-10,1.6014734375434518,1.5998643251257119
2023-08-13,0.1423760251179883,1.3871983372159444
2023-08-15,0.0522894332408331,1.6050261077739523
2023-08-16,1.5945961676519307,1.5693893021200962
2023-08-17,1.6015211021882503,1.5994522423323634
2023-08-19,1.6103704891411623,1.611773434517295
2023-08-22,0.8082729846589686,1.608457303919883
2023-08-25,1.6034261333126445,1.6030914561931138
2023-08-28,1.4700601774082975,1.535365674202804
2023-08-29,-0.07105858094371405,1.6006438596218455
2023-08-31,1.1762027462785976,0.20901650536819796
2023-09-06,1.5792598910464626,1.5257175571946897
2023-09-07,1.599717031409367,1.598854892357929
2023-09-08,1.6023915596608647,1.6021584768315515
2023-09-10,1.6068143489819675,1.6072938114023205
2023-09-13,1.609971109563142,1.6102976728133442
2023-09-15,1.6041812341557837,1.60428724089507
2023-09-18,1.5987039081418042,0.3495423452916077
2023-09-22,1.5931834148104465,0.001502386590703854
2023-09-24,1.6009976068725376,1.6003641203566001
2023-09-26,1.600111703200052,1.535365674202804
2023-10-05,0.6258691244513167,1.4485420889681266
2023-10-09,1.4962061027369726,1.60188416226034
2023-10-11,1.600260422146597,1.6001974723325956
2023-10-15,1.615128151464182,1.6148959917228451
2023-10-16,0.007728582131442938,0.007723530443515097
2023-10-27,1.6012585466011675,1.6010679427957915
2023-10-29,1.6017421510741447,1.6004367806522721
2023-11-01,0.004641086104252441,1.590211848337422
2023-11-07,1.6035144142295805,1.5809102112644575
2023-11-14,1.6022255554357934,1.60383376537883
2023-11-15,0.06784218457453814,1.607259565943585
2023-11-19,1.5859845258790657,0.003188571557431568
2023-11-28,1.3384323488182572,1.6075602075830333
2023-12-06,-1.5918547324512193,1.6056823160175921
2023-12-10,1.4718276789974993,1.6001128458651446
2023-12-18,1.6002403758813786,1.5742558180142223
2023-12-22,1.5406821902286871,1.55704313942697
2023-12-24,1.60024556181509,1.6002902836535264
2023-12-25,1.4642526939640799,1.6006069130735219
2023-12-27,1.60408241248341,1.5728625620352974
2023-12-29,1.5907226301948556,0.12157059273470266
2024-01-04,1.6001377152276839,1.535365674202804
2024-01-07,1.600810762815087,1.5866524043772205
2024-01-08,1.603868929702309,1.5642073270526267
2024-01-09,1.6007666714762399,1.6007216279387986
2024-01-15,1.6062306387968384,1.608985491451056
2024-01-16,0.4806529507379754,0.14927573393390245
2024-01-17,1.601673873933578,1.6016922837404861
2024-01-24,0.41049380545570135,0.8101263159182575
2024-01-31,1.5974899740100754,1.6040243342806326
2024-02-01,1.6000944541957458,1.5892115094822619
2024-02-02,1.6001681927750258,1.535365674202804
2024-02-05,1.5973700410268843,1.549348482391623
2024-02-08,1.6000310070240826,1.6005167301926368
2024-02-09,1.6409990763246667,0.04723525176662773
2024-02-15,-1.1551246528148273,-1.1208083509185776
2024-02-16,1.600210193719493,1.6002060015570603
2024-02-19,-1.0827955707836885,1.4975224731513157
2024-02-20,1.5965884639101644,1.378482716660217
2024-02-22,1.6111020377646688,1.60134562057979
2024-02-27,1.598384856592948,1.535365674202804
2024-03-01,1.6017707622169717,1.6000073707702684
2024-03-06,1.6087098474823724,0.4223754005326202
2024-03-11,1.6023511719765815,1.6019502673527979
2024-03-12,1.600396889763576,1.6005255770651676
2024-03-13,1.600329911534222,1.6002251415228212
2024-03-18,0.13711002981062448,1.5227512738523077
2024-03-20,1.6051893587203645,1.605268943467872
2024-03-21,1.5934663466461179,-0.03203226506614121
2024-03-22,1.5978096272032591,1.535365674202804
2024-03-26,1.5995911991586498,1.6000598660031031
2024-03-27,0.8825937959240133,1.0668652567482015
2024-03-28,1.5988073203456388,1.535365674202804
2024-03-29,1.6010226421824345,1.6003914132514678
2024-04-02,0.0002932726717348388,1.535365674202804
2024-04-08,1.5750663471266002,1.5629399072277552
2024-04-11,1.1617060679436755,1.0253634052860139
2024-04-14,1.6017787009726219,0.005917938668252369
2024-04-15,1.600963975301872,0.002413666273549701
2024-04-16,1.6001166361151207,-0.028122285457700624
2024-04-20,-1.580950692675313,1.1487084345211005
2024-04-25,1.6022467173285102,1.5044912431702073
2024-04-26,1.5987273748456845,1.591999505797791
2024-04-30,1.6108905010602312,0.12108255577727305
2024-05-01,1.2293079073684632,1.606602217085806
2024-05-02,1.601074540738497,1.5690122905668744
2024-05-03,0.07151755900294605,0.7183650203763551
2024-05-04,1.5993144129140973,1.5994223229993436
2024-05-05,0.8021155796843733,1.5581208382189422
2024-05-08,1.6078459942518264,1.6074277421263476
2024-05-16,1.615258543729087,1.5930452469615837
2024-05-22,1.613333584871349,1.6136001016147856
2024-05-23,1.583579869231923,-0.3110445476988236
2024-05-24,1.5999337679996188,1.60062269601936
2024-05-29,0.021343294579909796,1.5351233237615631
2024-05-30,1.600235300643688,0.868306869092135
2024-05-31,1.1388115771710956,1.5832721885566317
2024-06-01,1.5856334194128647,0.945484769160288
2024-06-03,1.5999235585676468,1.5983738930871274
2024-06-04,1.5828106223105705,1.6062905668651473
2024-06-06,1.6011298120873247,1.518119361417496
2024-06-08,1.6137132516191668,1.611756676887636
2024-06-10,1.5573336126386983,1.5807738730833
2024-06-11,0.7342319465520601,1.416867473816204
2024-06-12,0.0559360707897035,1.6546794725747966
2024-06-13,1.6078494351541344,1.02794174746926
2024-06-16,1.6026655036776223,1.6027021505955292
2024-06-18,1.297587699166811,0.6326161313466533
2024-06-19,1.3713394969792665,1.5811095064226681
2024-06-20,1.142491710013185,1.1715628470487611
2024-06-21,-0.8537534194011741,1.600201376909791
2024-06-22,1.5601305087046042,1.603962455025852
2024-06-23,0.005580852458434944,1.5882473448271701
2024-06-25,1.5209042504796557,1.6021233331537936
2024-06-27,0.8302403486335477,1.0429400433869216
2024-06-28,-0.3397788310815383,1.5250343314115682
2024-06-29,1.589866010633978,1.5356078483947204
2024-07-02,0.8660836462860122,0.028471696649895878
2024-07-04,1.5998657329301926,1.535365674202804
2024-07-06,0.023075704601811936,1.4004218608456882
2024-07-08,0.8636716027192879,0.8574353325598184
2024-07-09,-1.550789928217152,1.359493528927636
2024-07-10,1.5937821432030996,0.6369295598094086
2024-07-11,1.4167099878649578,1.3863710137989558
2024-07-13,1.5631059026532896,1.6009901757159122
2024-07-14,0.08987522656349216,1.5981050417270877
2024-07-15,1.5999695717958022,0.34646725252616545
2024-07-16,1.6018622605860615,1.4901514164607554
2024-07-18,1.5464280792399387,-1.1813359424768755
2024-07-22,1.6000899374505417,1.5662995840927336
2024-07-23,1.0752474466845048,-0.0531230213583756
2024-07-24,1.5993236531765733,1.6001624357790287
2024-07-26,1.5918217856866936,0.0032502864712533317
2024-07-27,1.5122975968326382,1.5987459702843392
2024-07-28,1.6000908388302815,1.2496940164533652
2024-07-29,1.5993588215075034,1.5351233237615631
2024-07-31,1.6027460844559482,1.6027267875981452
2024-08-01,0.9223072567031104,1.604243142311549
2024-08-02,0.8046488982546126,1.0423398267956534
2024-08-03,1.6244502673591485,1.626022802323448
2024-08-05,1.6013654142038465,-1.4380057769008887
2024-08-07,1.5985964862663655,1.6015297472828809
2024-08-09,1.6009803822146886,1.6004130060933521
2024-08-10,0.7865661548544839,1.6240049547986126
2024-08-13,1.6014136216477473,1.5686853124302276
2024-08-14,1.6015460929307102,1.6015506860848716
2024-08-15,0.5298560286487133,1.5967758362337794
2024-08-17,0.7997610133364517,1.5611630152651934
2024-08-25,1.4474549900047387,1.5357247569481758
2024-08-26,1.272265518387482,1.4097532685150769
2024-08-30,1.5992145223921748,1.562216787457288
2024-09-06,1.106163654307804,1.5428632368511843
2024-09-13,1.6004586435698336,1.6006084197889905
2024-09-20,1.598852241175162,1.519806247386518
2024-09-23,1.6110203332312452,0.6681196096647768
2024-09-24,1.3466565545104174,0.7022761986844638
2024-09-27,1.547311576602659,0.8019823055935575
2024-10-01,0.23929632499856585,1.599990106907407
2024-10-02,1.6001326478124425,1.4975224731513157
2024-10-03,1.6030603026219157,1.3764107315838097
2024-10-08,1.5362887919899268,1.574815293384757
2024-10-09,1.56276301575969,1.0144655425414129
2024-10-10,1.600236001778934,1.535365674202804
2024-10-11,1.6005510423857168,1.600683990723472
2024-10-12,0.0049068775290927475,1.6016055543862848
2024-10-13,1.6032689570410001,1.6011012118871983
2024-10-17,1.4391676655539398,1.6030072830462503
2024-10-19,1.6068182239246234,1.5700798918076786
2024-10-25,0.0024049844121433184,1.5913885130096963
2024-10-26,0.010212696850160621,1.6101993456530095
2024-10-27,1.6041174413301964,0.0706561951253637
2024-10-28,1.6035906388708632,1.0914140078385064
2024-10-31,1.1736506181861974,1.535365674202804
2024-11-03,1.5975188642895686,1.6001627911931238
2024-11-11,0.0022378261323413055,0.002237826845756311
2024-11-13,1.1868418985153937,1.604937055994104
2024-11-15,1.6216037836147736,1.6207683867597351
2024-11-20,1.5897477340154758,1.5978502869308586
2024-11-21,1.5848332102606209,1.602482141315756
2024-11-26,1.621458312889428,1.6203693207185577
2024-11-27,1.6007683494894873,1.5998447118795307
2024-11-28,0.8597934556693897,0.9933848175581961
2024-12-02,1.6021468571443147,1.5152494959407437
2024-12-03,1.6013381530071018,1.5699431063042804
2024-12-04,1.2406970440911296,1.6003189510520788
2024-12-07,1.5488476097744328,0.17984078585025964
2024-12-09,1.6079044257990192,1.5605367226361087
2024-12-10,1.3985959224965359,1.6036058521365668
2024-12-13,0.0010081083259373845,1.600686448372888
2024-12-16,1.5381434940585328,1.065732996973752
2024-12-17,1.600479436725089,0.27111134969704
2024-12-19,1.6036304012659663,1.5310043775063014
2024-12-20,1.5995078497365895,1.0617603879587283
2024-12-21,1.6129060610501675,0.9640265767300554
2024-12-22,1.5997644894828658,1.600306740666605
2024-12-23,1.6002677327567476,1.5998116413690402
2024-12-24,1.601983658894727,1.599997322107068
2024-12-28,0.04280001528251523,1.6130226055490575
2024-12-31,1.6062653097229493,1.6059264411300136
