date,apple_investing_title_score,apple_investing_selftexts_score
2019-01-02,-0.46626869544288624,0.5388846729007271
2019-01-03,0.05139857807403457,0.7279375744707538
2019-01-04,0.42057776160937194,0.584209647659057
2019-01-05,1.617351080377181,0.987160999213959
2019-01-06,1.5823912174435948,1.1227739476271383
2019-01-07,1.5990469662730478,0.6677325624853712
2019-01-08,0.5348585151740455,1.0708602574392738
2019-01-09,-0.037757373786910575,-0.010316502440223418
2019-01-10,1.5858784684718767,1.600910954683359
2019-01-11,0.13927029019926784,0.603624088173781
2019-01-12,1.4977355725252686,-1.5756201852821419
2019-01-13,1.599983740988668,1.5955625345894304
2019-01-14,-1.40403925441125,1.5997424885376024
2019-01-15,1.014440849833099,1.158398576482489
2019-01-16,1.3682765582134522,0.7712581722001253
2019-01-17,1.0690352579950437,1.0602450136785777
2019-01-18,1.5996265240853378,1.0621009748924557
2019-01-20,1.1078587099967103,0.7008069620926274
2019-01-21,0.9165046497169133,1.558431242896869
2019-01-22,1.2371953145290373,1.148258708845389
2019-01-23,0.7833045865742871,0.5900981460927811
2019-01-24,1.5605760461779705,1.5668750249347994
2019-01-25,-1.3109822776213815,0.5856996631597763
2019-01-27,1.5758025127053885,1.5896178621894856
2019-01-28,-0.6370321583665577,0.5377570418637646
2019-01-29,1.1642981540852564,0.8862121406612757
2019-01-30,1.6171827494212117,0.5513357838142573
2019-01-31,1.5464691951801868,1.3094733179561595
2019-02-01,1.6005976494573357,1.067449561178911
2019-02-02,1.5973055293419196,1.3232397581268527
2019-02-03,1.5958026686768398,1.0622306330493108
2019-02-04,1.6003673916495298,1.5929323823924544
2019-02-05,1.5840079897744261,1.5784704640328164
2019-02-06,1.604885863823391,1.2613114300646935
2019-02-07,1.4458136283673433,1.599058166463552
2019-02-08,1.6015114053791828,1.601644305161601
2019-02-10,1.5846343357940735,1.5977909093999136
2019-02-12,0.5567052107713776,1.6224217673113293
2019-02-13,1.5994732493851807,0.5472848720085052
2019-02-14,-0.0020522417629500467,0.5078117283976873
2019-02-15,1.6026683283314325,1.202985174144027
2019-02-18,0.7941709842502774,0.5688619899149093
2019-02-19,0.0449914903788623,0.77506072377752
2019-02-20,1.0487374451393017,1.5973954931557934
2019-02-21,0.3171486677015086,1.4583982469077506
2019-02-22,-0.4894506661986993,1.4428182226853625
2019-02-23,1.1346558402989475,1.5979026603067759
2019-02-24,1.319404387656115,0.7692705386559524
2019-02-25,0.9453048347464955,1.4085723606289133
2019-02-26,1.6019024201199474,1.6020961751659588
2019-02-27,1.0604536662142445,1.4990599392155968
2019-02-28,1.1704926940965141,1.6041258560739076
2019-03-01,1.6038916970537325,1.5996743115206113
2019-03-02,1.5868629043010727,1.2228920401117405
2019-03-06,1.5924654446990496,1.6000187329634055
2019-03-07,1.6063784165356998,1.283903571526144
2019-03-09,1.1192852403738387,1.593162894223245
2019-03-10,0.0009720284254867733,1.6009048719668852
2019-03-11,1.3946140551874606,1.6111963333719481
2019-03-12,1.1826720003394853,0.21100045443311322
2019-03-13,1.0604686056194146,0.7379172710252299
2019-03-15,0.8016855548821076,1.438527473177978
2019-03-16,1.1901184594613532,1.5817415446025282
2019-03-17,1.598773016398403,1.5716528812486077
2019-03-18,0.07704678554824582,1.0891121204679866
2019-03-19,1.5650745295458421,1.5926411231960278
2019-03-20,1.5997021599911336,1.5975532948371347
2019-03-21,0.6086663891553796,1.0764461000492715
2019-03-22,1.5995077525403556,1.535141070018436
2019-03-24,1.3122056157570081,1.5949174023075703
2019-03-25,0.6502074886770693,1.5835525031058377
2019-03-26,0.06620388739099514,1.0793840474402643
2019-03-29,1.4332060593097236,-1.5994180207172193
2019-03-30,1.599883635961675,1.5640304537443788
2019-03-31,-1.5315412251530431,-0.4749950892147453
2019-04-01,1.6008343635148956,1.0420034184523923
2019-04-02,0.0025455438380696843,1.5938862645668501
2019-04-03,0.6158221247956176,0.7145597999463916
2019-04-05,0.5218981846081155,1.5513749907255618
2019-04-08,1.5937013308518284,1.5679704904759992
2019-04-11,1.6089737629240795,1.608662519514874
2019-04-12,0.6519716236801547,0.5605780943261828
2019-04-13,1.6030221650297414,1.602476301157082
2019-04-14,1.599515013925168,1.4138733459255084
2019-04-15,-1.5981238143504222,1.593648641702313
2019-04-16,1.0878241553502652,1.3234134521433576
2019-04-18,1.5995964460141983,1.5999573192355159
2019-04-19,-1.5880470411465673,1.6037966255695018
2019-04-20,1.6055374757908072,1.6048298140794577
2019-04-21,1.5887631175047874,-0.705976952334024
2019-04-22,0.0010214833767445007,1.5951924090270453
2019-04-24,0.003871617851758172,1.5419590667316152
2019-04-25,1.4641955068113683,1.5359387100472592
2019-04-26,1.600858583037856,1.600974837463212
2019-04-27,1.6007418307179484,1.4393789745879952
2019-04-29,1.6151504334957205,1.6152029110835482
2019-04-30,1.6259375108086076,0.18875190600260072
2019-05-01,0.5656922395385151,1.308102249222721
2019-05-02,1.6007446461341155,1.6007932196010979
2019-05-03,1.2366156199100427,1.5687050958554276
2019-05-04,1.0470181003199974,1.596096826049645
2019-05-05,1.5683518972001744,1.5793005267452813
2019-05-06,0.0008819375725720569,1.6003018988875966
2019-05-07,1.6026588725961335,1.602721111072452
2019-05-08,1.530778203122729,1.5988810707571235
2019-05-09,1.3706109506278126,1.5971964179148532
2019-05-10,0.8014226135764863,1.6011602459524785
2019-05-13,1.3549613540437764,0.4408397553902957
2019-05-14,1.6008229954683333,1.3078076806649395
2019-05-15,1.6009578552884691,1.6010386793490174
2019-05-16,0.004632516556593659,1.6019017005998184
2019-05-17,0.5550429987377034,1.5506234504609655
2019-05-19,1.5988859442019572,1.5958969336549247
2019-05-21,0.8013515248016883,0.7946525057562532
2019-05-22,1.5951053722768391,0.004645050183193755
2019-05-23,-0.45215763956580907,0.021360587586991886
2019-05-24,1.5970747966442609,0.021833664709401866
2019-05-28,0.8003971454162258,1.59242944204156
2019-05-29,-1.5850943744377437,0.01476160348142157
2019-05-30,1.6083587719509107,1.6059692539905517
2019-05-31,0.033547554352166276,0.9461031094562119
2019-06-01,-1.0174414503541362,-1.5963379012900047
2019-06-02,1.5330130154382382,1.6060889459659835
2019-06-03,1.437903156158129,1.628852499865853
2019-06-04,0.002404167450574146,1.5504369356112475
2019-06-05,1.6029027369325541,1.6027935136129283
2019-06-06,1.423033506520853,1.6007908568496754
2019-06-07,-0.1169639660555718,1.5009801031328174
2019-06-08,1.5826599487232902,1.600169604521002
2019-06-10,1.6064765164932167,1.605694772462471
2019-06-11,1.0724975857051324,1.1889167603167972
2019-06-13,1.5752530458857865,1.4463389808152374
2019-06-17,1.5947415098078972,0.0046308038340796736
2019-06-18,1.6762193262603686,1.6762923271527936
2019-06-19,1.6020700637490763,1.3282796136022232
2019-06-21,0.001435407392148155,0.0014355009543147552
2019-06-22,1.604373990124315,1.6025949689652976
2019-06-25,-1.5910396949430208,1.5992877145930793
2019-06-27,1.6173113689406644,1.6215878958942673
2019-06-28,1.5338226022988146,1.5961025193448948
2019-06-29,1.6001682108493096,1.562066838886544
2019-07-02,0.0020777495357529614,1.6001336523056664
2019-07-08,0.8277426655177151,0.7407707032858788
2019-07-09,0.5964144551889207,1.577703048369817
2019-07-11,0.5446169768905675,0.3179015393359819
2019-07-12,1.6002963944748654,1.6002483189417542
2019-07-17,1.5958057348316121,1.5999928016367952
2019-07-18,1.6009666966992078,1.6009350452041378
2019-07-19,1.6053409684801228,0.8778839345311338
2019-07-22,0.8141999428260441,0.9852702701381459
2019-07-23,1.6116304881455645,1.6074956439992465
2019-07-24,0.6345964774420796,1.597755690907831
2019-07-25,1.607537942650952,0.007654642213215291
2019-07-26,1.6052649773572287,1.6050163095203667
2019-07-27,1.580510966718704,0.0596342537136925
2019-07-28,1.573505511245992,0.5185984188677933
2019-07-29,1.0307632816078238,1.597414795531626
2019-07-30,1.670951013031822,1.6717977261249493
2019-07-31,0.2125790214041615,1.0715436837738388
2019-08-01,1.591401136437003,0.7816584519011369
2019-08-02,1.2054382078509762,1.5448939425869672
2019-08-06,1.5110949968866672,1.6015996086783006
2019-08-08,1.6159465464720622,0.04159909414468152
2019-08-09,0.8005643634745779,-0.5542649043076919
2019-08-10,0.1269060275815801,1.6404392133430499
2019-08-11,0.5255591481042937,1.5828160700645224
2019-08-13,-0.6273622971841472,0.9084088667932823
2019-08-14,1.5894141485456448,1.5146644761992303
2019-08-15,-1.306317699267093,1.598802978744137
2019-08-16,1.6008589563590387,1.6009199198076223
2019-08-17,1.5930836417609813,1.6006702128560917
2019-08-18,-1.5486812954313458,1.4171684804183562
2019-08-19,1.276089232990807,1.5479430393953661
2019-08-20,1.6792288815748595,1.6452304950680898
2019-08-21,-1.5969236989682865,1.5845792151997713
2019-08-23,-1.3670345735023188,1.7808418865714286
2019-08-25,1.6034330388977895,1.5978903942227252
2019-08-27,1.6004834868099194,0.5267077851048715
2019-08-28,-1.2541828848620717,0.8406524448708841
2019-08-29,1.600138429265421,1.5352627035889184
2019-08-31,1.6008397043761764,1.593527293386437
2019-09-01,1.595814946453274,-1.5713273363386522
2019-09-02,0.8928120976659082,1.5997825989687386
2019-09-03,1.580579823171116,0.755803441064626
2019-09-04,1.6009731514308416,1.601160727048556
2019-09-05,0.7240508517956815,1.6007978298775467
2019-09-07,1.601174147522588,1.6013147154205254
2019-09-09,1.6007689638020142,1.2668070277752022
2019-09-10,1.2100427790786603,1.572889862174783
2019-09-11,-1.4043469076735864,1.1065039793024347
2019-09-12,0.6483156794659966,-0.07785618707825034
2019-09-13,0.6022153496751741,0.8299691901388027
2019-09-16,-1.5981837193290138,1.6010960341166676
2019-09-18,0.7454846374350773,0.03677724430862982
2019-09-19,0.9432096387724643,1.5896403296877946
2019-09-20,-0.6298358232773348,1.5681872900531593
2019-09-24,0.0009482278807440442,1.593648641702313
2019-09-27,1.6000338334650763,1.5997582568584756
2019-09-28,1.5991552057417482,1.5933530072407918
2019-09-30,0.004140329649618107,-1.5953718271274762
2019-10-01,1.5955588030143164,1.6007426053859921
2019-10-03,1.6092377154353583,1.6093379260476852
2019-10-04,1.6003696400801162,1.5944316102320615
2019-10-05,1.6004873413418563,1.6005044047769044
2019-10-06,1.5999026371143303,1.4972292005205086
2019-10-07,1.600548373282506,1.5995558372111511
2019-10-13,1.5228601105077435,1.6004829476439952
2019-10-16,-1.589573001590942,0.24867779283813604
2019-10-17,0.00035877853631294254,-0.002921014253977061
2019-10-19,0.8134947783698362,0.8129314665917107
2019-10-20,1.5101133646842084,1.5949805627548068
2019-10-21,1.5833487304909253,1.044483963859582
2019-10-22,1.5830149091886814,1.5963381767314448
2019-10-23,1.5904165705173419,1.5947988334683287
2019-10-24,1.5968788881981895,1.5996005397147157
2019-10-26,1.5997371893332197,1.535194060222731
2019-10-28,0.8015878778039257,1.2151821004312806
2019-10-29,0.8855339621085586,1.203213590878604
2019-10-30,0.8386761289701881,1.6355745201189413
2019-10-31,1.6066562598216205,1.59157355692714
2019-11-01,0.5401381174644725,0.4107055487572661
2019-11-02,1.6000771007886123,0.8997811963396211
2019-11-03,1.5995073958864794,1.5948975820354405
2019-11-04,1.3693631085658118,-0.02429407460492583
2019-11-06,1.6000625165148692,1.535194060222731
2019-11-07,1.569670626653987,1.1238966161029156
2019-11-08,-0.17998370092031293,1.6004309673827688
2019-11-09,1.4924538326407986,-1.5928111287159266
2019-11-11,1.4600701705743027,-0.7185141090265644
2019-11-12,1.2819770663598269,1.5859994152156964
2019-11-13,1.1734534397482637,1.5814643991198143
2019-11-14,1.3009591064344987,0.02003883677601359
2019-11-15,0.8030031185975222,1.5606393228861486
2019-11-16,1.6001531499220791,1.5994146340063622
2019-11-17,0.6266430335278126,1.5651991629278799
2019-11-18,1.4027003991166382,1.5313662593267208
2019-11-19,1.5994882690795595,-0.8474472403428754
2019-11-20,0.002235890634720665,1.5757111008905398
2019-11-21,0.8050841880152594,1.5339144215201748
2019-11-22,1.460431336237074,-1.4722902656450432
2019-11-23,1.5328315629161797,1.5972779515466198
2019-11-25,1.6015318550496112,1.5999405924107306
2019-11-26,1.6546645690775,1.6545543056755445
2019-11-27,0.1208802576451727,1.1800573517182507
2019-11-29,1.6000502923712043,1.5352627035889184
2019-12-03,1.4532499535239092,1.5419783840802506
2019-12-05,0.9257715291436787,0.8256811127767545
2019-12-06,-0.2801223659748453,1.5958222745897055
2019-12-07,-0.7419982048576663,1.5257350451383813
2019-12-08,0.13536748054528952,1.5620296253337491
2019-12-09,1.0821289865068608,0.7713704410492777
2019-12-10,-1.5076647802641252,-1.5106891539031133
2019-12-11,1.5965086727185944,1.6008598253133113
2019-12-12,-1.5991145304524015,1.5935056829642773
2019-12-13,1.6018615339615412,1.5336529858733987
2019-12-14,1.6080894288207597,1.6079586846237706
2019-12-15,1.6057771719357659,1.6094636507642064
2019-12-16,0.08845489455343399,1.3134324838408593
2019-12-17,0.007635730207832928,0.007635730305296597
2019-12-18,1.6006629194408404,1.5989008092843908
2019-12-20,0.00048056080906799803,0.6765398363821818
2019-12-21,1.0688018816724567,1.0497372161993428
2019-12-23,0.9111602518544203,1.5961201060911485
2019-12-24,1.4218556877321502,1.6015253831164207
2019-12-25,0.8217364133983955,1.4679746996530976
2019-12-26,1.2176093566387605,1.3543114082457697
2019-12-27,0.07451401620548724,0.6433827921256771
2019-12-29,1.6023070669634634,1.2225341388268327
2019-12-30,1.200499019341039,1.587900092004086
2019-12-31,1.3949953310271317,1.5630134648629104
2020-01-02,0.5356097834655917,1.5992485324915278
2020-01-03,0.7990375538858141,1.5982811543344444
2020-01-04,1.5513414635664522,1.5702320055582155
2020-01-06,0.5333994235235161,1.0449510407079157
2020-01-07,1.2146740908273144,0.42290088618227273
2020-01-08,0.7997823202469526,1.3779417403153162
2020-01-09,-1.5876889507590048,0.01165691824819265
2020-01-10,1.4187718726092395,1.5317583975980218
2020-01-11,1.4172788048891132,1.5470433219072088
2020-01-12,0.0003118950140190543,-1.59963545083638
2020-01-13,1.0371625986425852,1.5656682729096243
2020-01-14,0.6292266330326998,1.3587148657642434
2020-01-15,1.4582074489428651,-1.3506125101132576
2020-01-16,0.6146920878606038,0.8922009737813749
2020-01-17,0.8774651615053708,1.0722051996329098
2020-01-18,1.5816226767055,0.9199098730552809
2020-01-20,1.051247035652519,1.6032771641910635
2020-01-21,1.496022344792935,0.13288601871734973
2020-01-22,1.6028557710014406,1.6028007928578205
2020-01-23,1.0675392544708624,1.0675182471931741
2020-01-24,1.6029142392216653,1.3478018229150355
2020-01-25,0.03353996881750998,1.5655523548093266
2020-01-27,0.5744846566629901,1.6302818072491407
2020-01-28,0.8284805735938543,1.2229408845162173
2020-01-29,0.024632599206488193,0.8061977862730256
2020-01-30,1.3606899014580056,1.5915727705163971
2020-01-31,1.3730460425928348,1.4827252198803946
2020-02-01,-1.0329230253137789,0.583394035678537
2020-02-03,0.6031980050024672,1.4661123427354
2020-02-05,1.3022395804166544,1.5714243699950894
2020-02-06,1.0671533112996032,1.0112762669350055
2020-02-07,1.5734143274302204,1.2664222891775208
2020-02-08,0.44303340061045504,0.061998078745138775
2020-02-09,0.856793416475429,-0.7322438201651327
2020-02-10,0.05909543327139927,1.1815169108480854
2020-02-11,0.9303919230475339,0.6283459751538106
2020-02-12,0.30236394461823285,1.1979933270602876
2020-02-13,0.17262276482088068,1.5959539998284713
2020-02-14,0.6183611727197823,1.1781055019135531
2020-02-15,1.4437779777309834,1.4680726393318861
2020-02-16,1.6245651675346364,1.623617909252884
2020-02-17,0.6526571140269511,0.7794352147873846
2020-02-18,1.208202100817677,1.1979599891901884
2020-02-19,0.001013367591856218,1.535281272174733
2020-02-20,0.0017030287596925425,0.04046274780867223
2020-02-21,-1.5966810562046698,-1.5507637928164761
2020-02-22,1.5989512620501432,1.4980798791652057
2020-02-24,-0.9917095501785663,0.13860583255481085
2020-02-25,0.32970687836950063,0.645360274761823
2020-02-26,1.5979816336718344,0.30849663821379525
2020-02-27,1.066904035425394,0.016891362462799247
2020-02-28,1.29047578116206,1.1277457797464434
2020-02-29,1.5746600886104296,1.3240478306854573
2020-03-01,0.9951624911377477,0.3016105048535112
2020-03-02,1.6106621944163024,1.027003542094942
2020-03-03,1.5683053066095194,1.5803958444775426
2020-03-04,0.9849073138938641,1.0927749015898138
2020-03-05,1.5642272706931974,1.2110074039774297
2020-03-06,1.600761375914716,-1.443336215274839
2020-03-07,1.591524814896509,1.5971268900857072
2020-03-08,0.0002432728780860619,0.00024327287081292757
2020-03-09,0.8019393565465245,0.8532918213990588
2020-03-10,1.594737899169326,1.508539389098991
2020-03-11,0.7394582361721684,-0.007234221322917844
2020-03-12,0.5830516129069786,0.8137255958154294
2020-03-13,1.5833718732878213,0.21562344991028404
2020-03-14,1.34236959900726,0.9779588523332041
2020-03-15,1.2742916165892597,1.269041191494702
2020-03-16,0.08388373685177963,-0.003546772710172341
2020-03-17,-0.11061759349521294,1.1160117264396492
2020-03-18,0.20312597042886885,0.5587868397828396
2020-03-19,1.6001581291120357,1.6008348737282931
2020-03-20,1.4128586872117102,0.5401844421799074
2020-03-21,1.6005588337420247,1.5370802846462177
2020-03-22,1.1366149046595722,1.5049551034244217
2020-03-23,-0.627722366122461,1.3827827222255205
2020-03-24,-1.0645567597556116,-0.015673139327786245
2020-03-25,0.7825406398600352,1.56816914662608
2020-03-26,0.03086810593732023,-0.17624755678891132
2020-03-27,1.2877554679444563,1.5768030904760502
2020-03-28,0.515173580395592,1.1787810175423765
2020-03-29,-0.4846674093895992,0.6831071781737336
2020-03-30,1.3596654599551108,0.5518161159853472
2020-03-31,1.5087027158444193,0.25339328457282434
2020-04-01,1.6004847981662724,1.3869200479336625
2020-04-02,0.005495143016779094,1.2211415816278712
2020-04-03,1.5236582132587044,0.8580897105283369
2020-04-04,1.5970204969654889,0.012648479146878323
2020-04-05,0.8049978774824992,0.46191114980658593
2020-04-06,1.0375719054668615,0.7707652558559573
2020-04-07,0.8020484477136272,1.594511900037682
2020-04-08,0.41633678466828883,0.9484541811381755
2020-04-09,1.5957294584184152,1.5935526286965038
2020-04-10,1.194077502935933,1.568488203895762
2020-04-11,1.599310035125723,-0.9355224593668059
2020-04-12,0.003588328670266039,1.5999287273930545
2020-04-13,0.40737526066212226,0.8055151044638189
2020-04-14,-0.0026460892331151564,-1.398006717416062
2020-04-15,1.600298694626092,0.5338827684183631
2020-04-16,1.5319186609788726,1.549215694880593
2020-04-17,0.036079186523107376,1.6068656090279982
2020-04-18,0.460367170383526,0.9838058205959321
2020-04-19,1.4443589035938347,0.6181974033854655
2020-04-20,1.4211182728974425,1.555048452903378
2020-04-22,0.605116918394501,1.5362654057656755
2020-04-23,1.6358445119275493,1.635786507475991
2020-04-24,0.6426232916050398,0.8801185685198067
2020-04-25,0.8208489334846507,1.5929472396061177
2020-04-26,1.0343115030158547,1.5324784368566562
2020-04-27,1.5584802701223124,1.597238905689434
2020-04-28,-1.5458062450837788,1.557377149403098
2020-04-29,0.666617206823471,1.0758137491231663
2020-04-30,-0.2646193726953981,1.0745688296647609
2020-05-01,1.6003693271715307,1.6393044376186998
2020-05-02,1.60776717422947,1.607149079915226
2020-05-03,0.03342635489931937,1.0428860914245346
2020-05-04,0.08810112203054235,0.8696970403610005
2020-05-05,1.2763851101612986,1.5876461663178585
2020-05-07,1.5884896409137732,0.05933759535690519
2020-05-08,1.091540603508918,1.1356661775402177
2020-05-09,-0.025063876528067075,1.383650294542548
2020-05-10,1.5958079858753675,1.542703695227796
2020-05-11,-1.590286980555071,-1.539781963445552
2020-05-12,0.8006442745987435,0.4288545578637919
2020-05-13,-1.4394544821059947,1.6062069883277286
2020-05-15,1.607012633564511,1.3287809183455108
2020-05-16,0.01640862972856305,1.597475774338056
2020-05-17,-0.44222018845976957,0.45894510422270063
2020-05-19,0.9796496111074728,0.9753530615811479
2020-05-20,1.6029121946214213,1.6076596795633873
2020-05-21,0.10668250760550724,1.6381519558789361
2020-05-22,-0.027713635433514794,1.6068207432158523
2020-05-24,0.5587814842973183,1.5919034302984512
2020-05-25,0.041052870981532125,0.6739505253916831
2020-05-26,0.7790096819654736,0.8168978213552219
2020-05-27,1.5575617794911836,1.600295168160026
2020-05-28,0.33370964263887015,1.0490259094047307
2020-05-30,1.6465564253315794,1.5841733592499165
2020-05-31,1.6006594998169021,1.5951013827354992
2020-06-01,1.6003072578042692,1.5353842927470176
2020-06-02,1.6168558345707498,1.4085466991094142
2020-06-03,0.9796835123531249,0.8562137537023224
2020-06-06,0.030342479206485473,1.5670327436422395
2020-06-08,1.6011482710284746,1.6014482722379464
2020-06-09,1.197988857834705,1.2564484488519228
2020-06-10,1.6001343152597682,1.5352627035889184
2020-06-11,1.3898754065295142,1.5625330195162854
2020-06-12,1.7025898917815552,1.670409031888394
2020-06-13,0.8022751950568003,1.5683308515493661
2020-06-14,1.0215064136167114,1.0324594062953405
2020-06-15,1.6023600737135897,1.6023557133879327
2020-06-18,1.302705868086702,0.912674957454589
2020-06-19,1.2126118405826778,1.455816598387766
2020-06-20,0.3840708572887804,1.543851160452755
2020-06-21,1.6273200787345536,1.593101197535542
2020-06-23,0.005638301757636183,1.56951280946076
2020-06-24,1.6052864017245687,0.899383515352033
2020-06-25,1.601821104276997,1.4817918887411277
2020-06-26,1.5980066350488447,0.857887725335293
2020-06-27,1.6015726992284345,1.5366505076899857
2020-06-28,1.5999014980612576,1.5368926308221735
2020-06-30,1.5937092077104544,1.2991968198955341
2020-07-02,1.6001559959773044,1.5352627035889184
2020-07-03,1.603262578849583,1.1335582038007055
2020-07-06,-1.5745960435061488,1.615211757893369
2020-07-07,0.008788931566842259,0.883565354217626
2020-07-08,1.0590233131100988,1.211158615770713
2020-07-09,0.2968058961158904,1.0292120574968424
2020-07-10,-0.05839543475132891,0.11044502277335888
2020-07-11,1.6034892777132328,1.6063083611193736
2020-07-12,-1.5762301956953744,1.4459943370223245
2020-07-13,1.5999142931821366,1.55466660875035
2020-07-14,0.5576805225526259,0.9483743109715134
2020-07-15,1.4699120917023316,1.5352322951962978
2020-07-16,0.8136151026773597,0.7941165915855936
2020-07-17,1.4825808462808236,1.5691485316042542
2020-07-20,0.4081965481328259,1.5938167989536147
2020-07-21,0.482597486104551,0.7665842727590262
2020-07-22,1.5029757480598211,0.47319364261702884
2020-07-23,0.09514619796072568,0.9605857559848593
2020-07-24,0.48831627618360846,0.5290548166854879
2020-07-27,1.6000650204671552,1.5352627035889184
2020-07-29,0.323545165363715,1.1077455521060844
2020-07-30,0.5853120634041242,1.400551613422577
2020-07-31,1.4766451336411088,1.3687241433386748
2020-08-01,1.283190219097536,1.2443296260029215
2020-08-02,1.6060095997588368,1.3114731676674152
2020-08-03,1.3870707119452363,1.3373752751510704
2020-08-04,0.7640322748235822,0.9278361746319135
2020-08-05,1.362617078587943,1.3599067932789788
2020-08-06,0.7862912308759658,1.5352627035889184
2020-08-07,0.883748299281292,1.397856126064777
2020-08-08,1.5992479137227824,1.5353842705570364
2020-08-09,1.5461736809767945,1.5352627035889184
2020-08-10,0.546392587654421,1.3261966953788165
2020-08-11,1.1182406788649488,1.5825025324189774
2020-08-12,1.6004797450204373,1.600452133600138
2020-08-13,1.530742855010609,1.4097734702931735
2020-08-14,0.7073581380681574,1.1574625495554984
2020-08-15,1.5383131857490513,1.4691046799975522
2020-08-16,1.2027248818917202,1.1633899209150838
2020-08-17,1.5765746125226539,1.5573337953218565
2020-08-18,1.030010927438196,1.5537137478310339
2020-08-19,1.5986876244675023,1.426856239095604
2020-08-20,0.952883039339003,1.24113303686581
2020-08-21,1.1373784388544486,1.3987145601205604
2020-08-22,1.0039254176230328,1.0539108702958284
2020-08-23,1.085417322651292,1.0493247469621367
2020-08-24,0.985864679703325,1.3163797987925403
2020-08-25,1.2585403249105602,1.5785045126180999
2020-08-26,1.2070378227377179,1.5433955734335754
2020-08-27,1.1717366233203577,1.2831390187798755
2020-08-28,1.4704887297219282,1.0140484869160362
2020-08-29,1.0281591731309734,1.5606973662521586
2020-08-30,1.4373054795505136,1.5444635149305865
2020-08-31,0.9357424165519047,1.4598286488133752
2020-09-01,0.3243166915180254,1.1213039710719042
2020-09-02,0.9359324962148193,1.4039949697141076
2020-09-03,0.41849029983802677,1.5711933362004926
2020-09-04,1.1958932999726857,1.4865404284903372
2020-09-05,1.761486492806425,0.40193526285338865
2020-09-06,0.04595331079822352,0.4241861816264837
2020-09-07,1.7146105445206137,1.6467797418960106
2020-09-08,0.8284667192731321,1.4599709416249418
2020-09-09,1.0417105552198553,1.2862678274801174
2020-09-10,1.606053713384834,1.5333724795633128
2020-09-11,0.7062736879247528,1.6062493992960647
2020-09-12,1.5726095205974007,1.5352627035889184
2020-09-14,1.5330120296173815,1.0228972550004802
2020-09-15,0.7111780116097105,1.3469869247784678
2020-09-16,-0.0038635572127098117,1.4356271349205936
2020-09-17,1.3272076573356768,1.3419238179659947
2020-09-18,1.2812184970130707,1.4252554795908574
2020-09-19,-0.4122696157055879,1.5701687459441729
2020-09-20,0.00031189117676641917,1.5353842927470176
2020-09-21,1.5063471439473044,1.2328665995380332
2020-09-22,0.008380756829204427,1.2774559593079386
2020-09-23,1.3333002053811105,1.560422811952283
2020-09-24,0.5935358313545613,1.5796829840770954
2020-09-25,1.0457751293895248,0.8755618031007467
2020-09-26,1.1198202022878512,1.42432709561298
2020-09-29,0.5877904980798125,1.424026855208366
2020-09-30,1.3870580641054915,1.3357890018834844
2020-10-01,0.5474141445801898,0.9588847155591367
2020-10-02,1.5933600959438077,0.7970906406237014
2020-10-03,0.8894379213582484,1.5907214638143259
2020-10-05,-0.7400660837196773,0.005185227182271657
2020-10-06,1.5493616405412105,1.5460250544110892
2020-10-07,0.9467870647498833,1.2190272246495828
2020-10-08,1.6014250084264154,1.6014288855441785
2020-10-09,1.597765333876228,1.4622961674711485
2020-10-10,1.6027197524145698,1.6025667482207908
2020-10-11,1.5988229564124667,1.5352627035889184
2020-10-12,0.4227904719577019,1.5482320390114537
2020-10-13,1.143139307994301,1.0021670551489763
2020-10-14,0.7177027132984266,1.0221086941798916
2020-10-15,0.8004257870835653,1.5671783479369332
2020-10-17,-1.4587799064154934,1.6000573494075285
2020-10-18,-1.425953358814422,1.7662129533139004
2020-10-19,0.001451009896658462,1.6014314231926146
2020-10-20,1.5630639100019286,1.5352627035889184
2020-10-21,0.961107904311757,0.9761742062319063
2020-10-22,1.5945420828732928,0.7690243400862574
2020-10-23,1.584429775582144,1.6024255015254174
2020-10-24,-1.5910873135211843,-1.5873143240424639
2020-10-27,0.5624156448562637,1.5807035912806515
2020-10-28,1.5573085959241804,1.5352627035889184
2020-10-29,-0.7296929929804499,0.06647471983616304
2020-10-30,0.43102631939921854,1.597879931128916
2020-10-31,0.8916896313745326,1.5471265534283798
2020-11-01,0.004161330429518957,0.7515534866385242
2020-11-02,1.14037417070246,1.177957457849502
2020-11-03,1.5624163319687456,1.5416307947566947
2020-11-04,1.6080305917115176,1.2060932315015391
2020-11-05,1.601029882632826,1.6012434855400324
2020-11-06,0.005413414017732139,0.40589111664311717
2020-11-07,1.0905273434276428,0.6787756891665105
2020-11-08,1.6039429555827311,1.1378014874930211
2020-11-09,-1.5859979073050936,1.6016752833198942
2020-11-10,1.6090201441122676,1.6363958034619719
2020-11-12,0.2846117338606623,1.3080656445594545
2020-11-13,0.026399614048367173,1.625947107983005
2020-11-15,1.6001635199888344,1.5352627035889184
2020-11-16,1.6004896495400938,1.5356802508429308
2020-11-19,1.6009780969784293,0.40224746533656974
2020-11-21,1.6002946518587733,1.5356802508429308
2020-11-23,0.6763758496588737,1.5354714772159246
2020-11-24,1.6036639987259917,-0.8973142713517489
2020-11-25,0.5414985521313824,1.1415047671136
2020-11-26,0.5407634123929833,1.0610360135266477
2020-11-29,1.6905286805828488,0.9887869857915478
2020-11-30,1.6001445545227626,1.5352627035889184
2020-12-01,1.5985821876014694,1.5926855013222134
2020-12-03,1.6042954472234,1.100384917549527
2020-12-05,1.5989055352697603,1.5994389639705537
2020-12-06,1.2264794629516391,1.0866739260413012
2020-12-08,0.8004941979481708,1.567887948784283
2020-12-09,0.6399940594464401,1.5949533034805063
2020-12-10,1.6048595855690266,1.5851115823248811
2020-12-11,1.5459924346867178,1.5652886097418592
2020-12-12,1.5822617143935311,1.5779011736353155
2020-12-14,1.5971772495382472,1.2988301576119932
2020-12-15,-0.9507630664431741,1.5664748644471513
2020-12-16,1.6040495975351008,-0.5023137411300466
2020-12-17,1.1205868332537958,0.8468991221162807
2020-12-18,0.31025554059147137,1.3464860738318176
2020-12-21,1.6553642570442972,1.1202283968429247
2020-12-22,1.5467318674250314,1.527796739885928
2020-12-24,1.6180159801398897,1.6168387095695846
2020-12-26,1.5250685009819243,1.206396933430385
2020-12-27,0.8204007533799031,1.5761903503650376
2020-12-28,0.765604005418081,0.1864136196701085
2020-12-29,1.5997250620269075,1.249449181895054
2020-12-30,0.9731884403645387,1.1975289658105883
2020-12-31,1.246091444559817,1.0738510187552865
2021-01-01,1.6062100674814337,1.5884467247485117
2021-01-02,0.4339139766459113,1.6028131563992434
2021-01-03,1.6018542519706456,1.2393123456711623
2021-01-04,1.6030192131192222,1.602345138642169
2021-01-05,1.6070861843876814,0.9834260428813671
2021-01-06,0.27067393910835036,1.5355587697204802
2021-01-07,1.6176641400786635,1.5684080967221152
2021-01-08,0.9602307426474816,0.6412131076046815
2021-01-09,1.5888656471398286,1.4816106295716187
2021-01-10,1.6029375126266916,1.5672230493697499
2021-01-11,1.6003818557752294,0.11710923254337285
2021-01-12,1.6025625680051325,1.5823089354908293
2021-01-13,1.2749921465544691,1.4436452070146324
2021-01-14,1.599638131439095,1.4250653009074066
2021-01-15,0.06499030277243056,1.661415955068859
2021-01-16,1.6001901903882616,1.5352627035889184
2021-01-17,-1.581565712518622,1.6009096222263137
2021-01-19,0.825109743604486,0.02795440251475389
2021-01-20,1.6778035836454903,1.6718884553411715
2021-01-21,0.929628274715453,1.2759404532884324
2021-01-22,0.6651326200420283,1.5762209572101618
2021-01-23,1.6015537488195328,1.0975380123426326
2021-01-24,1.674284191948222,1.5710055798112232
2021-01-25,1.2770452664084353,1.156561577788519
2021-01-26,0.00019105376474935206,1.5352627035889184
2021-01-27,0.5131240179460484,1.3007250736932108
2021-01-28,1.1810418266620366,1.3483717142430156
2021-01-29,0.6476459936567938,1.5424243267648865
2021-01-30,1.249617747815835,1.1970710767589294
2021-01-31,1.4276883373201739,1.3681616324140682
2021-02-01,0.004685347222587399,1.5588918020577025
2021-02-02,0.16234638156966927,1.28775758405905
2021-02-03,1.2128506459389123,1.3506704949293515
2021-02-04,1.3405952472201086,1.4168259343363745
2021-02-05,1.1914217905954438,1.4801479487932026
2021-02-06,1.601678055938922,0.9909400881095437
2021-02-07,1.458425228976812,1.158324862431478
2021-02-08,0.3696396709175824,1.428015747569979
2021-02-09,1.6196818028747995,1.5228066946032977
2021-02-10,1.556476703020829,1.0656491640748684
2021-02-11,1.2030923443935682,1.1334094425639147
2021-02-12,1.2349593518969568,1.5554376763948936
2021-02-13,1.6000533428261448,1.5352018868036772
2021-02-14,-0.24511889528116865,1.5691285250303824
2021-02-15,1.5996171532171797,0.7693776159750328
2021-02-16,0.4660761841733968,1.5352627035889184
2021-02-17,0.7054076623709331,1.5504529091620105
2021-02-18,0.9293375869377322,1.5352627035889184
2021-02-19,0.696168634744335,1.1914222508890968
2021-02-20,1.5999981904346405,1.0478230086039746
2021-02-21,-1.434516641328849,1.5352627035889184
2021-02-22,0.0002105655049152094,1.5352627035889184
2021-02-23,-0.01954438645553162,1.5024229476121809
2021-02-24,0.8761680368860836,0.894419940204715
2021-02-25,1.5834774847108788,1.5352627035889184
2021-02-26,1.60150512304344,1.3409551736476268
2021-02-27,0.5695655347593652,1.3572005861374006
2021-02-28,1.111689738766214,1.2716369926339772
2021-03-01,1.0679343821849607,1.5461056639374922
2021-03-02,0.08920326328401502,1.4487294103380246
2021-03-03,0.7980742013951916,0.7695076750152646
2021-03-05,0.44170927344329586,1.5352627035889184
2021-03-06,1.5912666743386101,1.5353613922994391
2021-03-07,1.6040642114772696,0.3062929886454717
2021-03-08,1.5903539249589982,1.5352627035889184
2021-03-09,0.06903261775315848,1.2701112358753428
2021-03-10,1.3455781538026426,1.3524011727065819
2021-03-11,0.011525643383794495,1.6042022599741472
2021-03-12,0.000794266375093202,0.770847057258803
2021-03-15,1.5999847380987144,1.5352627035889184
2021-03-16,1.0726763924860645,0.7411962752961428
2021-03-17,0.8020575641592282,0.9870265232256338
2021-03-18,1.600140667158677,1.5352627035889184
2021-03-19,-1.0710264037532302,0.9709961158883271
2021-03-21,1.6006716934835246,1.5357640546772968
2021-03-23,1.7510898507723742,0.7398829217003229
2021-03-24,1.6001834828181087,1.5352627035889184
2021-03-25,1.8000929003182173,0.40887912333108484
2021-03-27,1.6000406692053797,1.5352627035889184
2021-03-29,1.6047124324935238,1.604122410216085
2021-03-30,1.5990267886518479,1.5352627035889184
2021-03-31,0.112673492425977,1.5352627035889184
2021-04-01,1.6057321186861604,1.0316874367998905
2021-04-02,1.6122860467639584,1.613117972078243
2021-04-06,0.013593624321881213,-0.49746586921501973
2021-04-07,0.8023781578047087,1.040729556182976
2021-04-08,0.16140245632696051,1.5353032333082848
2021-04-09,0.0001903020241070733,1.5352627035889184
2021-04-10,0.8023401898633117,1.5619781502589452
2021-04-11,-1.5880112746370718,1.5694249783228784
2021-04-12,-1.570416385266079,0.001177121874172097
2021-04-13,1.6001074889585676,1.5928669167586615
2021-04-14,1.6573240368303752,0.7492396650602338
2021-04-15,1.6029261934537082,1.032719235899523
2021-04-16,1.602992535929967,1.6251983007604347
2021-04-18,8.03411707613888e-05,1.5352627035889184
2021-04-20,1.6000731750391046,1.5352627035889184
2021-04-21,1.599967707601396,1.5352627035889184
2021-04-22,-1.1065052959867168,0.17578254623841907
2021-04-24,0.005928623447301183,0.17798210800669764
2021-04-25,1.6000888045568369,1.5352627035889184
2021-04-26,1.633786427731609,1.5689548017425174
2021-04-27,1.601062690272373,1.5361753761484986
2021-04-28,0.6543426509543431,1.4480405925552362
2021-04-29,-0.20273201684150066,1.3959652099189785
2021-04-30,1.587492434708476,1.5352627035889184
2021-05-01,0.10133944286615038,0.7833065846880891
2021-05-02,1.5250039012203311,1.535194060222731
2021-05-03,1.0270053416336355,0.911243914623641
2021-05-04,1.6017821689908187,-0.15087097740205646
2021-05-07,1.6129406730706122,1.6116286774417494
2021-05-09,-0.12903441767857032,0.6340318273187608
2021-05-10,1.6686553594062716,1.2998119764098521
2021-05-13,1.5695020850889791,1.1556172650779521
2021-05-16,1.6029860113131413,0.7875432167051145
2021-05-18,0.00019030262786668792,1.5352627035889184
2021-05-19,0.5224155139856821,1.5352627035889184
2021-05-20,1.3907261832870415,1.5722793196111726
2021-05-26,1.6099625249130616,1.5927602184249359
2021-05-27,1.7096760753176365,1.712869370878663
2021-05-28,-1.599784161615231,1.5352627035889184
2021-05-29,1.602259238292695,1.595749983631914
2021-05-30,1.5992362407194105,1.5352627035889184
2021-06-01,1.5886104351044315,1.685891861047656
2021-06-03,-1.5368413150400038,-1.5367169619572698
2021-06-04,0.09553498810370054,1.7085285925786176
2021-06-06,0.0072963668226255695,1.6067453947986794
2021-06-07,1.6494884487934922,1.6450843023017434
2021-06-08,0.0018318812416813213,-0.2680373523133307
2021-06-10,1.5707806534260267,1.4687311161332959
2021-06-13,1.6005119574814275,0.8032593849490642
2021-06-14,1.5999968946393752,1.5352627035889184
2021-06-15,1.5998828811960055,1.5352627035889184
2021-06-16,1.6007291581412748,1.5690201684833358
2021-06-18,1.627244602692988,0.90943695213862
2021-06-19,1.604590415618084,1.60462819532903
2021-06-20,-1.4948724725324058,1.6957902986902127
2021-06-21,1.5958737860353958,1.5352627035889184
2021-06-22,1.7940697107901258,0.1940875962839254
2021-06-24,1.6064319717137758,1.6066207116127853
2021-06-25,1.5961873993956033,1.5781507245857354
2021-06-26,1.8094363045701098,1.8106501791954088
2021-06-27,1.7489121233363831,1.7362999272644877
2021-06-28,0.8204324857328575,0.990125033012621
2021-07-02,-0.7075298576000815,0.9796807921186783
2021-07-03,1.5335462958304114,1.600705643703125
2021-07-05,0.0001903038269247808,1.5352627035889184
2021-07-06,1.612312237738972,1.0268424677359822
2021-07-07,1.367042372071366,1.6030949500663423
2021-07-08,-1.2807498167824336,-0.5553522567400367
2021-07-11,0.005944016750777983,0.3960526735820495
2021-07-13,1.5793586999812335,1.5352627035889184
2021-07-16,0.801303483303911,0.9106920236995606
2021-07-17,0.7653473184298201,1.5588185181300713
2021-07-18,0.00031190199231275384,1.5353842927470176
2021-07-19,1.6001226802867132,1.5352627035889184
2021-07-20,1.6003139599203415,1.5356273379557148
2021-07-23,0.8200800916968617,0.7553183668997431
2021-07-24,1.4004451282560033,1.4931859049696554
2021-07-25,1.5679405652942322,1.4767386170924937
2021-07-27,0.09138016286149615,1.0537680189184755
2021-07-30,1.5990851444296215,1.5352627035889184
2021-08-01,1.6120181369346573,0.935042351849585
2021-08-02,1.6501803369685752,1.6459370827087794
2021-08-03,1.0710002420913456,0.6483101728916497
2021-08-05,1.600171631563152,1.5352627035889184
2021-08-09,0.3518971368346235,1.5824539828475452
2021-08-11,1.6021762767138052,1.4445695334339574
2021-08-17,1.2014218075147771,1.5352627035889184
2021-08-20,0.0027283677543489685,1.5682780440307273
2021-08-23,1.6000133660652023,1.5352627035889184
2021-08-24,1.6031150617708243,1.1820992191529136
2021-08-26,0.049726690062853615,0.049727583567917774
2021-08-27,1.537318262654931,1.6206278282731112
2021-08-28,1.611846984694679,1.5857799413491993
2021-08-31,0.005427564173209552,1.6053578141314957
2021-09-02,0.8249544619983232,0.865223612156377
2021-09-05,1.641477075121847,0.32829574510241144
2021-09-06,1.5991400281770043,1.5361334377015705
2021-09-10,1.7934528521928703,1.7596749777173228
2021-09-12,1.6078353210068896,1.5438631949181376
2021-09-13,1.5997253018161197,1.5352627035889184
2021-09-19,0.1292510948029765,1.0440727633336007
2021-09-20,1.6163575573341078,1.237000934042017
2021-09-22,1.600864342798141,1.599167988215423
2021-09-26,1.6152480823491902,1.6179888121814796
2021-09-29,1.6492735843766817,1.178104817335111
2021-09-30,0.011609965564330832,1.2555184335487886
2021-10-04,0.38523711349942263,1.559327197907695
2021-10-08,1.6001568732796907,1.5352627035889184
2021-10-09,1.6113026920295606,1.6127080393726685
2021-10-13,-1.599480829974981,1.5352627035889184
2021-10-18,1.6000424409333476,1.5352627035889184
2021-10-22,0.36926123226413954,1.5699948431440345
2021-10-23,1.0936782670382432,0.5793954805872132
2021-10-25,1.6939744979972342,0.8685959909746771
2021-10-29,0.7995254746757077,1.535323498167968
2021-10-31,0.006390767427976111,1.5172067057538086
2021-11-02,1.374743124378233,1.569499300254563
2021-11-04,-1.4450013966194666,-1.445000911598693
2021-11-05,1.4340351964149043,0.8027166340071168
2021-11-13,0.6150203216080063,0.8007042668620235
2021-11-15,1.601321556569308,1.536408208382814
2021-11-17,1.406191804350132,1.5352627035889184
2021-11-18,1.6001811656457847,1.5352627035889184
2021-11-19,1.563633497465334,0.7168334694372084
2021-11-20,1.6001624069933058,1.5352627035889184
2021-11-21,1.606273511895215,1.56334842832215
2021-11-22,1.6194797337040263,1.5713049288558665
2021-11-27,1.6022432644798161,1.5892710798218015
2021-12-01,1.0474663293096205,1.5352627035889184
2021-12-02,-1.5998080134046846,1.5352627035889184
2021-12-05,1.598773338700673,1.5352627035889184
2021-12-07,0.33939019185564795,1.5352627035889184
2021-12-09,1.1628910717805108,1.5352627035889184
2021-12-12,-1.223186842187668,0.044166204701706874
2021-12-13,1.5984034446807374,1.5352627035889184
2021-12-15,1.5314763802563924,0.760285614509795
2021-12-17,1.613737355945577,1.5430629908970044
2021-12-18,1.5999686713722308,1.5352627035889184
2021-12-19,1.5711506898275505,1.6570668601489682
2021-12-22,1.604797221731264,1.6044447086614648
2021-12-27,1.6115930643213663,1.6118278548394949
2021-12-30,0.0175889786891833,1.5352627035889184
2021-12-31,1.565145032237828,0.1366352731503362
2022-01-03,0.653108272335724,1.5352627035889184
2022-01-10,1.5992830368183009,1.5352627035889184
2022-01-11,1.602128953986963,0.28509035849885167
2022-01-12,1.3047964338535347,1.5353842927470176
2022-01-13,1.7647705542740695,1.7647652379079486
2022-01-14,0.013547791275641879,0.732321478631409
2022-01-19,1.6034371634476405,1.593639367832604
2022-01-21,1.6431510609878,1.490347149963701
2022-01-22,1.601538838482737,0.9765767241773844
2022-01-23,1.5994647096482908,0.16335929447118472
2022-01-24,1.599723550020385,1.5352627035889184
2022-01-25,1.5997038232737975,1.5352627035889184
2022-01-27,0.6995709661807832,1.5712880792945536
2022-01-29,0.0334836564912066,0.801175383057913
2022-01-31,-0.7877189323023566,1.3429415021908158
2022-02-01,1.5999589852492,1.5352627035889184
2022-02-02,0.08997810903871051,0.8574151153603503
2022-02-03,1.5608148347899233,-0.6296365129585602
2022-02-04,0.014582106632738023,-1.2280626151468077
2022-02-05,-1.595581962442835,0.013035773979006682
2022-02-06,1.599897032910557,1.5352627035889184
2022-02-07,1.6670185516872877,-1.460754403231973
2022-02-08,1.5928347626816273,1.6013552346652877
2022-02-09,1.565855770356316,1.5728571013999146
2022-02-10,1.4202154294913325,1.535141070018436
2022-02-13,1.6000406337398683,1.5352627035889184
2022-02-14,1.5988207030234554,1.5352627035889184
2022-02-15,1.6050248243192353,1.6051094201923704
2022-02-18,1.5985554239409332,0.0196087986645223
2022-02-22,0.16213133385638848,-1.4706828070694378
2022-02-24,0.3623693548920636,-0.8404854886767498
2022-03-01,0.7454139503934538,0.6085101211820547
2022-03-06,1.6005638918552736,1.568320208475808
2022-03-12,1.6016579821506531,1.602803634466501
2022-03-19,1.5999303397330644,1.5778460072575093
2022-03-20,1.4748747432383966,1.6020934067778445
2022-03-21,1.6010440049374597,1.575888838273
2022-03-24,1.5990351634358453,1.0217678665373662
2022-03-26,1.4957740156565726,1.5352627035889184
2022-03-28,1.1192043874965047,1.5454538559038267
2022-03-29,0.7488271373192312,1.4529869587436788
2022-03-30,0.001298806584578175,1.0647069777970153
2022-03-31,1.5933851159782442,1.4271004413249047
2022-04-01,0.3150143203794152,1.5352627035889184
2022-04-03,1.3752743208238138,1.6146017189582376
2022-04-04,1.603680684581675,1.60389465846998
2022-04-07,1.5966834061388047,1.1858170682280713
2022-04-11,-0.04663512633237906,1.5596270773291296
2022-04-12,1.6933733460124412,1.4276564891409325
2022-04-13,1.5445837044553983,1.5987248852484233
2022-04-15,1.2881274658125423,1.5352627035889184
2022-04-24,1.571486555171797,1.5699829037305473
2022-04-25,-1.5704396249329176,0.00998055609894588
2022-04-26,0.005071776991977148,0.005716741223757699
2022-04-27,0.05622654716893488,-0.019130379130617575
2022-04-28,1.6128373240382394,0.8568877787179354
2022-04-29,0.6389730128564227,0.26495148689250553
2022-04-30,1.5253396869040525,0.9967894181381802
2022-05-01,1.6004569138157945,1.4687647480915946
2022-05-04,1.601827618004411,1.5371345780353831
2022-05-07,-0.3548997362313364,1.6072262349471453
2022-05-09,-1.5242093145364835,1.2467666131148756
2022-05-10,0.7973653352136568,1.5680346325345975
2022-05-11,-1.266766056684288,1.5352627035889184
2022-05-12,0.0070180378006370935,1.6038714567608838
2022-05-13,1.4579047787140549,1.535141070018436
2022-05-15,1.4883176276787191,0.0161391189988066
2022-05-16,-1.558619942293642,0.9458311434581497
2022-05-18,1.6154349760621212,0.5791896056833711
2022-05-26,1.5999933440926062,1.535141070018436
2022-05-28,1.6047043679230442,1.604701582028152
2022-06-01,1.563018174765862,0.13928271491102012
2022-06-03,1.5949622900381388,1.5352627035889184
2022-06-04,1.514333596360798,0.040616367208970994
2022-06-06,1.601105946739888,0.08719237574800756
2022-06-11,1.5989623865485507,1.5352627035889184
2022-06-12,0.00019044760159692302,1.5352627035889184
2022-06-13,1.243176776021191,0.4656880744152238
2022-06-15,1.4766641954019217,1.5352627035889184
2022-06-22,-1.5984571417741609,1.5352627035889184
2022-06-25,1.1439305024402349,1.564980738535787
2022-06-26,0.1190089017020749,1.5695442719186612
2022-06-30,1.602421550544148,1.3952561119114915
2022-07-01,1.6000507345263464,0.007668472066500476
2022-07-02,0.0007605564166932001,1.6003355505172479
2022-07-05,1.6088499273237875,0.9226209873015494
2022-07-06,1.6001453741976215,1.5352627035889184
2022-07-13,1.5968489482981014,1.6005702361349925
2022-07-14,-1.578767040305236,-1.3355878378418022
2022-07-18,-1.593473583097474,1.5356429816732051
2022-07-19,6.866845303962024e-05,1.5927452831881792
2022-07-22,-1.5266726503264603,1.1126568670155135
2022-07-24,1.601295027580376,0.4026802254587852
2022-07-25,1.0929961243001427,0.01881669553772795
2022-07-26,1.623162868560625,0.9916110269332405
2022-07-27,1.6005962571223504,1.2101324762237788
2022-07-28,0.037486207636552166,0.01292807198331325
2022-07-29,1.5851740421454874,1.5352627035889184
2022-07-31,1.5943101683551768,1.535141070018436
2022-08-08,1.6070530793710864,1.6071726174849732
2022-08-10,1.6001731176499927,1.5352627035889184
2022-08-12,1.5996262799043504,1.5352627035889184
2022-08-13,1.6784574017716947,1.6713275545967106
2022-08-14,1.6017891731956815,1.601891742109981
2022-08-15,1.6116786181129557,1.6117017986754862
2022-08-16,1.6012745232488574,1.5983932751068137
2022-08-19,1.5996621251991543,1.5352627035889184
2022-08-23,1.6038659586030137,1.6038651164894147
2022-08-26,1.6183516289419708,1.6126191758352555
2022-08-27,0.24913665400768617,1.6061383215129768
2022-08-29,1.59805991873326,-1.3646450910546888
2022-08-30,1.4704422007917928,1.535194060222731
2022-08-31,1.5912179795474874,1.5961378087398863
2022-09-04,0.1436467989972532,1.3112460304669122
2022-09-06,1.5971711472632706,1.5352627035889184
2022-09-09,0.4369603456768175,1.5986042757052161
2022-09-11,1.6013158486198094,1.6013479812449485
2022-09-12,1.5976144978685347,1.5352627035889184
2022-09-14,0.8629094309181912,1.5360444285325698
2022-09-16,1.599449389923582,1.5352627035889184
2022-09-18,1.0470475635935634,1.5352627035889184
2022-09-19,1.3449706925599445,1.6108055877465512
2022-09-20,1.600093298919618,1.5352018868036772
2022-09-26,1.1349252439095177,1.550491160391768
2022-09-28,-0.4029129634345506,0.4971372329699717
2022-10-03,1.5893953579268012,0.0018411656612292333
2022-10-05,1.5851487289322836,1.5352627035889184
2022-10-07,1.591454073891027,1.5352627035889184
2022-10-21,1.600111977410449,1.5352362139482432
2022-10-23,-1.203364544908721,1.5352627035889184
2022-10-24,1.6144095415528392,0.39921907794243683
2022-10-26,0.0003118911750013345,0.0003124015705892853
2022-10-27,0.8485278719509716,0.5515726890295144
2022-10-28,-1.2596916470185795,1.535315674442768
2022-10-31,-1.5671449151181165,1.5726122599494912
2022-11-02,1.6661732853689353,1.5660765572374178
2022-11-03,1.6055897210873256,1.6056746642292354
2022-11-05,1.5998585482445946,1.5810411570975746
2022-11-07,-1.5120450771897294,0.17133658681188763
2022-11-08,1.6034405300334922,1.6016731302940812
2022-11-11,1.601812264224161,1.6019072569348218
2022-11-15,1.600837834524914,0.0013339984220418163
2022-11-16,1.621722857090526,0.8865383600803158
2022-11-17,1.601190352204866,1.6011064885829887
2022-11-19,0.5359720216230707,1.488299566491393
2022-11-22,1.602227647829451,0.0024450948425311985
2022-11-25,-0.7958714635773282,0.8567900789664078
2022-11-28,1.6012004322914453,1.5881354183968326
2022-11-29,0.8018365374358388,1.5959860250278362
2022-11-30,1.603419866809168,1.6035106871664904
2022-12-03,1.6295608031537006,1.5278121727038554
2022-12-05,1.6012285485959683,0.5619602307994624
2022-12-08,1.6005278912990988,1.595453047493886
2022-12-11,0.5344914736454286,1.5791144905845906
2022-12-14,1.588730899991437,0.7730154127398865
2022-12-16,1.526906715416983,0.7854741497885049
2022-12-20,1.6073967380226744,1.494189628049107
2022-12-29,0.0554158042058881,1.57440252399493
2022-12-30,-1.1399234112891634,1.5995905659326466
2022-12-31,0.7991964869941172,0.7987057840809082
2023-01-02,1.6015730199906713,1.6018139141755117
2023-01-03,1.5978247841308986,1.0052221329566984
2023-01-04,0.5491848731715295,1.05411304782744
2023-01-05,0.005191597105298845,0.005191597072808428
2023-01-06,1.5893439345283855,1.5352627035889184
2023-01-08,-1.2854307156162643,-0.029362029130465483
2023-01-10,1.600873173881152,1.5863127534804746
2023-01-12,1.6015403401419752,0.005922953545466722
2023-01-13,1.6230697234447964,1.6262626631955752
2023-01-15,0.0021334487989620103,1.3763736642392566
2023-01-18,1.5547107307537895,1.567592834603623
2023-01-21,1.6001734591025327,1.5352627035889184
2023-01-22,1.6005687621831535,-1.1719558903753198
2023-01-23,1.5935113961118537,0.2447692600559861
2023-01-26,1.600185174040857,1.5352627035889184
2023-01-27,1.5861277562524247,0.721687796844638
2023-01-28,0.002009504378750375,0.6884492708764721
2023-01-29,0.00019030289992100232,1.5352627035889184
2023-01-30,1.599591279097908,1.5352627035889184
2023-02-01,1.6133519027051204,0.7855077203368529
2023-02-02,1.6196853663461974,-0.2913028855551815
2023-02-03,1.6006755544193991,0.0007316091314082351
2023-02-04,1.5972502522291094,1.559591634233217
2023-02-08,1.602862804635923,1.5944943878065483
2023-02-10,0.04984111897871602,1.6449211136431559
2023-02-12,1.592020558089563,-1.356104640642568
2023-02-15,1.0712782593489933,1.5970985515684382
2023-02-24,1.6095248728376803,1.612220626055923
2023-02-26,1.6003190007022847,1.600139363698708
2023-02-28,0.007952696522585834,-0.12320967197016608
2023-03-05,0.3014337567756382,1.6035272111629328
2023-03-06,1.6034519906194935,1.6030574829729338
2023-03-07,1.5965387776003839,0.003212362250119104
2023-03-08,0.535622624444148,1.0369687072480822
2023-03-12,1.6103788509303332,0.5365540853808705
2023-03-13,1.6001002176592467,1.5992621054029186
2023-03-14,0.771733978622712,1.5352627035889184
2023-03-15,1.5903932173926725,1.5352627035889184
2023-03-16,1.5993381969441534,1.6005929063051623
2023-03-21,1.5988920616004223,1.320545069056616
2023-03-24,1.616669704013231,1.5933404510712148
2023-03-27,0.0020655774910132083,1.6018581454539516
2023-03-28,1.6278760363169655,1.5989690474500144
2023-03-31,1.6039028973925644,0.024815896199563016
2023-04-03,1.5988067550292282,1.5352627035889184
2023-04-04,1.5917083975498854,1.549663753344612
2023-04-08,1.6005628089654995,1.0721854487003704
2023-04-10,1.4526276265116962,0.7053566701173396
2023-04-11,-1.5998073603267526,1.5352627035889184
2023-04-17,1.5970285352658178,1.535276429432762
2023-04-18,1.5941931333601198,1.5931629828902234
2023-04-20,1.6021899964241553,1.6021991107489364
2023-04-21,1.6004051198518832,1.6005153713819664
2023-04-22,1.6007032342318726,1.6009923913314947
2023-04-25,0.8006332220496583,1.6025825558349134
2023-04-27,-1.5452163562864427,-0.3325502218889623
2023-04-28,1.5942308210468426,1.5352627035889184
2023-05-02,1.5998099998810271,1.5745673774989664
2023-05-04,0.00019030201692164474,1.5352627035889184
2023-05-06,1.5917127751940117,0.23208195283861374
2023-05-08,1.6211350508217983,1.6158421329702979
2023-05-09,1.459950124736884,1.564091295600715
2023-05-12,0.08551973634036185,1.4228840252844264
2023-05-14,1.6012885411177566,1.5983197793731574
2023-05-16,1.6050336699204093,1.3777211855615097
2023-05-17,1.6016236474223078,1.476023272471309
2023-05-18,0.7883347595336023,1.024833128055983
2023-05-21,1.6000652387834913,1.0426296750118311
2023-05-24,-0.2803229614844962,-0.07672158862680567
2023-05-27,1.5944099323194423,1.593760570351311
2023-05-30,1.547109702912655,0.7219401219691345
2023-06-03,1.6006237497898925,0.7687801699778084
2023-06-04,-1.5642256280800784,1.5903160845203483
2023-06-06,1.5989551094638033,1.6014652336488742
2023-06-09,1.600180013187638,1.5352627035889184
2023-06-13,1.0054179593076682,1.1281604310915971
2023-06-14,1.6000939482099787,0.00036484269255797396
2023-06-15,1.599915885597084,1.5682747666612071
2023-06-16,1.6000052655548531,1.535141070018436
2023-06-17,1.5939153363405199,0.2565579919211245
2023-06-18,-0.9362240267846942,1.600650064534158
2023-06-19,1.6010924463809213,1.6010019537960707
2023-06-22,0.8193767672338892,1.6096211027560452
2023-06-26,1.5973145447136916,1.6000592303343133
2023-06-27,1.5983869258230083,0.14352993433132388
2023-06-28,0.0012830094770873328,1.6011144111807267
2023-06-29,0.0011912541823220807,0.0011773898071774968
2023-06-30,1.6001806132007754,1.5352627035889184
2023-07-01,1.583883034320603,1.5987904477496724
2023-07-02,1.5900201608661422,0.399991822335576
2023-07-03,1.5973126485306004,1.4900358058935277
2023-07-04,1.6072155430796284,1.567857829007808
2023-07-10,0.0028794930236865648,0.0028616912506064817
2023-07-11,1.5812284835888106,1.6008892806426125
2023-07-12,1.6046302222540474,1.5634261342601026
2023-07-14,1.6018164032839377,1.601877101687093
2023-07-16,1.590513830098972,1.5978183623580486
2023-07-18,1.3642816602419316,0.004364094460804857
2023-07-19,-0.9126828929630039,1.6007726218414282
2023-07-20,0.537035637853146,1.3982168718099115
2023-07-21,1.5711911504438285,1.601896340072866
2023-07-22,1.601128317173637,1.579760932360621
2023-07-25,1.60164444333485,1.4790493835304868
2023-07-26,-0.2963964396810345,1.0520273220129057
2023-07-27,1.5888985509543667,1.2025324626920113
2023-07-28,1.5649580894560036,0.7987400993090658
2023-07-29,1.6003882440667054,1.6008314016953549
2023-07-30,1.5332655627017975,1.5816134761738248
2023-08-01,1.5341158997548598,1.6005446703141952
2023-08-02,0.8460181397422406,1.6012200748877454
2023-08-03,1.0671132132746786,0.5365890701527578
2023-08-04,0.6813280622006959,1.1286588272996203
2023-08-05,0.0018139573257650958,0.26878295562913496
2023-08-06,1.6100218416862042,1.033455489055267
2023-08-07,0.6264661360412185,1.5352627035889184
2023-08-08,1.1980341456536956,0.7543482379441586
2023-08-09,1.1958196661406006,1.5677188731099128
2023-08-10,0.9819720907603241,1.188214367500652
2023-08-12,1.573345645872861,1.5802307704291034
2023-08-13,0.5394787132012232,0.5655848517703741
2023-08-14,1.6139150209911417,1.5781969015628545
2023-08-16,-1.51605042269723,1.5127943371474055
2023-08-17,1.5712932363501073,1.5486932656697356
2023-08-21,-1.5864776852956426,1.604267908939447
2023-08-23,0.015162426442712928,0.6113359013167422
2023-08-27,-0.8093990200986081,1.564995522276519
2023-08-28,1.6024441432478094,1.6026398606963077
2023-08-30,-1.0391036765382635,-1.509675026868272
2023-09-01,1.5902782938686304,1.5955213034539075
2023-09-02,0.032381755450419505,1.5990708934583113
2023-09-03,0.6688135637476312,1.329571939926768
2023-09-04,1.2850797970524674,1.0626557795371954
2023-09-05,0.7979557231999048,0.7792490488674425
2023-09-06,1.61203292001036,0.8871658687050034
2023-09-07,1.5987739862095567,1.5687571276842163
2023-09-09,1.5999816896593317,1.600060618749257
2023-09-11,1.077431955115094,1.3166616873350803
2023-09-13,0.23376462384564564,1.1997636759005943
2023-09-14,1.6511677209102968,1.1981032884409142
2023-09-17,1.1843788941924975,1.5499431644127637
2023-09-18,1.6190436948656362,1.6209979794261713
2023-09-19,1.6100871326973025,1.6114247825046408
2023-09-20,1.6000866091007058,1.5352627035889184
2023-09-21,1.5999444690900038,1.5670049157088561
2023-09-22,1.552593164519867,1.489249050450843
2023-09-23,0.80310747491479,-0.7182649439507897
2023-09-24,1.553240946472349,1.3474448150649017
2023-09-25,1.6012647870584165,1.601344970907193
2023-09-26,1.6231029814010918,1.6228829358040944
2023-09-27,1.602343811174127,1.598745244577333
2023-09-28,1.6029074849129288,1.6015197981565643
2023-09-29,1.5651618336925712,0.026699401600639824
2023-09-30,1.578307539773495,1.5352627035889184
2023-10-02,1.601072542445801,1.5625676499151784
2023-10-03,1.600645060693909,1.5685994308913593
2023-10-05,1.595988213823063,1.567896999814862
2023-10-08,1.6222511499315764,1.6223824454318765
2023-10-09,1.60485388409707,1.6044180928192684
2023-10-10,1.5811964261714118,1.6003030713747564
2023-10-13,1.6004145797802174,1.600412744192989
2023-10-17,1.6089015949439465,1.3219921904397185
2023-10-18,0.7781002555766681,1.5383266416202281
2023-10-19,1.5673138672515465,1.5803420620460882
2023-10-21,-0.34648462912822386,-1.5202807429517198
2023-10-22,1.5713594545339578,1.5627873638890504
2023-10-23,1.6002111111063082,1.6036093645676226
2023-10-24,0.9005559308014186,1.600788659025152
2023-10-26,1.595739129526899,1.6005116854450758
2023-10-28,1.1785471307097912,1.5998765202949083
2023-11-01,1.598738694508217,1.6007299330609794
2023-11-03,1.574663113894682,1.5352627035889184
2023-11-05,0.5334039268559623,0.6267074502306297
2023-11-06,1.6017126538104896,1.6011691711927232
2023-11-07,-1.5810006419956353,1.6004250710541985
2023-11-09,1.5701634317666586,1.5929745241500584
2023-11-10,1.6199741014371631,0.021576661138509534
2023-11-11,1.5095020378520938,1.567255628449228
2023-11-13,1.4830582705105402,1.5205069329198926
2023-11-14,1.3681224825422151,0.03281102439350747
2023-11-15,0.814739834957272,1.5720580544175466
2023-11-17,0.48087692983235764,1.2004800624481113
2023-11-18,1.6013911586488798,1.6013753730348637
2023-11-19,0.0006246697130481723,1.4517774809707469
2023-11-20,0.8003016966506797,1.0200661577728427
2023-11-22,0.03837870404972538,1.6015871379562197
2023-11-23,-0.0027886333542110897,0.7693155148493008
2023-11-24,1.6090279388093083,1.609221912306449
2023-11-26,0.3413575895336836,1.60389202385241
2023-11-28,1.5983329161598694,1.601170077595613
2023-12-01,1.600137393107374,1.5352627035889184
2023-12-02,1.6037622661338766,1.6053679265285148
2023-12-03,1.6003972170090153,1.6003220631237518
2023-12-05,1.5867531900575438,0.8373691325189938
2023-12-08,1.5982683195137692,1.600506997069268
2023-12-10,1.6002462410013827,1.6008149107638001
2023-12-11,1.5884550508751492,1.5352627035889184
2023-12-12,1.5959485960079702,1.535141070018436
2023-12-13,1.5621741307961132,1.6016552198173264
2023-12-14,1.604982216847429,1.5885139392504481
2023-12-15,1.6031624941917804,1.6035655914419944
2023-12-16,1.6013237670193625,1.583723217298031
2023-12-18,1.5655865359278491,1.3898030989201098
2023-12-19,1.0460195128889536,1.5612138226930157
2023-12-20,0.8259878401654146,1.4508335513102906
2023-12-21,1.6064528487437606,1.4073967429263199
2023-12-22,1.6020524569365975,1.5946457442354967
2023-12-23,1.6110897386624863,1.6114587461389482
2023-12-24,1.6010574091197063,1.5669450013398387
2023-12-25,1.600028539274893,1.5352627035889184
2023-12-26,0.002260926597262522,-1.5898262619239236
2023-12-27,1.6004425830752753,0.7111213111809109
2023-12-29,1.1998824590458383,1.548848749795589
2024-01-01,1.1171862076663648,1.6154366320602198
2024-01-02,0.5443290382370346,0.43929515209469017
2024-01-03,1.201979073870237,0.7974552270584132
2024-01-04,1.1460977228595204,-1.5995053225267175
2024-01-05,1.5903770635782692,1.1493945389648523
2024-01-07,1.6013167777305786,1.5924155872525805
2024-01-08,1.600711821292629,1.5942675258544021
2024-01-09,1.599648697427114,1.6004822392911775
2024-01-10,1.60108068161079,1.1363755551260828
2024-01-11,-0.04485598150830546,0.49270032431272265
2024-01-12,1.4295099150502084,0.8078653558906029
2024-01-14,1.598361192314429,1.5434088790068097
2024-01-16,0.8119055117610204,1.5670032604592556
2024-01-17,-1.5685275617245111,-0.5981747368378436
2024-01-18,1.1040324105803254,1.6052437377260373
2024-01-19,1.5912123608952942,0.0002589312363041828
2024-01-20,1.5950644047139162,1.2014274660393152
2024-01-21,1.5420689920881483,1.4350963532203274
2024-01-22,1.6000750516804978,1.5352627035889184
2024-01-24,0.3375914183983656,0.00019451532241800378
2024-01-25,1.5919705216530962,1.1555983559197636
2024-01-26,1.5990118141573264,0.8009888015418927
2024-01-27,1.6027219594105069,1.3972965996777182
2024-01-28,1.600983532761887,1.600005658347364
2024-01-29,1.6000601919385664,1.6005706982832126
2024-01-30,1.6005194231345008,1.600519802236347
2024-01-31,1.5976589269268873,1.5352627035889184
2024-02-01,1.526646206014318,1.5680792049755836
2024-02-03,1.6003436728291658,1.6006777921368431
2024-02-04,-1.5977267269251807,0.977849147836016
2024-02-07,1.6087730884148503,1.6092599862221046
2024-02-08,1.5861131816510567,1.3757433872875506
2024-02-09,1.610633671724658,1.608613201044238
2024-02-10,1.6008889140496452,1.5093918699587565
2024-02-11,1.5983664105761626,1.5352627035889184
2024-02-13,0.013867832291236115,1.4643091227407314
2024-02-14,1.5515579429414053,0.4541459499392424
2024-02-15,0.9373714354033986,1.4718409149684253
2024-02-16,1.2159208387696232,1.6121366977269715
2024-02-17,1.6052371891101493,1.6085082749872264
2024-02-18,-1.4967891472736112,-1.5020011994632743
2024-02-19,1.5955609008615235,1.5352627035889184
2024-02-21,1.597622708484187,1.5580936278276396
2024-02-22,1.6013510593343674,1.5898528862043242
2024-02-23,1.5997986120701424,1.533184500533066
2024-02-24,1.3700191667631663,1.5839415033641806
2024-02-25,1.1925134846057637,1.5980673863830548
2024-02-26,1.6113702232045073,1.6104108045116545
2024-02-27,1.6018169143893468,1.601855141954326
2024-02-29,0.7953769256730383,1.5803978339117029
2024-03-01,1.2431020586958403,1.6035351156126816
2024-03-02,1.602486256054954,1.598849623196781
2024-03-03,1.415857072071216,1.533689761152642
2024-03-04,0.006028273689691166,0.8044547647868986
2024-03-05,0.4994517285331887,0.9981608023016542
2024-03-06,0.3923885162131,0.07090998741872423
2024-03-07,0.2453184172347368,1.1486895148675313
2024-03-08,1.5998745952861793,1.5741498409917507
2024-03-10,0.8053637909075977,-0.7915568315625782
2024-03-11,1.5977101266883698,1.5677977928189009
2024-03-13,1.6006264443059235,1.5926002622350717
2024-03-14,1.6020260901793246,1.5851387403877726
2024-03-15,1.5814017639274316,1.5616945246975007
2024-03-18,1.599365021287555,1.5677512794135893
2024-03-19,1.600992648291224,1.5065210687271087
2024-03-20,1.6000233587848391,1.535141070018436
2024-03-21,1.0563759806574495,1.5917117008691972
2024-03-22,1.202553340685525,1.4467479233238856
2024-03-25,1.5687934194084772,1.5786868100731988
2024-03-26,1.5997368396390075,1.070818257662561
2024-03-27,1.6011105512689119,1.5629558125772427
2024-03-28,1.5996129271097639,1.5352627035889184
2024-03-29,0.28546351397502795,0.8091324951955237
2024-03-30,1.5884862140353944,1.602032810985836
2024-04-01,1.5768870233617394,1.5650983310416486
2024-04-03,1.2803608513426794,1.5812704290029982
2024-04-05,1.5887176378116254,1.1078877569881413
2024-04-06,1.607494162867886,1.6080847119674022
2024-04-07,0.9691370989316622,-0.09791517804652414
2024-04-08,0.98143238619533,1.5904663117579707
2024-04-09,1.5871804323999008,1.2099029305532873
2024-04-10,1.5894753890184754,1.5992210377544813
2024-04-11,1.5980288309265263,1.577976215638572
2024-04-14,1.6037011062043653,0.003939078032165803
2024-04-16,1.5041151494731904,0.8067471055528759
2024-04-18,1.5764574707895298,0.5508260717504408
2024-04-19,1.6029350757734884,1.603712498832453
2024-04-20,1.2020692760586846,1.1852156976002908
2024-04-21,1.5997478400410652,1.5352627035889184
2024-04-22,-1.5335629585891721,-1.5866635698942102
2024-04-24,1.6017838036237497,1.4664447337062432
2024-04-25,1.6032876775796794,1.0667170961825185
2024-04-29,1.5425629718411145,1.5686821930122674
2024-04-30,0.0006722431091149327,1.6005496848425986
2024-05-01,1.50401103704481,1.5696715661213927
2024-05-02,1.5978122620441948,1.5576539069920619
2024-05-03,1.241590905642039,-0.629338693055141
2024-05-04,1.5995639639628292,1.5352627035889184
2024-05-05,0.0026147671406163164,0.014613915180098967
2024-05-06,0.0007156639569500433,0.01964873357156614
2024-05-08,1.6040188982681316,1.395775697211272
2024-05-09,1.6008769855555425,1.5611886074518924
2024-05-10,1.4269838173674108,0.8664863737071896
2024-05-11,1.1417045293834938,1.3564894490399595
2024-05-12,1.5119038456442813,1.592072476470271
2024-05-13,1.600633111925016,0.13364264203339016
2024-05-14,1.6010957893021538,0.8015617633178278
2024-05-15,1.590248653241813,1.4528301804308472
2024-05-16,1.5987814574492858,1.6001719628560978
2024-05-19,1.6103374743137187,1.6088289592691982
2024-05-20,1.6010677339189696,1.6023528202555122
2024-05-23,1.2008594384466273,1.0279479062881796
2024-05-24,1.5580632400527243,1.599745831011155
2024-05-28,0.819846299441316,0.8094611607380542
2024-05-29,1.6006396415940503,1.6006668926751284
2024-05-31,1.6009107463323926,1.5343699442868088
2024-06-01,0.8777416311295582,1.5352627035889184
2024-06-02,1.2570122643994788,1.5963487320058252
2024-06-03,1.602094604249762,1.601000405943284
2024-06-04,1.2560814956450677,1.5352627035889184
2024-06-05,0.7527013155028309,0.9824329842350659
2024-06-06,0.8021087698459228,1.3925229859641226
2024-06-08,0.012212523095269406,1.5898357728033343
2024-06-10,0.4519424984355271,1.556476188622647
2024-06-11,1.5856156102572854,1.604336973996715
2024-06-12,0.5351700423577259,1.3411199443985253
2024-06-13,1.4599130007638252,0.8035311443794992
2024-06-14,1.5595894347328416,1.073035045320865
2024-06-16,0.2977293610366746,0.0005549451302238943
2024-06-17,1.5977984966038055,1.604886840176046
2024-06-18,1.6003410691255113,1.5903173467335885
2024-06-22,-0.863794447141591,1.5999515449334658
2024-06-23,1.612725284899127,-1.097942858460257
2024-06-24,1.5891300971229714,0.18976764546398994
2024-06-25,1.5975697083972342,1.6021956369397086
2024-06-26,1.5898691281330293,1.5955858281049498
2024-06-28,0.0019474993751345177,0.8014165974329432
2024-06-29,1.6014569179015865,1.6000771300329142
2024-07-01,1.6004253286755663,1.6001682011995995
2024-07-02,1.3776533966951476,1.5950518905494218
2024-07-03,0.745967954454475,1.4238501772045573
2024-07-04,1.6015025418037245,0.28907139294592404
2024-07-05,1.4658989269728677,1.601498106029625
2024-07-06,1.4284773602224183,0.8015443275602314
2024-07-08,1.6007890500531996,1.6015066674226879
2024-07-09,0.005560317750364668,1.281436369252771
2024-07-10,1.622678396742765,0.03042035421731316
2024-07-11,1.5994722929907301,1.6009027637924125
2024-07-12,1.6011114283330032,1.1315178437399804
2024-07-13,1.599009074747062,1.6002675648403037
2024-07-15,1.6011118468626766,1.5823430789773858
2024-07-16,1.6000463060937131,6.866844647930554e-05
2024-07-17,1.56954940978651,1.6121334679633144
2024-07-20,1.6070160716642359,1.6071430448755775
2024-07-23,-0.004827378938121463,1.565393944429787
2024-07-24,1.568788697502007,1.2292407231491125
2024-07-31,-1.5933871584212684,0.022527586005581853
2024-08-01,1.5965849379918273,1.520708547760206
2024-08-02,1.581721760483827,1.575456051076096
2024-08-03,1.6001185539452154,1.5352627035889184
2024-08-04,0.7542420598955965,1.1839275375377096
2024-08-05,1.5401914059601234,0.8880785670992538
2024-08-06,1.2810800218112282,0.9160467205016305
2024-08-07,1.5992449956969657,1.600125410227109
2024-08-08,1.4756940915513164,1.6013847056363948
2024-08-09,-1.5984468525192772,1.5352627035889184
2024-08-12,1.5863103435120967,1.5352627035889184
2024-08-13,1.5971888459664625,1.6002791410510824
2024-08-16,1.591898531161054,1.253240066063067
2024-08-19,1.5107893026180717,1.5884979566100057
2024-08-21,0.8026443705088702,1.6007004368260618
2024-08-22,1.6003380272735317,1.6004664347728315
2024-08-23,1.598486376755581,1.601387462238576
2024-08-25,1.6000423524187315,1.5972454153961322
2024-08-26,1.2896869649571754,1.5844946630940655
2024-08-27,-0.11291816068333048,0.6912532387437917
2024-08-28,1.6016951961281405,1.38980045004097
2024-08-29,1.3671245074216098,-0.7062179390963502
2024-08-31,1.5986414005676912,1.5986892074834973
2024-09-01,1.6009238090503708,1.6006468234837266
2024-09-02,1.3847681571561976,1.6016976541245347
2024-09-03,1.6001696179293579,1.5352627035889184
2024-09-04,0.002847436086467881,1.5999348060995802
2024-09-06,1.5855846492303804,1.6023228708027077
2024-09-09,1.6008573845968694,0.01603086952489179
2024-09-11,0.793710860632571,1.568044851451391
2024-09-12,6.866844644792115e-05,1.5999897450393434
2024-09-16,1.5871855102188466,1.600812295277841
2024-09-18,1.600776558317468,1.600708247850036
2024-09-19,1.6000689146026692,1.5995120689412219
2024-09-20,1.6001337128776163,1.2012912074824407
2024-09-21,1.6001886998990535,1.5819119986917383
2024-09-22,1.5945874317864686,1.3448419495182322
2024-09-23,1.580879570677571,1.594887816067975
2024-09-24,-1.5929423130721745,1.310184914831568
2024-09-25,1.5542687631014258,1.5815480958066148
2024-09-26,1.59943660115544,1.5740975708872855
2024-09-27,1.595332781999712,0.03462228021788616
2024-09-28,1.6002152893492854,1.5310135388163035
2024-09-29,1.6040957421209645,1.432752912688328
2024-09-30,0.8066901224789561,1.6046084159258003
2024-10-01,1.5707837667127158,1.5682046209746028
2024-10-02,1.6018321126239672,1.5930860288018678
2024-10-06,1.6003188075895165,1.6014393077968618
2024-10-07,1.0372069333446414,1.5790320344354598
2024-10-08,1.5996677887492836,0.0002372973766573066
2024-10-10,1.5970345510958097,1.5851721189114867
2024-10-14,1.5982017218873017,1.5352221590654243
2024-10-15,0.531637374705415,1.148891691135563
2024-10-16,0.3955821323722914,1.599457305556293
2024-10-18,0.33214773975404044,1.5919920271428234
2024-10-22,0.0016622120320285909,1.5320978427958711
2024-10-23,1.0674815774780984,0.002725632807471522
2024-10-24,1.603758988759619,-1.5579894151333704
2024-10-25,1.600069590989227,1.0656475722007202
2024-10-26,1.6007547669375592,1.6012560006732373
2024-10-27,1.0033246206389328,1.6098836778629477
2024-10-28,0.0003060108593825139,1.5352627035889184
2024-10-29,1.5992658743584764,1.6012563496646486
2024-10-31,0.8179121600585205,0.0025794901321616326
2024-11-01,1.6000565650174376,1.600053718516082
2024-11-02,1.6090338271473128,0.3564808316035612
2024-11-03,0.5432906642158524,1.0609998093285824
2024-11-04,0.9728595862921786,0.7684396901512492
2024-11-06,1.605172419268859,1.5937850192476495
2024-11-07,1.0093828122783002,0.029930517061578798
2024-11-08,1.559173727907547,1.242811608741193
2024-11-10,1.5733650801803336,1.634438904622855
2024-11-11,1.0664129867742898,1.113267092585848
2024-11-12,1.5544818728946455,0.012749315480351298
2024-11-14,1.60826800382745,1.611443727141789
2024-11-15,1.6021201336017925,1.601984432030304
2024-11-18,1.5768457780752438,1.442947182753559
2024-11-20,1.3764383996538763,0.0003726635620877154
2024-11-21,1.5712307285836227,1.594262443717953
2024-11-22,1.1749164622400021,0.8000502939055132
2024-11-24,1.4363373911145898,1.025995362596081
2024-11-26,1.5992132515076718,0.0030965865319210672
2024-11-27,1.5990050887874312,1.6012233073881643
2024-11-28,0.031202248184858113,1.3316306753432658
2024-11-29,0.0046384299987927745,1.6032856204887858
2024-12-02,0.41646006014273823,1.5990583840320634
2024-12-03,1.5400972996336126,1.567629431445711
2024-12-04,1.5998397613482374,1.600189915232064
2024-12-05,1.590141599562716,1.1328657660443873
2024-12-06,1.5470417573977582,1.5806775357166163
2024-12-07,-1.420408669536992,1.59950285204609
2024-12-08,1.6023090566835794,0.046469198404136984
2024-12-11,1.6010613470914767,0.6704919934874896
2024-12-13,-1.277783746658558,-1.5991752241676713
2024-12-15,1.599908994474354,0.21300738469090014
2024-12-16,0.9138795377065008,1.1701179697656396
2024-12-17,1.599514595330231,1.5824787613723614
2024-12-18,1.602530240617279,0.017058717152039087
2024-12-19,1.5995641446969278,1.5424512146220033
2024-12-20,0.5685284286946983,0.3434621684719703
2024-12-21,1.6126103738013984,0.013472733640863823
2024-12-22,1.5967236917994656,1.4880444711901437
2024-12-23,1.558979093774843,0.9732060840646722
2024-12-24,0.08165043407059773,1.422589474077532
2024-12-26,1.6010494748482211,1.6009548443066313
2024-12-27,0.8051340239282907,1.6015306149720077
2024-12-28,1.5952894021568838,1.4499656615820438
2024-12-30,1.580288134200532,1.5352627035889184
2024-12-31,1.5854604203889329,1.0686792089807418
