date,apple_stocks_title_score,apple_stocks_selftexts_score
2019-01-01,1.5969589424913084,1.593129984450878
2019-01-02,-0.22760987906755373,0.15606128709879633
2019-01-03,0.5068745944333958,0.6523456070016301
2019-01-04,0.7809691198871898,0.9201124985085829
2019-01-05,1.599012667557293,0.8678867886676084
2019-01-06,1.5835959191506186,1.1541675726890765
2019-01-07,0.4213247721426186,-0.5371121092854176
2019-01-08,0.31275236064936635,0.621970407724694
2019-01-09,0.7758745231952223,0.7003444955754294
2019-01-10,0.0009691040399529135,1.5906267259358933
2019-01-11,1.0206185168040152,1.2549844858910666
2019-01-12,1.5582129133351155,0.004545648507523111
2019-01-13,1.5263777905295999,1.57462404576446
2019-01-14,0.39553166508439136,0.9508713477121713
2019-01-15,1.60032331538889,1.3427314654560945
2019-01-16,0.7782211338184128,0.8950753272080583
2019-01-17,1.2710488736492729,0.560498166319085
2019-01-18,0.4172011347014703,1.2869660499497986
2019-01-19,1.6011215196553799,0.9551545279982769
2019-01-21,1.602994446822642,1.602350384368974
2019-01-22,1.6000836809909047,0.6757962949573219
2019-01-23,1.5241949831034054,0.4990900565966695
2019-01-24,1.600067809337203,1.4907455296139276
2019-01-25,1.0667168070424837,1.5962943317790586
2019-01-26,0.007936848569078652,0.008027060149460016
2019-01-27,1.6009405078926555,0.8564680822730361
2019-01-28,-0.18858245387457373,0.8015451173887957
2019-01-29,0.7369994103662779,0.9529260372531404
2019-01-30,0.19410579008310405,0.8231357965889139
2019-01-31,0.15303589454356653,0.4379672027530795
2019-02-01,1.6001202269101722,1.4247779977625143
2019-02-02,0.8242195661695554,1.6013133264874857
2019-02-04,1.5982726909994935,1.5819241117241762
2019-02-05,1.6000200415358485,1.4326251398753933
2019-02-06,1.0681982353525024,0.1224724176715661
2019-02-07,0.9579721089316695,1.1500140188550774
2019-02-08,1.257381648242921,1.3852999422912395
2019-02-09,0.00014442152832153246,1.589997796564995
2019-02-11,0.7749539410601944,0.6677568239322413
2019-02-12,1.600070726656705,1.4608907613121467
2019-02-13,1.591275247204679,0.9006745048295801
2019-02-14,1.5840457962906271,1.4489077489019164
2019-02-15,1.6000643353817012,1.5982472455222427
2019-02-18,0.805846252467776,0.8060762944149319
2019-02-19,0.0008961060344427896,1.4598043588496958
2019-02-20,0.5331723887881572,0.9663984423755334
2019-02-21,1.0669681338501233,0.9725378397373281
2019-02-22,1.5930173882598315,1.1552474737438048
2019-02-25,1.5887938219174302,0.8004240466141065
2019-02-26,0.5409255163804563,1.0686674881207803
2019-02-27,0.44613697867827545,-0.2789494290098715
2019-02-28,1.6002787202325799,1.5584577622156794
2019-03-01,1.6000967263241013,1.600117447399078
2019-03-02,1.5863700542555603,1.5547682382873553
2019-03-04,1.5841206419548655,1.594179798438806
2019-03-05,1.5913905883085802,1.5965809911525901
2019-03-06,1.6000026751341647,1.5351261132768275
2019-03-08,1.600271297617134,0.8003181982944649
2019-03-10,0.21095918425994048,1.5998182929888385
2019-03-11,1.6006975664658205,1.5982836638713356
2019-03-12,0.3205830173933764,1.0636212774117673
2019-03-13,1.6001473741825256,1.2944426632744412
2019-03-14,1.6008731702997545,1.438918971555885
2019-03-15,1.2796401457860003,1.323000486030481
2019-03-17,1.6083182706076768,1.6083062340959777
2019-03-18,1.6003135305579068,1.4292077784907218
2019-03-19,1.6003230190261477,0.715274744205924
2019-03-20,1.6001453156786651,1.6001649569757923
2019-03-21,1.331161586185258,1.4485345909013125
2019-03-22,1.598236519566319,1.5783797568674143
2019-03-23,1.6002585447516071,0.9348357919342739
2019-03-24,0.641299825898847,1.362866979681846
2019-03-25,0.828653072645892,1.5156795890177819
2019-03-26,1.1915411839497865,0.5893352849388505
2019-03-27,1.5941946159405893,0.43574444346848656
2019-03-28,1.6008499155212819,1.1640072928271272
2019-03-29,0.5736505119701448,0.6686259623059958
2019-03-30,1.3500037361108181,1.3136221962983867
2019-03-31,1.601634347631882,1.474883805025686
2019-04-01,0.8810588251242545,0.1781477028633629
2019-04-03,0.4859070288186232,1.597230919954238
2019-04-04,1.2233746184067247,1.6007962250145222
2019-04-05,1.6012995350697823,1.0482906166608739
2019-04-06,1.5816988787217992,1.5609886200227392
2019-04-07,1.6000990660045211,1.5930393598755672
2019-04-09,1.5991929816159007,0.20807309839264754
2019-04-10,1.598055206758347,1.592903376752494
2019-04-11,1.6001911470117705,1.5994647243021882
2019-04-12,0.40034521776398213,1.2534915264573543
2019-04-13,1.5984156075066172,0.011088801991991935
2019-04-15,-1.4367414609431786,1.5840486818664574
2019-04-16,0.9836235709928207,1.0118486100144997
2019-04-17,0.6468144910863242,0.019251919614965862
2019-04-18,1.594485686226491,1.390669342364344
2019-04-19,1.5653088989937245,1.4669061184675198
2019-04-20,0.003002762157120872,1.593522456743099
2019-04-21,1.5968547689548007,1.5487722061047196
2019-04-22,1.5759138369269454,1.5946123717712337
2019-04-23,1.0049638889012358,1.04854867011734
2019-04-24,0.555719557886105,1.5390392323928146
2019-04-25,1.5269605685193992,1.1854558454691693
2019-04-26,1.5965874097788748,1.5964825295650633
2019-04-27,1.6002858836728822,1.5726306937027446
2019-04-28,1.4560580086516328,0.5867047650619037
2019-04-29,0.8197635104209764,0.29713651279785774
2019-04-30,0.4041004301129566,1.582663117525172
2019-05-01,0.0019708788680490824,0.3117837166862106
2019-05-02,1.5992639578649364,1.5996886200005813
2019-05-03,1.6003480638982086,0.03221203117082938
2019-05-04,-0.6172410124739428,1.0436034821466793
2019-05-05,1.6005987780345534,1.5928208873995198
2019-05-06,1.5521807668848697,0.7987144304584963
2019-05-09,1.3564412558201828,1.3101582780013608
2019-05-10,1.0846239517011038,0.9345277532210909
2019-05-11,1.0150870584152383,0.05543979838593823
2019-05-13,0.7953545461812687,0.8008848533087669
2019-05-14,0.29465005203509437,0.3453926805876373
2019-05-15,-0.030996205712167695,1.5715155650991388
2019-05-17,1.5955739175783001,1.5938277645268324
2019-05-18,0.7953031336652057,0.796763312554144
2019-05-19,0.8004750316407995,0.3449462301563511
2019-05-20,1.5308305939325066,1.596073419116845
2019-05-21,1.5993444693409342,1.5351177663292257
2019-05-22,1.5900765745301797,1.597120763632561
2019-05-23,1.5816549564399367,1.3148040545132404
2019-05-24,1.6002570592233905,0.5360320726062975
2019-05-25,0.03818698855979852,1.5983764444400625
2019-05-27,-1.3702281005061216,1.5969111948815418
2019-05-29,1.611621463814254,1.0789710904709904
2019-05-30,0.028703534006483067,0.5557180868510158
2019-05-31,1.6004698477926658,1.5937809830593719
2019-06-01,1.5047023085069497,1.5762494276909864
2019-06-03,1.5957414434695982,0.6696278710145004
2019-06-04,-0.7978469849325118,1.1766799051938013
2019-06-05,1.6004871728782406,1.593175287491547
2019-06-06,0.7999685691936129,1.0240471381760512
2019-06-07,1.517798803905698,1.276347237783162
2019-06-08,1.5982629502197205,1.5998992791307818
2019-06-09,1.3413172274750949,1.5999499050759372
2019-06-10,1.1137445262190717,1.5787318573528595
2019-06-11,1.0286179358045489,1.2402716468929538
2019-06-12,0.0001596049154541923,0.7658385965829166
2019-06-13,1.599256494593707,1.550351815993637
2019-06-14,1.6010118575670156,1.600992496125802
2019-06-17,0.800331281176018,1.5621474095032422
2019-06-18,1.598714870199933,1.5995871855304074
2019-06-19,1.599928910457625,1.3934506730849892
2019-06-20,1.5898020599972527,1.595950389136518
2019-06-21,1.4521419073907371,0.6673803325785059
2019-06-24,1.5763048663409094,0.8791936653056452
2019-06-26,1.3544267972490263,0.10767585837708038
2019-06-28,1.5962787617309857,0.7698198406187722
2019-06-29,1.6001590379530286,0.8205206409869193
2019-06-30,5.963957789353799e-05,1.5350724015719968
2019-07-02,1.5980918965451485,0.800675565832131
2019-07-03,1.597744484743436,1.6002114116380437
2019-07-04,0.2498201706333481,1.5999934863093814
2019-07-05,1.600280568746054,1.6002514202707727
2019-07-08,-1.5973285256089569,1.5660133884913086
2019-07-09,1.5983478614042022,1.5581843354344354
2019-07-10,1.5936442973780336,1.5885217933076186
2019-07-12,1.600726415484709,1.6006960452767196
2019-07-15,1.5959651038361913,1.6011962761798508
2019-07-18,1.2526147155286167,0.9902150599088488
2019-07-19,1.5984633447520287,1.2417784844082544
2019-07-22,1.6017190044362557,1.5948518859722547
2019-07-23,1.5783990789617361,-0.49772665439046715
2019-07-24,0.002765216312493419,1.5924424559409078
2019-07-26,1.5987657915509894,1.528171160119975
2019-07-27,1.6007045524169055,0.8578694117546989
2019-07-28,1.5925061182715647,0.0016296911672183552
2019-07-29,0.738028010920094,1.2400314785156785
2019-07-30,0.5248335090501423,1.5800447237822246
2019-07-31,0.8996223642711225,0.0006351445990215827
2019-08-01,0.9548594729039376,1.6003960229672964
2019-08-02,1.4013959349043748,1.571111113903604
2019-08-03,1.6003628003581112,1.599673720600368
2019-08-04,0.06419580996228236,1.5895813658638347
2019-08-05,1.5874995609489413,1.5435151771810232
2019-08-06,1.5087877440634305,1.1402533826862045
2019-08-07,1.2613562543703571,0.804273731536844
2019-08-08,1.6000828422319067,1.597734444374301
2019-08-09,0.8007304176397142,0.7870470540205801
2019-08-11,0.0018015735859787684,1.4989985588775843
2019-08-13,1.5209308246423112,1.4078461116566883
2019-08-14,0.5327046919061132,1.0001782056270963
2019-08-15,1.598889647306216,1.5351261132768275
2019-08-16,1.6001651785748066,1.6001321012145595
2019-08-19,1.6002947729407841,1.600310516923821
2019-08-20,0.5821998960018858,1.5352167828784953
2019-08-21,1.34539041524089,1.3659726952422488
2019-08-23,0.5344956556238872,1.5184439601137836
2019-08-24,1.5871193655153404,-0.7479381559436779
2019-08-25,1.6019126501792953,1.5963700061241255
2019-08-26,0.0008844149786496295,0.0008844200367455635
2019-08-28,0.5323926065188147,0.8155190078133575
2019-08-30,1.595508873730085,1.6022278775213081
2019-08-31,1.6000801051498572,1.0106351216588072
2019-09-02,0.008454997043088846,0.019696984181765187
2019-09-03,1.599492479077361,0.6782269356078876
2019-09-04,1.5915208304614368,1.5976851701627002
2019-09-05,0.46031715688828095,1.6002017430890652
2019-09-06,1.5783140975333292,1.5847837720319462
2019-09-07,1.6000295885932219,1.6002510044984066
2019-09-08,0.7988963235109086,1.5872236180161525
2019-09-09,0.7037651587385337,0.7045741143466666
2019-09-10,-0.5493036467376221,1.6029726021971236
2019-09-11,-0.11374243192564448,1.5404019653572056
2019-09-12,-0.06089587387683899,1.084683903206028
2019-09-13,-0.5294971029618865,0.5155332237502352
2019-09-14,0.7999372601445305,0.799759768281873
2019-09-16,-0.6815006339556511,1.5674326368723703
2019-09-18,1.2032748125566153,1.601703449964166
2019-09-19,1.5914085564041316,0.767631094506266
2019-09-20,0.4383919092285793,1.03850459120025
2019-09-25,1.599802508696393,1.6000233128735697
2019-09-26,-1.5339722548357613,1.5351261132768275
2019-09-27,1.5985329290549442,1.567819062517012
2019-09-28,-0.9374799868275656,1.142225835509918
2019-09-30,0.007430350292327686,0.007430350292327686
2019-10-01,1.0544111762080732,1.5584089399874685
2019-10-04,1.5868231532698385,0.8019891130150154
2019-10-05,0.9139902798958925,0.8008623755432933
2019-10-08,0.0006718517906876894,1.596436340511822
2019-10-09,0.013189085609475099,0.012975809620244716
2019-10-10,1.6108978288917117,0.002940736088581919
2019-10-11,1.603245176149714,1.5527508620657273
2019-10-12,1.601530532833128,0.9784713255960515
2019-10-13,0.8486360760727795,1.5417003922275643
2019-10-15,1.4822133044512433,-1.4665203055387388
2019-10-18,0.5461227964133016,1.5416904833238512
2019-10-19,0.9093500971404189,-0.796898517156988
2019-10-20,0.03774365989831755,0.9577809686169245
2019-10-24,0.5465927905335278,1.5626869741541818
2019-10-25,1.600018971822934,0.8039205996543564
2019-10-26,1.600039439692791,1.2438913478403069
2019-10-27,1.5996584732833274,1.599529172019835
2019-10-29,0.8008957437188843,1.6012836277599583
2019-10-30,1.173379329971104,1.2139659712167554
2019-10-31,0.00023354614755188442,1.0018196008887252
2019-11-01,1.2824538722516368,1.4511878248548478
2019-11-02,1.5999531755975422,1.3359733170776698
2019-11-03,1.5999718745830833,1.6002328163058863
2019-11-04,1.6004940870119448,0.027506050522615608
2019-11-05,1.4913398062170795,1.58968374813517
2019-11-06,-1.592136088957167,1.2665373573550451
2019-11-08,1.6004660300704194,1.6004656966270978
2019-11-09,1.5852483265602344,1.5344492184311629
2019-11-10,1.601698361594953,0.9549009779464298
2019-11-11,1.6002830364288991,1.6003205749763165
2019-11-12,1.5926247411097116,1.5967224531266102
2019-11-13,1.157659513318962,0.9671666746641382
2019-11-14,-1.5993129901063408,1.593358622353275
2019-11-15,1.6000756436039743,1.6000577529912543
2019-11-16,1.4423083377599968,1.6007071223809195
2019-11-17,1.595839173949688,1.5695894766016354
2019-11-19,0.001342864324012349,1.5835836911480765
2019-11-20,1.5485134706806993,1.5955321344679665
2019-11-21,0.0003710830726136885,1.5956499773419444
2019-11-22,1.6003003709656967,1.6002844500396955
2019-11-23,1.5982696610387526,1.3708603791793965
2019-11-29,1.6001406065722068,1.6001234188174454
2019-11-30,1.584346845805218,0.3708156856680956
2019-12-02,1.6009403886855613,1.6000629921057266
2019-12-04,1.597107592316295,0.8762192991005882
2019-12-05,1.2225715525235503,-1.5017012754527168
2019-12-06,1.5638767520583179,1.6008876079903178
2019-12-07,0.8112168296389294,1.5979559153862772
2019-12-09,1.6002496385727654,1.5998169140798886
2019-12-10,1.0208463924884503,-0.3245472712442645
2019-12-11,1.6069124721497106,1.0722350756274006
2019-12-12,1.5998902831147523,0.01938191810228852
2019-12-13,0.7610702895414772,0.39060309494677725
2019-12-14,1.0123305099974078,1.177525355938016
2019-12-16,0.6489373911940176,0.5190436403224615
2019-12-18,1.0478034988426401,1.567404007051876
2019-12-20,1.6004002975267086,1.600517233118924
2019-12-21,1.5995968524890882,-1.41590075622315
2019-12-23,1.546845716337772,0.7105757427863266
2019-12-24,1.5669801789670055,1.4531656611722101
2019-12-25,1.4512751968232331,1.33102172104589
2019-12-26,1.5982569058542837,1.5825777832819825
2019-12-27,1.3378617999974114,1.5991799076803652
2019-12-28,1.4796858161269548,1.578208685743076
2019-12-29,0.8137790880132437,0.5335545144955476
2019-12-30,1.4182222016915784,1.5787407927659778
2019-12-31,1.0689764873289567,1.0685496103783285
2020-01-01,1.5521094590752922,1.5351261132768275
2020-01-02,0.9597013739285629,0.9612657356842987
2020-01-03,1.0207567531270048,1.3754154998307757
2020-01-04,1.2367709197912125,0.6475015392295458
2020-01-05,1.4330002883628037,0.7977833779268171
2020-01-06,1.5113087160558516,0.001257407612909513
2020-01-07,0.6445782545366898,1.3337661198833684
2020-01-08,0.26505747853429257,1.365740966906688
2020-01-09,1.5955410370760572,1.59617923351817
2020-01-10,1.2356310441398348,0.992993307531493
2020-01-11,1.5753426188746043,0.7567174769833347
2020-01-12,1.590173991996154,0.002045208104044986
2020-01-13,1.2796037580898112,1.5771841357848788
2020-01-14,1.5949063836009325,-1.0916876881623172
2020-01-15,0.10475612723190716,0.8015027997522001
2020-01-16,1.2220158116868594,0.7127374976049107
2020-01-17,1.5814433568359538,1.5971323762148377
2020-01-18,1.5531869502244469,1.1793758935298733
2020-01-19,0.798841275429542,1.5366222862120547
2020-01-20,1.5969081881336384,1.5350807496567704
2020-01-21,0.33035899284470516,1.2809205825259131
2020-01-22,1.0389246388838103,0.9768953844739588
2020-01-24,1.483628316448285,1.3856962620098043
2020-01-25,1.6004552293793934,-0.2866974434387356
2020-01-26,1.602117523958646,0.0014927205293009393
2020-01-27,1.3941872700398525,0.8350170499387382
2020-01-28,1.2813489066580002,1.514267449583443
2020-01-29,1.6003043000639292,1.231494407712304
2020-01-30,1.5990647633401942,1.1651101205602747
2020-01-31,1.2132229555061316,0.9840831361740735
2020-02-01,0.8179511870067855,1.4528223746352265
2020-02-02,0.0027538943563322456,1.5069303294218068
2020-02-03,1.5577233474684438,1.585709438070877
2020-02-04,1.04330686099427,0.5781161333577837
2020-02-05,1.3156587695861484,1.5693686735691232
2020-02-06,1.584041332061789,1.6009974752689182
2020-02-07,1.6005172724225218,1.5775179337130012
2020-02-08,0.982677415507609,-0.02470617932606911
2020-02-09,0.8088047170875287,1.124079421742526
2020-02-10,0.6664861611110648,1.437831349575116
2020-02-11,1.5968836668156534,1.1083626295673927
2020-02-12,0.8009701957260673,0.46320344026436233
2020-02-13,1.5646481698606418,-0.025121194174596018
2020-02-14,1.6005695693361175,1.6010307665863601
2020-02-17,0.3030258334962432,0.5102514573439978
2020-02-18,-0.7007124043565651,1.2641718901191363
2020-02-19,1.5997807773448176,0.5337293404280227
2020-02-20,-0.6685132855949308,-0.6660384487122291
2020-02-21,1.0270320682122955,0.514925404580456
2020-02-22,1.5982958127248776,1.3146758261728022
2020-02-23,1.4795748659233303,1.4429552180652638
2020-02-24,1.1786896863311074,1.1203454487301612
2020-02-25,1.3768716491262951,1.5101882407824434
2020-02-26,1.5774038040393352,0.8806827686099892
2020-02-27,1.0297886021798508,1.3351092941172802
2020-02-28,0.8244483762796182,1.10969203552144
2020-02-29,1.0749441183821034,0.6135049801162044
2020-03-01,0.7823222248649015,0.17131047554709677
2020-03-02,1.249014579687361,1.5825304114434355
2020-03-03,1.5678751724677502,-0.3555486963499688
2020-03-04,0.8483513803728737,1.519123274589346
2020-03-05,1.5935842862927736,-1.3561516537263238
2020-03-06,1.3345566562770124,0.8315332367471281
2020-03-07,0.0030611321832471647,1.5315524075071203
2020-03-08,0.00018562093015634827,0.7998150970908651
2020-03-09,0.5340050985966269,1.5456819402197066
2020-03-10,1.597162418947932,0.7955798054509917
2020-03-11,0.006931998424223431,-1.5914992796283403
2020-03-12,0.7934490434587445,0.5433953494459968
2020-03-13,1.4991241063535055,1.5617685326273076
2020-03-14,1.54822479239807,1.260347125402227
2020-03-15,0.9102518163590692,1.5764640044780371
2020-03-16,1.3645865600239915,1.2678021127468644
2020-03-17,0.844756554956141,1.0663670695789242
2020-03-18,1.3308816711649913,1.0924693339280547
2020-03-19,0.9748870012172685,1.5820222120971268
2020-03-20,1.0703952679297197,1.0789816031172579
2020-03-21,1.3615167641269528,1.2100765943169252
2020-03-22,0.5836236930745807,1.2592676444041078
2020-03-23,1.2488478475883715,1.0507559617477968
2020-03-24,1.5439632567892834,1.5795144748351266
2020-03-25,1.5911674332430543,1.4506788176656213
2020-03-26,1.2203608489317435,1.3487377572193884
2020-03-27,1.591300804045588,1.267250929580433
2020-03-28,1.0789777691545064,1.3071270004617372
2020-03-29,1.0129557840601615,1.3625534336407878
2020-03-30,1.533586725127129,1.2939162776703184
2020-03-31,1.1242070073906996,1.0270526872248995
2020-04-01,0.6596906932811692,0.8487557693643705
2020-04-02,0.9785126776025445,1.5816169462722562
2020-04-03,1.3217865287425035,1.5588657396263055
2020-04-04,1.061908831612741,1.3313280044811593
2020-04-05,1.2573135586147823,0.42433955500278986
2020-04-06,1.429969157436241,1.3644244428391357
2020-04-07,1.0626984309269694,1.265301181004911
2020-04-08,0.42183025701581855,0.8755956690543235
2020-04-09,0.7337288569792453,1.2096072271803215
2020-04-10,1.5752663769130926,1.0284149469459567
2020-04-11,1.6002668975094918,0.8009681055483693
2020-04-12,1.6181013814885294,1.6177831168116654
2020-04-13,1.1910016431807082,0.41652026422321453
2020-04-14,1.5464751080238361,1.2163660238852114
2020-04-15,1.5844013268269654,1.5909407375256337
2020-04-16,0.8341158489212241,1.2673098627461843
2020-04-17,0.8271650681246843,1.1119007950631017
2020-04-18,1.5865693608715656,1.391498885613662
2020-04-19,1.356655514638934,1.285362881411316
2020-04-20,1.5967849448968272,1.5350807496567704
2020-04-21,1.495634817344893,0.28755720366812615
2020-04-22,1.1873016323195733,0.9326329835190995
2020-04-23,1.303145826790581,0.854287836448441
2020-04-24,1.3006494219066478,1.3800185188402976
2020-04-25,0.5262916144898815,1.4272274494478365
2020-04-26,1.5635685647426438,1.6001449221065713
2020-04-27,0.18248735751406125,1.3112181668857446
2020-04-28,1.1207014731296356,1.3551195352846028
2020-04-29,0.6409158213261797,0.2136870993438659
2020-04-30,0.8658362311122763,0.6021236213076506
2020-05-01,1.5920569434526852,1.26787981990503
2020-05-02,1.4928041064010535,0.5580148929385671
2020-05-03,0.3277323884272684,1.5808258594578932
2020-05-04,0.9335032555033816,0.6597967880602701
2020-05-05,1.5950842717901943,1.0379800838405102
2020-05-06,1.145900097751941,0.9247565938318395
2020-05-07,1.3280205632900912,1.0656589835287424
2020-05-08,1.1144408752688957,1.239357415186071
2020-05-09,1.6001283621514901,1.345648644955493
2020-05-10,0.5993792823008292,1.553480690551576
2020-05-11,1.3112253001693797,1.3051269548659732
2020-05-12,1.3031531618298482,1.583382161513665
2020-05-13,0.8816103962769049,1.4542682479278797
2020-05-14,1.1454598382741368,1.279325872388484
2020-05-15,1.4019846521979298,1.1916305424622347
2020-05-16,1.5655551412289053,1.5268596371018472
2020-05-17,1.4512607404465292,-0.10997448484303352
2020-05-18,1.5352243397568461,0.5240212804414502
2020-05-19,1.6114231573150644,1.5911074897908797
2020-05-20,1.5291367489854102,0.9041972310183097
2020-05-21,0.7502883302049532,1.31446017749199
2020-05-22,1.0589831368001028,1.5995492108425733
2020-05-23,0.42455349602839426,1.6000489684806807
2020-05-24,0.5410012195502439,0.73357446444051
2020-05-26,1.5124725535309427,0.5392373706147312
2020-05-27,1.6005719082231773,1.6005729444106875
2020-05-28,0.05414664949928616,0.2803124198501308
2020-05-29,1.5695581409116115,0.9781831129646242
2020-05-30,1.2322105248258384,1.4086038028750312
2020-06-01,1.5998690456602105,1.5350807496567704
2020-06-02,1.566221195550575,0.9298937303169006
2020-06-03,0.7080613245548838,1.5973043245047072
2020-06-04,1.5677011308251712,1.587097600475468
2020-06-05,1.4795252009554967,1.0789892926156546
2020-06-06,0.6620294951853006,1.136081526007722
2020-06-08,0.8003792016487298,1.3621608052721759
2020-06-09,1.245813437841608,1.2307748958945885
2020-06-10,0.5713159044172971,1.3188203226247002
2020-06-11,1.5635247435351056,0.5654041674441913
2020-06-12,1.526838015336054,1.5803192396390882
2020-06-13,1.59947397663561,1.6010319116780607
2020-06-14,1.3217106389538051,1.482387686657891
2020-06-15,1.1258644302006529,1.5862027446290223
2020-06-16,1.2560649549647616,1.4740116032770416
2020-06-17,0.3210463431394613,1.5438566381876142
2020-06-18,1.3316062137935725,0.35475331667456805
2020-06-19,1.5534385497842675,1.1969266322931733
2020-06-20,1.0670654640137822,0.33631999610110785
2020-06-21,1.5361072695518028,1.1821977695781434
2020-06-22,1.2738640195599649,1.4137659574459878
2020-06-23,1.0737285207312115,0.5707805007762949
2020-06-24,1.3819995885469856,1.4539808838205592
2020-06-25,-0.32133122297111927,0.00015276487502438428
2020-06-26,1.3524269686525159,1.2601970004285
2020-06-27,1.5635382609609088,1.6056650310510094
2020-06-28,1.0614789841503924,1.2873627941831682
2020-06-29,0.7016815211118905,1.197535949904882
2020-06-30,1.5928290966535612,1.5168450947162788
2020-07-01,0.6208204920872716,0.5958337746858312
2020-07-02,0.519214246456844,0.0563366044354382
2020-07-03,1.1410851156042148,0.8450348407894979
2020-07-04,1.6161701467111402,0.5457768650947166
2020-07-05,1.600505498977979,1.6003299352905636
2020-07-06,0.7998425830436698,1.00305781696342
2020-07-07,1.0666024064100197,1.5994272811383585
2020-07-08,1.570674800064781,1.30257793584623
2020-07-09,1.5926065173373631,1.4044895338272292
2020-07-10,1.0639727215276034,1.5996806584071763
2020-07-11,1.0103864932536848,1.5956593989401122
2020-07-12,0.9621367247105876,1.576191566955608
2020-07-13,1.361248503795351,1.1275801766950238
2020-07-14,0.9591350670727461,1.0822985360664625
2020-07-15,0.5609317784236448,1.1133618088916075
2020-07-16,1.5974015985593637,1.598046094135945
2020-07-17,1.1956172150488202,0.007792733484022334
2020-07-18,1.5966076788744457,1.2781900494237581
2020-07-19,1.4459821127572978,1.3838002934984008
2020-07-20,1.5996263322298223,1.5886563239562552
2020-07-21,0.9413242285066206,1.1847283512740023
2020-07-22,1.2436575416298075,0.9339666591665873
2020-07-23,1.4088792015735547,1.175671514593351
2020-07-24,0.8421760706098463,1.1517844834867723
2020-07-25,1.1908105613030022,1.303415255674037
2020-07-26,1.6047751505903798,1.605184881265296
2020-07-27,0.6774784451027758,0.818042776169952
2020-07-28,1.143800418666538,0.6460650645684265
2020-07-29,1.3143105334607452,1.2572567998173516
2020-07-30,1.1864100105151825,1.5370726311711498
2020-07-31,1.2297368576190693,1.319358084268964
2020-08-01,1.099441833943112,1.2241638791309932
2020-08-02,1.183212110905991,1.2656085373601278
2020-08-03,0.9611580373182627,1.204882668502375
2020-08-04,0.651453733683285,1.0627096813824166
2020-08-05,1.157104637057563,1.288269573251073
2020-08-06,1.1124550467328471,1.1023062255507232
2020-08-07,1.0486703486904658,1.2794085844657042
2020-08-08,0.6490983642762925,1.323645222742596
2020-08-09,1.0449913498945813,1.2224459427737644
2020-08-10,0.8730233846632486,1.255093006481026
2020-08-11,1.1965916121042937,1.2670478113123198
2020-08-12,1.3392681261360635,1.3902243606570648
2020-08-13,0.913887423059538,1.3301596761472092
2020-08-14,1.5973423516948955,1.4085350699282435
2020-08-15,1.3360994909130688,0.7045877978658148
2020-08-16,1.213847217952064,1.3882882582787046
2020-08-17,1.0610501353252422,1.033977222522668
2020-08-18,1.4394272434234094,1.2498147701254452
2020-08-19,1.452642090322877,1.3035834869181415
2020-08-20,1.2976887809546809,1.4687111285997467
2020-08-21,1.3366463888719202,1.116038652725176
2020-08-22,1.1463433138895585,1.3746643249424817
2020-08-23,1.280483796263333,1.3522638861253744
2020-08-24,0.8320252301477504,1.1583396093919085
2020-08-25,1.0104590106512303,1.0234295810363947
2020-08-26,1.131848057512849,1.5105277388872136
2020-08-27,1.2698093192765985,1.2183261893308754
2020-08-28,1.14886456122352,1.243362104921946
2020-08-29,1.4434537101760407,1.5327724630630923
2020-08-30,0.9715822403312346,1.24548479760481
2020-08-31,1.055651801563779,1.2270718024028056
2020-09-01,1.2227186052957537,1.3520558687438993
2020-09-02,1.133534903559573,1.2298569145215636
2020-09-03,0.9574567351388029,1.469641289403544
2020-09-04,0.8739480861864444,1.2600383855566404
2020-09-05,1.020805419641218,1.4987291749600211
2020-09-06,0.5228630957671629,1.433989344798053
2020-09-07,1.1441491040198393,1.2715863953205728
2020-09-08,1.066367048708911,1.0045782521316118
2020-09-09,1.3625628086322896,1.0544355477963572
2020-09-10,0.5449373457095943,1.1868368644508718
2020-09-11,0.9637442810450344,0.6909354037237565
2020-09-12,1.5985395414191157,1.0572066708022168
2020-09-13,0.30869728557251386,1.4928568226588592
2020-09-14,1.0451577121183322,1.5083184468704902
2020-09-15,1.1093454578525987,1.0913998124575455
2020-09-16,1.2792662566991433,1.15890266759701
2020-09-17,1.1540628522909704,1.0558808641112718
2020-09-18,0.9383871973191361,0.7975367078102787
2020-09-19,1.1411374525514713,0.612782524655368
2020-09-21,0.6273842258837563,1.0660981589944254
2020-09-22,1.0619966269834886,1.3176059415533827
2020-09-23,0.7007955297400313,1.1098405127370639
2020-09-24,1.2099674979792372,1.4720174197197693
2020-09-25,1.3596431145391734,1.305258129001633
2020-09-26,0.18955203294314749,1.2132270746443314
2020-09-27,1.6000833876231446,1.6003288110862237
2020-09-28,1.5999625655682859,1.5926933107020118
2020-09-29,0.40234369396244285,0.9174623068807987
2020-09-30,0.8004654494226365,1.040619725033106
2020-10-01,1.6009864404356708,0.7685393954512878
2020-10-02,1.6017621672153228,1.3632696299471234
2020-10-03,0.4192078414328917,1.5484428206539214
2020-10-04,1.5096137887645598,0.735067048738988
2020-10-05,1.5918197058090833,1.4879670158129499
2020-10-06,1.0918314175308574,1.0631989480357917
2020-10-07,1.4225391320459795,1.1467177509840585
2020-10-08,1.5712607251418798,1.3228035370492717
2020-10-09,1.3136628644130186,1.4774657652367187
2020-10-10,1.6023852072748486,1.4238700685780323
2020-10-11,0.804172012679815,1.56412623787112
2020-10-12,1.294218827084523,1.2667447886551988
2020-10-13,1.1223733703994865,1.0690449145424488
2020-10-14,0.8234475202869437,1.0973410743060914
2020-10-15,1.3239097793950008,1.4061118484745396
2020-10-16,0.8865294900007024,1.5618378798763708
2020-10-17,0.8023252016367652,0.026871762652956467
2020-10-18,1.5999871443721918,1.543344894367571
2020-10-19,0.72277950115588,1.3020365158438716
2020-10-20,0.8110753872123834,1.1539599275680752
2020-10-21,0.8948175259509761,1.1303566001736147
2020-10-22,0.8383685309114886,1.3609305608776978
2020-10-23,1.0031874222990946,1.3103228257893518
2020-10-24,1.6055117589614514,0.24808184088055912
2020-10-25,0.8225295272794986,1.0529747703278376
2020-10-26,1.2218030423548027,1.2344909612839974
2020-10-27,1.5939083852159586,1.50918929740034
2020-10-28,1.1840422246997895,1.5175613110678932
2020-10-29,0.9130855055820751,1.3353048281763709
2020-10-30,1.0077237189011299,1.2106840430940113
2020-10-31,0.7866630273159645,1.4430591460176991
2020-11-01,1.2967174584346457,1.4621610632974897
2020-11-02,1.5911682671250031,1.2096501638039492
2020-11-03,1.5853070492671784,0.9036317363138745
2020-11-04,1.5394273980233932,1.5844486569156175
2020-11-05,0.8296924011988813,0.7249339993312984
2020-11-06,1.4528136133664535,1.0751685058036227
2020-11-07,1.5990724314587819,1.056648232936244
2020-11-08,1.4727458588514892,1.2894584484392293
2020-11-09,1.092145461544902,1.4755009495230065
2020-11-10,0.6493425727335004,0.497211936510487
2020-11-11,1.3330605165649885,1.3518514669617743
2020-11-12,1.0863760888361085,1.000934593662865
2020-11-13,1.0673651368440866,1.5473765148842633
2020-11-14,0.2747207646622432,1.0534507466456122
2020-11-16,1.5631847953309896,1.2998747321712596
2020-11-17,1.1649196800215305,0.9999696248207744
2020-11-18,1.1823812881392937,1.4048659853750183
2020-11-19,1.1925786126444355,1.2832402227145374
2020-11-20,1.0431581715580753,1.2316047361134206
2020-11-21,1.5731036780207368,1.1967559694112773
2020-11-22,1.5952329598296442,1.5972349103274601
2020-11-23,0.40332384395088217,1.0177879064192024
2020-11-24,1.12188538696351,1.258164682465362
2020-11-25,1.5143491108049467,1.182949268373894
2020-11-26,1.1269028645192147,1.3394652333484363
2020-11-27,1.194847050044532,1.1015738541006275
2020-11-29,1.6061106247375905,1.4245228970401291
2020-11-30,1.5581698780412085,1.328785752824067
2020-12-01,1.0688143114244735,1.0537115840980096
2020-12-02,1.1105353439304397,1.3074100043776786
2020-12-03,1.6004441913988137,0.6099081833643045
2020-12-04,1.6054803098353267,1.6050905022801885
2020-12-05,1.600688569935375,1.6001830958973136
2020-12-06,1.5945956146798004,1.1854333837182292
2020-12-07,1.5872673551904897,0.8022349192953949
2020-12-08,1.112962735549909,1.1866999570891967
2020-12-09,1.2347688404099022,1.0793090597912387
2020-12-10,1.60052247447485,0.28127169297624305
2020-12-11,1.3443671139301572,0.6479174743078522
2020-12-12,1.5985534516716227,1.4914249957746089
2020-12-14,0.8419862583545059,1.3750078051243815
2020-12-15,1.3062718590614135,1.2892257911879625
2020-12-16,1.203032899209691,0.3444071155671922
2020-12-17,1.4440904212410761,1.3423715380251042
2020-12-18,1.3189603640213605,1.5741218414650424
2020-12-19,1.3715857027198415,1.462613334903259
2020-12-20,1.606846718192794,1.5682148957481032
2020-12-21,1.592671809071038,1.261682778428182
2020-12-22,1.2810582880140513,1.1894411460734549
2020-12-23,1.5998428936565365,1.46439881076329
2020-12-24,1.4199792137057359,1.212956778804158
2020-12-25,1.6123336044474237,1.6123253099504316
2020-12-26,1.3992222572282116,0.6542868799614023
2020-12-27,1.24130492921869,1.3993463572525864
2020-12-28,1.0671800713134072,1.150266804099652
2020-12-29,0.7414427724605028,1.1349503300733195
2020-12-30,1.481672309734706,1.477421142539395
2020-12-31,0.42446957319681183,-0.2975460282735265
2021-01-01,1.0651990609013253,0.9038607333462202
2021-01-02,0.8998411632408799,1.1235364716589453
2021-01-03,1.5948286989665614,0.8095679324253534
2021-01-04,1.3067019631819758,1.0106554781390622
2021-01-05,1.553618150819288,1.6015487837190474
2021-01-06,1.2984115747688054,1.5690864425750142
2021-01-07,1.2666470191808796,1.403471956266508
2021-01-08,0.8742882758456241,1.3942322969104404
2021-01-09,1.3650559504960873,1.4429613489702184
2021-01-10,1.600134003914861,1.577646525843681
2021-01-11,1.5271226982888244,1.5574311220793293
2021-01-12,0.767546022807155,1.2298039770347733
2021-01-13,1.4138806845575025,1.3250500874203495
2021-01-14,1.3164916815944607,0.7192915906784771
2021-01-15,1.2911102868526632,1.5605327492653687
2021-01-16,0.8694710559591208,0.8988939279095599
2021-01-17,1.2113222059069264,1.3923160942900772
2021-01-18,1.3212836488039474,1.1235550489170738
2021-01-19,1.4228256240307735,1.5316892348453022
2021-01-20,1.3324463463479526,1.3746974447468423
2021-01-21,1.1351119422338698,1.2959179697892098
2021-01-22,1.2303847641198726,1.432590870927066
2021-01-23,0.945217663765178,1.0600386129208743
2021-01-24,1.0692164731754759,1.256674559672909
2021-01-25,0.9264716207153416,0.6866566657534682
2021-01-26,1.0528425807639608,1.1890244865626634
2021-01-27,1.0552407164555322,1.1032475787834541
2021-01-28,0.8831397090479554,1.5405928675624094
2021-01-29,0.8288771729535194,1.0529337500577542
2021-01-30,1.205759141552422,1.321274732340695
2021-01-31,0.9210254263950097,1.4981138367729705
2021-02-01,1.0477852033291257,1.5693708395690038
2021-02-02,1.1680559817171428,1.0769866957958367
2021-02-03,0.9548272279976089,1.131879341917561
2021-02-04,1.1552633988628174,1.4025271608993892
2021-02-05,0.8838505946083272,1.2061641817726196
2021-02-06,0.4323255382697181,1.1052949155081182
2021-02-07,1.3131053536781727,1.4516348467879276
2021-02-08,1.102503640992828,1.415342524128937
2021-02-09,1.226856329063589,1.0935190895065767
2021-02-10,0.44504770624002077,1.3394906313632327
2021-02-11,1.0749913649637932,0.714385534714394
2021-02-12,1.3996257368104967,1.0394490980106146
2021-02-13,1.141261686439035,1.400058504424744
2021-02-14,0.8379895460898799,1.5099347865118182
2021-02-15,1.424520261284963,1.3864549010095015
2021-02-16,0.7108909535175373,0.9720459621960238
2021-02-17,0.8492611749328479,1.330070193199251
2021-02-18,0.5825842060867861,0.8286311694027397
2021-02-19,1.017837162862447,1.323631793106869
2021-02-20,1.3916980392965121,1.349564197615116
2021-02-21,0.923748905769605,0.8344190679618151
2021-02-22,1.4033183352431553,1.150556869698565
2021-02-23,0.9333029001211235,1.1316606720469469
2021-02-24,0.8713574794717952,1.065675940556093
2021-02-25,0.5596940769957143,0.9649085937348649
2021-02-26,1.3925856215474368,1.470172387722737
2021-02-27,0.9182292150765297,1.4382642927131155
2021-02-28,0.884870950379387,0.9529441483995758
2021-03-01,0.7574754152057015,1.007190364500134
2021-03-02,0.8407859478570524,1.3786953370486057
2021-03-03,1.3365521747033389,1.0225573140991477
2021-03-04,0.9693584145259936,0.3672740182457967
2021-03-05,1.6136558197243163,1.0870900723333097
2021-03-06,1.2245163918631548,1.184767015008595
2021-03-07,1.5240184908998535,1.5496651733049425
2021-03-08,1.1520651393066537,1.1795779289033546
2021-03-09,1.0033547999381076,1.2375397747297432
2021-03-10,1.0527919007475706,1.4277706770739174
2021-03-11,1.3591390932899539,1.278460781041314
2021-03-12,1.1709949602855692,0.7741625787255427
2021-03-13,1.3819629899402952,1.028580063475106
2021-03-14,1.5925719453105898,1.2855352045153077
2021-03-15,1.4211457390313684,1.4116974224935441
2021-03-16,0.6027978375271545,0.9274411183573152
2021-03-17,1.0275408604392964,1.2226028662289794
2021-03-18,1.0831746247459317,1.2794899340610557
2021-03-19,1.2267820593813983,1.3483374645717998
2021-03-20,1.517740907258982,0.767966037737506
2021-03-21,1.333293701571954,1.1401007442825632
2021-03-22,1.36740295100976,0.5319638335991754
2021-03-23,0.785480009023152,0.9950167217540418
2021-03-24,0.731725954737191,1.1837425064187075
2021-03-25,1.1904124795280728,1.1402934426653155
2021-03-26,1.5788472512801182,0.9842640597482168
2021-03-27,1.6015965013982938,1.5961486388737745
2021-03-28,1.0656438843270362,1.2118421374690251
2021-03-29,1.5945339197787536,0.7813883034425456
2021-03-30,1.5233853744203871,0.3170112133625686
2021-03-31,0.546518220181471,1.239360210727663
2021-04-01,1.3265112070195066,1.5846107960300306
2021-04-02,1.1723773447094532,0.06720920709664373
2021-04-03,0.9586674920325982,1.084152531390354
2021-04-04,1.0204300964059527,-0.9518917242750495
2021-04-05,1.39430328161353,0.06966046278766451
2021-04-06,1.6309889708563605,1.3585045852621083
2021-04-07,0.16753966303819676,1.5789634181603953
2021-04-08,1.6006790383094118,1.3557636823792067
2021-04-09,1.5589898730068665,1.0818134717687222
2021-04-10,1.5997404090341614,1.5795034001808126
2021-04-11,0.0003264921079418892,1.5790936945119933
2021-04-12,1.5470980401340118,1.0401845884175058
2021-04-13,1.0065624695812705,1.2270656871076508
2021-04-14,0.9644805211820863,0.9580218827180442
2021-04-15,1.5685965055614484,1.5837399785115291
2021-04-16,0.4919377481533698,1.344034020293382
2021-04-17,1.3637422415943665,1.0141924711645778
2021-04-18,1.598988341749595,1.1396245824472206
2021-04-19,1.5921264794790753,1.2561835868776983
2021-04-20,0.39495101565724106,0.12104950635100946
2021-04-21,1.2809622628033612,1.244393649643229
2021-04-22,0.2321559449846563,1.5575306171949785
2021-04-23,1.4370047808739854,1.4636919652412452
2021-04-24,0.7972723871974423,0.9185034413449804
2021-04-25,0.3650137860023861,1.1043368438714654
2021-04-26,1.362129861800301,1.2239150592894075
2021-04-27,1.2008622175826111,1.1810362174832933
2021-04-28,-0.0036950203398296365,1.1775657090798217
2021-04-29,0.9007791926727172,1.0508768434006026
2021-04-30,1.289415388597373,0.9542390665783982
2021-05-01,0.5637401900385364,1.1251788310203934
2021-05-02,1.0670323996167166,0.5734642129602331
2021-05-03,1.2895925937780282,1.1433541549434258
2021-05-04,0.560033032322433,0.6701828425527011
2021-05-05,1.478764031776675,0.9134708906715259
2021-05-06,0.6318142164476106,0.821482959898268
2021-05-07,1.0719899890427393,1.0428443113427137
2021-05-08,0.12569931325674133,1.46049882230446
2021-05-09,1.0554841091303868,1.1664697269997961
2021-05-10,0.6892280983575493,-0.2731800713756164
2021-05-11,1.3045608468679315,1.3414042892541835
2021-05-12,1.1202559712021865,1.3219281655699513
2021-05-13,0.5923921911106684,1.396224459457859
2021-05-14,1.6208137515081176,1.6220750239747064
2021-05-15,0.003520328753682689,0.0037053430498854567
2021-05-16,1.5372227558317657,1.6008835936943333
2021-05-17,0.42106247452288387,1.0882641215892062
2021-05-18,0.7056700503372223,0.8586776514737394
2021-05-19,-0.34434038515416027,0.8704441561396273
2021-05-20,1.0213700081531019,1.2875443530267452
2021-05-21,0.6549421039273736,1.5914144431477517
2021-05-22,1.601326830268218,1.6002253787134408
2021-05-23,1.6096777553583008,1.0766599783673132
2021-05-24,1.2021193428580765,1.1502652765426413
2021-05-25,1.598834084223275,0.18972681479696596
2021-05-26,1.2785217137473543,1.2324906211556514
2021-05-27,1.42679556245687,1.2412614468065637
2021-05-28,-0.09124182154611005,1.577190738749095
2021-05-29,0.651889900658994,0.9793170183777405
2021-05-30,0.0015802922620158954,1.1706218369207066
2021-05-31,1.5989019297962725,0.0009411831948906534
2021-06-01,0.8965482455925767,1.1207313434279185
2021-06-02,1.445340003752533,0.6243883311725389
2021-06-03,1.5783665542154237,1.6424061126868625
2021-06-04,1.221855970688972,0.8101839800474748
2021-06-05,1.1759508160956929,0.7076841315253979
2021-06-06,0.649400694166216,1.5988519795094565
2021-06-07,1.2824797618607138,1.5928432501366792
2021-06-08,1.5775245364774526,0.6166623848067017
2021-06-09,1.1492307860193214,1.2703717169723343
2021-06-10,1.6017662454707822,1.4593739732161335
2021-06-11,0.5327892028743236,0.9275750923229931
2021-06-12,0.0004427097835113525,0.056403742543729096
2021-06-13,1.290848119195374,1.6042377297499646
2021-06-14,0.7799440668682536,1.199026848242654
2021-06-15,0.9461391663172624,1.0911707039752219
2021-06-16,1.5868401021162613,1.200094187361087
2021-06-17,1.6005730660701876,1.452058995452961
2021-06-18,0.48132462347662075,0.6456811303655492
2021-06-20,-0.040726956602922026,1.3241570826429006
2021-06-21,0.8360907269688922,1.3659457583022767
2021-06-22,1.5999560670164437,0.9041526683683994
2021-06-23,1.5177040976809364,0.5165383602229409
2021-06-24,1.2808070135215046,0.7747265225005667
2021-06-25,1.6259322319427956,1.6259259180152872
2021-06-26,1.6008125966394493,1.5766018096762697
2021-06-28,1.1586237825815953,1.5765695110989
2021-06-29,0.6164719048789636,0.9956977262204253
2021-06-30,1.5850503940343832,1.5354987629332737
2021-07-01,1.4760852453929454,1.5694288873635998
2021-07-02,1.6141257969807161,1.5816758667768802
2021-07-03,1.58396680339936,1.5136316274875181
2021-07-04,1.1913798989508304,1.206137706345381
2021-07-05,0.8877608667948632,1.5891977547528118
2021-07-06,0.5449633540396458,0.5528126957578551
2021-07-07,1.0752048991805527,0.8902339232799865
2021-07-08,0.5359278393264029,1.5489239883907888
2021-07-09,1.6042962278076704,1.0327470477304346
2021-07-10,1.1973225412556263,1.5801846662389427
2021-07-11,1.5719273272217573,1.6037419150577492
2021-07-12,0.32680395808680446,1.2627210882198237
2021-07-13,1.578404866473642,1.5797485456239044
2021-07-14,1.0646585902151493,1.0729361472930192
2021-07-15,1.1410358989652045,0.3612105975519813
2021-07-16,1.4832845683411493,1.1524773865194229
2021-07-18,1.612869519738654,1.219881038478391
2021-07-19,0.9767070345694705,0.7827479822149828
2021-07-20,0.5117139215509703,0.7876211852394728
2021-07-21,1.2255073617665608,0.7675936787726714
2021-07-22,0.03486516513757326,0.3084887227987407
2021-07-23,1.0867394277611562,1.180081679045651
2021-07-24,0.000795550532583511,1.6233763564257564
2021-07-25,0.7858670021837733,0.7325984694711482
2021-07-26,1.3472917764877241,1.261188386198235
2021-07-27,-0.0004459030357430264,0.23560176425113846
2021-07-28,0.8449423144111529,0.6016136918011834
2021-07-29,1.0681595029811584,1.2424860853388833
2021-07-30,1.1546073032708535,0.9306916555039617
2021-07-31,1.1296017526675817,0.8689269262588566
2021-08-01,1.6007663604865634,1.5537077428341446
2021-08-02,1.6010350387190393,0.5252464467664363
2021-08-03,0.11277883504529884,0.0006313368157597754
2021-08-04,-0.04572785553094516,1.5679161161589974
2021-08-05,0.8765920291355195,0.937356768056023
2021-08-06,0.8155591670641664,0.8792581301415772
2021-08-07,1.601939643375606,1.6019248491384965
2021-08-08,1.5596602563827666,1.4179894235154742
2021-08-10,0.33233493104938544,0.7987312808005755
2021-08-11,0.8196486469047727,1.051081104849588
2021-08-12,5.3711704138895474e-05,1.5351261132768275
2021-08-13,1.6112181199504603,1.0476840453880936
2021-08-14,1.5995796481238491,1.2582586106902882
2021-08-15,1.0217200540015166,1.068070719714325
2021-08-17,-0.005410075044212759,1.4064194287795528
2021-08-18,1.5964490112144971,1.5809541611438638
2021-08-19,1.045616611823709,1.5510578309667724
2021-08-20,1.6066599961969599,1.5652822104745183
2021-08-21,1.5954403352823574,1.5677139906136326
2021-08-22,0.7875778323643311,1.0684080388139006
2021-08-23,1.0674737866158972,1.3944832983811632
2021-08-24,1.5837824943334236,1.3947250992855402
2021-08-25,0.8365798631142218,0.7028846407306102
2021-08-26,0.8414500780575591,0.7111502460107955
2021-08-27,1.1045315927285895,1.3467493925520235
2021-08-28,0.27803208100342014,1.5627250983230896
2021-08-29,0.0023731636822964786,1.577388361524007
2021-08-30,1.5876048570980468,1.1868302701612932
2021-08-31,1.1133364857662844,0.8831118320854583
2021-09-01,1.3345959928478988,1.5876564814432066
2021-09-02,0.34806740941052555,0.5940203456595144
2021-09-03,1.209041138680886,0.9619162546396336
2021-09-04,0.9899228301045937,0.8433448339608606
2021-09-05,0.5090152568831905,0.8511162700906737
2021-09-06,0.3262091483157155,0.021175321779218326
2021-09-07,1.5947445071617232,1.5691970525821046
2021-09-08,1.5706777160756387,1.513428112680571
2021-09-09,1.596712332793666,1.278324325005023
2021-09-10,1.564822386494111,0.8483081972453466
2021-09-11,0.9752465654215624,0.8553508908706524
2021-09-12,0.001064364866769047,1.5649930904483682
2021-09-13,0.8022821839866059,1.186214588132005
2021-09-14,1.598731175655873,1.1832267549738884
2021-09-15,1.5532685106876833,1.058329267797382
2021-09-16,1.5451242686696982,-0.03774854144775363
2021-09-17,1.6187497554409709,1.618737139839321
2021-09-20,1.5496517219175654,1.363837806753125
2021-09-21,1.2550579565351545,1.5812662273966476
2021-09-22,-1.3148003049639063,-1.4654353802933808
2021-09-23,1.6009343399547946,0.0010556057258352385
2021-09-24,0.8939519640413616,0.784755422488389
2021-09-25,0.0016378259435794627,1.6006159897565249
2021-09-26,1.5648419575257642,1.4179441619567015
2021-09-27,1.5506628576476906,0.008291010890136572
2021-09-28,1.1263287720238673,0.9048525906092948
2021-09-29,1.6003337156536772,1.3361390371513753
2021-09-30,1.5149265564307184,0.7983330999138837
2021-10-01,0.9499563915029295,1.454484492042402
2021-10-02,1.528984152547092,1.536719174542561
2021-10-04,1.6252053051141715,1.6247449512386625
2021-10-05,0.962485657073394,1.1304222546823772
2021-10-06,1.6003979288468657,0.6417936150048145
2021-10-07,1.5995346784593398,1.6001948961033428
2021-10-08,1.608277623232015,1.4421842429807996
2021-10-09,0.8612366918566704,1.5679226010974028
2021-10-11,1.114674336084699,1.04566642004654
2021-10-12,1.475583948587827,1.561201683074981
2021-10-13,1.0096545398871544,0.8331111918190836
2021-10-14,1.542923000489021,1.5368282268940967
2021-10-15,1.6093464351245952,0.7559021998188987
2021-10-16,1.4966595298331073,1.5789627372199295
2021-10-18,1.5978390168501173,1.1165040964853956
2021-10-19,1.5163652354529902,1.0979779782572912
2021-10-20,1.6028900097167764,1.1969230146644936
2021-10-21,1.5952492673758483,0.13291213242033278
2021-10-22,1.0531130356480927,0.6793462262749519
2021-10-23,0.9129832103636737,1.2675790571870613
2021-10-24,1.607361250293782,0.5422057682073519
2021-10-25,1.1812407078828722,1.253010401726999
2021-10-26,1.0046275721057598,1.0634041081704726
2021-10-27,1.058068207525017,0.9996231676702219
2021-10-28,0.5471609326093462,0.8151680515006446
2021-10-29,1.009531730752009,0.9364764517958284
2021-10-30,1.071800183220785,0.9137382366133776
2021-10-31,0.5397050040337209,1.1716394684608653
2021-11-01,1.2353479450026466,0.7114903631350368
2021-11-02,1.062941173995347,0.5553389349724114
2021-11-03,1.6004406559593525,1.5803824819065269
2021-11-04,0.7685992501367859,0.6634291400594351
2021-11-05,1.6030360478469305,1.2644422149586472
2021-11-06,0.5375307167798847,0.13616470892018606
2021-11-07,1.1315562826012557,1.5787075438507845
2021-11-08,1.344472643434219,0.7915008349162165
2021-11-09,1.6015183858996398,0.8123558743896867
2021-11-10,0.8076690631541705,1.1858874521036258
2021-11-11,-0.5112884853577762,1.0627426112809877
2021-11-12,1.0049479896280897,1.2101557137430032
2021-11-13,-0.2638813681532445,1.1989324722254386
2021-11-14,0.0006236849496813351,0.9878365500392288
2021-11-15,0.801139550705076,1.5457624804768713
2021-11-16,0.9309563718746201,0.9553323829251328
2021-11-17,1.5797665219047494,0.8123217541794918
2021-11-18,0.6930821933672365,0.9407287549036133
2021-11-19,0.9195300082949203,1.3434199352573082
2021-11-20,0.7695747213564123,1.3698209479158274
2021-11-21,1.6011786054626853,0.8130736479342182
2021-11-22,1.1698427887218363,1.544260978917086
2021-11-23,1.5981348252425178,1.5679202053605112
2021-11-24,0.8141104247132968,1.2004022249601212
2021-11-25,0.7311161954934521,1.5561863028109169
2021-11-26,1.6172516118185158,1.5791961091170683
2021-11-28,1.3413590088178045,1.4554599631086145
2021-11-29,1.2104680926517253,0.8726330038304798
2021-11-30,1.1249522905499203,1.105293592721119
2021-12-01,0.41378815220564985,1.236901971618078
2021-12-02,0.024085084026289286,0.5630540938950346
2021-12-03,1.4016299375807377,1.0866467292287967
2021-12-04,0.1958526504098443,0.7990196173818244
2021-12-05,0.5300312096170798,1.3670822899101545
2021-12-06,0.40295976429636143,0.9115744320915823
2021-12-07,1.3687774837959759,1.1859499254739678
2021-12-08,1.0636965610966331,1.3048076819556866
2021-12-09,1.0092308983610645,1.3664178914902942
2021-12-10,1.3342544853531715,1.142196398778592
2021-12-11,0.7888223158479998,1.5780679768673724
2021-12-12,-0.05277845783835111,1.4670870348323022
2021-12-13,0.7907825127071155,1.2347663381005058
2021-12-14,1.1587899372952315,0.7999783945821354
2021-12-15,1.280130267660285,1.5038786878381396
2021-12-16,1.2959468557024825,1.0829532060923508
2021-12-17,0.536589091023537,0.3239150942633056
2021-12-18,0.8567857069050169,1.4852502007039328
2021-12-19,1.5887080668575415,1.6045559718390292
2021-12-20,0.4928086888013057,0.0016367987040959665
2021-12-21,1.6037059467602148,1.1587118086199872
2021-12-22,1.1757356216947987,1.2722087327249
2021-12-24,1.609027574511954,1.6090105881038712
2021-12-25,1.5998845429646842,1.535103431466799
2021-12-26,1.6192653627359597,1.6096506490120932
2021-12-27,1.2227048765928692,0.8993223079332988
2021-12-28,1.3689269189354272,1.3985015492557689
2021-12-29,1.0844218700038377,1.3364608880867397
2021-12-30,1.5435340461905975,1.2268546260309985
2021-12-31,0.8039003127998842,1.548283051375345
2022-01-01,1.59064703749935,1.063588468517124
2022-01-03,0.7740896936921896,1.3492382003884777
2022-01-04,1.2217721383847637,1.3975426514414888
2022-01-05,0.7653558527738822,1.3788375976094431
2022-01-06,0.8423543466485963,1.227807100325414
2022-01-07,1.6045224207040965,0.825867904828001
2022-01-08,1.600384797616167,1.5119534310594993
2022-01-09,0.9999921865094924,0.2999915113787779
2022-01-10,1.2006671701947402,1.5284405805763472
2022-01-11,1.2160621946284211,1.2677997463067736
2022-01-12,0.8244277920604912,1.363501055727171
2022-01-13,0.9959401623972248,1.0591768796628387
2022-01-14,0.6481485229396702,1.1541961554069757
2022-01-16,1.60051015331353,1.2764757618107259
2022-01-17,1.0219715278010228,0.620046313635863
2022-01-18,1.1714911746879295,1.1667355212456647
2022-01-19,1.354375019598591,0.7091091912342014
2022-01-20,0.49973360422483987,1.0254444062772603
2022-01-21,1.2864197888908053,1.219114249480055
2022-01-22,1.2089921020231646,0.753996831095876
2022-01-23,1.4385579666699333,1.0236866690684427
2022-01-24,1.5240051342380596,0.6918625116141396
2022-01-25,1.3389452854426367,1.0982035851042964
2022-01-26,1.251563042244107,1.1504124147194061
2022-01-27,0.879337508429755,1.2246479207569652
2022-01-28,1.3939423421425663,1.2569439432960932
2022-01-29,0.8028694447179184,-0.69013450246108
2022-01-30,1.5595435780318236,1.5241587823021772
2022-01-31,1.2585883568699017,1.280524554193931
2022-02-01,0.7744148434677786,1.0412314323604315
2022-02-02,1.2966887328604173,1.3514762633930304
2022-02-03,1.021381751461979,0.4160523887689402
2022-02-04,1.010912252311107,0.7587708995285186
2022-02-05,0.29473332570092037,0.8236090807830949
2022-02-06,0.5091809705871085,0.536364268057128
2022-02-07,0.12808937499808212,1.2732217908547017
2022-02-08,1.1044643505785123,0.5921499806297125
2022-02-09,1.4626952780131286,1.2686210405415728
2022-02-10,0.30081266694297243,0.6813333227466845
2022-02-11,1.6393956411917932,1.639388774243877
2022-02-12,1.5931727728322864,1.1148372759553054
2022-02-13,1.5177412309711302,1.5189123365811195
2022-02-14,1.0677596711391317,1.025824146106111
2022-02-15,1.5701402752904579,1.143670612114862
2022-02-16,1.5285160547968006,1.1886955257323608
2022-02-17,-0.0008614504161931213,1.4060933831164508
2022-02-18,1.0248300025853252,1.3827071742917718
2022-02-19,0.46255829714723007,0.6154868422380337
2022-02-20,1.5981648168474343,1.5998833427186905
2022-02-21,0.5412034355984713,1.5820481806816933
2022-02-22,0.388604052583964,0.004528358322517669
2022-02-23,1.6030763254770422,1.5796721802210807
2022-02-24,1.0751459494966444,0.46667570175350054
2022-02-25,1.60447516471639,1.5989666277852466
2022-02-26,0.10087629855768099,0.5906065443328544
2022-03-01,1.5973886394243635,1.5358388017307314
2022-03-02,0.46915894850692397,1.1677602751113632
2022-03-03,1.632304322208684,1.6328334946353706
2022-03-04,0.826318321880935,1.4198734341677193
2022-03-05,1.5845214780193273,0.9850554982193764
2022-03-06,1.0222943416912655,1.0533869360697214
2022-03-07,0.6773206697185084,0.7710422475288782
2022-03-08,0.3163343571404701,0.8478036719482791
2022-03-09,1.4892425304454857,1.5681647693711507
2022-03-10,1.601794568261377,1.6017541669130555
2022-03-11,1.6115938798882374,1.4671307645550433
2022-03-12,0.39217209177803336,0.8012638295760874
2022-03-13,1.3990338387128112,1.6061852049272614
2022-03-14,0.5619964425763637,0.7638622938657834
2022-03-15,0.2645044471501313,-0.00367714373757555
2022-03-16,1.5748739472626183,1.172500643500362
2022-03-18,1.2075775838529643,0.8549651523809142
2022-03-19,1.6006100817707316,0.9320954775792395
2022-03-20,0.45255191099445075,1.4191470494230896
2022-03-21,0.5276758714667487,1.5966790744912571
2022-03-22,1.5863654094759794,1.380211029720033
2022-03-23,1.5956593103767536,1.4561822219086027
2022-03-24,0.8754889566893518,1.187826346234501
2022-03-25,1.323868084122435,1.479720551653857
2022-03-26,0.7947663020476907,1.2361188724433698
2022-03-27,1.5971878790429936,1.583393427692428
2022-03-28,1.0047627766554006,1.4406532206127802
2022-03-29,0.01853076293726737,1.0704841772801454
2022-03-30,1.601236417927536,1.4562469421981261
2022-03-31,0.20723099074107054,1.5990114673657485
2022-04-01,1.2419879115295978,1.6028527699803996
2022-04-02,-0.19256789701982294,1.5711506022283237
2022-04-03,1.5268597343093833,0.9654262007315815
2022-04-05,1.293935267882891,1.5680380428127954
2022-04-06,1.600202963705297,0.7740113523192732
2022-04-07,0.9261802971534634,0.5146747349920342
2022-04-08,0.5636891390508324,1.6060408327013345
2022-04-09,1.6070364160178385,1.5915733981855766
2022-04-10,1.5742414112408591,0.2903506320095772
2022-04-11,1.2586660837710002,0.002736097907539782
2022-04-12,0.0016422940705047586,1.1892406541297553
2022-04-13,1.5992362258629196,0.5124526804582946
2022-04-14,0.8024668184825117,0.803843882950907
2022-04-15,1.0135411560398342,1.5779186144029262
2022-04-16,1.701712824245639,0.10538128679717848
2022-04-18,0.8048547114596408,1.6036376106718548
2022-04-19,1.2623114075051165,0.974254734426896
2022-04-20,0.20192273587250115,0.9435277201240003
2022-04-21,1.5843207298989468,1.1945630726957202
2022-04-22,1.4221697145469,1.285415096298278
2022-04-23,0.48312391854964176,0.48991752454362714
2022-04-24,1.603408600733621,1.5742068460166354
2022-04-25,0.9248053962019152,1.3174382116289876
2022-04-26,0.6026690235922361,1.1023593692814373
2022-04-27,1.0583568676813402,1.1321598560301478
2022-04-28,0.5782606120924876,1.2232846116943317
2022-04-29,0.01972601783725514,1.0443492579922034
2022-04-30,1.1276835594039885,1.155710982403134
2022-05-01,1.326836567143508,1.5523949917336182
2022-05-02,0.6976058220255666,1.135177652183205
2022-05-03,1.6018201857395713,0.003664570914319463
2022-05-05,1.3183625720054715,1.2890279502490707
2022-05-06,1.5899419487089554,1.2123999361416204
2022-05-07,1.2866822153827635,1.2406597024700774
2022-05-08,1.6016750181866808,1.4277634344088461
2022-05-09,0.817734637053971,-0.035214970124499645
2022-05-10,0.6230555743677527,1.3217291846470516
2022-05-11,1.2458793669044281,0.8350632311324693
2022-05-12,0.14739583564035677,0.8122385486074852
2022-05-13,0.5265349444978579,1.3289289531916757
2022-05-14,1.1387801333421261,1.146867932638978
2022-05-15,1.283844077844594,1.0086946570277515
2022-05-16,0.9171697787966666,0.12967554943159676
2022-05-17,1.1844167266642731,0.8997425258815739
2022-05-18,0.4318812887867522,-0.3525368787161798
2022-05-19,1.1329672608240469,0.9522289469421731
2022-05-20,0.9760772164601699,0.5687569695289528
2022-05-21,-1.591608239473597,-0.5694719897770083
2022-05-22,1.5673399515960673,1.4971930166226626
2022-05-23,1.307746847656443,1.5850326820154357
2022-05-24,0.9612237058871054,1.1633417918880724
2022-05-25,0.6003298002842481,1.3491011598171403
2022-05-26,0.12588973284253874,0.31659299008775
2022-05-27,1.082221109161917,1.2554481110967628
2022-05-28,0.7392054085169867,1.1778236683319794
2022-05-29,0.8012702857369302,1.5966820245606579
2022-05-30,1.5913197620689408,0.5597048751649778
2022-05-31,0.7260238843875467,1.5108740877574558
2022-06-01,1.586073909904315,0.8253162162914673
2022-06-02,-0.14411865078915997,0.3849148601184564
2022-06-03,0.007050835611802064,0.9523306555200912
2022-06-04,0.007262890261560943,1.1194022635727288
2022-06-06,1.0138217632968012,1.6125443307088079
2022-06-07,0.4648050948126136,0.583807420043257
2022-06-08,0.7217917906346262,1.3328874148776118
2022-06-09,1.6039889195677977,1.3946225839599202
2022-06-10,1.6347620005508898,1.634620238540413
2022-06-11,0.8040303115495626,0.070346086413691
2022-06-12,1.0575597681914604,1.111887528379205
2022-06-13,0.020964277523444395,1.5670653605482818
2022-06-14,0.8938018275451279,1.5950089125456757
2022-06-15,-0.0129978003705807,1.192736661291822
2022-06-16,1.446231062681279,1.1537518043934103
2022-06-17,1.2332849398441195,1.3245513236872384
2022-06-18,1.599096831949998,-0.4221714452320877
2022-06-19,0.6400678961319841,1.0763052500876398
2022-06-21,1.6001828977745973,1.3526512079441675
2022-06-23,1.5065005446387247,1.5678997997638693
2022-06-24,1.3225337766597378,0.5083421342782496
2022-06-25,1.3063673612592088,1.6003339285859648
2022-06-26,1.5992874642213006,1.520310498116065
2022-06-28,0.5341213521331076,1.565183123990793
2022-06-29,1.5874155397316756,1.6002151160110767
2022-06-30,0.5349602079768444,0.8983128584627093
2022-07-01,0.28957205572194655,0.9562012266584509
2022-07-02,1.009882098743177,1.4190666104474414
2022-07-03,1.0811360503127825,0.591795470066162
2022-07-04,0.01122468232889511,1.5350807496567704
2022-07-06,1.2555057176105655,1.5666555235750652
2022-07-07,1.5957450416327412,1.1403663456953166
2022-07-08,0.5218527709003973,0.7956920022830677
2022-07-10,1.4156418761087532,0.04832667797260204
2022-07-12,0.1573726179628414,1.0438381462604813
2022-07-13,1.6006752646047722,0.002926042110878494
2022-07-14,0.47881641691920973,-0.010581796690324441
2022-07-15,1.0588494635114936,0.652589444179084
2022-07-16,1.5966434982224837,1.5350807496567704
2022-07-17,1.5978394197989314,1.344641262572364
2022-07-18,0.005268752774435059,1.569828075737806
2022-07-19,1.5962468128862328,0.6619809567770428
2022-07-20,1.6003275923720708,1.6004567599986503
2022-07-21,0.4562966713152196,1.0251712309662868
2022-07-22,1.6198366282811016,1.2857893103142413
2022-07-23,1.6355271896606525,0.6241960935317838
2022-07-24,0.8001770559098019,1.2127586635867385
2022-07-25,1.068324735812909,1.332944521361186
2022-07-26,1.131511472697715,-0.22869771060819227
2022-07-27,0.35438943983468146,-0.8151773744491115
2022-07-28,1.0684151221413598,0.82776523865224
2022-07-29,1.1904661240721757,1.0004623352937185
2022-07-30,-0.9506830541161845,0.2821907274764138
2022-07-31,0.8721996431866558,0.004067607601344243
2022-08-01,0.9602399297094134,1.5748970588926452
2022-08-02,0.028627699819211427,0.1497703236584748
2022-08-03,0.990026259385606,0.7812284278041546
2022-08-04,0.6962777957623233,1.584116265182095
2022-08-05,0.27359985703593365,1.2019428148837152
2022-08-07,1.6015535372714362,0.008608155966257209
2022-08-08,1.5350915654301296,1.5930393598755672
2022-08-09,1.6005642405235572,1.562745553348053
2022-08-10,0.0008185091290919755,1.5350807496567704
2022-08-11,1.1225638120222845,1.5386773441875625
2022-08-12,0.8655002916614296,1.5997641098005129
2022-08-13,1.0689517498896601,1.5173516408936552
2022-08-14,1.6030981985590373,1.0993473865535186
2022-08-15,0.6539482644346875,0.9667787094079884
2022-08-16,0.6405903865282857,0.961060344488138
2022-08-17,1.0708442380711027,1.5519149897146836
2022-08-18,0.5433400819983994,1.3082008875477864
2022-08-19,1.1847504970084854,1.5956345783048402
2022-08-20,0.02316162132245013,1.6229869300646786
2022-08-21,0.4909175901448291,0.5227474734826753
2022-08-22,1.5460079700626164,0.6739918225552556
2022-08-23,1.2001717945902588,1.1760055281131323
2022-08-24,1.129001126327156,1.2443406207809669
2022-08-25,1.3049813434804614,1.0472557448611535
2022-08-26,1.2374470228372125,1.5893379790003817
2022-08-27,1.5773234126003297,1.167492643680554
2022-08-28,1.5482299720304737,1.5350958708634561
2022-08-29,1.601065782333602,1.5994687399436969
2022-08-30,1.3466215568570334,0.715226246873546
2022-08-31,1.2041498774212442,1.3986121772202038
2022-09-01,1.6121893027702474,1.5645908113290306
2022-09-02,0.5448613692686145,0.524201814745953
2022-09-03,1.5942317612646637,1.5351261132768275
2022-09-04,1.6045597285887268,0.19608988115452355
2022-09-06,1.2180052399909451,1.1971561118436032
2022-09-07,0.9839813616428289,1.2768375326190604
2022-09-08,0.7441475261892138,1.579641136726792
2022-09-09,0.16253256035735636,1.6044299634670958
2022-09-10,1.6141352222202043,1.615173473978152
2022-09-11,1.5767778828533527,1.6017204724009957
2022-09-12,1.596594479064972,1.0452749333127185
2022-09-14,0.7981956786986139,1.3404235357530474
2022-09-16,0.376856486163797,1.3171003726205652
2022-09-17,0.5489252413634585,1.578531549653458
2022-09-18,-1.58475873398176,0.3191424634476398
2022-09-20,1.0816580525958428,0.7761138763138083
2022-09-21,0.17020627997588345,0.6920471138222983
2022-09-22,1.6015365462705098,0.001766698349527907
2022-09-23,1.4368237327132631,1.5812412026109937
2022-09-24,0.6378675919385498,1.4004187263842833
2022-09-25,1.5446064440172445,0.9745196073902158
2022-09-26,1.5945496145350502,1.521168579520092
2022-09-27,1.6029555108545075,1.1319675542797578
2022-09-28,0.4896455315859298,0.8954918406494157
2022-09-29,1.5395685406290849,1.5766200635789245
2022-09-30,1.6157257975745305,1.6097067177882065
2022-10-01,0.7233660171979461,1.53240439437707
2022-10-03,1.5968971637689522,0.7522594113511823
2022-10-04,1.601419927685333,1.563115494223062
2022-10-05,1.599983476518447,1.5350807496567704
2022-10-06,0.13688729053057846,0.9782026871169541
2022-10-07,1.6022307416522161,1.5888915808557957
2022-10-08,0.7442517868456611,1.5787097236446737
2022-10-09,1.5989204810725022,1.5350807496567704
2022-10-10,1.599690204598637,1.5926849628265136
2022-10-11,1.5582936396988034,1.5230590348012472
2022-10-12,0.015712308492511935,1.3978310854866283
2022-10-13,1.5493735235980988,1.2329987479175362
2022-10-14,1.5696345645922984,1.4409702045852075
2022-10-15,1.6055720358676782,1.465252369359388
2022-10-16,1.066409608597778,0.8572744311569928
2022-10-18,0.5391776264400291,-0.1604776919044507
2022-10-19,1.555760514388557,1.5971173710177948
2022-10-20,1.5983384965551513,1.48773006417172
2022-10-21,1.60830702786184,1.245776361257951
2022-10-22,0.7983066669587834,0.2601349223810485
2022-10-23,1.033358363134576,0.6029398791898566
2022-10-24,1.6013332330879213,0.21814570316420093
2022-10-25,0.8036298146720686,1.0475596718133433
2022-10-26,-0.3383408781478372,0.6246151394640974
2022-10-27,0.49465121832150505,1.10825255713016
2022-10-28,0.7478524749551722,1.0446205346087183
2022-10-29,1.073236141234876,1.2801411958611477
2022-10-30,1.60065134684032,1.6004533483661267
2022-11-02,0.9821486682649144,1.5624702968771316
2022-11-03,0.9070164241339217,1.2930857144704402
2022-11-04,0.959532049208233,1.5859319753913033
2022-11-05,1.6010204606361003,1.5999164524780791
2022-11-06,1.2025480007041165,0.7713337134223093
2022-11-07,0.2785577198778715,-1.5973501127322678
2022-11-08,1.6072691745114236,1.607252894568045
2022-11-09,1.5725624187847642,1.5404040614674113
2022-11-10,1.4986584499554068,1.5935067763497448
2022-11-11,1.1954590533440124,1.5487210220547742
2022-11-12,1.122589165387726,0.3064344240296958
2022-11-13,1.6000022097170523,1.5350807496567704
2022-11-14,-0.0532351537234208,0.005481749861727447
2022-11-15,1.5945776614025375,1.4521647212847861
2022-11-16,1.6059089801945596,1.585009286915738
2022-11-17,0.0017099157553164973,0.8335631781029256
2022-11-18,1.614341919507634,1.5701336920439564
2022-11-23,-0.5295089099367776,1.5701225009494233
2022-11-24,-1.0361001028954633,1.6018493456665497
2022-11-25,1.6009670051634008,1.5700572786585747
2022-11-26,1.2005912386430904,1.5637079548128074
2022-11-27,1.6071877950177476,1.5996769915984683
2022-11-28,1.6001044593681746,1.5513689149804815
2022-11-29,0.9260855474861757,1.4123244476644694
2022-11-30,1.5993558244781556,-0.02947991546967066
2022-12-01,1.5862541194681574,1.5550898161412614
2022-12-02,1.5954329589966334,1.5751835499722595
2022-12-03,1.6079352743139155,1.5647977375924704
2022-12-06,-0.7941110136112745,0.18457369056439296
2022-12-07,1.4300170312374354,1.556814311647064
2022-12-08,1.584341057463746,1.5239605726826002
2022-12-09,-0.6366487588909056,1.097905239760124
2022-12-12,1.5997745853538514,1.5351261132768275
2022-12-13,-1.597295612336695,1.0222453663965
2022-12-14,1.2876420159232083,1.453518880649925
2022-12-15,1.592155058059744,0.7696723158566116
2022-12-16,1.6074260035427683,1.5933524918426247
2022-12-17,-0.041089106204104775,1.3076651487198134
2022-12-18,1.4878011594958716,1.1966413117984869
2022-12-19,0.5325660912632106,1.0477303017979622
2022-12-20,0.0881014007209695,1.5718203735914207
2022-12-21,-0.04456925504423985,1.5928293796167132
2022-12-22,1.5784600601599628,1.4763107276120035
2022-12-23,1.6042844981548052,1.5067376652317719
2022-12-24,1.5407001375013665,1.0909195472606097
2022-12-26,-1.5214177043363843,-0.9217454301505307
2022-12-27,0.004262270147472158,0.8040558666394103
2022-12-28,1.5989480171014372,1.5201894794245998
2022-12-29,1.5497154969293645,1.094500112947984
2022-12-30,1.6088786240795647,1.080656587234705
2022-12-31,1.6001671728121938,1.2040363534556173
2023-01-01,0.11386691946122779,0.8352378744946025
2023-01-02,1.6020931354583097,1.6048050524698816
2023-01-03,0.394672186703026,0.5237454907738563
2023-01-04,1.5354206139183302,1.0900801571761205
2023-01-05,1.582173899092229,0.0036796019529927726
2023-01-06,1.623871209224891,1.6238467452823684
2023-01-07,1.6098447012202959,1.6093586815567695
2023-01-09,1.5808089658952715,1.5758946237395113
2023-01-10,0.8011030328868266,-0.061485684124051754
2023-01-11,-1.5757064225565847,0.1920351735020604
2023-01-12,1.0885996736698733,1.06767793667021
2023-01-13,1.5645329228546994,0.8612123130463657
2023-01-14,0.07080485468385664,1.5350807496567704
2023-01-15,1.5997404890354177,1.5351261132768275
2023-01-16,1.2824307324239141,1.5740329891891642
2023-01-18,1.583024444627759,1.1486646183104707
2023-01-19,1.5998589268600525,1.5486242791900033
2023-01-20,1.618582262710273,1.618556646859923
2023-01-21,1.2068711446629496,0.784727679240045
2023-01-22,0.7081481141978938,1.1997517914283835
2023-01-23,1.6065177614887403,0.5435412015182888
2023-01-24,0.8081699137743753,1.4820447352393442
2023-01-25,0.8215307175280026,-0.38934462911044404
2023-01-26,-1.563222780138835,0.008738013063506947
2023-01-27,1.6110318069851841,1.3628718296358633
2023-01-28,1.5531973784562318,1.5807894119555985
2023-01-29,1.6028171904645032,1.5967650981125663
2023-01-30,0.5345032681829457,1.0242071561906594
2023-01-31,-1.0589441688968033,-0.1373145640420462
2023-02-01,1.0775581514616477,0.5443307084631872
2023-02-02,1.077859665129842,0.8518485011882155
2023-02-03,0.38574225840745324,0.8878974456988218
2023-02-04,0.6453351995239098,0.8744965090782933
2023-02-05,0.8034793600076297,1.5673922524199946
2023-02-06,0.6465120234336531,0.35080432222289853
2023-02-07,1.5748479678173974,1.5677683892244634
2023-02-08,0.5183793856680277,1.5790075124660643
2023-02-09,1.6002001777561428,0.29702072392787443
2023-02-10,1.6062242994663605,1.0752273644246222
2023-02-12,8.34809049155499e-06,1.5350807496567704
2023-02-15,1.599852122121515,1.5352084773077013
2023-02-17,1.6115073850426114,1.6114900264128087
2023-02-19,0.05697354106659874,1.6172909571559058
2023-02-20,-1.5948631815569176,1.5990553584686176
2023-02-21,1.0116222718160301,1.0434501619885814
2023-02-22,-0.8608332183488197,0.9965711720341588
2023-02-23,0.5960909355265934,0.7894769272254454
2023-02-24,0.563180126413829,1.6006548253421566
2023-02-27,1.6051965556516345,1.4923912752667694
2023-03-01,1.6013334226963438,1.0218664568897233
2023-03-02,1.5875476390694594,1.5839515519456435
2023-03-03,1.6038973338063354,1.0144515286000997
2023-03-04,1.5361029255537288,1.5570770756393617
2023-03-06,1.6035481239896763,1.6033203424788938
2023-03-07,1.6000422920053974,1.258417112058778
2023-03-08,8.348084773747853e-06,1.5350807496567704
2023-03-09,1.5985602314633767,1.6038921353416713
2023-03-10,1.6289585489283818,1.6289393521219253
2023-03-11,0.0037756790843618917,0.0037749141391330713
2023-03-12,1.5971102556113008,1.5361677745575226
2023-03-13,1.6001624046197567,1.5993242922328255
2023-03-15,1.5713379993401668,1.5351261132768275
2023-03-16,0.5832451225381075,0.2597344877774914
2023-03-17,1.6233205323782054,1.6233027645406604
2023-03-19,-1.5471569045451825,1.300456668744856
2023-03-21,1.590895188530665,1.3452083445371783
2023-03-22,1.5405073048244593,1.2238383062605493
2023-03-23,1.5978165055880555,1.567550799072209
2023-03-24,1.5996077359830734,1.457913260128872
2023-03-25,-0.17114726224251098,1.5351446190920301
2023-03-26,0.007706497669337992,0.8013467476835855
2023-03-27,0.0038824296389243533,-0.09346674359365192
2023-03-28,1.3005301525875856,1.5788970009076913
2023-03-29,1.5990199469526978,1.5692831719013887
2023-03-30,1.5997511637270119,1.5715157282412315
2023-03-31,0.010122294949887811,1.5984530331656508
2023-04-01,1.5993917259932766,1.5350807496567704
2023-04-03,1.3688592051207316,1.4133666272017114
2023-04-04,0.9677539213621138,1.2598714499687218
2023-04-05,0.8080947028706688,1.1772820748539035
2023-04-07,1.6054323269869546,1.6054418374225168
2023-04-08,1.540949151781246,0.09868748670874442
2023-04-10,0.9375418878569061,0.23623869025827657
2023-04-11,-0.0030712268255117525,0.9663494124582725
2023-04-13,1.600017464583787,1.5999374756767668
2023-04-14,1.6085529825632703,1.3626950651399565
2023-04-15,1.4787600381590225,1.5350807496567704
2023-04-16,1.5883244022655283,1.5572564064930134
2023-04-17,1.0727546723651096,1.0735318288389537
2023-04-18,0.7063089113969028,1.3594256909732008
2023-04-19,0.5538954659610296,1.5744284851646435
2023-04-21,1.0705755603763125,1.049306571103824
2023-04-22,1.5992382960678815,1.59594922882751
2023-04-23,1.6006147130859902,1.5933111596457306
2023-04-24,0.8909702432099073,1.6005390030156716
2023-04-25,1.2893813917655943,1.1519183040262342
2023-04-27,-0.8824185647009001,0.7021760015208196
2023-04-28,1.6043335093739917,1.5621665017844926
2023-04-29,1.6083796047694359,0.6541967013116919
2023-04-30,1.4190682228392046,1.0321657473271089
2023-05-01,0.04173216921708345,0.8021223390918018
2023-05-02,1.6000051562138926,1.5350807496567704
2023-05-03,1.596186782799091,0.9367849842453925
2023-05-04,1.170128212202406,1.290855250038721
2023-05-05,0.8029432955740913,1.4764549749635076
2023-05-06,1.5981508801075899,1.3608729337058483
2023-05-07,1.5492350621143895,0.008828951020698606
2023-05-08,0.02917587276288569,0.6997569653743687
2023-05-09,1.0709371166362416,1.485478034696959
2023-05-10,0.007068916059997266,0.5379265834814548
2023-05-11,1.5622890140387133,1.600369111184427
2023-05-12,1.3092943180164873,0.9663876083273725
2023-05-13,1.2464998571092578,1.5674612490161195
2023-05-14,1.5987456033938006,1.6009188582427987
2023-05-15,1.5999705454852435,1.5350807496567704
2023-05-17,1.6000051562138926,1.5350807496567704
2023-05-18,0.8172039611793688,1.5692716666058035
2023-05-19,1.1971649067845245,0.9286507537481312
2023-05-22,1.5993446599451493,1.5570299903115679
2023-05-23,0.8209895749042477,1.4635287339737564
2023-05-24,1.5759924129457443,0.6019058620719153
2023-05-25,1.5968973567298368,1.600057349581672
2023-05-26,1.6109450583441434,1.611104996580317
2023-05-27,0.8567014994339033,1.1939804516954873
2023-05-28,1.6021484127245857,0.39806730654249006
2023-05-29,1.0728507700124155,1.447033603639363
2023-05-30,0.3395857808013331,0.7678576472827225
2023-05-31,0.17438436632998477,1.597618925416679
2023-06-02,1.3106836645698372,1.0776729414270512
2023-06-03,-1.598032806881828,1.5351261132768275
2023-06-04,0.12229508630038957,0.53384312428287
2023-06-05,1.1454165595013104,1.3989741247018115
2023-06-06,0.07770752000668768,1.0960254899004953
2023-06-07,0.8036459158339482,1.1642424892013423
2023-06-08,1.5975121996613042,0.342364565749531
2023-06-09,1.5824398934786117,0.977204456102913
2023-06-10,1.4764766418475297,1.5455701352828208
2023-06-11,1.5999455774996287,1.595840662835479
2023-06-12,1.5993339289254964,0.001212933954394963
2023-06-14,1.6035256535937208,0.022446745660225517
2023-06-16,1.0730874453045136,1.5703393229709528
2023-06-19,0.9604862555894561,1.491026794623869
2023-06-20,1.6038855827317635,1.080212733820774
2023-06-21,0.0016910059107285809,0.1251748078680132
2023-06-22,1.1296404177699435,0.6275434492629487
2023-06-23,1.1872356617717235,1.5050271569097242
2023-06-24,-0.07448204562689975,0.13795672905160003
2023-06-25,1.4690239021714089,0.6959823300796611
2023-06-26,1.5978411267029384,1.5885543911519753
2023-06-27,1.4614155818304744,0.38680737279445115
2023-06-28,0.8002116357985088,0.0002505252082915808
2023-06-29,1.5970894897642407,1.584703430115041
2023-06-30,1.399737424566991,1.1360248590350372
2023-07-01,1.1320822643915875,1.5870079521274962
2023-07-02,0.39528208300982737,0.9084595780504904
2023-07-03,0.8046874913527922,-0.9130489128463772
2023-07-04,1.6002365023064136,1.5848607543675093
2023-07-05,0.744376019537453,1.5350958708634561
2023-07-07,0.31055723781156547,1.5771299648170507
2023-07-09,1.6021947910770942,1.6013462789011967
2023-07-10,1.6023064387564165,1.2304773598575278
2023-07-11,1.1623081351967062,0.9269583205056534
2023-07-12,0.8003117642956104,1.5222520819850343
2023-07-13,0.6394257003564834,0.9335939555198346
2023-07-14,0.8058357496047466,1.1780754045622355
2023-07-16,1.5995494299887394,1.5351261132768275
2023-07-17,1.4244689857553867,0.43681846587492995
2023-07-18,0.9666462928607964,1.578837878976606
2023-07-19,1.1050059373095833,1.5781610358896065
2023-07-20,0.7998064935849704,1.55927583689675
2023-07-21,1.277282374133194,1.5864579212777987
2023-07-22,1.1566182202633268,1.6002748539019391
2023-07-24,1.5935419955842363,1.5996596991992813
2023-07-25,1.1851437991003098,0.9708189542880037
2023-07-26,-0.02107128147350701,1.6030068072430572
2023-07-27,-1.4909650947230206,-1.5932140182027372
2023-07-28,1.596236823621319,0.6636344109993367
2023-07-29,0.002493847038903804,0.8000013548386916
2023-07-30,1.5997895164063174,1.5350807496567704
2023-07-31,1.0558259062833786,1.5568223632536882
2023-08-01,0.5213271131026961,1.1198398164814867
2023-08-02,-1.5837295022557472,0.004188668918535007
2023-08-03,0.9319798589731267,0.9164109459481425
2023-08-04,0.9321240033730934,0.7865154056915606
2023-08-05,1.2680006898098213,1.214405571324657
2023-08-06,0.7997111663738816,1.5690833984149246
2023-08-07,1.1696731796302948,0.4195648822376459
2023-08-08,1.6006816516035867,1.5937728610195179
2023-08-09,1.2751806399707881,1.001990115347869
2023-08-10,1.5908157666389464,1.576648803692511
2023-08-11,0.9609655567570465,0.9461723176275723
2023-08-12,1.3257455207976867,1.546875961248153
2023-08-13,1.599436505514614,0.735379304892444
2023-08-14,1.194750097586968,1.567363594073398
2023-08-16,1.4754732053661443,-1.5338191822486333
2023-08-17,0.7851331246614229,1.5989123859759582
2023-08-18,1.613955747368998,1.613955672690429
2023-08-19,-1.5956176914304765,1.6037580982257171
2023-08-21,1.1997306795049343,1.2143666591344766
2023-08-22,-0.427377652861161,-1.5988785740956442
2023-08-23,0.023604872825486022,0.023604872825486022
2023-08-24,1.604566667634084,1.2767414178815697
2023-08-25,1.6073289034196434,1.5198195761148159
2023-08-26,0.5348521165858754,0.884695941937579
2023-08-27,1.5955352298529073,0.8030737776410798
2023-08-29,1.5519403116797643,0.7865751835265494
2023-08-30,-1.5984640338118872,-1.4929611658945
2023-09-01,1.6026236036875665,0.7394030999969731
2023-09-02,1.6182442332483877,1.6208217871449713
2023-09-03,1.599995090218145,0.007369658719090374
2023-09-04,0.0074996886714619486,0.0075357921197317605
2023-09-05,0.9716191801313075,0.9487957708944834
2023-09-06,1.0406274997406901,1.5455231515892327
2023-09-07,0.6019017423329978,1.2538337031491593
2023-09-08,0.6037982724192806,1.5716221746487207
2023-09-10,0.08688881826757586,0.9188478799462533
2023-09-11,0.7883640792161868,1.1606193013064279
2023-09-12,1.5969501774852104,1.5568331576219478
2023-09-13,0.9675723793471389,1.501701594502458
2023-09-14,0.0007707851242860775,1.4950199723116906
2023-09-15,1.0929202527107234,1.5903678369671155
2023-09-16,1.542960943543461,0.4926669088287721
2023-09-17,1.5407676338438234,1.2035305549729305
2023-09-19,0.11322813133662461,1.5799173993475522
2023-09-20,5.3715007556317114e-05,-0.07733855056301142
2023-09-21,0.008096706001309184,0.007535450254506082
2023-09-22,1.3438138465036784,1.5881233042723226
2023-09-23,0.8043382835334828,-0.104707149798835
2023-09-24,1.5997478542952235,1.5682005209486836
2023-09-25,0.812521444256512,1.1650770854300068
2023-09-26,1.064886964557905,1.0075659996644604
2023-09-27,1.5970447797900493,1.567162535035941
2023-09-29,1.6056634656688584,1.2081686684429254
2023-10-01,1.6004578957937403,1.591043420582418
2023-10-02,1.602933757818436,1.5132235231631246
2023-10-03,1.6036288341458331,1.0270349340205065
2023-10-04,1.6003347692639691,1.6008023394658513
2023-10-06,1.613619349918065,1.6121029608542672
2023-10-07,1.6010299443596672,1.6008492378755173
2023-10-08,0.9800384163348699,1.5350807496567704
2023-10-09,1.600258430472298,1.0249905384631133
2023-10-10,1.2880019119885362,0.7392878024521505
2023-10-12,1.0548149030776885,1.024023272881167
2023-10-13,1.6099355283255683,1.6099294363470766
2023-10-14,1.067937478812399,1.5170050822147096
2023-10-15,1.6085585305361179,-1.4983647787044327
2023-10-17,1.5994998998463863,1.6000255073953402
2023-10-18,1.3932408176256919,1.5350807496567704
2023-10-19,1.5992570239220094,1.032630365777507
2023-10-20,1.3452474176281302,0.8373419871832156
2023-10-21,1.5813052358943762,0.6170934201235304
2023-10-22,1.6025074559914156,1.0149761797208512
2023-10-23,0.010607967865333245,1.44629670313628
2023-10-24,1.5545817545588871,1.4343414003681652
2023-10-25,1.5896506686462657,1.5939755227697208
2023-10-26,1.6007547218078453,0.86092318749692
2023-10-27,1.6040671461100302,1.6078040470364467
2023-10-28,1.4228613643915147,1.355523424900359
2023-10-29,1.5957075563685685,0.15075517444703984
2023-10-31,1.600276258312307,1.600213608500008
2023-11-02,1.072600895887972,0.8140146959573701
2023-11-03,1.6078266690631744,0.6607265320451775
2023-11-06,0.022216423284137577,1.385489974229383
2023-11-07,1.4512797712644425,1.5956473942665697
2023-11-08,-1.5696597576513616,0.0009144483741998751
2023-11-10,1.590373499106129,1.6076766752913079
2023-11-11,1.5304986900966135,1.5318267863672144
2023-11-14,1.6030961898055276,1.59412567895498
2023-11-15,1.5269804103981912,1.5931874464307036
2023-11-16,1.6140259451108894,0.01770055647898822
2023-11-17,1.103875417433563,1.4416154242542136
2023-11-19,-1.5998864351045283,1.5351261132768275
2023-11-20,1.1211941447048732,1.4256450942159975
2023-11-21,0.5596188940496458,1.5350807496567704
2023-11-22,1.5997908668490852,1.5350807496567704
2023-11-23,0.1126181300868,0.183050863430398
2023-11-24,1.6052658744859598,1.6052504207646197
2023-11-25,0.00010075767000219397,1.1514050586051954
2023-11-26,1.6297867330860893,1.6281641161354157
2023-11-27,0.7861552508153224,1.0623039057621053
2023-11-29,1.5254118361805393,1.2834694293974147
2023-12-01,1.6063074399921118,0.008311269089872175
2023-12-02,1.6000918812009672,1.599850866266543
2023-12-03,0.0019895426004649555,0.18386812184651322
2023-12-04,1.5787906082701106,5.371170483066998e-05
2023-12-05,1.5932383346301682,1.5874630627264044
2023-12-06,1.5968133546076928,0.009607802414000523
2023-12-07,0.46228287436735066,1.5569392128005057
2023-12-08,1.5855491466390166,1.6025000935842861
2023-12-10,-0.41758677278560596,1.4669663110015347
2023-12-11,0.0001520375520656104,1.5611573684968136
2023-12-12,0.5310266699306985,-1.5745588591420483
2023-12-13,0.8003272999813167,1.5424414636487
2023-12-14,0.4967757612387824,1.1806525557732712
2023-12-15,1.5763840786354508,1.1680300682366156
2023-12-16,0.4749078018066257,0.7733240317581629
2023-12-17,1.5995101357620989,1.6003301345981626
2023-12-18,1.158089260897849,0.5229517598898766
2023-12-19,1.4492830730451367,0.7350428941669177
2023-12-20,1.6013844146804654,1.360213979853663
2023-12-21,1.6102906135262924,0.8366553118981309
2023-12-22,1.6055227644644963,0.8055473522645291
2023-12-23,1.4027010351644056,1.5999275792881724
2023-12-24,1.6077282281702407,-0.13672975186368608
2023-12-25,1.6095326707843747,0.8034058851743829
2023-12-26,1.6011605336047035,0.17338424112768314
2023-12-27,1.310432084732079,1.283038395893993
2023-12-28,1.5984765280412063,0.9939244607014945
2023-12-29,0.8659198313132572,1.2731866526063909
2023-12-30,1.500372620978113,1.603581571611745
2023-12-31,1.093273983082103,1.3474677029738202
2024-01-01,0.9502767412238937,1.6019315697899974
2024-01-02,0.0956203051644084,0.9174606795854557
2024-01-03,1.2048935510196552,0.7225703416937141
2024-01-04,0.9165095007811491,0.771015664021749
2024-01-05,0.0368338609297042,0.7194872248883406
2024-01-06,1.393381560756398,-1.5977284256093525
2024-01-07,1.2941029518160618,0.03449626237544523
2024-01-08,1.293925739459851,0.9355131592706307
2024-01-09,1.1974484509298704,1.2728746415074566
2024-01-10,0.7727402178705061,1.0344205479599362
2024-01-11,1.5717144285405933,1.2298383172090463
2024-01-12,1.602983801024763,1.319088684764016
2024-01-13,1.2883589656255885,1.5350807496567704
2024-01-14,0.9765789476022155,1.2620279892290598
2024-01-15,0.9229784817078637,1.0983251874309776
2024-01-16,1.3758807281244734,0.9553860923295135
2024-01-17,1.5997157109781306,1.5832843028419579
2024-01-18,0.9395606625431535,0.8967007088762915
2024-01-19,1.2087416617716369,0.8122821330287431
2024-01-21,0.5074992563651296,1.5787327265969875
2024-01-22,1.5915098069802098,1.5582211673026467
2024-01-23,0.031929490965971384,0.8577505258148791
2024-01-24,1.5951580435986883,1.551223280745399
2024-01-25,1.3014488429665652,1.578801472175295
2024-01-26,1.6036270365556806,1.606382080571886
2024-01-27,0.011442140824474811,1.5691970470864924
2024-01-28,0.5759751582103818,1.5811983204324058
2024-01-29,1.49419864448067,1.562928940350546
2024-01-30,0.52958109629592,1.0771377834037885
2024-01-31,0.8022392481201276,0.5335778419978069
2024-02-01,1.400195529411616,1.2648619658993845
2024-02-02,0.9637715417537065,1.313200929702136
2024-02-03,1.5999834159285518,-0.05552480585623818
2024-02-05,1.4294814011794887,1.5234520606643815
2024-02-06,0.8112386639817684,1.2215644071806733
2024-02-07,1.2828255252710252,0.9493690777670365
2024-02-08,1.6134862190332806,1.2165442452588184
2024-02-09,1.3747414712732158,0.6902882341823379
2024-02-10,0.46754010092754883,0.773043103160194
2024-02-11,0.650428008646051,1.5006075729362123
2024-02-12,1.5966461676389536,1.6000521605140319
2024-02-13,0.7984955666412742,0.7858847481365872
2024-02-14,0.5538582369579319,0.4916783904161776
2024-02-15,0.8287402638886026,0.6176623793198129
2024-02-16,0.8971558120281438,1.2492161634311962
2024-02-17,0.005363692088621266,0.005363692188775543
2024-02-18,0.0002111667213384273,1.5350807496567704
2024-02-19,0.8053517141712648,1.2146462832186387
2024-02-20,0.6157417818309,1.55871864063625
2024-02-21,1.5664201864310487,1.5999084080318473
2024-02-22,1.5988802976203895,0.8007137974426735
2024-02-23,0.8046682627023352,1.1995613568014174
2024-02-24,1.6027022120679562,1.602656933164239
2024-02-25,1.5986417902554122,1.5350807496567704
2024-02-26,0.4367823579817862,1.069605586366779
2024-02-27,1.162752462134245,0.8039312021744198
2024-02-28,1.5865218630949294,1.5417403345778038
2024-02-29,1.5884967094088798,1.5350807496567704
2024-03-01,1.1055360585608087,0.8627430382282714
2024-03-02,0.7965435673519893,1.5966876149978169
2024-03-04,0.8449720168932595,0.869796534595731
2024-03-05,1.1317570490352535,0.9612501217225782
2024-03-06,-1.5053102727198806,1.5658748339798727
2024-03-07,1.1794744937411703,1.0554976569835588
2024-03-08,0.2566158521023773,1.2108599122137031
2024-03-09,-0.020545142028730836,1.6000539561580647
2024-03-10,1.6009533675967251,1.600880697223195
2024-03-11,1.5544816043117802,0.16559017490705932
2024-03-12,1.5924104696175974,1.2005301246953823
2024-03-13,0.8007925310442265,0.7325581635960984
2024-03-14,1.5228037826737024,1.5113545183454122
2024-03-15,1.6112077372850635,1.6111498511011544
2024-03-16,1.4272363288912977,1.0051712241197337
2024-03-17,0.8035982591919071,0.3039513102453537
2024-03-18,1.3698619127741107,1.4645462666384532
2024-03-19,1.0854813004682677,1.4805188131640303
2024-03-20,0.7268092957520841,1.6034498733558953
2024-03-21,0.6389322412787756,0.8296903515254976
2024-03-22,1.1082059609644868,1.587166503161815
2024-03-23,-0.3616324575427338,1.122146724518341
2024-03-25,1.2032044126257573,1.3876071799690952
2024-03-26,1.5874573893833517,0.0008628494153016808
2024-03-27,0.814815945235928,1.5061183399871896
2024-03-28,1.1461837236978207,1.2049516540060365
2024-03-29,1.6014649752459067,1.5691146149848518
2024-03-30,1.5876153656440486,1.5997528755291464
2024-03-31,0.8013649157706251,0.6537257732970128
2024-04-01,1.5999771137090197,1.5956985599930937
2024-04-02,1.5678051388754093,1.5351261132768275
2024-04-03,-0.7960669946503179,1.1825295050904427
2024-04-04,0.0034648032968265887,0.003481421313425302
2024-04-05,1.552635642250045,0.547639523174868
2024-04-06,0.0028543390697561067,1.550816676679063
2024-04-07,1.5927086802612411,1.5745481673373662
2024-04-08,1.60485013854911,1.3424537300378305
2024-04-09,1.5889415194095529,0.8789956601254545
2024-04-10,1.6000291597859457,0.5429865979207852
2024-04-11,0.8001749374786182,1.3760229203358183
2024-04-12,1.6099742166398179,1.6099170352440182
2024-04-14,1.2254241904941363,0.3742249554778654
2024-04-15,-0.46321159037381304,0.6780149263675943
2024-04-16,1.5995743092500467,1.5350807496567704
2024-04-18,1.3257415454654178,0.49949439805294127
2024-04-19,0.7962614934649035,0.8077198199283259
2024-04-20,1.599988554745379,1.5350807496567704
2024-04-21,0.5131194180015466,1.5651584376894871
2024-04-22,1.602021145076369,1.58063962795961
2024-04-23,0.5529711442179159,0.42092848843793057
2024-04-24,-0.11274551887232673,0.007014338267599722
2024-04-25,0.009337445860865379,-0.02178768461019187
2024-04-26,1.6086455278286835,1.6085926539527424
2024-04-27,1.4972788547352014,1.0594649553825757
2024-04-29,1.6004326010602734,1.6003869206260624
2024-04-30,0.901265521100327,0.7504737378776377
2024-05-01,1.6003720385868605,1.6002831044701344
2024-05-02,-0.4770963137802427,0.18480240933441383
2024-05-03,1.5157347901261604,0.5395477272945202
2024-05-04,1.2390371613798954,1.2427177319305387
2024-05-05,1.0917639836762356,1.1287085451004457
2024-05-06,0.800882985883502,0.44943602162297625
2024-05-07,1.2023884547581682,1.3947610739648775
2024-05-08,-0.6769302543724702,0.23869104069118766
2024-05-10,0.8050420908385147,0.8050367832480196
2024-05-11,1.603910260542893,1.1944478369440716
2024-05-12,1.3986817356688392,1.5997188828151117
2024-05-13,1.35674324667791,1.3993509108571625
2024-05-14,1.6002115346184287,1.5645484107887893
2024-05-15,0.004244775264501732,0.23777245011224657
2024-05-16,1.478055988788458,0.5250467146162211
2024-05-17,0.8087083501476168,0.8086931643027269
2024-05-18,0.326953372402008,1.551794895799973
2024-05-19,1.0660668024721371,1.5567580626920494
2024-05-20,1.5639722910694038,0.8200159127606294
2024-05-21,0.8034012210676774,1.2326475001052044
2024-05-22,0.932742947428945,0.794719783991559
2024-05-23,1.5973521279375713,0.4028702873262038
2024-05-24,0.6212645743784428,1.1632824491811018
2024-05-25,1.6014383163077355,1.6016369096231777
2024-05-26,1.5794843187867191,0.289269015051405
2024-05-27,1.0599888326697011,1.5612549412270311
2024-05-28,1.5989219212505166,1.5350807496567704
2024-05-29,1.1886177958353576,1.0855616527142347
2024-05-30,0.5304046740103138,0.17234837333253483
2024-05-31,1.177409107263005,1.5854037079057242
2024-06-01,0.987317044027374,1.3670538608601415
2024-06-02,1.5978743608826202,1.6002470618541487
2024-06-03,0.1905731704829866,1.5350807496567704
2024-06-04,0.7492334769552501,1.3673368118626077
2024-06-05,0.8009381435896493,1.027680859172299
2024-06-06,1.24272760965146,0.2867351282390574
2024-06-07,1.605438817435001,1.2177322045062227
2024-06-08,-1.4863313891363736,1.4158101075004637
2024-06-09,0.11607951423769913,-0.5025860356303861
2024-06-10,0.7998064934313862,1.5092732146251306
2024-06-11,0.9116035878266906,0.5940684794910317
2024-06-12,1.1699738022799833,1.1687858111737155
2024-06-13,1.0675868439694929,1.390533565380604
2024-06-14,1.5822186802500706,0.6509755580286037
2024-06-15,1.6001591776550417,0.16622148545026483
2024-06-16,1.6023342084400234,0.09038842067060993
2024-06-17,0.5362411425286401,1.054673880263008
2024-06-18,1.175005499960098,1.1244316209183167
2024-06-19,1.6027129012487629,1.5936153895799028
2024-06-20,1.2026039049227093,1.4929806749322105
2024-06-21,0.007802482303961633,1.6071406636647385
2024-06-22,1.537587905979787,1.5877422165493926
2024-06-23,1.5594116944391192,1.605878306931471
2024-06-24,-0.06704409848783148,0.5604565375569919
2024-06-25,1.6003738751557983,0.0004692470038612296
2024-06-26,1.5746119803233416,0.5498792872989847
2024-06-27,0.0004580845413265898,1.6000237003857019
2024-06-28,1.5713822067269188,0.8889895819043844
2024-06-29,8.348109541129748e-06,1.5350807496567704
2024-06-30,1.6015421304081627,1.242189991238109
2024-07-01,1.5944417041615246,1.4967132077003005
2024-07-02,1.573183633677138,1.1750779749554545
2024-07-03,1.5903840251533976,1.4424139909754037
2024-07-05,0.9934942496052801,1.564852127670986
2024-07-06,1.6028956910429242,1.602907056763068
2024-07-07,0.0024743871576625087,1.6016928045715786
2024-07-08,1.0143716038424306,1.5915424697306684
2024-07-09,1.472013852529794,0.8565485462151845
2024-07-10,0.9409121024600017,1.2700771712495305
2024-07-11,0.9072459088783321,0.987222641819711
2024-07-12,1.5947882246508474,1.5773342521741291
2024-07-13,1.598709537198287,1.5816629139994671
2024-07-15,0.6418008110272226,0.9437612384387803
2024-07-16,1.5952276320625418,1.0897368735793302
2024-07-17,0.686412562932835,1.0192364231694966
2024-07-18,0.8161754627295774,0.9109407069934328
2024-07-19,0.80715730214553,0.8072905929425944
2024-07-20,1.5999899650998985,1.595587126775509
2024-07-21,1.5984461293913532,1.5747199356972703
2024-07-22,1.6002817477245892,1.5630199296299527
2024-07-23,1.599955853867767,1.6000811382572033
2024-07-24,-0.5508027134173739,1.5545081017346905
2024-07-25,1.5496712296337003,1.574258286905465
2024-07-26,0.6400962460998357,0.9225432822957862
2024-07-27,-1.598400678238592,-1.587526144123383
2024-07-28,1.2669835837206445,1.5676689987406984
2024-07-29,1.6020093338882004,1.4617710215682596
2024-07-30,1.5533965947938884,0.4025797431458902
2024-07-31,-1.0116412357655122,-1.5904557916410766
2024-08-01,0.8209549535559207,1.197434042010448
2024-08-02,1.1836036497676963,0.9975961294561491
2024-08-03,1.2579252401826673,0.8747602423202682
2024-08-04,0.6276455991018344,0.9339314389692903
2024-08-05,0.40919072405449375,0.4980287966660481
2024-08-06,0.9155274982644165,1.1406688162366998
2024-08-07,1.6193007578592673,1.6029595713007918
2024-08-08,1.6092555978565097,1.5382990302074417
2024-08-09,1.2053778857514823,0.8055864214574221
2024-08-10,1.5341787542730967,1.5999986347472954
2024-08-11,1.5886962181439996,1.5447987938321717
2024-08-12,1.5663975069401137,1.0134641282268715
2024-08-13,1.3920414908594507,1.6225337195708254
2024-08-14,0.5381107897185592,0.5886026019275437
2024-08-15,1.5957166417950681,1.5890914537939158
2024-08-16,0.7930664286303011,1.5709182059650377
2024-08-17,1.5663377639052853,1.5997784386459217
2024-08-18,-0.034486105501708164,0.3344795073494995
2024-08-19,1.610771060740539,1.1203603276119958
2024-08-21,0.5016459169405406,1.5932508133799932
2024-08-23,1.249627442813297,1.572858489219049
2024-08-25,0.031992050907993785,1.5719514797666396
2024-08-26,1.422345506839788,1.5439663538913913
2024-08-27,1.576523318003192,1.2523828093061384
2024-08-28,0.8008891277528714,1.1803816748212945
2024-08-29,0.4973133364719171,0.3971936897460665
2024-08-30,1.6070495273821934,1.606989525585124
2024-08-31,1.6000746224698692,1.1025847462252696
2024-09-01,1.6011969983906458,1.5564519152936742
2024-09-02,1.604089779992309,1.5035126067801314
2024-09-03,1.5751412983296067,1.4852359992133108
2024-09-04,0.5354174938455388,0.7572190779003508
2024-09-06,1.4597416329920405,1.019038430431996
2024-09-07,1.564610649676323,1.568804502740329
2024-09-08,1.600280911709775,1.568217719033083
2024-09-09,-1.5289451269443695,-1.5943949955243877
2024-09-10,0.01002562377222301,0.9426903834014609
2024-09-11,1.2009799211900563,1.1207243814148915
2024-09-12,1.5987882419557686,1.5372195797954382
2024-09-13,1.605945777304755,1.6048694184446743
2024-09-14,1.1740558489381976,0.977882251530695
2024-09-15,0.38934355891416955,0.19484707148961639
2024-09-16,1.2029076198261353,1.0622584607177648
2024-09-17,1.6005684016520496,0.5392350731044891
2024-09-18,0.688109959793418,1.3729249489975475
2024-09-19,1.5942914946924234,1.594121257174866
2024-09-20,0.48594057976134186,1.5697132211076712
2024-09-21,0.8066599282520215,0.7696166093649506
2024-09-22,-0.8334967195222459,1.438847485010247
2024-09-23,-1.5684962011543329,0.5436354465572834
2024-09-24,0.7999914157741146,1.5673798309384648
2024-09-25,1.6024572028182231,1.540417917830928
2024-09-26,1.6000831706244962,1.5997796477282378
2024-09-27,1.60463725460313,1.6050815947418002
2024-09-28,1.6077844749769827,1.3380394175483323
2024-09-29,1.4916426010308286,1.5350807496567704
2024-09-30,1.5993411379569815,1.5841549146097975
2024-10-01,0.6421247048858311,1.1203201554939521
2024-10-03,1.5999521251707254,1.535103431466799
2024-10-04,0.7921473548751629,0.5439850215261712
2024-10-07,1.5956565003619114,1.593593100300918
2024-10-08,0.2551506464441582,1.2319688919228882
2024-10-09,0.8009034712382125,0.7685257188684745
2024-10-11,1.6090086703159405,1.608985608086977
2024-10-12,1.598685723798365,1.535103431466799
2024-10-13,1.5987629404783368,1.4794878393507955
2024-10-14,0.018099684468677657,0.016646715940227035
2024-10-15,1.59971387036571,0.24534219496163936
2024-10-16,-1.52709674814378,-1.4305617153914028
2024-10-17,0.5519150022992095,0.9459924727926619
2024-10-18,1.6053993849185466,1.0059306150627496
2024-10-19,0.8000209478682884,1.535103431466799
2024-10-20,1.1112850679411252,1.3442309939658754
2024-10-21,1.5999343304451412,1.5665005660909803
2024-10-22,0.384948566127742,1.5350807496567704
2024-10-23,1.5965737764290022,1.6001666830901824
2024-10-24,1.0834145530467576,1.2511861816413128
2024-10-25,1.073802915115999,1.16965396281605
2024-10-27,0.8723082292129173,1.6002826363819351
2024-10-28,1.6012073061808845,0.0012509074428825688
2024-10-29,1.2926470640073977,1.1857711136547717
2024-10-31,-0.23315710766100423,0.42502698026098906
2024-11-01,1.0462440978851093,1.5822385538079242
2024-11-02,0.9263725485025034,0.38903016845263155
2024-11-03,1.0410002511026697,0.9938589846873586
2024-11-04,0.3785610207145441,1.1548417257281178
2024-11-06,0.0011243546200346408,0.0011243546425564826
2024-11-07,1.5586685962689037,1.1507027056950971
2024-11-08,1.4623368297336403,1.1926237718130304
2024-11-09,1.6010053212219293,0.4680444567821502
2024-11-11,-0.0960844713415293,1.047005142917821
2024-11-13,-0.03997265903777658,-0.23633351715055928
2024-11-15,1.0586191469644668,1.21855137779117
2024-11-16,1.584136588254236,0.01833739796101741
2024-11-18,0.8041441671037863,1.6005912244511467
2024-11-19,0.8013342656036823,0.9052081896319671
2024-11-22,1.2017772908640993,0.40837170208635215
2024-11-23,1.446665017249997,1.3355725075199274
2024-11-24,1.4876888737081317,0.4090660020441358
2024-11-28,-0.3551846150382054,0.3863633409370803
2024-11-29,0.9715587154344278,1.5714081328431138
2024-12-02,1.5852899517418062,1.4888313395612007
2024-12-03,0.8049863548424505,0.7296989711323122
2024-12-04,1.5276184345442478,1.5784643025128373
2024-12-05,1.0676189993522447,1.308323916376744
2024-12-06,1.6057826545629255,1.1945997892561555
2024-12-08,1.6003274487892751,0.044831845663173775
2024-12-09,1.6005623767818653,-0.003410436496832897
2024-12-10,1.3053018627825101,1.2012887939538464
2024-12-11,1.5972687601999658,0.7553697222800019
2024-12-12,0.7405733249982359,-1.0488009397657156
2024-12-13,0.7093579563104332,0.4099391090316325
2024-12-14,1.602136300260307,1.0647197351144566
2024-12-15,1.0677376588779666,0.5607772252017921
2024-12-16,1.5086081375686944,1.5760968066913366
2024-12-17,0.8001474074877805,1.5229075999418087
2024-12-18,1.6012215328860397,1.5175630814101666
2024-12-19,1.070048690943756,1.0482383390749048
2024-12-20,0.8077866302236207,0.8077691853114823
2024-12-21,1.5998503038050198,0.7751292404056838
2024-12-22,1.6087897309674457,0.46073545164631213
2024-12-24,1.5995826222045826,1.5512955675989375
2024-12-26,1.28204752961414,1.447734324789827
2024-12-27,1.1969704484067099,1.2152131886714068
2024-12-28,1.0409623904084109,0.006438107514440734
2024-12-29,1.5423789654306925,1.5959508805307683
2024-12-30,0.39648964169438555,0.7719530852924611
2024-12-31,1.1434122329674812,0.7960363143333865
