date,apple_pennystocks_title_score,apple_pennystocks_selftexts_score
2019-01-09,1.6030643077062587,1.5569555800079449
2019-01-14,1.600106580863693,1.4490218651608553
2019-01-25,1.6016749998918622,1.601615850101562
2019-01-30,1.6004982671290047,1.6003840329323644
2019-01-31,1.6022473289252996,1.6018688526467353
2019-02-08,1.5995344515142502,1.6000337927839365
2019-02-11,1.5993044667407075,1.6005674810008101
2019-02-12,1.6044845884761536,1.6044934701521671
2019-02-19,1.6006172409453594,1.1561049695762158
2019-02-21,1.5847692426671909,1.599855464652928
2019-02-27,1.5998094397890996,1.53681233555625
2019-03-05,1.539379779388344,1.5987016093476378
2019-03-20,1.510882323130751,1.5351245827524045
2019-03-21,1.510882601144988,1.5351245827524045
2019-03-22,1.510882601144988,1.5351245827524045
2019-03-27,0.3572045953445505,0.0007650619637949048
2019-04-03,1.4480159510918742,0.000312972792773532
2019-04-11,1.597344217561333,0.9055963541713223
2019-04-12,1.5992099197614709,1.5923146164849313
2019-04-23,1.6005689011478839,0.5788758692184945
2019-05-29,0.8317085457792416,1.5327436281969262
2019-06-09,0.0075393737521808005,1.6073652873427624
2019-06-27,0.00010435668011048956,0.7126091534255018
2019-07-21,1.5180434219299561,1.5433629798503565
2019-07-24,1.6087015981375596,1.1776792355198296
2019-08-03,1.6051623782580404,1.6046659315348086
2019-08-05,-1.322492442126053,0.9069568323520759
2019-08-07,1.5975527409351855,1.5995978578195713
2019-09-17,1.5987785600248439,1.6008493704855138
2019-10-06,1.6363214404726243,1.6356575351414977
2019-10-08,0.8008780045620898,1.598489634463315
2019-10-19,1.6027880134113663,1.6000313070197618
2019-10-29,1.5998989444865832,0.9969178835541402
2019-12-05,1.4881228683903691,0.27381116060235877
2019-12-17,1.601085261591228,0.6453020411668104
2020-01-03,0.003571950381162844,1.602262320843313
2020-01-20,0.002827441157298932,1.602671290257499
2020-01-23,1.5837523660544002,1.5640559536970684
2020-02-09,1.6007841573442985,1.589201480198971
2020-02-13,1.2167104394715058,-1.5992422822075245
2020-02-20,1.6048643394098756,0.8678878272066527
2020-02-27,1.5949170475474506,1.5992037050509589
2020-03-04,-0.7932570218676234,1.5964159240687332
2020-03-11,1.6023342624976413,1.6033004961365696
2020-03-13,0.8006533632944075,1.5705845757078607
2020-03-17,1.6012447942169747,0.00165370722704684
2020-03-24,1.1798261753552497,1.2649761399527177
2020-03-25,1.463326173620193,0.6760260017520805
2020-03-26,0.31537520764134747,1.59267661474174
2020-03-27,1.610495942560933,1.6183796211430306
2020-03-29,1.5954603714021292,1.5357247034445478
2020-03-31,0.8584349980155193,0.8016506173642058
2020-04-01,1.597019647188851,1.5994225025775577
2020-04-09,1.6041407211481675,0.7984858861233276
2020-04-10,1.6024702248100242,1.5846887304200707
2020-04-14,1.5979066119125973,1.6035992056383197
2020-04-20,1.599976138858128,1.53517675575729
2020-04-30,1.5997286777315916,1.0758745515986117
2020-05-01,1.600826382685014,0.8222604905849201
2020-05-02,1.6014155417307336,1.5555210710963945
2020-05-05,1.1286841520667354,0.4494441169902417
2020-05-06,1.6012949551174624,1.3610732041564781
2020-05-07,1.6000094709923827,1.2293703928107476
2020-05-08,1.6128234887371766,1.6173578325405276
2020-05-09,1.6010045771828483,1.5630035349220683
2020-05-12,1.207870259838345,1.1921897991669814
2020-05-13,1.583943514246237,1.1686403807010972
2020-05-14,1.5966478377054028,0.8008229825960401
2020-05-15,1.6029536978828407,1.5980779940564387
2020-05-16,1.6041230338401247,1.6053643163855562
2020-05-17,1.6060144421522922,1.606218761145002
2020-05-18,1.6016820745181872,0.9725322419776277
2020-05-19,1.6076845231156889,1.6068233503725684
2020-05-20,0.0018360231662359944,0.0021277653810781957
2020-05-21,1.5972754918875633,0.0045416842580656355
2020-05-27,1.6006168864755512,1.51805120449663
2020-05-28,1.607047704924787,1.3660911958590813
2020-05-29,1.6147915915360307,1.0081317143838977
2020-06-03,-0.06842178472641025,1.5999762144476661
2020-06-04,1.2083265634130123,0.6466374634816492
2020-06-05,0.3984869062176122,1.6058966796546605
2020-06-06,1.1153184110963947,0.9707722564030038
2020-06-07,1.6020893535975007,1.5881214295107133
2020-06-08,0.11183637814533767,1.0318710154374884
2020-06-10,1.6485105288819186,1.655204453607824
2020-06-11,1.6105762877190035,0.7596572550641123
2020-06-12,1.603737188785388,1.5969468992091382
2020-06-14,1.6012146532382736,1.5998470234516744
2020-06-15,0.4717451998932356,0.00031299471903050395
2020-06-18,0.799761920462631,-0.6204489857446406
2020-06-19,0.20570892488385673,1.5724644804947472
2020-06-21,1.2673887655702598,1.599749062484804
2020-06-22,0.5427188896420435,1.2111483756723513
2020-06-23,1.590375519558714,1.6013095606565546
2020-06-24,0.821528282944301,1.6212779901867753
2020-06-26,0.001666999758125534,1.4988962002784345
2020-06-27,1.6042709348273518,1.6040995663789097
2020-06-28,1.624712510201256,1.6249024928123472
2020-06-29,1.603259068635587,1.0360922419909326
2020-06-30,1.4991630525839768,1.0488425780654769
2020-07-01,1.6083838559093617,1.5943256247366497
2020-07-02,0.8162354342881261,0.8168319509614823
2020-07-03,1.6022119716920102,1.5958088140728255
2020-07-05,1.600692633370268,1.5321326205119201
2020-07-06,1.6152594850300206,1.593442209119334
2020-07-07,1.3660090747979585,1.5667184218065215
2020-07-09,1.6347789946350375,1.627816452374499
2020-07-10,1.5992143451957241,1.6000246790934627
2020-07-11,1.6010466185104477,1.3638770869928012
2020-07-12,1.6395691231507623,1.6372961564881297
2020-07-14,1.623488741355934,1.621490347219782
2020-07-15,1.6156070724660774,1.583025283657139
2020-07-16,1.6304228398389295,1.6303723751624382
2020-07-17,0.6003864090689045,1.0909108804022019
2020-07-19,1.599323525040131,1.5007879341960983
2020-07-20,1.6045532636683437,1.0553793221973453
2020-07-21,1.6111857413474697,1.6067166173012846
2020-07-22,1.626485105094262,0.8627841464051291
2020-07-23,0.8177420052437884,1.3405671800458903
2020-07-24,1.082677742781523,0.9935531425932905
2020-07-25,1.5831446719182911,1.597542386666435
2020-07-26,1.6058669071183673,1.578054883798577
2020-07-27,0.9051602356884286,1.6054012541953662
2020-07-28,0.8008851615023681,1.539663037831144
2020-07-29,1.2815738872285543,1.3377505713809033
2020-07-30,0.48030054075061746,0.9883926933619319
2020-07-31,1.5723250218711884,0.9850156980113618
2020-08-03,1.607276806190116,0.3674055083892033
2020-08-04,1.6006382572204367,1.5357247034445478
2020-08-05,1.60007693071786,1.5608155082224322
2020-08-06,0.18625917588641952,1.5946815755672807
2020-08-07,1.5986160445513151,1.5005813479670878
2020-08-10,1.6021240709106832,1.5373498896838185
2020-08-12,1.512317559655923,1.59560196297904
2020-08-13,1.11662193969371,1.6052638608937402
2020-08-14,0.002095655953434288,1.6020623190446603
2020-08-15,1.6023575372468308,1.5973177295323708
2020-08-17,1.5885005043343485,1.5519282014385438
2020-08-18,-1.5544824779389368,0.19180066826710182
2020-08-19,1.208141849520229,1.1237641823126403
2020-08-20,1.2604383049290342,1.284209912883913
2020-08-21,1.6044985017125857,0.8515688019274691
2020-08-24,1.501361193999422,1.5870338246827689
2020-08-25,1.6005225741724298,1.245143946843715
2020-08-26,1.5928653399272477,0.9523742949513746
2020-08-28,1.681527745210973,1.6809625808853177
2020-08-29,0.2568825634463401,1.5806504996159045
2020-08-31,1.077989414543874,1.3721133695394123
2020-09-01,1.6011182714659902,0.9280661780659563
2020-09-02,0.8008008665134926,1.5924429964634212
2020-09-03,1.6054176791009525,0.8013272422611226
2020-09-04,0.8043577052763957,1.5714050951640939
2020-09-08,1.601897871319148,1.601186602591933
2020-09-09,1.202931751391716,1.4231979677649926
2020-09-10,0.0009843276383443879,0.9075867585931302
2020-09-12,1.6051440028154613,1.5033488463618747
2020-09-14,1.6014865727054175,1.601626069555918
2020-09-15,1.6001833530966982,0.5718421979651144
2020-09-17,1.6058007763022393,1.2854498871643483
2020-09-18,0.8233839585561957,1.33218647576074
2020-09-21,1.6048587636962806,1.1274001258597912
2020-09-22,0.0060088138941079006,1.58776264040926
2020-09-23,0.0039867897595784576,1.18613717092231
2020-09-28,1.6133922042278976,1.6113607215948653
2020-09-29,1.6084116433088829,0.9532542887004788
2020-09-30,0.7991950344866172,1.5692719734355831
2020-10-04,1.5665196519439775,1.5027071770763034
2020-10-05,1.6039637939441351,1.6062862399586693
2020-10-06,1.5984349035353862,0.00015814808929477296
2020-10-07,0.2722080844204009,1.5948004736735673
2020-10-08,1.6020152953444304,1.5120437537330051
2020-10-09,1.0750456755114073,1.5656910413565563
2020-10-12,0.7431306675940467,0.813581462438655
2020-10-13,1.4759964188152308,1.5322384717406576
2020-10-14,1.4548722291575182,0.18440537239469718
2020-10-15,1.6016937580991952,1.5901403495969004
2020-10-20,1.5183082708719966,0.00043282514409113764
2020-10-21,0.017412443755287603,0.017412443756657632
2020-10-23,1.6003152237359544,0.0008709561155326447
2020-10-26,1.5986963751339631,0.5566009654336346
2020-10-27,1.5382278585181546,0.07776432148998487
2020-10-28,1.6016479969148272,0.9908702285892215
2020-10-30,0.5908486014580077,-1.5473330072196168
2020-11-03,1.5854545747354982,1.6011148498492984
2020-11-04,1.5094016705405713,0.7984494275846046
2020-11-05,1.5920357031519545,1.547154756906456
2020-11-09,1.6063113154370432,1.5952254199423335
2020-11-11,0.9568207221796984,1.5471356878125604
2020-11-12,1.5862665586647677,1.536037055777527
2020-11-13,1.6028747043362603,1.6048254670385358
2020-11-23,1.6004951232420217,1.6056310022023161
2020-11-24,0.003806560181931808,1.597057110629149
2020-11-25,1.6008563798839743,1.0708128397133656
2020-11-27,1.5996112525713688,0.0027307103824359327
2020-11-28,1.6055767944671064,1.52072373547483
2020-11-29,1.6556347162682303,1.4455899851905654
2020-11-30,1.5965167980396906,1.2949850115418395
2020-12-01,1.5734923122993767,1.5808686987051335
2020-12-02,1.6070420876173221,1.5986531791496978
2020-12-04,1.5976634393447566,1.498744596933211
2020-12-08,1.6032009069706168,1.5964846815199063
2020-12-09,1.616924214455035,1.0806307685928933
2020-12-10,1.62474921916269,1.6126562595527072
2020-12-11,1.0186705592051424,0.28615061227662886
2020-12-12,1.599569198756481,1.539070323759247
2020-12-14,1.5983644831828177,1.4995319814091836
2020-12-15,1.599645630545787,1.5973320156337363
2020-12-18,1.6070519378570955,1.60580542707144
2020-12-22,1.6000725401437064,0.7061789890678181
2020-12-23,0.001014485524637448,0.002170116706117116
2020-12-26,1.6086163565950486,1.6154430062179488
2020-12-27,1.6159686607850257,1.37993003748156
2020-12-28,1.586686818948281,1.4010340963364256
2020-12-29,1.2086092438560894,0.8836755922516166
2020-12-30,1.6023780054098289,1.1745630861628462
2020-12-31,1.6058040761165702,1.0597053294233187
2021-01-04,1.5964645969170947,1.611190685257658
2021-01-06,0.7981927206943198,1.3240639381385972
2021-01-07,1.6351812504408352,1.6396623581668621
2021-01-08,0.8029671637928787,1.265573045242569
2021-01-09,1.6476128522378022,1.639844629637063
2021-01-10,0.7910152481481497,1.608103325585644
2021-01-11,1.611199366577416,1.190292098455484
2021-01-12,1.597752271666295,1.6088277137014937
2021-01-13,1.5962459432084874,0.6426711007466995
2021-01-14,1.6035761950501577,1.5720542915574687
2021-01-15,1.6005361679183085,1.4769868828635717
2021-01-16,0.81980235637947,1.6177283246007794
2021-01-17,1.6097929694133895,1.6021042030526558
2021-01-19,1.6013495900760977,1.5188047185638454
2021-01-20,1.0926158105477521,1.6175994544961139
2021-01-21,0.792939001191961,1.068080120609353
2021-01-22,1.6337863173331888,1.4193977619968419
2021-01-23,1.5889205658975956,1.5559063090959429
2021-01-24,1.6133885467552092,0.10998398676388231
2021-01-25,1.1179972043751316,1.3005519661047895
2021-01-26,1.6058579153261223,1.4963511597464378
2021-01-27,1.5994327377508835,1.535398712229618
2021-01-28,0.8055064565344102,1.5734764812969795
2021-01-29,0.6868404356150178,1.5792124279665847
2021-01-31,0.00039727061274052826,1.535450842306112
2021-02-01,1.6047497237726345,1.5597866692283013
2021-02-02,1.0409993380216582,1.5631148555940335
2021-02-03,0.5732494838409531,1.6320704747842179
2021-02-04,0.4299599620601826,1.5317499587304222
2021-02-05,1.2867822272466642,1.2127978430511017
2021-02-06,0.9713861539821074,1.6064523837119082
2021-02-07,0.41383075388101814,0.9522712119314574
2021-02-08,0.8184401142523159,1.4474538506311851
2021-02-09,0.9617096169092834,1.5070937347852484
2021-02-10,1.0600605035305457,1.2808579349583629
2021-02-11,1.6306320507606031,1.4287334226340151
2021-02-12,1.6122520689320026,1.6122297158932217
2021-02-13,-1.5854284075989908,1.3598967589757573
2021-02-14,1.6530285207179531,1.6530697471356945
2021-02-15,1.6095385052082862,1.3044756954928662
2021-02-16,0.8631740463677608,0.8698002611967987
2021-02-17,1.6019806552088705,1.5070127514955582
2021-02-18,1.6023449134232532,1.39491512541067
2021-02-19,0.039400125622126136,0.8554648267439288
2021-02-20,0.00782935314599601,0.40785017846011357
2021-02-21,0.010386500339403384,0.010386500341150531
2021-02-22,1.6480503577342642,1.6142354813555855
2021-02-23,0.7534112226090388,1.5454422585329444
2021-02-24,1.5850191365328608,1.1165451581363195
2021-02-26,1.6031713191151908,1.3074277692847474
2021-03-01,0.8000165431334219,1.5351245827524045
2021-03-03,1.6005475188926006,0.9355403032040058
2021-03-04,1.6024485383950962,1.5376739773001147
2021-03-05,1.589958717441225,1.1089141118608037
2021-03-06,1.382892886711124,1.6086363809987008
2021-03-08,0.794247153196463,0.8852406970266125
2021-03-09,1.3726541056824668,1.0416876359788967
2021-03-10,1.6026975908164287,0.98523548620559
2021-03-13,1.6029025869796378,1.6029368335571375
2021-03-15,1.5060297381572652,1.088966213285253
2021-03-16,1.4819031789901134,1.5507936692122748
2021-03-17,1.2674773744078112,1.1884470470375403
2021-03-18,1.6127738767449344,1.1740899947616272
2021-03-19,1.0777950470757283,1.3242657858201412
2021-03-20,-0.7995943823370398,1.5548729783056014
2021-03-21,1.6202894947338213,1.5448060368112742
2021-03-22,1.6078754095869146,1.4701969047076306
2021-03-27,1.6046724204013378,1.6047460964590414
2021-03-30,0.8024188680715496,0.996761070415837
2021-03-31,1.5575417287765865,1.5351245827524045
2021-04-01,-0.29570706667205027,1.592123852148709
2021-04-02,0.014122897561881639,0.014154125371907217
2021-04-04,0.8511715528292871,1.5374107095556564
2021-04-06,1.6016013871332984,1.5421571520972528
2021-04-07,0.8277656733325155,0.8913182179051852
2021-04-08,0.8005524585029364,1.5627879273408725
2021-04-10,1.5867257427963823,1.5184468338524317
2021-04-13,1.5989862505049206,1.5351245827524045
2021-04-14,1.1970006811421592,0.7832146677249964
2021-04-16,1.4566748788470314,1.5520559641152987
2021-04-19,1.5573722923818627,1.5969710645410529
2021-04-20,1.600172054020671,1.5930550554758551
2021-04-21,1.4755207660446448,1.535450842306112
2021-04-22,0.0063495100746717974,0.19086313962599882
2021-04-23,1.61315132995852,0.8081600599595592
2021-04-25,-0.22699813038678734,1.5386042580225388
2021-04-27,0.8019630002716397,0.7695738336920371
2021-05-09,1.6730558366326729,1.6480464456282642
2021-05-10,1.5010874633873637,1.4480621986474773
2021-05-11,0.0001310004714557235,1.4972813817009163
2021-05-12,1.6008326072696835,1.5868816677438111
2021-05-16,0.0011243242572748654,0.0006523018727222755
2021-05-19,5.23603150997199e-05,1.5351245827524045
2021-05-20,0.8039345254629717,0.7769561861908164
2021-05-21,1.6001274185160723,1.5309732727022989
2021-05-22,1.6000430728618515,1.4972813817009163
2021-05-25,1.2047395614711478,1.4672773857137682
2021-05-26,1.6025185459215074,1.5788065092792434
2021-05-27,1.6046192868013338,1.6046660248941014
2021-05-29,1.5831900987862666,1.4975555111781298
2021-06-01,1.6020494778188135,1.6021540714808344
2021-06-04,1.5941155946394736,1.4972813817009163
2021-06-08,1.6015360957727782,1.5395644852312937
2021-06-10,0.9721996351448025,0.1838544577366006
2021-06-11,1.6004032368392487,1.6002535841417742
2021-06-14,1.6002141900333369,0.796057675512962
2021-06-15,1.4025920019963876,0.08079409597339687
2021-06-16,1.5993924016976706,1.5162029822266603
2021-06-17,1.2231454431824316,1.5517625772504668
2021-06-18,1.6525953807163654,1.6532352784322668
2021-06-22,1.598780830236257,0.3987494845842619
2021-06-23,0.005480139996269447,0.07431178514833414
2021-06-27,0.006247095029003851,1.6021300444309872
2021-06-29,1.5970033048088548,0.08897185036618957
2021-07-01,1.6188101170654825,1.5748029283868026
2021-07-08,1.5157132516554517,1.1805712211359598
2021-07-09,1.6074538357839134,1.6067789415050064
2021-07-12,0.8391053362598443,1.2682760013433017
2021-07-13,1.641512018264752,1.5622480736444952
2021-07-20,1.652577670669784,0.13467656855173593
2021-07-21,1.597439284125697,1.535450842306112
2021-07-22,1.6013421769307363,0.9013170228207351
2021-07-23,0.5088912755178522,0.04087375874702003
2021-07-26,1.602712606786984,0.755629714695058
2021-07-27,0.004157100570812904,0.01811311105927252
2021-08-05,1.6015895629822356,0.8036396648677679
2021-08-06,1.61420028118356,0.014225160345658048
2021-08-11,0.004371849147963763,1.601545410525816
2021-08-18,1.6104800189337447,1.6105354088456503
2021-08-19,5.21811817309699e-05,1.4972813817009163
2021-08-20,1.3024224488388978,1.2628235465320694
2021-08-22,1.600852661301919,1.6009049174970236
2021-08-27,1.5981874133075,1.5111848278705524
2021-08-30,1.592517373319766,1.497359188429556
2021-09-01,1.599213165640799,1.535450842306112
2021-09-02,1.4524036584061935,0.9705644706828437
2021-09-04,0.00248474750640247,0.08093912388463106
2021-09-06,1.6102944841574014,1.4848339336764969
2021-09-08,0.8613113963350234,1.500024581459841
2021-09-09,1.6004253284393697,1.497763982537211
2021-09-10,0.888511253784158,1.4972813817009163
2021-09-13,1.6000418666470848,1.5351245827524045
2021-09-15,0.03488330501907992,1.4973901348854854
2021-09-19,1.6011273873831329,1.5378377693500453
2021-09-20,-1.2934875637943668,0.33131254586394493
2021-09-21,0.004732186481196796,1.2241419093666466
2021-09-29,1.0668247078683022,1.0202041188410604
2021-10-04,0.04988876895727007,1.5921439055810067
2021-10-05,1.602312616023533,0.9091944636501733
2021-10-07,0.0008472445504810048,1.3848860019656395
2021-10-13,1.603370031472784,0.0035071662226709797
2021-10-14,1.5295795819956297,1.4972813817009163
2021-10-16,1.6033209125232855,0.003562041062984818
2021-10-19,1.609795430236555,1.6102744982692359
2021-10-28,1.059275604666888,0.7703643422381831
2021-11-04,0.00603410175684224,1.6023288017438777
2021-11-05,1.6009410882794581,0.0016283652672162566
2021-11-11,1.600901551557654,1.6009655761234785
2021-11-22,1.052234024001076,0.6973330246098798
2021-12-16,0.29647794621046675,1.6153330516496525
2021-12-28,1.6177951544604985,0.23558622875187166
2022-01-05,0.3370073552056226,0.5776843934131388
2022-01-07,1.6186123732887412,1.6185843101928272
2022-01-09,1.600178972634025,1.6012278785141394
2022-01-11,0.0007564518741499467,1.5993302376200225
2022-01-13,1.529187542539559,1.5952479136600641
2022-01-20,1.5287580757627968,1.490363051166577
2022-01-23,1.4347264400616189,0.4350102852274621
2022-01-25,1.3164044360744593,0.0010300024380496423
2022-01-28,1.600957028676767,1.5621622337071879
2022-02-03,1.5425482351757045,1.18212928338651
2022-02-04,0.004035095880749096,1.6016123750318008
2022-02-06,-0.8506523154209551,1.1642633103399762
2022-02-07,0.7358545254715986,1.5961086573707166
2022-02-09,0.004087835138595247,-0.10374990720650559
2022-02-10,1.6020451274604242,0.005923115942933446
2022-02-13,1.5976781519669803,1.4972813817009163
2022-02-14,1.5955055791821244,1.4972813817009163
2022-02-15,1.599665269521761,1.5924702303744072
2022-02-17,1.5583793503364671,0.0004379936319987243
2022-02-18,0.0006523018725510724,0.0658347397673428
2022-02-24,1.5998204018518845,1.5351245827524045
2022-02-25,1.525722533149271,0.5214556348284691
2022-03-01,1.637092988389404,1.637198216534575
2022-03-08,1.6013294086593963,0.4004529192310902
2022-03-10,0.0008605693120733727,0.6104397987245382
2022-03-14,1.488904137317554,0.002277488111821719
2022-03-23,1.6010102620105833,0.0016647462334933255
2022-04-05,1.6000457070621608,1.4972813817009163
2022-04-14,1.600317689177149,0.9399469975312358
2022-04-15,1.595031001424337,1.1533575467107164
2022-04-16,1.602280413933919,1.4995250438805734
2022-04-24,1.6003612743930833,1.4976076412546238
2022-04-28,-0.0518183095253545,1.5100886842433456
2022-04-29,1.602799094473814,1.2604460551760757
2022-05-02,1.591333905934926,-1.526486266322355
2022-05-06,1.6007777085020058,1.6009649042148373
2022-05-14,1.5758841808104656,1.6006604068619936
2022-05-19,1.6010852032141472,1.551631858333733
2022-05-23,1.6011051641022795,1.6010544535771023
2022-06-07,1.6002542424123425,1.0428417048239027
2022-06-12,1.5980919122750148,1.6007006919209037
2022-06-30,1.5986557967017163,1.6003196169068434
2022-07-02,1.5997961079443148,1.4972813817009163
2022-07-03,1.6000152723159753,1.4972813817009163
2022-07-04,0.7502943340538842,1.4972813817009163
2022-07-05,1.601012215782358,0.001030011922329208
2022-07-11,0.7995038277133518,1.567784735745391
2022-07-14,1.6001051507156268,1.4976076412546238
2022-07-24,1.5546965614043449,1.6050188269359158
2022-07-28,0.00097797426964809,0.9009930888109212
2022-07-31,1.5922013986574464,1.4972813817009163
2022-08-03,0.013651297008804656,1.5357767825171276
2022-08-08,0.004899661596700966,0.2791281950391202
2022-08-09,1.6036170720493608,1.571247112238375
2022-08-10,1.6028780329208752,1.5620841733594348
2022-08-25,1.0666273901391985,1.0724149299334516
2022-08-29,1.5556290979062144,1.514671901918842
2022-09-01,1.545925342154944,1.4976076412546238
2022-09-03,1.5999904010448252,1.599948827583541
2022-09-06,0.20759826015383875,1.578648594712451
2022-09-07,1.6007751577546432,1.5657997608284988
2022-09-12,0.05169465664494734,1.535450842306112
2022-09-13,1.6002930547786245,1.4976076412546238
2022-09-15,1.555120479305138,1.4972813817009163
2022-09-16,1.6000338217562082,1.5351245827524045
2022-09-17,1.6000514083849553,1.5351245827524045
2022-09-18,1.6243065723340444,1.6112302885125633
2022-10-07,1.6018443944610805,1.4993378892101243
2022-10-12,1.5986487864454921,1.536154424050708
2022-10-23,-1.202851921005994,1.5357767825171276
2022-10-25,0.6965286249314206,1.5367526933302182
2022-10-27,1.6000388129688563,1.4972813817009163
2022-10-31,0.002743563469772521,0.047352543207247966
2022-11-12,1.6009412754199739,0.4010902525190997
2022-11-14,1.6043011295502414,0.02713013274327889
2022-11-17,1.6036002348331935,1.603580435003151
2022-11-19,1.601273961685208,0.14255454178962768
2022-11-23,1.5998683232401831,1.4972813817009163
2022-11-25,1.601295466986701,0.4013147162409623
2022-11-28,1.6012005735129262,0.493416866637176
2022-12-01,1.6002831874407129,0.40037102875089375
2022-12-02,0.7922271166500374,1.15101851629497
2022-12-08,0.0008472445504613684,0.17646984819371495
2022-12-13,1.5787787540949554,1.5984501398778632
2022-12-15,1.5993501673910278,1.1747903802976176
2022-12-16,1.5981169165314886,1.599461627344608
2022-12-20,0.001106666937361021,1.5736950588302123
2022-12-21,0.7921888903761548,1.1416682629450066
2022-12-27,0.000977974969988856,0.40497974453202173
2022-12-28,0.4923608209575772,0.31884361078468704
2023-01-03,0.8703433816067645,0.18478706028769445
2023-01-05,1.6020757154014758,1.5899260880163988
2023-01-16,1.609021855255859,0.052993569669085264
2023-01-21,0.0004305626511716401,1.6000364718852786
2023-01-25,0.0006389687748729407,0.9004629060333059
2023-02-02,1.5715833321638628,1.1861123779085259
2023-02-03,1.6003740688089334,1.579350924021485
2023-02-10,1.6048966612069953,0.4116477954595465
2023-02-11,5.218300163102684e-05,1.4972813817009163
2023-02-16,1.0334414916374954,1.4977118769316111
2023-02-21,0.0008605693117938957,1.6008287491226767
2023-03-02,1.6011008215182647,1.536414402428391
2023-03-03,1.2756917954639526,1.6001075016019508
2023-03-14,1.6003062499375442,1.555123665536807
2023-03-15,1.6002702529347363,1.5649096859297198
2023-03-25,1.605400447155173,1.600084165600003
2023-03-28,1.5825798821887311,0.4219538947932275
2023-03-30,0.8021860458475291,1.601714286390631
2023-03-31,0.0003784407478711742,1.535450842306112
2023-04-02,0.08369469035528673,1.460089241598653
2023-04-03,1.6004442907302368,1.5992412753113923
2023-04-25,1.5966401727556478,1.600465500000631
2023-04-27,1.5990969555848513,1.1315249105757559
2023-04-29,0.015659306642226426,0.5535321219031913
2023-05-07,5.2181180407814177e-05,1.4972813817009163
2023-05-08,1.6029286366389934,1.603721043068336
2023-05-18,1.6003133113062593,0.40582200843372307
2023-05-21,1.6010619905669916,1.5991274994324411
2023-05-23,0.002458221522066238,0.9703722418602541
2023-05-31,1.5850367574434112,1.0924172385985687
2023-06-06,1.5667946966045054,1.535450842306112
2023-06-07,1.5886631257041364,0.434853560555278
2023-06-08,1.6003227912029794,1.5741160752868233
2023-06-09,1.6004190840133832,0.322522644951379
2023-06-14,1.5773458547609194,0.022625006824278815
2023-06-19,1.598757887133232,1.0041008718477558
2023-06-27,0.0003784407362730699,0.12927793938997376
2023-06-29,1.5978138215154856,1.5854277618662858
2023-07-06,0.8005194447889715,0.7913076573334871
2023-07-07,0.00037844073411509,0.00037844073394580226
2023-07-11,1.6000408661103729,0.0003784407342871184
2023-07-12,0.00037848535851566905,0.25882873379568555
2023-07-13,1.5445991067733336,0.7046861551703494
2023-07-17,0.585480226768058,0.0003784755772611923
2023-07-19,1.5934009090862584,0.9678771115008467
2023-07-20,1.598418672610578,0.011972187357390323
2023-07-25,1.5237119860635457,1.5966026129977793
2023-08-01,0.8870268862262575,0.6932649195106655
2023-08-03,0.00037843656199219286,0.00037844082202558314
2023-08-04,1.6003085495217613,0.04481081748774426
2023-08-08,1.0697503914077788,0.17522000185751196
2023-08-09,0.7292518851581411,1.4806781749242588
2023-08-15,1.6003451399936164,0.17810178190393608
2023-08-18,1.5967875262485192,0.7038595034352272
2023-08-23,0.0003784407345718836,0.7045376132107466
2023-08-29,0.0004371968525985135,1.0217030590183784
2023-08-30,0.6423018930593242,0.23856909352564665
2023-08-31,1.6001674305359888,1.5999739176508319
2023-09-01,1.0001376641944622,0.8577642668276897
2023-09-02,1.3644511318812862,0.7990885417651512
2023-09-05,0.800907983535368,0.004100129072812216
2023-09-07,1.6000684247531423,0.31033091582454914
2023-09-11,0.0007043809451308356,0.0007043809538706537
2023-09-12,1.5985199931705232,1.5351245827524045
2023-09-13,0.0007043809452829292,0.8919077939664493
2023-09-14,1.5978508305026864,1.028140449426529
2023-09-15,0.00037844073416795686,0.09995974169119708
2023-09-17,1.4728649618169722,0.18382413771260897
2023-09-18,0.0007043826775794417,0.7260790522903653
2023-09-20,1.5993591739126491,0.17475600980692252
2023-09-21,1.5998075788414705,0.19075745750409687
2023-09-22,0.00037844108951897104,0.00044752762484517915
2023-10-03,1.394218719575882,0.17846588434637675
2023-10-05,1.5983818464023374,0.6259570091543221
2023-10-09,-1.5526959006778993,0.0020049608255317637
2023-10-10,1.5944242083243534,0.7661506381317291
2023-10-18,0.7320105419835647,0.8816852142268854
2023-10-19,0.000378440734261819,0.17270095295958868
2023-10-23,1.6002974070428468,0.7096774150067584
2023-10-24,0.00043243367802080104,0.4007112990491222
2023-10-31,1.5997428565255796,1.5351245827524045
2023-11-02,1.6077482072364881,0.007795517156618648
2023-11-08,0.00037844073411509,1.597867837462104
2023-11-09,1.587008685608456,1.3735959497445815
2023-11-10,1.6093336012399768,1.6057616199888625
2023-11-11,0.0005868845372243817,0.7230000156815397
2023-11-22,1.6003255439846866,1.5743409861175304
2023-11-30,1.6095414882187296,1.618226876682519
2023-12-02,0.14467895799873554,1.600579768758999
2023-12-03,1.5968390458609123,1.5999518899705458
2023-12-14,1.6001930772832311,0.00037850680906236894
2023-12-19,1.600035408618487,0.0005448361559966845
2023-12-25,0.07687994693899408,0.6817048552467686
2023-12-27,0.0075339511926475885,0.7120423564723959
2023-12-31,0.0016853191385000981,1.6001752696120184
2024-01-02,0.9852845496521829,0.40415530961917273
2024-01-08,1.600351584925664,0.3832634842667733
2024-01-09,1.1231917990847131,0.6499854782173018
2024-01-10,0.0007043809468956363,0.10988260649428669
2024-01-16,0.30350397959440667,1.505355013217689
2024-01-17,0.0004827808900698957,0.031585591935166614
2024-01-18,1.5311520596500452,0.1729483308808745
2024-01-20,0.0016802917582215203,0.4502464411150697
2024-01-22,1.5888087433786329,0.5388942320353559
2024-01-28,1.5985550212613502,1.5978692754824868
2024-01-30,1.5988495742697406,0.00037844073411509
2024-02-01,1.5972054681232262,1.5980431332463563
2024-02-04,1.0641612381202996,1.1580525768617667
2024-02-05,1.59995117415958,0.9395690870926077
2024-02-06,1.6007031679396289,1.6007005586385252
2024-02-08,0.005876561117089157,0.4058814463700811
2024-02-09,1.6000048716354793,1.5351245827524045
2024-02-13,0.00368641486606095,0.6173086117548704
2024-02-14,1.5103252786294319,1.6006720440309197
2024-02-15,1.5618276527366788,0.8248412187767725
2024-02-19,1.3141894924886832,1.294294491330153
2024-02-21,0.800031564532614,0.9831814100171925
2024-02-26,-0.004711008235423474,1.4977118769316111
2024-02-28,1.600460956752721,0.5822200627497081
2024-03-05,1.600098531923131,1.5976528711137497
2024-03-07,0.44767368777223343,1.064699390628978
2024-03-08,0.0005347820167826547,0.39888753484240475
2024-03-14,1.6005163495881127,0.007202244367290994
2024-03-17,-0.7891606231224638,1.5999508036774082
2024-03-18,1.5994928457900772,-0.9216013872378247
2024-03-20,0.00019643863415702524,0.35305693831556173
2024-03-22,1.600188929879213,1.5995354898596639
2024-03-25,1.5921829337734954,1.5917742303297582
2024-03-26,-1.5753989717986745,1.6001312023952492
2024-04-02,1.5973278688669326,1.4609136090505288
2024-04-07,1.52896700301278,-1.5957313319967266
2024-04-08,1.592013169168328,0.09960417392271681
2024-04-09,1.0100755258715242,1.5351245827524045
2024-04-11,0.0027671959140493623,1.6026756832844127
2024-04-16,1.5955268315838174,0.0013947682809574006
2024-04-24,1.6003747577964502,0.12250829386474163
2024-05-06,0.002316047535973405,0.4022739172513642
2024-05-08,1.6001117484475278,0.01182959337744308
2024-05-17,0.0018160331242756036,0.8088012348344027
2024-05-18,1.6003437255841209,1.5999508036774082
2024-05-20,1.5477834825095764,1.6009281379141738
2024-05-22,1.4341104668600264,0.16478268706932658
2024-05-23,1.5970789309116125,0.9115458236475622
2024-05-27,0.00037844073411509,0.3998439628393323
2024-06-07,1.5997227250806938,1.5351245827524045
2024-06-09,0.0037003781995868677,0.7174584575938864
2024-06-11,0.0003784407585890086,1.1194442150457589
2024-06-13,1.6002556975318007,0.00037844073412747644
2024-06-14,1.600290606922162,1.5930474752986261
2024-06-17,1.6031807894966814,0.003222346650775267
2024-06-18,0.8027090664335528,0.00269553490774613
2024-06-19,0.0028992812714267934,0.40285385379266214
2024-06-20,1.6055119643558422,0.8012618807723865
2024-06-21,1.5999143106595899,1.6006175087029662
2024-06-23,0.004989331773717284,0.7992162126586558
2024-06-24,1.5925426119544177,1.3557820526840203
2024-06-25,1.572242007698018,1.568700697331187
2024-06-29,0.0026786151065042374,0.7969054959914428
2024-07-01,0.8003605237750934,0.0003799185339790521
2024-07-02,1.6006307609529418,0.002382061058779909
2024-07-08,-1.594778155541308,1.5647270434687774
2024-07-11,1.602091075126472,0.0022642203988377883
2024-07-12,1.6007281186509421,1.6002143559573958
2024-07-17,1.6003760262792222,0.0003784407348968102
2024-07-22,1.6029695403916138,1.6030756014119125
2024-07-25,1.6002118072039597,0.717377242964197
2024-07-29,0.0031838920340877775,0.7974107729190263
2024-08-05,0.00037844073411509,0.00037844073411509
2024-08-07,1.6006623635756483,1.6006654540932286
2024-08-08,0.0008209801291551383,1.5601833988294636
2024-08-15,1.166334580062381,1.600188516526831
2024-08-21,1.1951708940782828,1.1358521598474862
2024-08-27,1.6003753246980366,1.1647506918295734
2024-08-28,1.6009370686618953,0.006286424797778611
2024-09-03,1.6000581839451098,1.1580676982264484
2024-09-04,1.60036471467192,1.60020373492546
2024-09-10,1.6003032323877535,0.39938493109720963
2024-09-15,1.6004260602193559,1.595228126283525
2024-09-19,1.6009535320232327,0.001139141135954246
2024-09-25,1.5606058460579557,1.6008667813008985
2024-10-02,1.6005051820477776,0.7072144980159728
2024-10-09,0.004745356695519774,0.7989722375804583
2024-10-21,1.6006926320950263,0.7113814918536978
2024-10-24,1.6009117893648601,1.290322355483695
2024-10-30,0.8012721324845892,0.8902353214639078
2024-11-01,0.5829663867465249,1.5907069079237595
2024-11-02,1.2488441874461043,1.5883917394464162
2024-11-04,1.543921522840936,1.592466265602303
2024-11-05,0.4761081431832965,1.6006841378173393
2024-11-06,1.008816948183965,0.8005494235099968
2024-11-08,0.22654153839625144,0.8023023284493668
2024-11-11,-1.4289452045246727,1.6000529416465852
2024-11-14,1.069891909248626,0.538967679741844
2024-11-15,1.6003728298414652,1.593749164078016
2024-11-18,0.005525532306890181,1.5941579474321805
2024-11-26,1.1716574168045315,1.5961005674105437
2024-11-27,0.803510335030668,1.6153712201975776
2024-12-01,1.6026785279283446,1.602496420531424
2024-12-03,0.5364451850200517,1.6080285152737048
2024-12-04,1.5992432589560224,1.6006259697348089
2024-12-05,1.4770079430020346,1.6058648159391766
2024-12-11,0.8104554821684861,1.2370304256427178
2024-12-20,0.014399928707608048,1.6076514538079376
2024-12-27,1.6009524130370316,1.6014334388357785
2024-12-29,1.6019002741597024,1.5782748201971721
2024-12-30,0.7827418655227485,0.42906279866471186
