date,bitcoin_wallstreetbets_title_score,bitcoin_wallstreetbets_selftexts_score
2019-01-03,0.8348438438051385,1.3047432241537638
2019-01-04,1.5997388209216845,1.5449678742944308
2019-01-05,1.5996052063749686,1.5449602481008213
2019-01-06,1.496333546103573,1.5926839552114371
2019-01-09,0.23249592644639921,1.4972365409902058
2019-01-13,1.5999028389213104,1.5926839552114371
2019-01-14,1.066071765034284,1.5098559301476098
2019-01-16,1.599988810038819,1.535079742041694
2019-01-17,1.5598836116140702,1.5449602481008213
2019-01-18,1.599954735505267,1.535079742041694
2019-01-20,1.40847436711059,1.5290523457306164
2019-01-21,1.3074418544514705,1.5449602481008213
2019-01-22,0.7996047849621202,1.5662814031619532
2019-01-24,1.5931960957928821,1.497236826969553
2019-01-25,1.5928359954329874,1.5224653416911977
2019-01-26,1.5995900991017047,1.5926839552114371
2019-01-29,1.485526303834801,1.5926839552114371
2019-01-31,1.5952223657306384,1.535079742041694
2019-02-01,1.6000015415916609,1.4972365409902058
2019-02-02,1.4944765115374101,1.544964061241289
2019-02-04,-0.08153485864388102,1.516329017118597
2019-02-05,0.011273259747951792,1.525618941778822
2019-02-07,0.03706933089279052,1.5638818486265655
2019-02-08,0.0191490166503977,1.497232870755357
2019-02-09,1.5983040322745998,1.4972365409902058
2019-02-10,0.5373809273766539,1.535079742041694
2019-02-11,1.5950863835273572,1.5449602481008213
2019-02-12,-0.11720556100580166,1.5290523457306164
2019-02-13,-0.17418853294147918,1.5494807953341296
2019-02-14,1.5994135677705152,1.5315033973653243
2019-02-15,-0.0916706243294133,1.5926839552114371
2019-02-16,1.5976093543143202,1.4972365409902058
2019-02-18,0.7999113085548734,1.5638781783917168
2019-02-20,1.5670064188847437,1.535079742041694
2019-02-21,1.5996306434392322,1.5926839552114371
2019-02-22,1.5997707590408818,1.535079742041694
2019-02-23,1.5996949512333842,1.5638818486265655
2019-02-27,1.6000004944870079,1.4972365409902058
2019-03-01,0.5109914171413087,1.535079742041694
2019-03-03,1.5998806206067817,1.5926839552114371
2019-03-04,1.5996945916912182,1.535079742041694
2019-03-05,1.599282729680442,1.535079742041694
2019-03-06,-1.366633344883561,1.5926839552114371
2019-03-07,1.0655892184598013,1.5416691928504094
2019-03-08,1.5945137882885891,1.5926839552114371
2019-03-09,1.5999327154019976,1.4972365409902058
2019-03-10,-0.36024676402468464,1.4972365409902058
2019-03-11,1.5981458524553016,1.535079742041694
2019-03-12,1.5881136978111992,1.51615814151595
2019-03-13,1.5998795646644428,1.4972365409902058
2019-03-14,1.5997993666435903,1.5926839552114371
2019-03-16,1.5999607571183891,1.535079742041694
2019-03-17,1.6223718944692396,1.6221477971105596
2019-03-20,1.5956518193883418,1.4972365409902058
2019-03-21,1.5999913175894784,1.535079742041694
2019-03-22,1.6000127348274245,1.4972441672711407
2019-03-24,1.6007113255630983,1.5680940733732394
2019-03-26,1.5987788834460324,1.4972365409902058
2019-03-30,1.5998752089764015,1.5926839552114371
2019-03-31,1.581586820745734,1.4972441672711407
2019-04-02,1.5844547424215605,1.5290523457306164
2019-04-03,1.5999008355472124,1.4972365409902058
2019-04-04,1.5995438220794957,1.535079742041694
2019-04-05,1.0771459118537712,1.5542811464316084
2019-04-06,0.7994139303668505,1.535079742041694
2019-04-07,0.20887211831220176,1.5350760718068455
2019-04-08,1.357248908702153,1.51615814151595
2019-04-10,1.584902607613943,1.4972365409902058
2019-04-11,1.600005807269375,1.4972365409902058
2019-04-12,1.5992022211120744,1.516165624726312
2019-04-13,1.524962632285658,1.5638818486265655
2019-04-14,1.5180837538304788,1.5883659332254263
2019-04-15,1.5817110989008227,1.535079742041694
2019-04-16,1.3459852282470983,1.535079742041694
2019-04-17,0.9625164025305111,1.4972365409902058
2019-04-18,1.599142104108248,1.548101990406144
2019-04-21,1.5039334314345767,1.5453066966380138
2019-04-22,1.5998643258144971,1.5350724015719968
2019-04-23,-0.4774500187559257,1.5099196527102692
2019-04-24,0.38974064665756386,1.5416692881747573
2019-04-26,1.599956561920825,1.5926839552114371
2019-04-27,1.5986306954325882,1.4972365409902058
2019-04-28,1.5628890736496874,1.535079742041694
2019-04-30,1.5974167759162798,1.5161697236552296
2019-05-01,1.5954120810408892,1.5350797420416942
2019-05-02,1.599898702929657,1.535079742041694
2019-05-03,1.2590858447052082,1.3763837428759378
2019-05-05,1.4680835642519015e-05,1.4972438812980975
2019-05-06,1.6016783946559656,1.1319265740219702
2019-05-07,1.4681155346661493e-05,1.4972438812980975
2019-05-08,1.1293642149959464,1.550554255160872
2019-05-09,1.595326241132765,1.4972626592715375
2019-05-10,1.5992810889080444,1.4972365409902058
2019-05-11,0.4046893800123062,1.51615814151595
2019-05-12,0.7610942055810148,1.497240497117072
2019-05-13,1.4826117900297575,1.5305591948083856
2019-05-14,1.5997687261774671,1.535079742041694
2019-05-15,-0.0014255841069958919,1.497244024284619
2019-05-16,1.5958350746973282,1.5350797420416942
2019-05-17,1.5992693269867213,1.5544210483636935
2019-05-18,1.5491993599418814,1.5098509413407017
2019-05-19,1.5997114157051893,1.1817444609271521
2019-05-20,1.597449198021983,1.535079742041694
2019-05-23,1.5192366706766136,1.535079742041694
2019-05-25,1.5999538942951712,1.535079742041694
2019-05-27,1.5997603568071626,1.5673978403515796
2019-05-28,1.1076648120302428,1.5350797420416942
2019-05-29,1.59881456954773,0.7675552391574286
2019-05-30,0.7985658136218887,1.5638818486265655
2019-05-31,0.7999195989862461,1.544974928231223
2019-06-01,1.5967283742488259,1.51615814151595
2019-06-03,1.5999518791539429,1.4170800221936681
2019-06-04,1.5981208185252567,1.5449565778659728
2019-06-05,1.5987047455618024,1.4972365409902058
2019-06-07,0.10264346556647246,1.4972365409902058
2019-06-09,1.5999807026918793,1.4972438812980975
2019-06-11,1.5844435217996016,1.535079742041694
2019-06-12,1.6001321461065732,1.5993439050240552
2019-06-13,1.5723874926999748,1.539034880556142
2019-06-14,1.5999760730725894,1.5350797420416942
2019-06-16,1.5990494761544314,1.4972365409902058
2019-06-17,1.6007647677071508,1.343462409894766
2019-06-18,1.1506730961623994,1.5433669377731256
2019-06-19,1.1064382538521978e-05,1.4972402111441516
2019-06-21,1.5999681017719298,1.51615814151595
2019-06-22,1.4435330007207647,1.5408401633424877
2019-06-23,1.5958177915312222,1.535079742041694
2019-06-24,1.5994911678371388,1.5161544712811013
2019-06-25,1.5984826790604798,1.5161618116698956
2019-06-26,1.3926185081722242,1.5328218158592737
2019-06-27,1.419664214766936,1.535079742041694
2019-06-28,1.5979499066954972,1.5350797420416942
2019-06-29,1.6676100181499253e-05,1.535079742041694
2019-06-30,1.5848047499493079,1.4972365409902058
2019-07-01,1.589468822095529,1.5250175635816663
2019-07-02,-0.00029195839583096017,1.4972402111441516
2019-07-03,1.5994536891155873,1.535079742041694
2019-07-05,1.5872084005917504,1.5542811464316084
2019-07-07,1.315759303460238,1.535079742041694
2019-07-09,1.5996161234730764,1.5416667460811124
2019-07-10,1.5964633092054137,1.4972365409902058
2019-07-11,1.59994375485344,1.5926839552114371
2019-07-12,0.7950577534283996,1.5671766216930971
2019-07-13,1.5028000824769503,1.509858567621637
2019-07-14,7.341067770355721e-06,1.535079742041694
2019-07-15,-0.008279818414702822,1.535079742041694
2019-07-17,1.553445941958491,1.4104058331649565
2019-07-18,7.340469897464494e-06,1.4972365409902058
2019-07-19,1.5255516674263807,1.535079742041694
2019-07-21,1.5999729287586582,1.4972365409902058
2019-07-23,1.599964857727046,1.4972365409902058
2019-07-24,1.5999715657947644,1.4972438812980975
2019-07-25,1.5999551549053739,1.5161619546564173
2019-07-26,0.8412265638137547,1.5400219016414916
2019-07-27,1.5997925029918387,1.4972365409902058
2019-07-28,1.581869296753279,1.2180643613070679
2019-08-01,1.6000013151172379,1.4972438812980975
2019-08-02,1.5989852003067138,1.4972365409902058
2019-08-05,1.5970446160747171,1.5638818486265655
2019-08-06,0.18559629954971452,1.4972365409902058
2019-08-07,1.5974505544675313,1.4972365409902058
2019-08-08,1.5943428415682614,1.51615814151595
2019-08-09,0.5872576877165595,1.5631502999285416
2019-08-10,1.5973263586652084,1.5542811464316084
2019-08-11,0.21299292697592467,1.5161618116698956
2019-08-12,0.0,1.4972292005205086
2019-08-13,0.8156548034420543,1.5256207768557948
2019-08-14,0.8294090159333398,1.525618941778822
2019-08-15,1.006153210983193,1.4972402111441516
2019-08-16,1.5998941297205969,1.5926839552114371
2019-08-17,0.9854344389276392,1.544430611449278
2019-08-19,0.7991082633818773,1.2054339980454971
2019-08-20,1.6000190017265858,1.5927297102774398
2019-08-21,1.5938783316614316,1.2192223527432517
2019-08-22,1.5999988945220536,1.535079742041694
2019-08-25,-1.599952600791582,1.4972438812980975
2019-08-27,7.340606755086014e-06,1.535079742041694
2019-08-28,1.599679639924666,1.535079742041694
2019-08-31,1.5992822395912643,1.497232870755357
2019-09-06,1.578805690119652,1.535079742041694
2019-09-09,-1.5902110772691076,1.5926839552114371
2019-09-10,1.0666906558434281,1.5567243273431552
2019-09-11,1.558867382337381,1.497247551371144
2019-09-12,1.5998961787130879,1.535079742041694
2019-09-13,1.5996713220586467,1.4972365409902058
2019-09-18,1.597809695027916,1.4972365409902058
2019-09-19,1.5944302746391663,1.4972365409902058
2019-09-20,0.800681661048333,1.567604935244154
2019-09-22,0.9360572026708865,1.5926839552114371
2019-09-23,1.5999909088836126,1.535079742041694
2019-09-24,0.7877495016660847,1.525618941778822
2019-09-25,0.009930382279785599,1.5161619546564173
2019-09-27,1.59620985355665,1.516169151735093
2019-10-01,1.599832265132407,1.535079742041694
2019-10-02,1.5980412353037972,1.535079742041694
2019-10-03,1.5944190730171588,1.4972365409902058
2019-10-04,1.599671321895677,1.4972365409902058
2019-10-06,-0.000366612671294363,1.4972365409902058
2019-10-07,1.5848038497569947,1.535079742041694
2019-10-08,7.340469779862367e-06,1.4972365409902058
2019-10-11,1.5999359357844312,1.5926839552114371
2019-10-12,1.5999895624606109,1.4972512214441904
2019-10-20,1.5995268449261206,1.5638818486265655
2019-10-23,0.6125390714244674,1.535079742041694
2019-10-25,1.5999053130674747,1.4972403541306734
2019-10-26,0.5309936495406375,1.5542836885252533
2019-10-27,1.5933806195322129,1.4972365409902058
2019-10-28,1.5250506374558936,1.1743312318951613
2019-10-29,1.5999889443382227,1.535079742041694
2019-10-31,1.5947848931539685,1.5350797420416942
2019-11-01,1.5995209126120107,1.4972365409902058
2019-11-02,1.5979254741014435,1.535079742041694
2019-11-06,1.5943120546410992,1.6007049052433322
2019-11-07,-0.05443129542489403,1.5432655530480401
2019-11-08,1.5400358806732666,1.535079742041694
2019-11-09,1.5999230578998775,1.535079742041694
2019-11-10,1.5997620846505805,1.535079742041694
2019-11-12,1.5988781631893032,1.5161619546564173
2019-11-13,1.2008299882470315,1.5400199950712576
2019-11-15,1.5029846119358325,1.535079742041694
2019-11-18,1.5997792432703575,1.535079742041694
2019-11-21,-0.0038958089919061876,1.5098509413407017
2019-11-22,1.5970123607430864,1.535079742041694
2019-11-24,1.5991150059517034,1.4972365409902058
2019-11-27,1.5979127088387335,1.5305591948083856
2019-12-01,1.5909356977475857,1.5542811464316084
2019-12-02,1.5980693089494,1.535079742041694
2019-12-04,1.5358814941677683,1.4972365409902058
2019-12-05,7.5467373096769595e-06,1.535079742041694
2019-12-06,1.5999179934886447,1.5350835551821613
2019-12-07,0.9396737887826581,1.51615814151595
2019-12-08,1.5930718956346948,1.5224653416911977
2019-12-12,1.599999530946897,1.5926839552114371
2019-12-13,1.5997595277869134,1.5350797420416942
2019-12-17,1.4924192300529935,1.5638818486265655
2019-12-18,-1.5999455798236175,1.5449602481008213
2019-12-20,1.5906267579084512,1.535079742041694
2019-12-22,1.5990953376206654,1.4972441672711407
2019-12-23,1.5834706180970017,1.535079742041694
2019-12-25,1.5854230061646437,1.5400199950712576
2019-12-28,1.5996232040734546,1.5926839552114371
2019-12-29,1.5998448026556324,1.535079742041694
2020-01-01,1.5812533687492276,1.5926839552114371
2020-01-02,1.5379399968575092,1.5494807953341296
2020-01-07,1.5999070742697397,1.535079742041694
2020-01-08,1.5906409596956075,1.535079742041694
2020-01-09,0.002198019000329557,1.4972365409902058
2020-01-13,1.5867208543733933,1.51615814151595
2020-01-14,1.5751676483705797,1.535079742041694
2020-01-15,1.1611677923716144,1.535079742041694
2020-01-17,1.5591241484933647,1.5350797420416942
2020-01-18,1.5954886508400925,1.5350797420416942
2020-01-21,0.007407054158421865,1.535079742041694
2020-01-22,1.5997841505293466,1.535079742041694
2020-01-23,1.5994044684041628,1.535079742041694
2020-01-25,1.5960288530235551,1.51615814151595
2020-01-27,1.5980300668375418,1.535079742041694
2020-01-28,1.1040664772936521,1.5275126270875834
2020-01-29,1.5993734883537516,1.535079742041694
2020-01-30,1.149877422366853,1.5390319444329839
2020-01-31,1.5998405479410576,1.4972365409902058
2020-02-02,1.5950670379820548,1.535079742041694
2020-02-04,0.9996128218489784,1.5519518751340284
2020-02-05,1.5998526554725228,1.51615814151595
2020-02-06,1.5978661875669173,1.525618941778822
2020-02-07,1.5278017050645187,1.5638818486265655
2020-02-08,1.5351873095379596,1.535079742041694
2020-02-09,1.599771336253661,1.5638818486265655
2020-02-10,1.5997693849290973,1.535079742041694
2020-02-11,1.5995661837128545,1.535079742041694
2020-02-12,1.5802595277130678,1.4404389503440012
2020-02-13,1.5983710839974046,1.5494807953341296
2020-02-14,1.5853620682125773,1.535079742041694
2020-02-15,0.7993683560550504,1.4972365409902058
2020-02-17,1.5999447100153292,1.5926839552114371
2020-02-18,1.592894472165968,1.51615814151595
2020-02-19,1.1774245385468725,1.3771486038394463
2020-02-20,1.5965892038772165,1.1764046057898871
2020-02-21,1.2795826955947533,1.512659298048626
2020-02-22,-0.39748304320526356,1.5256207768557948
2020-02-23,0.02543452081758517,1.5424361950977694
2020-02-24,0.013960772890823522,1.535079742041694
2020-02-25,1.5998520864357153,1.5350760718068455
2020-02-26,1.5996626033743855,1.5066973412530777
2020-02-27,1.5951916305020388,1.5194529145824813
2020-02-28,0.9588177386868992,1.4431813840131944
2020-03-02,1.5995219145821258,1.4972365409902058
2020-03-03,0.00013573005323752607,1.5926839552114371
2020-03-04,-1.0516262990631353e-10,1.4972292005205086
2020-03-05,1.329460420651752,1.5161569181043337
2020-03-06,0.13463013631195608,1.5393699146350346
2020-03-07,0.7894779513325613,1.525624518460976
2020-03-08,1.4382005181985682,1.4972365409902058
2020-03-09,1.6042114321735987,1.5865754570689639
2020-03-10,1.5974334106935444,1.5224628948679655
2020-03-11,1.5999256938195134,1.535079742041694
2020-03-12,0.36526963466124773,1.5116224756828585
2020-03-13,0.7253497399346663,1.5289143503542106
2020-03-14,1.4691278437795965,1.5646210142416344
2020-03-15,1.584710505724353,1.600007799812326
2020-03-16,1.5975066182019941,1.5638818486265655
2020-03-17,1.5210471775199197,1.535079742041694
2020-03-18,1.5873678045801334,1.465878009066062
2020-03-19,1.5980485042505306,1.5400199950712576
2020-03-20,1.596038516381942,1.5224653416911977
2020-03-21,0.9441925959511407,1.539031944465345
2020-03-22,1.3867923853064141,1.5053773933724253
2020-03-23,1.597419133396115,1.5256226834260285
2020-03-24,1.59889069305388,1.5350870823495857
2020-03-25,1.43806649242708,1.5199741429234699
2020-03-27,1.5300673147547326,1.5926839552114371
2020-03-28,1.5984109359836036,1.4972365409902058
2020-03-30,1.566365259210956,1.5466005846756425
2020-04-01,1.5999201431416994,1.4972365409902058
2020-04-02,1.5980124202146089,1.5098509413407017
2020-04-03,1.5790279177110313,1.535079742041694
2020-04-05,1.5952487920572118,1.5224653416911977
2020-04-06,1.5999938330772556,1.5350797420416942
2020-04-07,1.5797813877230418,1.5350797420416942
2020-04-09,0.5069070392714561,1.5416667460811124
2020-04-10,1.356101680745548,1.5296746599316149
2020-04-11,1.0043322240672112,1.5473349934087781
2020-04-12,1.5836773865014593,1.535079742041694
2020-04-13,1.0650013230918671,1.5290523457306164
2020-04-14,1.4226263230257585,1.535079742041694
2020-04-15,1.286728657563161,1.539033469721532
2020-04-16,1.5995032279635433,1.51615814151595
2020-04-17,1.0664030475478035,1.5554040999740384
2020-04-18,1.5899024540257023,1.535079742041694
2020-04-19,1.5819811123064778,1.5257931013283133
2020-04-21,0.7998330377408935,1.5449602481008213
2020-04-22,1.5307967206972735,1.535079742041694
2020-04-23,1.0663444954485155,1.5098509413407017
2020-04-24,1.550353599488766,1.5363407033124425
2020-04-25,1.5989956355493549,1.5658132195030705
2020-04-26,1.5996620102581294,1.51615814151595
2020-04-27,1.5513581984455465,1.4972365409902058
2020-04-28,1.128144905177328,1.5048022450126246
2020-04-29,0.9701829482443494,1.476091741755701
2020-04-30,1.3386875091733679,1.5416667460811124
2020-05-01,1.2352059114952298,1.5390334125269232
2020-05-02,1.5990866819278498,1.1783045449486895
2020-05-03,1.5977172971656657,1.5350834121956398
2020-05-04,1.2130348894523826,1.5513442656689473
2020-05-05,1.5926866321525075,1.5416667460811124
2020-05-06,1.0681942234931272,1.5320660438861549
2020-05-07,1.542117505529177,1.5591945297196297
2020-05-08,0.9268516973149408,1.546928180158303
2020-05-09,1.5926384829074245,1.5161544712811013
2020-05-10,1.1594253772514305,1.530777788965946
2020-05-11,1.1984132249043953,1.5638818486265655
2020-05-12,1.597302832660259,1.5927068335302967
2020-05-13,1.5839779833555852,1.5394712962712276
2020-05-14,1.5792569965756011,1.5398052292124673
2020-05-15,1.598948700648311,1.5503585198525853
2020-05-16,1.5974453655320942,1.5416667460811124
2020-05-17,1.5779626103799247,1.5449602481008213
2020-05-18,0.08019696111098881,1.535079742041694
2020-05-19,1.286804717797107,1.51615814151595
2020-05-21,1.5955011240383696,1.53790278460305
2020-05-22,1.5996249483623177,1.558848121590847
2020-05-23,1.5996907022866726,1.4972441672711407
2020-05-24,7.3404697648827645e-06,1.5926839552114371
2020-05-25,0.0018025865754723869,1.523933026649003
2020-05-26,1.5974226197436174,1.59857235569711
2020-05-27,1.584435297919862,1.2997030973736818
2020-05-29,1.4898432244689583,1.5734825508215227
2020-05-31,1.4978267187409204,1.535079742041694
2020-06-01,0.9812537828167828,1.535079742041694
2020-06-02,1.576774503779729,1.54366572486606
2020-06-03,0.7988223285207651,0.08822684884362386
2020-06-04,1.596304594498566,1.535079742041694
2020-06-05,1.4611519022295938,1.60796182515555
2020-06-07,1.5993801383344923,1.535079742041694
2020-06-08,1.599987868538471,1.535079742041694
2020-06-09,0.7247875699108772,1.5305629364555924
2020-06-10,1.5942847479512552,1.535079742041694
2020-06-11,1.277317323188895,1.539034994977719
2020-06-12,0.435702801793308,1.5224728725917511
2020-06-14,1.4712486215647445,1.4972365409902058
2020-06-15,1.5698279226140621,1.535087368322629
2020-06-16,1.5989657113046134,1.5224678837848427
2020-06-17,1.5993925524339674,1.535079742041694
2020-06-18,0.7676740392960758,1.5638818486265655
2020-06-19,1.599218797317732,1.5416667460811124
2020-06-21,1.0666688191058404,1.5098534834343467
2020-06-22,1.4951030477055518,1.535079742041694
2020-06-23,1.3610186520244587,1.5734825508215227
2020-06-25,1.5980819891988933,1.535087368322629
2020-06-26,1.5995179447585481,1.535079742041694
2020-06-27,1.5999532657666462,1.5638818486265655
2020-06-29,1.56728975020871,1.497244024284619
2020-07-01,1.5996247369207577,1.535087368322629
2020-07-04,1.410438252767927,1.4972365409902058
2020-07-06,1.5960665069677302,1.5350854617523952
2020-07-08,1.5922742242177796,1.539034994977719
2020-07-09,-1.4440420089748727,1.4972441672711407
2020-07-10,1.5995357763294893,1.4972365409902058
2020-07-12,1.2814782906509723,1.535087368322629
2020-07-13,1.5877475461524664,1.4972365409902058
2020-07-14,1.5926275236562273,1.5224678837848427
2020-07-15,1.4559225384264878,1.5575778260683737
2020-07-16,1.5998807520582758,1.5926839552114371
2020-07-17,1.5996227151859965,1.530563007948853
2020-07-19,1.5927914453722065,1.5256208483490556
2020-07-20,1.6005616034130368,0.5809582206604611
2020-07-21,1.5775806961386376,1.4972365409902058
2020-07-22,1.0661325787646605,1.5608782233509764
2020-07-23,1.5998108618373412,1.5926839552114371
2020-07-24,1.5947409014971847,1.5572264871553703
2020-07-25,0.9408978789516692,1.5256208483490556
2020-07-26,1.585116351794202,1.5416667460811124
2020-07-27,1.0017371054679227,1.5519537817042623
2020-07-28,1.5910264712807096,1.51615814151595
2020-07-29,1.599252523525842,1.5620797307579903
2020-07-30,7.3415005546288085e-06,1.535079742041694
2020-07-31,1.5973690029303396,1.535084317810255
2020-08-01,1.2914989206177676,1.52709366902142
2020-08-02,1.5949079988442747,1.535084317810255
2020-08-03,1.5904773142195854,1.5275126270875834
2020-08-04,1.1829320936415197,1.5123799224006187
2020-08-05,1.5998234246365814,1.5290548878242614
2020-08-06,1.59647841700922,1.5242761145589168
2020-08-07,0.8049521886807791,1.5161619546564173
2020-08-08,1.5427584867756607,1.5161619546564173
2020-08-09,1.599062384350333,1.4972365409902058
2020-08-10,1.4195867131857174,1.4972365409902058
2020-08-11,1.5394774064001135,1.4972365409902058
2020-08-12,1.600440927621771,1.5421732184198922
2020-08-14,1.332521401030858,1.538396167495276
2020-08-15,1.5994913979990049,1.53919113512639
2020-08-16,1.5980336693026451,1.535079742041694
2020-08-17,1.1874095000895792,1.4972365409902058
2020-08-18,0.7994622131132139,1.5161619546564173
2020-08-19,0.7995463505055109,1.535079742041694
2020-08-20,1.5955405586594646,1.5635238164639227
2020-08-21,0.36308337392902773,1.5400320294014627
2020-08-22,1.5958286201692677,1.5696483709333575
2020-08-23,0.8000029311041038,1.5350835551821613
2020-08-25,1.581113146950842,1.535079742041694
2020-08-26,1.597990522207912,1.522470425878488
2020-08-27,1.5991578807161977,1.5638818486265655
2020-08-28,1.599630461213946,1.535079742041694
2020-08-29,1.5995023959793246,1.4972365409902058
2020-08-30,1.5997420185476405,1.5542836885252533
2020-08-31,0.45236609728038146,1.6005329420547425
2020-09-01,1.5899384161019559,1.5638894749075005
2020-09-02,1.5497238516862457,1.5449602481008213
2020-09-03,1.5982223194062362,1.535087368322629
2020-09-04,1.5146644186198377,1.5926839552114371
2020-09-05,0.0022544033492110094,1.544964061241289
2020-09-06,1.4686444189769328,1.5256227549192893
2020-09-08,1.599427575281449,1.535079742041694
2020-09-09,0.7122045865092144,1.5224653416911977
2020-09-10,1.595876169753772,1.5275126270875834
2020-09-11,1.599761010017574,1.535087368322629
2020-09-13,1.066313802473436,1.522470425878488
2020-09-14,1.5997300065912137,1.5350798850313676
2020-09-16,7.53060070863055e-06,1.535079742041694
2020-09-17,1.5948262858599234,1.5926839552114371
2020-09-18,1.6001254907250924,0.1269547975516155
2020-09-19,1.599899078066163,1.535079742041694
2020-09-20,1.4903791228030732,1.4972441672711407
2020-09-23,1.5993410259057625,1.5199455121334726
2020-09-25,0.5329753845402615,1.5608829258718526
2020-09-27,0.0006862698283645573,1.4972365409902058
2020-09-29,0.565728067401998,1.5710967736208086
2020-09-30,1.3742183497055067,1.5350835551821613
2020-10-01,1.5996337897087123,1.5638818486265655
2020-10-04,-1.5949221307694135,1.535079742041694
2020-10-08,0.8002012190508049,1.5676771590366188
2020-10-10,7.70382290366215e-06,1.4972365409902058
2020-10-11,1.5980477139083533,1.535079742041694
2020-10-12,1.5993979249618882,1.535079742041694
2020-10-13,1.599884538608027,1.5926839552114371
2020-10-14,1.5986258135701683,1.535079742041694
2020-10-18,1.5877475461524664,1.4972365409902058
2020-10-19,1.6000384579015876,1.5351944038021261
2020-10-20,1.584401591561228,1.5560342512325598
2020-10-21,1.0682525264280125,1.52896444346651
2020-10-22,1.1904828463491366,1.5400407505118467
2020-10-24,1.5996413206499769,1.5350920706648186
2020-10-25,1.2781197755198825,1.535079742041694
2020-10-26,0.5304288169635655,1.5416667460811124
2020-10-28,1.4097333804248824,1.550992218607778
2020-10-29,1.4369848456184615,1.534028125089722
2020-10-30,1.6000359368528592,1.4816876095006233
2020-10-31,0.7923502429031959,1.5638818486265655
2020-11-01,1.5965570563839055,1.535079742041694
2020-11-02,1.5999808502923913,1.5416667460811124
2020-11-03,1.6000246322276852,1.497351202750638
2020-11-04,1.599953245495469,1.535079742041694
2020-11-05,1.5408604106988943,1.4972365409902058
2020-11-06,1.5467387312423326,1.5542811464316084
2020-11-07,-0.4634141213888123,1.5608928063481045
2020-11-08,1.3246210990411909,1.5479850989275439
2020-11-09,1.592633849826008,1.5638818486265655
2020-11-10,1.574292152489986,1.535079742041694
2020-11-11,1.5963923901707409,1.5098509413407017
2020-11-12,1.5856844145902758,1.5350797420416942
2020-11-13,0.6220871583702072,1.5542811464316084
2020-11-14,1.597900027329279,1.2933096265540986
2020-11-15,1.5999234440091568,1.535079742041694
2020-11-16,0.9580014266387764,1.5696437951997269
2020-11-17,0.9119081652497133,1.5543828932913066
2020-11-18,1.5981337924551413,1.5422841532544485
2020-11-19,1.180953028224138,1.5926839552114371
2020-11-20,1.5816088223476878,1.5199424616210986
2020-11-21,1.2619010876387684,1.538373244061403
2020-11-22,1.5426929129027287,1.535079742041694
2020-11-23,1.182051362785192,1.5400199950712576
2020-11-24,1.4004108006084495,1.539471501750247
2020-11-25,1.4779151320422395,1.3849562031206006
2020-11-26,1.3778355199885388,1.549286628062128
2020-11-27,0.8202319058773357,1.5161600480861837
2020-11-28,0.8120718232565773,1.548145803340583
2020-11-29,1.5938129910139653,1.5303502951953747
2020-11-30,1.074708690935601,1.5352088822866956
2020-12-01,1.5926563942797456,1.5688221016561292
2020-12-02,1.539937477652274,1.5350797420416942
2020-12-03,1.3481474546246783,1.5320660438861549
2020-12-04,1.4741564830638934,1.5449602481008213
2020-12-05,1.5976840164032626,1.539031944465345
2020-12-06,1.0013220993631111,1.5224653416911977
2020-12-07,1.4397395472387664,1.5133827381540992
2020-12-08,1.2298964220854314,1.5487475328934412
2020-12-09,0.6125383695393046,1.5098509413407017
2020-12-10,1.5998281872460811,1.5926839552114371
2020-12-11,7.340500557264558e-06,1.4972365409902058
2020-12-13,1.5997827435591236,1.5926839552114371
2020-12-14,1.5998174079956073,1.5926839552114371
2020-12-15,1.599573442073058,1.5449937054578249
2020-12-16,1.3340609762972884,1.5310631407886228
2020-12-17,1.3513089049779847,1.525043177505566
2020-12-18,1.2735213835528385,1.537827482028944
2020-12-19,0.6740430233411999,1.529053616777439
2020-12-20,1.4529739664374028,1.5235648204246992
2020-12-21,1.2643387255004424,1.5186291855692182
2020-12-22,1.5955671172871264,1.5379027437728732
2020-12-23,1.4962518664667863,1.5402877648120958
2020-12-24,1.5989242870799398,1.5688221016561292
2020-12-25,1.613441601224885,1.5583597306906882
2020-12-26,0.850015661014483,1.540027161584468
2020-12-27,1.2142233151870079,1.5543605660735358
2020-12-28,1.2799945051158097,1.5275111018313963
2020-12-29,1.552515537359735,1.5324965721940893
2020-12-30,1.4843154974561676,1.5500813666686826
2020-12-31,1.5761477436635474,1.5447522660052844
2021-01-01,1.4213432721285413,1.558671666850143
2021-01-02,1.286048098213105,1.5307761808037819
2021-01-03,1.3203756020651867,1.5331360629652537
2021-01-04,1.3297617085053448,1.5281991600323324
2021-01-05,1.091332012406372,1.536728960141946
2021-01-06,1.5883095029830823,1.5517587747802382
2021-01-07,1.1867868814360387,1.5356553611711783
2021-01-08,1.1843437851622913,1.5064826862028529
2021-01-09,1.1500456775025363,1.5352895949398218
2021-01-10,1.2641069303012897,1.521261896092255
2021-01-11,1.132916984344876,1.5521620631412596
2021-01-12,1.3832630920285227,1.545343945729591
2021-01-13,0.9314968843748492,1.536730133415936
2021-01-14,1.1731969394353754,1.5441901345699405
2021-01-15,1.5785171796385133,1.5476879351890536
2021-01-16,1.5987037959654657,1.5515402675990306
2021-01-17,0.5292868692841947,1.4972365409902058
2021-01-18,1.3254746053446405,1.555401873506905
2021-01-19,1.3230297933147672,1.5638806252149493
2021-01-20,1.5998499288261614,1.535079742041694
2021-01-21,0.9618783997936146,1.5281031151316604
2021-01-22,1.1730228469022825,1.5343047661173155
2021-01-23,1.4208734620556878,1.535163683200945
2021-01-24,0.7917118098551827,1.5246626726586514
2021-01-25,1.2394486694400375,1.5313516369187437
2021-01-26,1.336568408954985,1.5325226462125565
2021-01-27,1.356790694809692,1.531412395187512
2021-01-28,1.3612445647095957,1.5326611649080355
2021-01-29,1.3172417225345616,1.5310356307198418
2021-01-30,1.3194044616801006,1.531104809939718
2021-01-31,1.3497289217661645,1.5311077750214812
2021-02-01,1.3354693372187076,1.5317680370383895
2021-02-02,1.3710779614229038,1.4921775023009234
2021-02-03,1.3768359568253639,1.5307607467260558
2021-02-04,1.4097599684153788,1.5347036574759048
2021-02-05,1.302578933651144,1.5329958194958422
2021-02-06,1.3120548158685286,1.527781890069179
2021-02-07,1.3177216097897493,1.522038377588321
2021-02-08,1.341908556742336,1.5283084449011608
2021-02-09,1.3302690588447539,1.5319960929201126
2021-02-10,1.2822037055634445,1.5324701290823133
2021-02-11,1.5888289679070997,1.5215659472977914
2021-02-12,1.42703892055155,1.5256383903325441
2021-02-13,1.1605058177438372,1.5303842439319735
2021-02-14,0.8293358389391633,1.5377408412310498
2021-02-15,1.2793486261179772,1.5298758837425797
2021-02-16,1.5850118126275945,1.4687711825361993
2021-02-17,1.3736137845636083,1.529874157096791
2021-02-18,1.4678175857771707,1.53003757887993
2021-02-19,1.3271846436834664,1.531476004422132
2021-02-20,1.3105558259417742,1.5374058959891217
2021-02-21,1.2837041851703173,1.5182630836680109
2021-02-22,1.4620515094167426,1.5295657201561872
2021-02-23,1.0623069923866615,1.5169778262256004
2021-02-24,1.5103274434737979,1.5289193001270613
2021-02-25,1.127995287156668,1.4856925193802148
2021-02-26,1.1457228758731097,1.5199545488416077
2021-02-27,1.3753146426546856,1.5385764418977734
2021-02-28,1.599564477888673,1.5505663415950797
2021-03-01,1.586151111132238,1.556444609184721
2021-03-02,1.3990506802991765,1.5400325652826532
2021-03-03,1.4993822525997345,1.482325155228244
2021-03-04,1.6002257148833958,1.5453911955855668
2021-03-05,0.8776802057728101,0.9898572276986058
2021-03-06,1.0447566134146486,1.5629058943366132
2021-03-07,1.5997992053254368,1.5224678837848427
2021-03-08,1.5690872935282982,1.51615814151595
2021-03-09,1.5848560247028458,1.5296735704629099
2021-03-10,1.5850185291021814,1.520896905972775
2021-03-11,1.5989235252467817,1.2423576524638205
2021-03-12,1.5122866573564029,1.5350797420416942
2021-03-13,1.4538254326318742,1.5544210483636935
2021-03-14,1.2760269073042718,1.5275111018313963
2021-03-15,1.0411078430689849,1.5224653416911977
2021-03-16,0.9999540464215182,1.5209142648116567
2021-03-17,1.2713413043979376,1.519954548973562
2021-03-18,1.2666924404644893,1.539033469721532
2021-03-19,1.2603941832381165,1.535081267297881
2021-03-20,1.1998233389609152,1.51615814151595
2021-03-21,1.5999100046412322,1.525618941778822
2021-03-22,1.066438044441863,1.5383757384648573
2021-03-23,1.3557619834025005,1.512375346666988
2021-03-24,1.4266327776321297,1.527103269541861
2021-03-25,1.585717893086777,1.5350797420416942
2021-03-26,7.340497575004324e-06,1.535079742041694
2021-03-27,1.5928638646981175,1.4972365409902058
2021-03-28,1.0637051665733102,1.5542811464316084
2021-03-29,1.586679818741996,1.509909934751062
2021-03-30,1.59696781554302,1.4972365409902058
2021-03-31,1.5982288106077622,1.5224653416911977
2021-04-01,1.59410106018821,1.5494808668289666
2021-04-02,1.5931702369993512,1.535079742041694
2021-04-03,1.597930992002094,1.5161600480861837
2021-04-04,1.44972842693234,1.51615814151595
2021-04-05,1.5866180904054297,1.5199439868772857
2021-04-06,1.0575700397607506,1.4972384475604394
2021-04-07,1.574710842550509,1.5224653416911977
2021-04-08,1.5999752647142802,1.5350949944289127
2021-04-09,0.9233070635402797,1.5066973412530777
2021-04-10,1.5959876761266167,1.555256946125632
2021-04-11,1.2614865676322067,1.5224704258202708
2021-04-12,1.5996748055021346,1.5161619546564173
2021-04-13,1.1467201367384712,1.5256208483490556
2021-04-14,1.1241817157618312,1.2284092114001397
2021-04-15,1.3771888282336928,1.5398691179783992
2021-04-16,1.35470864670897,1.525618941778822
2021-04-17,1.0367333338492892,1.5098560254697748
2021-04-18,1.5865484254290427,1.5224666127380202
2021-04-19,1.6059691358804185,1.5444049714416834
2021-04-20,1.5914075617265846,1.5066973412530777
2021-04-21,0.6659582195271915,1.539033469721532
2021-04-22,0.9901784241130777,1.5375517036132238
2021-04-23,0.6412672431782851,1.535079742041694
2021-04-24,1.0263524272312022e-05,1.5926839552114371
2021-04-25,1.4629688532965026,1.5066973412530777
2021-04-26,0.7983166013154679,1.525618941778822
2021-04-27,1.1075988932162277,1.525618941778822
2021-04-28,1.5442252037168631,1.5224653416911977
2021-04-29,1.0666340811309707,1.5926840504818498
2021-04-30,1.5919949130991415,1.5320660438861549
2021-05-01,1.5976062048969073,1.5350834121956398
2021-05-02,1.5753059820365096,1.535079742041694
2021-05-04,1.1264672543635508,1.5276805094060855
2021-05-05,0.7361476419367213,1.5372252794254884
2021-05-06,1.4099974818298298,1.5429948805585711
2021-05-07,1.2557258083138316,1.5162581565339006
2021-05-08,0.19618013143446444,1.5519775347215419
2021-05-09,0.9607574169004239,1.5275140951491617
2021-05-10,1.2072155308683943,1.5390410385982833
2021-05-11,0.6396374637494502,1.50501948077223
2021-05-12,1.5999579252904255,1.5350873682353035
2021-05-13,1.066999669704942,1.5438500086589901
2021-05-14,0.9746075605508747,1.5282019851904847
2021-05-15,1.5164116048119747,1.5161843302898443
2021-05-16,0.5458430595371153,1.535082284135339
2021-05-17,1.2777900651667973,1.2783354554677655
2021-05-18,1.5985006456589679,1.51615814151595
2021-05-19,1.121644955479171,1.5242832896768466
2021-05-20,0.0067948946522302656,1.522470425878488
2021-05-21,1.5692012459769071,1.5638781783917168
2021-05-23,0.031085438040228695,1.5351034576350238
2021-05-24,1.1994452455216407,1.5400238082117252
2021-05-25,1.493796962722109,1.509861109603132
2021-05-26,1.5881949782055924,1.5161695808500268
2021-05-28,1.5811043740219672,1.5638971010137843
2021-05-29,1.443683317702557,1.5494827019043635
2021-05-30,1.577800605055325,1.5224704258202708
2021-05-31,1.5997695905419265,1.4972441672711407
2021-06-01,1.0664347044673994,1.5098509413407017
2021-06-02,7.340818703688355e-06,1.4972365409902058
2021-06-03,1.5985748955795849,1.4684091307025327
2021-06-04,1.5990371579405178,1.5542811464316084
2021-06-05,1.3606763832871294,1.5134626819825425
2021-06-06,1.172947749896195,1.5519575948228983
2021-06-07,0.799529751052631,1.5256303094062436
2021-06-08,0.8104333145250577,1.554438349995377
2021-06-09,1.597114425829355,1.5350924523955858
2021-06-10,0.906095296454233,1.5067050390272123
2021-06-11,1.599378149748158,1.5161695806753797
2021-06-12,0.37957213331558526,1.5161582845056234
2021-06-13,1.59729257227531,1.5067030609201162
2021-06-14,1.595075686903177,1.51615814151595
2021-06-15,1.5997746136095254,1.5256227549192893
2021-06-16,1.189202909168009,1.1587971492707079
2021-06-17,1.434456650241462,1.3973281600122622
2021-06-18,1.5341179693330542,1.522472967972133
2021-06-20,1.5992745799398262,1.535087368322629
2021-06-21,1.5995694012850343,1.5351026203605536
2021-06-22,1.0167628985907229,1.4972465185500916
2021-06-23,1.5351949358188945,1.535087368322629
2021-06-24,1.4028840229012156,1.5224678837848427
2021-06-25,1.0258543857627853,1.5224704258202708
2021-06-26,0.5307842945161464,1.4972416251774956
2021-06-27,0.0002775876912704352,1.4972365409902058
2021-06-28,1.5997275261877586,1.5999379269085148
2021-06-30,1.5106938870069024,1.5710787307294392
2021-07-01,1.5945397180335792,1.5542837837956658
2021-07-02,1.496797567582815,1.4972441672711407
2021-07-04,1.5974280456754206,1.5350835551821613
2021-07-05,0.5507031690410095,1.522472967972133
2021-07-06,0.7999781588814255,1.5449787410355085
2021-07-07,1.599639768289648,1.509856025527992
2021-07-08,1.5984808288484456,1.539038045490093
2021-07-11,1.599996257342441,1.5350949944289127
2021-07-12,1.5999574886442194,1.4972441672711407
2021-07-14,1.5695695429110754,1.5581321611590504
2021-07-15,1.5735574218476067,1.5416718302101853
2021-07-19,1.0234987895015992,1.5350899103580569
2021-07-20,1.598619804179789,1.4972479803242826
2021-07-21,1.5988439478564498,1.4972365409902058
2021-07-22,1.3506757573392056,1.535087368322629
2021-07-23,1.5757667294293638,1.5350798849473128
2021-07-26,1.1386481488965379,1.5350836981718352
2021-07-28,1.3765557800297148,1.4972366838958246
2021-07-29,1.5999188652468088,1.535084826228984
2021-07-30,1.504839003092653,1.5224729679139157
2021-07-31,-1.5885483737939243,1.535079742041694
2021-08-02,1.5935536926152385,1.535087368322629
2021-08-03,1.5995706525434765,1.4972515074109303
2021-08-04,1.5869802523106278,1.535079742041694
2021-08-05,1.5627160820176305,1.5350949944289127
2021-08-06,1.5999362245075779,1.5350947084624185
2021-08-08,1.5989130965368166,1.5350949944289127
2021-08-09,1.3523879319469376,1.535087368322629
2021-08-10,0.6747901778525285,1.4972479803242826
2021-08-11,0.7767480736391904,1.5161657677968847
2021-08-12,1.5983960033833169,1.4972444532439386
2021-08-13,1.5024062493565397e-05,1.4972441672711407
2021-08-16,1.5978564960625414,1.535087368322629
2021-08-17,1.6003964484313158,1.1676999203703249
2021-08-18,-1.4237725995116084,0.5639763141963957
2021-08-20,-1.5999274992037322,1.5350949944289127
2021-08-21,1.5921853884355408,1.5145911865183521
2021-08-22,1.5987954934979185,1.516165910699233
2021-08-23,-1.068672108578305,1.602674043182988
2021-08-25,0.9008513698714616,1.535102239028717
2021-08-27,1.6000212170920725,1.4972520793436734
2021-08-29,1.6000001157960364,1.5350949944289127
2021-08-30,1.6000853613316872,1.5984717158972102
2021-08-31,1.5924926796653427,1.5638932879606424
2021-09-01,1.5132797816573524,1.5970879008516268
2021-09-02,1.5997171733610647,1.535087368322629
2021-09-03,1.5965315525229853,1.5161657677095592
2021-09-06,1.526052039293871,1.5350911813757708
2021-09-07,0.831121170155294,1.5287864754897311
2021-09-15,-1.5367654342013766,1.5350911813757708
2021-09-16,1.5742487988102836,1.5350800280210413
2021-09-17,1.5620420202011753,1.5350949944289127
2021-09-19,1.5833488384670877,1.5350947084624185
2021-09-21,1.598895617599187,1.4972365409902058
2021-09-22,0.002472550899730863,1.5537027431692727
2021-09-23,1.600865086870975,1.6008000901795694
2021-09-24,0.5874432607132595,1.515070381916434
2021-09-26,1.5999492971573153,1.5224806889864586
2021-09-27,1.580430124698842,1.5350949944289127
2021-09-28,1.597845484337583,1.535087368322629
2021-09-29,1.0243576440563293,1.5065871767483057
2021-09-30,1.6004181139267761,0.6424458887122891
2021-10-02,1.5991751608039464,1.535087368322629
2021-10-04,1.596885794794043,1.5350949944289127
2021-10-05,1.4495702093856078,1.497236826969553
2021-10-08,2.2596738649430634e-05,1.5350949944289127
2021-10-11,1.5996256566770706,1.5350949944289127
2021-10-13,1.5665252823536249,1.5161620976428163
2021-10-14,1.5656108637180959,1.5986053850943434
2021-10-15,1.5999637315215125,1.535087368322629
2021-10-16,1.5991085528286069,1.497251793290103
2021-10-19,0.9922183730670922,1.125273594986113
2021-10-20,1.600204373974695,1.497576979665742
2021-10-21,1.1943008155186883,1.5422286199803281
2021-10-22,1.5991190275359888,1.4972517933774245
2021-10-23,1.5981521219357189,1.597093754882004
2021-10-26,1.598921880107207,1.582568969227536
2021-10-27,1.595969606282125,1.5351026203605536
2021-10-28,0.8000117098917183,1.5161657677968847
2021-10-29,0.615126320072273,1.5350949944289127
2021-10-30,0.027406110668759823,1.5350949944289127
2021-11-01,1.5180422785316652,1.535087368322629
2021-11-02,1.0669884894993993,1.1443020771759367
2021-11-03,1.0662374770332343,1.5473235025937602
2021-11-04,0.801418862955015,1.3074111024700679
2021-11-05,1.5999616441985651,1.5352325203342105
2021-11-06,1.5053163153340239,1.4972817228303574
2021-11-07,0.6096798076857609,1.5677835164712515
2021-11-08,1.5999642322957262,1.5188700247106597
2021-11-09,1.5995233488443317,1.4972441672711407
2021-11-10,0.80004746318667,1.5638971010137843
2021-11-11,1.5997300281049018,1.535087368322629
2021-11-12,1.6022515935627426,1.4995250561556344
2021-11-15,1.595006043042591,1.535087368322629
2021-11-16,1.5931304578333776,1.5350924523934848
2021-11-18,0.0014126018638110915,1.5161657677095592
2021-11-19,1.4428087420899698,1.4972589902849807
2021-11-22,1.4484398873173525,1.5351026203605536
2021-11-23,1.0208665202572726,1.5893741096769043
2021-11-24,1.5997364621403134,1.5350949944289127
2021-11-25,1.5999509103944642,1.535087368322629
2021-11-26,1.5987765410357293,1.5350899102998399
2021-11-27,0.9562540030122577,1.5466231192461548
2021-11-29,1.590740582573602,1.5350930879023417
2021-11-30,1.5993927309223503,1.5479697467113311
2021-12-01,1.599964734042822,1.5350873682353035
2021-12-03,1.599069150770395,1.4972403541306734
2021-12-05,1.5995827582417042,1.5350949944289127
2021-12-08,0.00011828575820668289,1.535190687328183
2021-12-09,1.5950020481330198,1.4974625672079047
2021-12-10,1.5979852740100287,1.575846063411186
2021-12-13,1.5976011518928002,1.516196127424804
2021-12-14,7.34074754474861e-06,1.51615814151595
2021-12-18,1.5964598147444515,1.4972441672711407
2021-12-19,1.5994425463851822,1.4972441672711407
2021-12-20,1.596093994366389,1.5669894843997494
2021-12-21,5.356735881541725e-05,1.4972667591126738
2021-12-22,1.5979200741504196,1.5350949944289127
2021-12-23,0.5585996816918822,1.5224805940202024
2021-12-24,0.7932143797367263,0.7496267978110862
2021-12-25,1.596111686116951,1.5350911813757708
2021-12-26,1.5772195101694177e-05,1.535087368322629
2021-12-28,0.7307782177155717,1.509858567621637
2021-12-29,1.5969117533263075,1.535087368322629
2021-12-31,0.0006494336421319928,-0.17685396084492602
2022-01-02,1.359242730015366,1.5162650238958795
2022-01-03,1.5997132446288478,1.4972441672711407
2022-01-05,1.5844195573799746,1.5350949944289127
2022-01-06,1.5909785789778506,1.5735150242972014
2022-01-09,1.5998080513442752,1.5350952803951616
2022-01-11,0.8001079180431899,1.5161657677968847
2022-01-12,1.5989429096325782,1.4974332528237206
2022-01-13,0.005800000586501319,1.4972479803242826
2022-01-14,0.7079144489139254,1.5487128305128017
2022-01-15,-1.0594422902686005,1.509856025527992
2022-01-16,1.5922996991685388,1.4972441672711407
2022-01-17,-0.023778207275924945,1.2073955843612951
2022-01-18,1.5975165463732213,1.5067124501898341
2022-01-20,1.59829131414098,1.4972365409902058
2022-01-21,1.5700629777286954,0.4321900742061436
2022-01-22,1.5986970609796498,1.5467287741382003
2022-01-23,7.595782852463763e-06,1.4972365409902058
2022-01-24,1.5993221822255037,1.284932852545807
2022-01-25,-0.017628295477814526,0.24013395169690976
2022-01-26,-1.5658505955336657,1.535087368322629
2022-01-28,1.6005376906401818,1.6004641867979905
2022-01-29,1.5994936795223451,1.535079742041694
2022-01-30,1.5999985839449926,1.4972441672711407
2022-01-31,1.5994142559759825,1.291591783263745
2022-02-01,1.5855228251963664,1.535087463646895
2022-02-04,1.599693879838954,1.5350911813757708
2022-02-08,1.599772541804905,1.5224654370176471
2022-02-09,1.2015859826260247,1.497251793290103
2022-02-11,1.534404412654217,1.4972365409902058
2022-02-12,0.041930191878861475,1.1468403293745806
2022-02-14,1.600011560274759,1.535087368322629
2022-02-15,1.600564796304595,1.6002029738318446
2022-02-16,0.0006220042732458761,1.4972441672711407
2022-02-19,0.00032377980572063144,1.130173351925382
2022-02-23,1.6047265550167975,1.5692856936474568
2022-02-24,0.1559338153563984,1.592691581492372
2022-02-25,1.5967522552022329,1.5692568442929937
2022-02-27,1.5942010014366073,1.4972403541306734
2022-02-28,1.6006941896200746,1.3431878315434027
2022-03-01,0.8000138622309986,1.5449716874348982
2022-03-04,1.5986197973177798,1.559429451133716
2022-03-05,1.5826386912156472,1.60041026774378
2022-03-08,1.598221075296853,1.5449678743817565
2022-03-09,1.6002888708867709,1.4664805267466035
2022-03-10,1.1217579398432707,1.537472385114626
2022-03-11,1.0508203756888623,1.5351077977569643
2022-03-16,1.5991627103033588,1.4972365409902058
2022-03-19,1.5996053892197126,1.4972517933774245
2022-03-20,1.5996136278371,1.5350949944289127
2022-03-21,1.5996813831723997,1.5350949944289127
2022-03-24,1.5851036116657728,1.4972441672711407
2022-03-28,1.5919577963739575,1.5350988073947331
2022-03-30,-1.1402851531487663,1.5350949944289127
2022-04-01,1.600022202550316,1.5998979227781036
2022-04-06,1.5956219021068956,1.5927071194899967
2022-04-08,-1.5156830926400775,1.4972441672711407
2022-04-10,1.600000266404598,1.6000489246708196
2022-04-14,1.5452368688578355,1.5632664937884193
2022-04-18,-1.5708698093705846,1.599834398113698
2022-04-21,1.5857712528072825,1.535079742041694
2022-04-23,1.599337668540009,1.535079742041694
2022-04-25,1.5971394365846985,1.5675723113515518
2022-04-26,1.590673994651157,1.5444815097644236
2022-04-27,1.6000028709266771,1.4972441672711407
2022-04-28,1.5998702544597534,1.5350952803951616
2022-04-29,1.5899168711568241,1.5963671716053196
2022-04-30,1.5964271266352215,1.5927071194899967
2022-05-01,1.6000971801193504,1.5870022835388187
2022-05-02,1.600138084982518,1.3071680393389005
2022-05-04,1.600497675336105,1.614121203652487
2022-05-07,1.4577968348045844,1.6004650951510064
2022-05-09,1.6000805484134264,1.6001599772936004
2022-05-10,1.35112230454843,1.5224831360556301
2022-05-11,0.2967951186449659,1.5344437837523806
2022-05-12,1.3205610407523491,1.592691581492372
2022-05-13,0.0059852579252682725,1.4972964013436227
2022-05-14,3.021910318670125e-05,1.5351026203605536
2022-05-15,0.06718707710041875,1.5099010162100592
2022-05-16,1.5471074984746345,1.5691787426812476
2022-05-18,1.599757689688571,1.5161887884778031
2022-05-19,1.5999424345404778,1.5350949944289127
2022-05-22,1.5993174104723917,1.4972517933774245
2022-05-23,1.6256732615965643,1.6210133150248267
2022-05-25,0.6374371014080624,1.5638969580305373
2022-05-26,-0.6204548887748986,1.5734978032087417
2022-05-27,1.1888679251743353,1.5225086479246377
2022-05-28,1.600006723853002,1.4972594193090654
2022-05-29,1.5993648532021265,1.535079742041694
2022-06-04,-1.5779445811904549,1.5927520136115185
2022-06-08,1.6000354177812286,1.5990846130718857
2022-06-09,-1.346843921202467,1.4972594193090654
2022-06-13,0.892396058649898,1.5449755004880403
2022-06-14,1.599260376150803,1.5256341941223799
2022-06-16,0.9553522840408526,0.9886627329140708
2022-06-17,1.6712896562649369,1.671584376089755
2022-06-18,-0.07805313127962893,1.5350949944289127
2022-06-19,0.0027547438677424374,-0.6066905336009718
2022-06-20,1.5972283616937415,1.5511188982077828
2022-06-22,1.5601150527146534,-1.470649182986533
2022-06-24,0.4000900144371976,1.4776318824404713
2022-06-25,-0.05133845025147732,1.5161733939031685
2022-06-26,1.5983567094691495,1.5927071194899967
2022-06-27,0.13681297005760723,1.535087368322629
2022-06-30,0.9265336424384759,1.5678440235555366
2022-07-01,1.3968292724118638,1.466445389238607
2022-07-02,1.6005068225741141,1.5992313721644944
2022-07-04,1.5996671677772123,1.535087368322629
2022-07-05,-0.79352798476191,1.5101056648264957
2022-07-09,2.25928570186131e-05,1.4972517933774245
2022-07-10,1.6000088761635398,1.5350876542954268
2022-07-12,1.5152543019004456,1.5651997746352744
2022-07-13,1.5480748327191314,1.598540783863991
2022-07-16,1.5975727817066065,1.535179155967576
2022-07-17,1.6000735388145038,1.600102971517161
2022-07-22,1.59994896203397,1.535079742041694
2022-07-27,1.5998881568986787,1.535109960164162
2022-07-28,1.5405341034948012,1.5350947084624185
2022-07-30,1.5999829240719659,1.535079742041694
2022-08-02,1.5992867629421232,4.1150113451891325e-05
2022-08-04,1.6005974235587754,0.5358168543906716
2022-08-05,1.5998165617286777,1.4972365409902058
2022-08-07,0.07734005708320921,1.551393423164451
2022-08-12,1.598675077032102,1.5991192044123566
2022-08-13,1.5843145298836727,1.5973056828302432
2022-08-23,1.5803575232412561,1.5351944038021261
2022-08-24,1.594980057330376,1.0039520104341693
2022-08-26,1.5994355165898007,1.5351639074348065
2022-08-28,1.573848250203504,1.5928400686329713
2022-09-01,1.551448252416195,1.535079742041694
2022-09-02,1.599887102296418,1.4972517933774245
2022-09-04,1.5999491328747701,1.4972365409902058
2022-09-08,1.477836051350287,1.535087368322629
2022-09-09,1.596197611026036,1.535087368322629
2022-09-13,1.5978576210095605,1.5965424767512382
2022-09-14,1.5998729772177434,1.4972441672711407
2022-09-19,9.150586280973537e-05,1.5959129903903655
2022-09-22,1.5999988067165247,1.5350870823495857
2022-09-25,1.6005453813349224,1.6000211830492233
2022-09-26,1.3973604839241083,1.538885818491576
2022-09-28,0.7999269704418951,1.218375492364146
2022-09-29,1.6000327737424116,1.4953642771828508
2022-09-30,-0.5327285297580501,1.5113543553586917
2022-10-02,1.5925782869209313,1.4973283307369845
2022-10-04,1.5994859683343332,1.5720068308254387
2022-10-08,0.4091315053953195,1.4980827553709029
2022-10-10,1.41521203667443,1.5988898881284597
2022-10-12,-1.4827222763629124,1.5350949944289127
2022-10-23,1.2196783283085089,1.5813417621208894
2022-10-24,1.598921700629207,1.58690510023872
2022-10-25,-1.574780364822264,1.535087368322629
2022-10-26,1.1593638988570043,1.5180940365575721
2022-10-27,1.6000116323011169,1.5350949944289127
2022-11-02,1.5998807819695884,1.5351026203605536
2022-11-03,0.47219632927262,1.4973045993902871
2022-11-04,0.8067876715745377,1.5188155451589567
2022-11-08,1.5969876250245112,1.4972404971203468
2022-11-10,1.5988564531578222,1.5350949944289127
2022-11-11,0.01045124145725318,0.6389613767627635
2022-11-12,1.598853710220574,1.5224704258202708
2022-11-13,-1.0103902972140075,1.5983825259313917
2022-11-14,-1.59989265566564,1.4972517933774245
2022-11-15,0.538858324187613,1.524643116149217
2022-11-16,0.7526319714403996,1.4402722834508705
2022-11-17,1.2237631712188901,1.5235708017368612
2022-11-18,0.7951147462362617,1.5349078895360253
2022-11-19,1.5484383278973166,1.518442909061027
2022-11-20,1.2580633495749434,0.9950975220163385
2022-11-21,1.1386835356633906,1.4951909872243858
2022-11-22,1.3100495690976066,1.4045511877997774
2022-11-23,0.9824964140350122,1.457594130566149
2022-11-24,1.5375356015515522,1.5135048713355423
2022-11-25,1.330825324854102,1.2818841850014715
2022-11-26,1.5999940187094341,1.5351024770378587
2022-11-27,0.9300172823531254,1.502327310512444
2022-11-28,1.5978775711826363,1.5124536880521475
2022-11-29,1.1556993748453588,1.5236486136601997
2022-11-30,0.9566106029036152,1.5124095940319453
2022-12-01,1.0534164826530852,1.5242587650564403
2022-12-02,1.5996502204971579,1.5162344986093945
2022-12-03,1.3985080470518407,1.3428064600124214
2022-12-04,1.1589893917564307,1.5026514282705656
2022-12-05,0.6148822522780335,1.5164971885430145
2022-12-06,1.4263528400106706,1.507620702417636
2022-12-07,1.160607658182014,1.4629003926114712
2022-12-08,1.1196694233315772,1.3112213566880435
2022-12-09,1.3909970484181695,1.4939959441794048
2022-12-10,0.6260537777302837,1.525628474542665
2022-12-11,1.5810883060712506,1.49742756848405
2022-12-12,1.2507944090908851,1.295277873032216
2022-12-13,1.064203936472273,1.5314288114487626
2022-12-14,1.332597456709606,1.5227112899910502
2022-12-15,1.5685627341799127,1.4532155979985346
2022-12-16,1.0380347652534079,1.5287870633380294
2022-12-17,1.4188070712458059,1.5266896307276188
2022-12-18,1.5714580433777252,1.5116796914520625
2022-12-19,1.014153814210631,1.5314754489379045
2022-12-20,1.3180188285694634,1.5388060210208432
2022-12-21,1.435464823300448,1.5188795840219202
2022-12-22,1.1217360228634057,1.3262105664005501
2022-12-23,1.0383092976851358,1.5275572643649418
2022-12-24,-0.3909548825303512,1.5099508697843278
2022-12-25,0.8289384535858328,1.23969613868487
2022-12-26,0.7324050906076026,1.5120836643030104
2022-12-27,1.030638895598473,1.3875778781858736
2022-12-28,1.3203083004528604,1.5257496967734325
2022-12-29,1.1021636254448712,1.5098623805874543
2022-12-30,1.5993031497517447,1.3237107640124794
2022-12-31,1.5850582979035766,1.0440608548015304
2023-01-02,1.5931254385844258,1.5372758827080963
2023-01-03,1.193178402879787,1.484083585706337
2023-01-04,1.2659915979146976,1.4475934674138546
2023-01-05,0.31138549703615936,1.148709535522823
2023-01-06,0.31260791697662843,1.4267602882473553
2023-01-07,1.2728428132710765,1.5048618546549508
2023-01-08,1.1938763034293136,1.490751289194172
2023-01-09,1.3699106458160093,1.5206761865709397
2023-01-10,1.3265157253189799,1.2853960916154508
2023-01-11,1.0649629168226804,1.5193314890291798
2023-01-12,1.37596786216326,1.5275258647702723
2023-01-13,1.2335332604379967,1.4888283860560365
2023-01-14,1.3898280674818688,1.5226028446255162
2023-01-15,1.4019191263278619,1.3028077354904133
2023-01-16,1.5781882358640977,1.5130363338175643
2023-01-17,0.8687974028855932,1.5162467905077794
2023-01-18,1.2894021349227371,1.5235176182551484
2023-01-19,1.043548284271541,1.5224756052110295
2023-01-20,1.4010304603100607,1.5183715784384757
2023-01-21,1.0473979399825468,1.5243745172332386
2023-01-22,0.7010024527109271,1.129577285696825
2023-01-23,1.2397915310216425,1.5251035468240266
2023-01-24,0.7296143488001423,1.4266525283920926
2023-01-25,1.1423229276927198,1.5314056190368042
2023-01-26,1.2984178275553455,1.183347761374509
2023-01-27,0.9952582446179271,1.5206910367887347
2023-01-28,0.5824196189874318,1.3071244518352865
2023-01-29,0.6763561488892884,1.4014812529483391
2023-01-30,0.7616383751416591,1.5030689707831997
2023-01-31,0.8584853081478862,1.5140940454720537
2023-02-01,0.857493089553495,1.390388137851945
2023-02-02,1.1430042851896998,1.4517221401918439
2023-02-03,1.3987129470910369,1.4421198605466685
2023-02-04,0.6947062426835776,1.5156126692798835
2023-02-05,0.9340545026559972,1.5306389996965424
2023-02-06,1.2595583329719464,1.5234309363280651
2023-02-07,1.3861182903114047,1.5239790351875044
2023-02-08,0.8032029918320784,1.5317662349879202
2023-02-09,1.2378796993538812,1.3788507391559204
2023-02-10,0.8397921392322173,1.5275840242316803
2023-02-11,1.0162062576905495,1.514028177628188
2023-02-12,1.5476368247269305,1.525377851870978
2023-02-13,-0.06955800686716403,1.5199696565803442
2023-02-14,0.9702537090660794,1.539512851890847
2023-02-15,1.4441480704318022,0.8825483599860935
2023-02-16,1.4155556280343147,1.4490995482355555
2023-02-17,0.5534084494956885,1.5381009919482873
2023-02-18,1.176815448963267,1.5241548914034784
2023-02-19,1.1996912672091307,1.5400579089533242
2023-02-20,1.5969806704566067,1.515234147875786
2023-02-21,0.45709836595379877,1.3631160642884934
2023-02-22,1.5373879317814378,1.5115039412166809
2023-02-23,1.3072989592267814,1.2615030439661992
2023-02-24,0.8546382610257711,1.078623866957946
2023-02-25,0.921487548730589,1.5168666364686725
2023-02-26,1.0598212583357007,1.512387548576763
2023-02-27,0.7132764553558958,1.4302407575772742
2023-02-28,1.3150066014859592,1.5367443704163695
2023-03-01,0.7975663464723824,1.250512844966644
2023-03-02,1.4129988735928658,1.5430900123144913
2023-03-03,1.3873000144344667,1.4077029473379479
2023-03-04,1.4832019191484076,1.5314770305918919
2023-03-05,1.5943465953843743,1.5299508854166906
2023-03-06,1.5009279768020864,1.1560246049241916
2023-03-07,1.3405751905026229,1.5233493389411723
2023-03-08,1.5522244416873945,1.4972403541306734
2023-03-09,1.4920101436649211,1.5161753358674466
2023-03-10,1.395761598481696,1.5315020568248832
2023-03-11,1.3214552270209843,1.5391179134284267
2023-03-12,1.541440683411061,1.4651174905323192
2023-03-13,1.414846394720578,1.515827777848583
2023-03-14,0.9683294849944565,1.4425075442004331
2023-03-15,1.246545008514865,1.5266865058479706
2023-03-16,0.9229692752278003,1.395740136363716
2023-03-17,0.2840581624409941,1.4828828817993394
2023-03-18,1.0353911774247377,1.3859278533563872
2023-03-19,0.9359206832704011,1.1738560279880255
2023-03-20,0.9762650703071362,1.5452681433187991
2023-03-21,0.9310480318961177,1.4595349225383625
2023-03-22,0.9292180237336891,1.5268404795714832
2023-03-23,0.5928231245011901,1.3856879937798199
2023-03-24,1.0312188272370544,1.5394133179435994
2023-03-25,1.592196239290109,1.5224756052110295
2023-03-26,1.3763122027572754,1.5329502284680039
2023-03-27,0.8293563144690917,1.5256938338135713
2023-03-28,1.3438970890008264,1.3150335198798697
2023-03-29,1.5941275112252107,1.521110174190651
2023-03-30,1.5311314842290669,1.5513498531968208
2023-03-31,1.1723204158565268,1.363113505721837
2023-04-02,1.5962398570539256,1.5224933030331478
2023-04-03,1.3655380895152902,1.3072833351871598
2023-04-04,1.5999073459070239,1.5224781472464572
2023-04-05,1.5530124592459775,1.53812807073631
2023-04-06,1.4301058472935477,1.1968742989703338
2023-04-07,0.8064032759987853,1.5338158348763729
2023-04-08,1.599704394544017,1.5350876542954268
2023-04-09,0.9144056257419363,1.5469193991634533
2023-04-10,0.5380285938493942,1.5255216683206188
2023-04-11,0.7385646504750314,1.5391507283032568
2023-04-12,0.8748985706095075,1.3561428031946872
2023-04-13,1.2000703380208593,1.5166428209788545
2023-04-14,0.8491137583851986,1.5244629482096845
2023-04-15,1.587304197733267,1.5351002689649285
2023-04-16,1.4776006370583985,1.5192958165448227
2023-04-17,1.5995679143057306,-0.39900773287431957
2023-04-18,1.2874094013168325,1.3480581110098462
2023-04-19,0.9604090699232425,1.5288260591515819
2023-04-20,1.5451418085871962,1.535461701737359
2023-04-21,0.00027028251636920905,1.535118157646541
2023-04-22,1.5977286726838376,1.1343178466888424
2023-04-23,1.4537432688739824,1.5187327955718408
2023-04-24,1.240826702295085,1.5466326125692231
2023-04-25,1.599758669446225,1.5161733939031685
2023-04-26,0.9464404820127691,1.2736430541799244
2023-04-27,-0.37999275766688856,1.537753620373357
2023-04-28,1.2298074760457145,1.529748824924283
2023-04-29,1.2531766207051014,1.5351738277710858
2023-04-30,1.0472260832272806,1.522490761586263
2023-05-01,1.1756065765315191,1.4872612776969487
2023-05-02,1.468317858786544,1.3998143434672294
2023-05-03,1.2923568277745177,1.5256342655233484
2023-05-04,1.2682665406322071,1.4232054107366923
2023-05-05,1.0779909816425668,1.5389922179643007
2023-05-06,0.4564102281200932,1.4972880767462051
2023-05-07,1.1528030270026604,1.5242909982349069
2023-05-08,1.3575294568118703,1.5391706177829165
2023-05-09,1.1294993600777248,1.3515716145767622
2023-05-10,1.6005482911568227,1.4978999464751093
2023-05-11,1.5992944658899269,1.4834902684033473
2023-05-13,1.598589862511281,1.5256284745863278
2023-05-14,1.4409238376411113,1.535101737028519
2023-05-15,0.8027541628431845,1.535087368322629
2023-05-16,1.432598247824422,1.396132957526104
2023-05-17,1.5958917708375644,1.155263109491262
2023-05-18,1.246763424264648,1.4662232805596116
2023-05-19,0.8405494364638342,1.2820173024737276
2023-05-20,1.59392484856737,1.5199485625759863
2023-05-21,1.5972125684749485,1.535084826228984
2023-05-22,1.4997644822977507,1.522612675262914
2023-05-23,1.5449190962191874,1.5199485626458467
2023-05-24,1.5618146941189592,1.535087368322629
2023-05-25,1.5026989386184768,1.5298197996376246
2023-05-26,1.0130056208622158,1.4566586059259887
2023-05-27,1.408440687401329,1.5350920011084803
2023-05-29,0.7901453133297419,1.525800833470622
2023-05-30,1.1361714092499813,1.516183652199909
2023-05-31,0.17769279617531225,1.5351047960054662
2023-06-01,1.2804102025674209,1.5275233321618278
2023-06-02,0.9002540623534375,1.5188965170928772
2023-06-03,1.565985024924124,1.516177063885742
2023-06-04,1.2343310923314672,1.5480694940084023
2023-06-05,0.7649323882295975,1.5351043828675892
2023-06-06,1.1898662299459999,1.34082817882418
2023-06-07,1.2146963882703241,1.4399818893148926
2023-06-08,1.1706568505146637,1.3000235653508625
2023-06-09,1.5385217495548327,1.5375594012580727
2023-06-10,1.5885032963156338,1.5131716893112472
2023-06-11,1.2846542725057173,1.5418815409705207
2023-06-12,1.221939494710771,1.529683416483676
2023-06-13,0.798059926748359,1.516181090267166
2023-06-14,1.4301603535006615,1.52725207888303
2023-06-15,0.9870723254664558,1.5296986660390723
2023-06-16,1.5946510847779756,1.2919818470956141
2023-06-17,1.5249678161765359,1.5456575130908654
2023-06-18,0.5330486379568167,1.5224678837848427
2023-06-19,1.2055295569790574,0.9161447703308195
2023-06-20,0.5675645349099195,1.2678543593961227
2023-06-21,1.4532422611902802,1.2757477314303596
2023-06-22,1.3328123671197325,1.52071203187117
2023-06-23,1.1530028906906422,1.5249690800423092
2023-06-24,1.5981413153600468,0.621813201178555
2023-06-25,1.198260089841497,1.167566613004249
2023-06-26,1.3183378441034022,1.5419118206874223
2023-06-27,1.417118761369066,1.528355291763425
2023-06-28,1.4960065216065899,1.5999584706616372
2023-06-29,1.3249443635452816,1.5329170187878562
2023-06-30,1.1626267240682706,1.525636100430655
2023-07-01,1.5177285261567466,1.5184113269509778
2023-07-02,1.500464834638947,1.5351799335569452
2023-07-03,0.7729721026429774,1.5486141364026607
2023-07-04,1.1394531113818476,1.5463908974043146
2023-07-05,1.5596195558116557,1.3050387193336057
2023-07-06,0.6317846032477704,1.3907149034522053
2023-07-07,1.5951914732513757,1.535079742041694
2023-07-08,0.6745740193363496,1.5204346294410795
2023-07-09,-0.26874655092113314,1.522470425878488
2023-07-10,1.599683683241403,1.4997754427923304
2023-07-11,1.5966309221546826,1.1980051277482449
2023-07-12,1.1027290543585808,1.1647902534450174
2023-07-13,1.3898618262774152,0.8060570398149306
2023-07-14,0.059318058628964276,1.204592483609505
2023-07-15,1.5932085545346917,0.5639958157951537
2023-07-16,1.5926184930455716,1.1363482883921439
2023-07-17,1.5924191204705862,1.5559251471423414
2023-07-18,0.6409286874774114,1.2523348058887855
2023-07-19,1.2055756439936585,1.5292790164381418
2023-07-20,1.5972151974423299,1.5417904580087654
2023-07-21,1.576164976887804,1.1815628201836739
2023-07-22,1.5926100740056468,1.5224755100075609
2023-07-23,1.069458797485827,1.392765728991151
2023-07-24,-1.5993675523153776,1.4972365409902058
2023-07-25,1.383646551092442,1.2509328114407503
2023-07-26,1.5999270676546784,1.201280785817444
2023-07-27,1.2400757391268424,1.5161619546564173
2023-07-28,0.7739980510056409,1.5393854229498987
2023-07-29,1.5989514533928038,1.535087368322629
2023-07-30,1.598861723779895,1.1513211744565384
2023-07-31,1.0421766081844732,1.5439149465014896
2023-08-01,0.6424752761654343,1.5411779760853093
2023-08-02,1.5307314558317942,1.5602820484088444
2023-08-03,0.6822165657473012,1.1643611530236693
2023-08-04,1.3962673199440778,1.5253741954110012
2023-08-05,1.4966750632241677e-05,1.496675064745953e-05
2023-08-06,1.3099361143644304,1.5673127338085402
2023-08-07,-0.3154317620572124,1.5067011543935453
2023-08-08,0.8580605111844847,1.5885879415334019
2023-08-09,1.5969953994598347,0.8512450513276058
2023-08-10,0.3164598681761276,1.5302974673458967
2023-08-11,1.5850232238510136,1.5984165053281174
2023-08-12,1.588189998618342,1.2435540981002682
2023-08-13,0.8799074101220357,0.04261916218962377
2023-08-14,1.5772531248311812,1.5383509840728666
2023-08-15,1.279757726564266,1.5571604642226058
2023-08-16,1.5884667007845161,1.5653664975923975
2023-08-17,1.1624951764270945,1.2723767496016782
2023-08-18,0.7199593699109182,1.5161465774589689
2023-08-19,1.597364274733486,1.51615814151595
2023-08-20,1.499399706456398,1.5512530134513152
2023-08-21,1.5819566112429237,0.7486315754133955
2023-08-22,0.9037635643553837,1.3074949464653443
2023-08-23,0.962541571263762,1.5270730181343901
2023-08-24,-1.5987778104967563,1.4972365409902058
2023-08-25,0.7995289864868658,0.7486333802741911
2023-08-26,1.5975139931915943,1.5998726391566915
2023-08-27,1.5400471311927557,1.54014803592534
2023-08-28,1.5300556083461816,1.5671787744790482
2023-08-29,1.1835109308979908,1.2030683555428643
2023-08-30,1.5995904267138845,0.4110332361357893
2023-08-31,1.3433901796268617,1.2127897917656414
2023-09-01,0.029756636522846918,1.5440373123558173
2023-09-02,1.1994721598671736,1.5503634524085153
2023-09-03,1.2795092856673769,0.9195931027593318
2023-09-04,1.5433503497985945,1.2225984117401918
2023-09-05,1.5909043311697149,1.53510007838334
2023-09-06,1.2105637949986565,1.542402597314033
2023-09-07,1.5909063796479301,0.03377425408600683
2023-09-08,1.417150849508399,1.5433105135595226
2023-09-09,1.5964091875305257,1.535087368322629
2023-09-10,1.5655955314067875,1.4972441672711407
2023-09-11,1.2184025707781108,1.1901430148372023
2023-09-12,0.8165660768683071,1.5162438903759263
2023-09-13,0.7583268160718778,1.553440577410754
2023-09-14,1.5999771132178802,1.544112295972824
2023-09-15,1.5873541570518648,1.535087368322629
2023-09-16,1.5980219381704168,1.5993753064285057
2023-09-17,1.595718050957311,1.542149526664178
2023-09-18,1.5997753842163542,1.5485191411246726
2023-09-19,1.5742075031351845,1.5440301016927327
2023-09-20,1.5999409072616175,1.5981915365007366
2023-09-21,1.5994664683267816,1.4511924461301935
2023-09-22,0.742967846865636,1.5312799604745744
2023-09-23,1.061209140000843,1.147066949779456
2023-09-24,1.5996359606854589,1.5165352194322006
2023-09-25,1.533983690196745,0.017496600119097094
2023-09-26,1.0941079410751253,1.5161943596716163
2023-09-27,1.5745486234592885,1.5252009038405565
2023-09-28,0.9786230058514189,1.2443205246047346
2023-09-29,1.582760778544145,1.3014259057838116
2023-09-30,0.4895935990999854,1.5098611096570647
2023-10-01,0.5582565678468923,1.5512217213721673
2023-10-02,1.5596735424738704,1.5161657677968847
2023-10-03,1.5991951805857785,1.588885189973916
2023-10-04,1.4878444034910119,1.5098534834343467
2023-10-05,0.6225065674175604,1.5196079502986846
2023-10-06,1.2578231419442834,1.3189202300255072
2023-10-07,1.5382173206373477,1.5350835551821613
2023-10-08,1.5988564706643271,1.5350835551821613
2023-10-09,1.4336266234432493,1.3047885540083621
2023-10-10,1.2575834104750396,1.4496651396332991
2023-10-11,1.1816489917398918,1.219356348029176
2023-10-12,0.8538037466425129,1.5458638928263253
2023-10-13,0.7857389524476699,1.1577540014040304
2023-10-14,1.5994919681451754,1.509856025527992
2023-10-15,1.586774104809184,1.535084826228984
2023-10-16,1.0514598120213516,1.522470425878488
2023-10-17,1.4381737262558003,0.8598386292943031
2023-10-18,1.5998505695202863,1.6000138387534641
2023-10-19,1.5897122839523257,1.516191742516022
2023-10-20,1.5977560321009108,1.5995819379889031
2023-10-21,1.4122172962015922,1.5387724650122085
2023-10-22,1.3643919711170562,1.4624439325099359
2023-10-23,1.0797134638279344,1.5258857722374568
2023-10-24,0.8186670219257437,1.5100320218727639
2023-10-25,0.4967191763454957,1.3167205898781282
2023-10-26,1.5799445733812267,1.5453061936683643
2023-10-27,1.1034628424372508,1.3949589805393268
2023-10-28,0.34734622172568824,1.324107032096887
2023-10-29,1.4573500453517874,1.3906277622154475
2023-10-30,1.362407801842048,1.4207860484636288
2023-10-31,1.3495507744063153,1.5217628784517636
2023-11-01,1.5395409286872632,1.574834896554357
2023-11-02,1.4553301564749048,1.0670027790826762
2023-11-03,0.7232309773028656,1.5372493403321923
2023-11-04,1.2370337878553983,1.0338945869033027
2023-11-05,1.337169143273486,1.584083014957056
2023-11-06,1.221792135287238,1.3524835724450934
2023-11-07,1.0624291353179292,0.5653567186538684
2023-11-08,1.594798447927527,1.5567347243253076
2023-11-09,1.4286099293924226,1.3652240655318162
2023-11-10,0.6446877099326919,1.2432956774067658
2023-11-11,1.2783276641639392,1.541158609401891
2023-11-12,1.141813581900988,0.9096730036832401
2023-11-13,1.594982814726392,1.5067850002860301
2023-11-14,1.599235785955574,1.4105707643561232
2023-11-15,1.3561974501914036,1.451471608027486
2023-11-16,0.9074599835789663,1.52977628226451
2023-11-17,1.2651428976746233,1.2296301019200928
2023-11-18,0.5192994056795013,1.2879825885733476
2023-11-19,1.5748926591834111,1.5350873682644117
2023-11-20,1.0987827277148925,1.5416092808732187
2023-11-21,0.7481942915741088,1.1344886444585507
2023-11-22,0.0020961061058391017,1.552706595882031
2023-11-23,1.5738940649007667,1.5452263687885994
2023-11-24,0.8694342114960779,1.4133671309596685
2023-11-25,0.6993496503014609,1.5300443908845027
2023-11-26,0.65991137486899,1.2426533463910578
2023-11-27,1.2042087197591365,1.0090188917016685
2023-11-28,1.20410837315058,1.047176368183024
2023-11-29,0.6793918522550719,0.9635446535729714
2023-11-30,1.5215115171587734,1.0496914254155274
2023-12-01,1.573466622937112,1.5239876584110328
2023-12-02,1.1979904868391467,1.3022149544027544
2023-12-03,0.8769838105499108,1.5572181370104523
2023-12-04,1.2319459803467758,1.2440361431836622
2023-12-05,0.9703077400489265,1.2965056573750826
2023-12-06,1.1478446959226662,1.3115071639380609
2023-12-07,1.5537302542506262,1.3871181377802144
2023-12-08,1.2652943190990906,1.2848917254603696
2023-12-09,1.18145488416365,1.5197443981356809
2023-12-10,1.196066370370113,1.0379869415444065
2023-12-11,1.1720325024520033,1.3770937295566457
2023-12-12,1.3283985285596105,0.827947933268116
2023-12-13,1.2887646832862651,1.5070227401116196
2023-12-14,1.3384053508759033,1.4652749489205563
2023-12-15,1.5831679426076093,1.5621394650113254
2023-12-16,0.3422723870891802,1.5640555262191267
2023-12-17,1.0629302272283583,1.3751802841361176
2023-12-18,1.5029136102566851,1.3484265766075605
2023-12-19,1.1957916868722536,1.5490123119483883
2023-12-20,1.3695173947393622,1.3831925239317917
2023-12-21,1.4424120331631958,1.5599492073586931
2023-12-22,0.93983290171142,1.4330774760716405
2023-12-23,1.4459431384866857,1.0651060379006714
2023-12-24,0.9584399963675302,1.370686589918854
2023-12-25,1.262769948443832,1.3425582490451358
2023-12-26,1.3035066820749905,1.1068262299623293
2023-12-27,1.2759407660992546,0.8949458529171939
2023-12-28,1.1752105319237058,1.3136706509618423
2023-12-29,1.3661752752839305,1.3339163303087975
2023-12-30,0.7362526023720901,1.3500775284158968
2023-12-31,1.1560423812521232,1.53322681680677
2024-01-01,1.4341844328062703,1.4563263883792492
2024-01-02,1.2687050234287252,1.2494818053985797
2024-01-03,1.359587220906622,1.381501211480081
2024-01-04,1.0274403479523055,1.1720629127573046
2024-01-05,1.0787550795210012,1.167199280649173
2024-01-06,1.3022103944563297,1.5377123154298948
2024-01-07,1.2751881540997223,1.5258028090484064
2024-01-08,1.0928864356672066,1.537913405804062
2024-01-09,1.4446103332969764,1.258271099136659
2024-01-10,1.3470446136715486,1.3138893250089019
2024-01-11,1.0660046189680554,1.442617328772081
2024-01-12,1.0668297276004723,1.3891667498902316
2024-01-13,1.2569725279437254,1.5540503530371366
2024-01-14,1.5425097221867006,1.1443318856834293
2024-01-15,1.2404376529265448,1.4166223812594565
2024-01-16,0.9734607876686762,0.14012387874117938
2024-01-17,1.3564656468607459,1.4588029463459997
2024-01-18,1.279549309503574,1.4015484130832538
2024-01-19,1.0417660430263709,1.3113706947315191
2024-01-20,1.4378540416212677,1.544008387972238
2024-01-21,1.2040512014837863,1.532691021629326
2024-01-22,1.1254294358594197,1.0699882855948488
2024-01-23,1.103934659716377,1.511098630616605
2024-01-24,1.1790831954235186,1.5031870253238895
2024-01-25,1.3570083421692256,1.409655189809021
2024-01-26,1.05424337865862,1.5486123086960548
2024-01-27,1.1026708791158641,1.5389186144525502
2024-01-28,0.7996345050177941,1.5228323971396
2024-01-29,1.0588457341546458,1.2474636393378296
2024-01-30,1.0672868985565793,1.2081462747038556
2024-01-31,1.5940540429192342,1.5225549332350143
2024-02-01,1.57443143442479,1.286339525983543
2024-02-02,1.535667876422337,1.1002124657249743
2024-02-03,0.9069071994587363,0.8239841143606993
2024-02-04,1.5160751069238723,1.5532363510614347
2024-02-05,1.5534865092537387,1.5501728967618706
2024-02-06,1.3699661126885083,1.5371730404623645
2024-02-07,1.595960225110328,1.2875603463573273
2024-02-08,1.2005034043289826,1.5483773288432596
2024-02-09,1.3411643524819108,1.1749186938856757
2024-02-10,0.9953121817576931,1.0443339436700287
2024-02-11,1.420326456342696,1.475192339618633
2024-02-12,1.2940505310740311,1.293559724175107
2024-02-13,1.1591362136808327,1.1632521635354796
2024-02-14,1.3540717129707163,1.2450755608044928
2024-02-15,1.2223130957807495,0.9405047829127067
2024-02-16,1.5013911806090467,1.2254930069949719
2024-02-17,1.1431513236369693,1.4862947198364984
2024-02-18,1.192594435063444,1.1789239548643795
2024-02-19,1.0304164806534317,1.554505263163571
2024-02-20,1.0626186614207014,1.2989164253393073
2024-02-21,1.2616363103586117,1.534283778499139
2024-02-22,1.2960716848690312,1.3595530601283043
2024-02-23,0.5754431133348145,1.0628376366313619
2024-02-24,1.5711920180390702,1.1860652822341224
2024-02-25,1.3299286502455265,1.5574720636254513
2024-02-26,1.148644180337273,1.2053447023948052
2024-02-27,1.3673211861033918,1.1933021724031427
2024-02-28,1.303656215402432,1.4114527517731317
2024-02-29,1.175194697798827,1.2158316863721084
2024-03-01,1.398834274880188,1.491328738048803
2024-03-02,1.3743364982540478,1.4621122217500317
2024-03-03,1.1744807109422375,1.2897824309333605
2024-03-04,1.0791388145551413,1.2157440068423973
2024-03-05,1.1214035152934696,1.238548707748807
2024-03-06,1.1937960827209106,1.3431752093862381
2024-03-07,1.0293722229324296,1.3236337246669414
2024-03-08,1.4256080330783,1.2754492279758627
2024-03-09,1.1450308578711441,1.119161327794667
2024-03-10,0.8376973709307969,1.394462187698129
2024-03-11,1.0381111804558996,1.2426684623726088
2024-03-12,1.4634221340365396,1.3811890559420437
2024-03-13,1.115664714711418,1.2442952133259884
2024-03-14,0.8991810740075118,1.4077015174019532
2024-03-15,1.3828578612648261,1.2289469093480836
2024-03-16,1.1557365953330305,1.145909803531043
2024-03-17,1.3167524533180046,1.3468493507265775
2024-03-18,1.2177597678494452,1.332425250973285
2024-03-19,1.1651112046198524,1.4186720168428695
2024-03-20,1.0895870310047193,1.2850291936238754
2024-03-21,1.5939535270302694,1.359488432113186
2024-03-22,1.0843098571644831,1.206699786916067
2024-03-23,1.3685989922046846,1.1306484153028973
2024-03-24,1.4040522956368873,1.5230326256521312
2024-03-25,1.1638004795997174,1.2015850546770306
2024-03-26,1.193831512797363,1.4725684061108177
2024-03-27,1.0038193324220002,1.4871085953166383
2024-03-28,1.1861592442482007,1.414716746296467
2024-03-29,0.7158854930725582,1.4628697068445498
2024-03-30,0.7306248316227468,1.5615329806220914
2024-03-31,0.737663240074496,1.5254620347344892
2024-04-01,0.9279000475059839,1.5010631881625893
2024-04-02,1.4505417317405882,1.2397909483623033
2024-04-03,0.9964256837590799,1.2474522499682559
2024-04-04,1.0883167404624094,1.440102058794621
2024-04-05,1.593136046065672,1.2576215161476716
2024-04-06,1.5891586027029814,1.3288448161775825
2024-04-07,1.5381995680540341,1.5311214100854735
2024-04-08,1.2682363750640022,1.2769134754720863
2024-04-09,1.5347293175793482,1.4443048627658837
2024-04-10,1.0570505456547965,0.7762240643013957
2024-04-11,1.0555710872442323,0.9082851366744511
2024-04-12,1.3950188406296393,1.5509717368804703
2024-04-13,1.0854775762957831,1.2053238375074882
2024-04-14,0.8202461654414018,1.240583513271334
2024-04-15,1.2600459005081446,1.291874449909498
2024-04-16,1.3061816951224048,1.116834945020935
2024-04-17,1.269948449734622,1.3470275682683015
2024-04-18,1.2119374313194788,1.3521066005150786
2024-04-19,1.140262622342139,1.1876040898945082
2024-04-20,1.0254043505575654,1.1323899333775551
2024-04-21,0.7665315548073276,0.9296492749780612
2024-04-22,1.368141892594187,1.0777763884642106
2024-04-23,1.1219439433442755,1.3460769335605784
2024-04-24,0.5842639599307821,0.7477073217586797
2024-04-25,1.4054045861619213,1.5694126260825794
2024-04-26,1.2470364308477775,1.2732520921828223
2024-04-27,1.5993986984504538,1.1134328139873917
2024-04-28,0.5517927128227973,0.6865959582612005
2024-04-29,0.9200214335134302,1.5409852140135725
2024-04-30,1.0977710003850625,1.080709157632641
2024-05-01,1.0633606706273717,0.9639948854945333
2024-05-02,1.424421835935308,1.0569373723079158
2024-05-03,0.9448911717482622,1.246469312625192
2024-05-04,1.1936388861658993,0.3483271198263311
2024-05-05,1.600080012023053,0.12876699854273088
2024-05-06,1.1825167662470388,0.6863058913357308
2024-05-07,1.3968246917900111,1.5395713202263384
2024-05-08,1.1948928323883201,-0.0010552543814386528
2024-05-09,1.5912193254083602,1.3183065655101853
2024-05-10,1.3095523792221204,1.2713295876141169
2024-05-11,1.576521464294914,1.2231553497796839
2024-05-12,1.59742053021042,1.5229755926823056
2024-05-13,1.380071946022106,1.332321151135741
2024-05-14,1.1749799322358576,1.3846191429085006
2024-05-15,1.3613253678280155,1.3930184342759269
2024-05-16,1.3543530595813913,1.168652069324384
2024-05-17,1.1317481248773869,1.4524495082285482
2024-05-18,1.2966033243287922,1.2989615451495402
2024-05-19,1.485881659557073,1.2116215842952864
2024-05-20,1.4501259588587596,1.0696934869587817
2024-05-21,1.5824520740803154,1.3326720036131314
2024-05-22,1.3236530722568294,1.5319143125629233
2024-05-23,1.366089255558715,0.9991460798506742
2024-05-24,1.3057700708753968,1.1436938291895227
2024-05-25,1.5829458242679315,1.3789306691617051
2024-05-26,0.8062380433732197,1.3914071960231247
2024-05-27,1.2725724468470505,1.5446027857510822
2024-05-28,1.5745629049261296,1.5335385756236664
2024-05-29,1.5459072393869675,1.2887613504169286
2024-05-30,1.4741211627749042,0.6234095532694891
2024-05-31,1.4553078172300598,0.7705997944724854
2024-06-01,1.5506989979087564,1.1533517701800249
2024-06-02,1.593081105634902,1.5411078258531998
2024-06-03,0.348677044417047,1.5533111936175734
2024-06-04,1.272514998557336,1.3308241946256167
2024-06-05,1.26499849952548,1.2250648242587592
2024-06-06,1.344266887302961,1.1098129832673413
2024-06-07,1.4904725753110717,1.2894903860221227
2024-06-08,1.4271754496763858,1.539730341908853
2024-06-09,1.5905666550003463,1.5561504413732254
2024-06-10,0.6166282903550273,1.0109920846045946
2024-06-11,0.6917156398840387,1.0778739170903378
2024-06-12,1.3752819394034148,1.380156832619742
2024-06-13,1.4598038818970773,1.3296376686726512
2024-06-14,0.658466263501795,0.8785547206114774
2024-06-15,1.5061679255507996,1.5583066803990726
2024-06-16,0.9176848537878164,1.2723124765860596
2024-06-17,1.5884189917343199,1.5674640040854477
2024-06-18,0.6414173603915391,1.5261975891604997
2024-06-19,1.4107131518309777,1.2190934348360258
2024-06-20,1.4310860346954202,1.3711515629017275
2024-06-21,0.567947868169885,1.57202002669321
2024-06-22,0.8000822650786116,1.5098619569051825
2024-06-24,1.5754009443285502,1.0231291193665697
2024-06-25,1.5859086426165385,1.1421509003285664
2024-06-26,1.0766582831512983,1.3674453411834782
2024-06-27,1.265190318800082,1.4166512748893065
2024-06-28,1.2975067930595328,1.5441102248600858
2024-06-29,1.519729502916666,1.5728664309111025
2024-06-30,-0.7948002957789487,1.5637801809657608
2024-07-01,0.9541786756192469,1.5569138991320473
2024-07-02,1.0611842207131008,1.5200184295202568
2024-07-03,1.5848129227313918,1.1119587447651238
2024-07-04,0.43411620752950664,1.3541026707224237
2024-07-05,0.8428365524863695,1.5212954950251227
2024-07-06,1.0694833310015242,1.260361025666281
2024-07-07,1.5902084312735503,1.5673542832180725
2024-07-08,1.4074278692724032,1.3987313761482225
2024-07-09,1.5681273120036143,0.9303217227554054
2024-07-10,1.5983020866151625,1.3036111220151057
2024-07-11,0.6147259851589745,1.4228185127118733
2024-07-12,0.00763971357391386,0.8083980623026193
2024-07-13,1.2062834088347598,1.5321101908212507
2024-07-14,1.5982325746876944,1.5385078858566075
2024-07-15,0.8617802939867258,1.5364844100814967
2024-07-16,1.387925773850616,1.5510838874598378
2024-07-17,1.5856985095207954,1.368122909180872
2024-07-18,1.5714473007236653,1.309353858417442
2024-07-19,1.3682206541679724,1.3411654846097842
2024-07-20,1.5960920361311393,1.5427582485364586
2024-07-21,1.0378422643350271,1.352041103021123
2024-07-22,1.2424481870626658,1.4541709822071123
2024-07-23,1.6000046778902146,1.535079742041694
2024-07-24,1.253321772237794,1.3421047357762488
2024-07-25,1.5977014570304355,1.5210832158494558
2024-07-26,0.9008319457484405,1.1351795418371546
2024-07-27,1.1982425959494098,1.1581425354987798
2024-07-28,1.0113890384614455,1.5288144408982356
2024-07-29,1.2396422580810702,1.1890154183486539
2024-07-30,1.1920431941506868,1.5395265928892565
2024-07-31,1.5796470503533804,1.009429769273535
2024-08-01,1.5573041302020085,1.5367796739879371
2024-08-02,1.4420854258867368,1.0063718025443318
2024-08-03,1.5705308368170559,1.2410849066733982
2024-08-04,0.17121536054579042,1.5350924523934848
2024-08-05,0.8491849825516152,1.1020236247736446
2024-08-06,1.4206195568073448,1.1406631771409574
2024-08-07,1.2402875779270426,0.972627095252492
2024-08-08,1.5838111009460891,1.3202024076404464
2024-08-09,1.5684844999094563,1.0375961635513256
2024-08-10,1.6033563119883736,1.1764854432673684
2024-08-11,1.2412804485142204,1.1215050526560433
2024-08-12,0.6283281661489061,1.157924243558366
2024-08-13,0.8718723250605177,1.0860677097828002
2024-08-14,1.0464667280907465,1.3789599483249253
2024-08-15,1.3223743773572334,1.570679735734777
2024-08-16,1.2244924529279813,0.8936248433152857
2024-08-17,0.8844209844782022,1.553298187805455
2024-08-18,1.5395250106852756,1.535087368322629
2024-08-19,1.4083798231246067,1.5324008861593776
2024-08-20,-0.423461461701592,0.5820721577558126
2024-08-21,1.5970466126862217,1.3811693170087724
2024-08-22,1.1960442459985003,1.5416793808074356
2024-08-23,1.2468551233201757,1.1380442388725875
2024-08-24,0.7270324686199666,1.5705140352461704
2024-08-25,1.6002792223823152,1.6004115364736515
2024-08-26,0.9808274139648132,1.2444071430811896
2024-08-27,1.502744732623153,1.5640906411861177
2024-08-28,0.8221770216376981,1.403837406308005
2024-08-29,1.4094504607218705,1.552918180082251
2024-08-30,1.269841002981865,1.5403380596813971
2024-08-31,0.9771748243903942,1.3196565349305978
2024-09-01,1.5995017251364478,1.5161657677968847
2024-09-02,1.5982801147305752,1.5287827101537002
2024-09-03,1.5962304779176957,1.547003239673748
2024-09-04,1.3010769098279766,1.5837505486229277
2024-09-05,1.5887033402212836,1.2476663165655755
2024-09-06,1.1268854779632513,0.9371552102311107
2024-09-07,1.4946467100031195,1.567474178206198
2024-09-09,1.4982484454492373,1.2282302083095207
2024-09-10,1.5244510050342257,1.5108399148085134
2024-09-11,1.1982333605344806,1.2328008971445945
2024-09-12,1.2194838233050918,1.1913333932601349
2024-09-13,0.8768546121818258,1.2685982711562171
2024-09-14,1.2933161989464665,1.5578554679631562
2024-09-15,1.5916145240480406,0.2894646461582046
2024-09-16,1.5915613659918106,1.453563280694273
2024-09-17,1.3684211134955315,1.110011045944928
2024-09-18,1.2889608313916223,1.2442979180131855
2024-09-19,0.7004187704560049,1.0471782794781912
2024-09-20,1.5798799609700094,1.5672999372773795
2024-09-21,1.0933591916669116,1.54386202170039
2024-09-22,1.094626058867304,1.1548740213298447
2024-09-23,1.599630573410118,1.5161846895652564
2024-09-24,1.186363368400423,1.1500528532407837
2024-09-25,1.4215337288902385,1.1063347613436312
2024-09-26,1.5857444627191053,1.5451190314780892
2024-09-27,0.9024090324878232,1.5127870640247525
2024-09-28,1.1996934114968216,1.5470426022638546
2024-09-30,0.9259605570479071,1.4022706253492865
2024-10-01,1.5646285614920092,1.5296822861376995
2024-10-02,1.5693573479835503,1.4657593121871368
2024-10-03,1.4161413747240275,1.2377241901389797
2024-10-04,0.7053071418217058,1.5427243349085664
2024-10-05,1.530220924271339e-05,1.5991698824708913
2024-10-06,0.1746017549849835,1.4073818405384044
2024-10-07,1.2305762114407637,1.5846413477969186
2024-10-08,1.059326696473395,1.4590770365461716
2024-10-09,0.7983998246016643,1.5643343685466797
2024-10-10,1.600003066315636,1.535079742041694
2024-10-11,0.9858911358880106,0.7773393491146892
2024-10-12,1.2584191204148916,1.341453999907492
2024-10-13,0.8080344410071137,1.522508552568347
2024-10-14,1.1688349463292937,1.2633470250852512
2024-10-15,1.3291675438769726,1.5489731293637847
2024-10-16,1.5454815260334078,1.4394237328912727
2024-10-17,1.2727993055540856,1.5215231508348388
2024-10-18,1.4070536059231076,1.481845808926433
2024-10-19,1.5987754521034965,1.4617091664002637
2024-10-20,1.423158910373602,1.3496823667878373
2024-10-21,1.568857486109488,1.3147633214199437
2024-10-22,1.4000259397874593,1.0879503599388107
2024-10-23,1.143806353163846,1.5350923570152883
2024-10-24,1.5780770583425234,1.5751704475167092
2024-10-25,0.7952666498588604,1.1806524804761092
2024-10-26,0.9169981234672463,1.1364938526959358
2024-10-27,1.5887724342191751,1.544024946261996
2024-10-28,0.9030447034330317,1.2153455182044817
2024-10-29,1.4872596578301123,1.5319626756543065
2024-10-30,1.0902937385753144,1.3260423722164199
2024-10-31,1.1595058715581912,1.2635781401635289
2024-11-01,1.1642301362798337,1.1107944096847655
2024-11-02,1.2061853823818758,1.4519693499607011
2024-11-03,0.9437392399570201,0.8377334520259753
2024-11-04,1.0736457892142437,1.208218527489558
2024-11-05,1.0115214191179822,1.2379819987812013
2024-11-06,1.1764864826363255,1.1651486404645728
2024-11-07,1.2128478440938828,1.2316431912761374
2024-11-08,1.5982766123091339,1.3800376639743086
2024-11-09,1.1808765997813906,1.4719027363028325
2024-11-10,1.330888726770575,1.3288707498994947
2024-11-11,1.1750153996592758,1.3227345842559086
2024-11-12,1.1547874514974477,1.2893376640831176
2024-11-13,1.1928528287531877,1.3459697601653977
2024-11-14,1.1823027848590995,1.1151103647585296
2024-11-15,1.272478066439207,1.357598310093319
2024-11-16,1.57779179778915,1.274837639020987
2024-11-17,1.36093273133147,1.04044378488356
2024-11-18,1.415635574875486,1.4109395523123573
2024-11-19,1.2686270292157882,1.1941444074228573
2024-11-20,1.3517002458701148,1.3927541791208444
2024-11-21,1.2847181439187818,1.1516783039776939
2024-11-22,1.1637885734972084,1.17972918213697
2024-11-23,1.0626469890873018,1.4045343612414176
2024-11-24,1.4148244845014268,1.2077843657524459
2024-11-25,1.4808723588404082,1.2554229838886448
2024-11-26,1.236902004659152,1.4942980576308835
2024-11-27,1.303169274345457,1.1326732769443624
2024-11-28,1.3655916476813783,1.564147390845771
2024-11-29,0.9811967134081573,1.18207199232621
2024-11-30,1.289281222497593,1.379757599090362
2024-12-01,1.4965532660698806,1.4122670403124602
2024-12-02,1.4440057689382566,1.4379385625931382
2024-12-03,1.1528769443988682,1.5504237668654577
2024-12-04,1.459108493829147,1.2721186867768273
2024-12-05,0.9817825515575915,1.304153084679527
2024-12-06,1.4181719283573748,1.3672662454238154
2024-12-07,1.4126692609494924,1.1629276769171575
2024-12-08,1.2324395665845111,1.5449101537715666
2024-12-09,1.446055397016914,1.324086296668208
2024-12-10,1.308303251675312,1.411282216358159
2024-12-11,1.2567535295745864,1.316167878262639
2024-12-12,0.9647860202635914,1.3142750731072066
2024-12-13,1.4842659735084542,1.5268880669761995
2024-12-14,0.8777312441533048,1.3215714234226574
2024-12-15,1.389855903837298,1.4378247055395033
2024-12-16,1.5376418128262426,1.3736626650871606
2024-12-17,1.0103414493109473,1.3573609589983904
2024-12-18,1.132101500586222,1.4416298628433544
2024-12-19,1.10726141430344,1.1051744081008466
2024-12-20,1.016040445498618,1.4844890153310741
2024-12-21,1.248997062031376,1.5571729534885739
2024-12-22,0.7757583814828214,1.26112049071641
2024-12-23,1.2767031828004032,1.5168756761299609
2024-12-24,1.4998776000823482,1.4010087336476702
2024-12-25,1.1313044117511706,1.250964653227887
2024-12-26,1.3863490609685156,1.531790876977221
2024-12-27,1.0042527586276444,0.9843112322452509
2024-12-28,1.3907715889344594,1.3429160538450515
2024-12-29,1.585637106016468,1.4569570970154446
2024-12-30,1.2979330499070287,0.9322128809392132
2024-12-31,1.2421874351940116,1.1659371225013782
