date,bitcoin_pennystocks_title_score,bitcoin_pennystocks_selftexts_score
2019-01-04,1.600331777218688,1.535410301144083
2019-01-08,1.5917023583053207,0.0031962920899821726
2019-01-11,1.5999596405979086,1.5161702407520523
2019-01-13,1.6000327570534714,1.5351112809835958
2019-01-16,1.6000351918585582,1.5351112809835958
2019-01-17,1.6043513272724221,1.6042979534730157
2019-01-31,-1.4112841244994643,0.003544125755462495
2019-02-09,0.5355108422411761,0.0007395748020032795
2019-02-11,0.5057885460918415,1.6019930519134755
2019-02-12,1.5998562000442886,0.7675971368747245
2019-02-13,1.5921019220894859,4.290833186267014e-05
2019-02-19,0.9389496329745053,1.5992502659197514
2019-02-20,1.5870075515051107,1.6000317858390631
2019-02-24,1.5705558250766447,1.6030603125778469
2019-03-01,1.5550180502701316,1.573808470471733
2019-03-05,1.5392227741261317,1.5985442913349621
2019-03-12,1.5989045922600988,1.6030234823502258
2019-03-13,1.5967856149155801,0.2980870682685137
2019-03-15,1.600401856960999,1.6002072595451833
2019-03-18,1.5996729556902292,1.6006296624696459
2019-04-02,1.602544797786566,1.6024967052630907
2019-04-03,0.7244499980216339,0.799664908043041
2019-04-08,1.6020214126451253,1.600340148545648
2019-04-10,1.5895929190921634,1.5431673261522816
2019-04-11,1.5998669333802247,1.5351112809835958
2019-04-12,1.5991168836977048,1.5922215804211652
2019-04-16,1.5794004483174715,1.5992357305561846
2019-04-17,3.8879783461582195e-05,1.5351112809835958
2019-04-18,1.5855177419836386,1.5993875380403773
2019-04-19,1.6047418343685194,1.6039556685365965
2019-04-27,1.5969185344649777,1.6055238289865956
2019-04-30,1.5869151476401735,0.00037994008987940903
2019-05-02,1.579782197786659,1.5987751340254028
2019-05-08,1.5969630584502583,1.5764396267057978
2019-05-10,1.599863247548974,0.6760044013035246
2019-05-13,1.5993855802169858,1.593183335610075
2019-05-14,3.8879436416712825e-05,0.45906464943526537
2019-05-22,1.600003785010556,1.6000255738246316
2019-05-23,1.6029651446113176,1.4518220395365433
2019-05-24,1.5999607111767833,1.5351112809835958
2019-05-27,1.5982381522524343,1.6004211913670756
2019-05-28,1.6000011434244803,1.5351112809835958
2019-05-29,0.8313631054970231,1.534481075853115
2019-05-30,1.563918782521494,0.35739476887843924
2019-06-01,1.6001103195729696,1.6001567302219388
2019-06-13,1.599391293028916,1.6000731013670788
2019-06-24,1.6000343403315307,3.888200422274967e-05
2019-06-25,1.6081794696597829,1.4790157761391192
2019-06-26,1.6008382719721033,1.5949038486711435
2019-06-27,7.775677916319897e-05,0.7125825535245712
2019-07-03,1.0647061559588087,1.6019514316550556
2019-07-15,0.00011664303480411617,1.5351890261913472
2019-07-21,1.515107655172151,1.540426950814231
2019-07-26,0.24967901081055666,1.5956429658190665
2019-08-07,1.604205884953318,1.6037184152551043
2019-08-08,1.5885976377777689,1.5956326564977266
2019-08-20,1.6000578960398886,1.4984819094644233
2019-08-28,1.600586533552047,1.5905369830930998
2019-08-30,1.5999914409484282,1.5351112809835958
2019-09-17,1.595332715323694,1.5351112809835958
2019-10-02,1.6001751615280753,0.00020796418965360065
2019-10-11,0.00968424281028515,1.5351112809835958
2019-10-15,1.6052602073656281,1.6016246709452138
2019-10-26,-1.5980004733413626,0.002029688023563135
2019-11-21,1.5999617736401268,1.6002398611331425
2019-11-27,1.6008952864585613,1.4963532333408154
2019-12-11,1.599326200869259,1.5350724015719968
2019-12-30,1.60193983707424,1.4908059785706935
2020-01-02,1.5601785331199802,1.5666336450726877
2020-01-07,1.599779508713064,1.5350724015719968
2020-01-08,1.582081161371054,1.5945927137631855
2020-01-11,0.10874821004570165,1.5351112809835958
2020-01-12,-1.5995314113870764,1.5989254703100155
2020-01-19,1.5999815517793643,1.5841855895998855
2020-01-22,1.6002673115691133,1.6003063045965413
2020-01-25,1.5992036864769532,1.60655400580975
2020-02-03,1.6015081675059066,1.597660921465563
2020-02-07,1.5641463524397168,1.5351112809835958
2020-02-10,0.2566860390170153,1.5899813964073195
2020-02-12,0.0001689926461218332,0.00016899266106287856
2020-03-17,1.6006021190734478,0.0010110320882481157
2020-03-24,1.5998351960448594,1.5350724015719968
2020-03-27,1.5988522853865181,1.5961734649623636
2020-03-31,1.599867538117788,0.17370481815567787
2020-04-10,-0.3986045671708864,1.597573585761482
2020-04-17,1.6006777083984234,1.6006044189456152
2020-04-19,1.6023039198016353,1.4763546881730913
2020-04-24,0.977356622728875,1.5987149982786557
2020-04-28,1.6001609391479632,1.3910319014628099
2020-04-29,1.0665356773700572,1.1590058654188253
2020-04-30,1.5995670747957291,0.8071148690505625
2020-05-01,1.066868241382562,1.0593680953473514
2020-05-03,0.8033188640179629,1.599463230285929
2020-05-04,1.599490690330656,1.5603074432460673
2020-05-05,1.5276110239086864,1.3943003910669725
2020-05-06,1.5983660856363138,0.9245081367709185
2020-05-07,1.5994327032892537,0.5523246354168523
2020-05-08,1.333441102234026,0.8741637498441227
2020-05-09,1.5998167088672197,1.5163391905380954
2020-05-10,1.598961306157015,1.5995249008621657
2020-05-11,0.48420433091855036,1.1705686415676047
2020-05-13,0.8002605358453947,1.5206915392516933
2020-05-14,1.4310153491850912,0.6300131577336718
2020-05-17,1.60007115887957,1.535410301144083
2020-05-18,1.573967014205949,1.5351112809835958
2020-05-19,1.1940990326776608,1.5431761888664615
2020-05-20,1.5999491774329349,1.5351112809835958
2020-05-22,1.6003504905761958,1.5357666142372555
2020-05-23,1.5874920323706936,1.536600094795509
2020-05-24,1.60007115887957,1.535410301144083
2020-05-25,1.601424823795324,1.536758481122104
2020-05-26,1.587612169806638,1.5350918412777963
2020-05-28,1.5999007225632649,1.592715494153339
2020-05-29,1.5992377321931104,0.6180649294014637
2020-06-01,1.6001612358740602,0.953273959912458
2020-06-02,1.5717036433771736,0.8121975798830927
2020-06-03,0.0035834916284222915,1.5962460437114856
2020-06-04,0.9518584107693747,0.6358600269866139
2020-06-07,0.003196316601152506,0.0031962862189141594
2020-06-09,1.6213745091249905,1.6213629383336052
2020-06-10,1.6059967889623015,0.020683183803921208
2020-06-11,1.6000159744109366,1.5352413942169423
2020-06-16,1.5995336860683773,1.5352802539039634
2020-06-18,1.598792381222888,0.11402061119504588
2020-06-19,0.8062461947802712,1.5523647036154506
2020-06-20,1.5980082350255216,1.6007811598077415
2020-06-21,1.606182645852761,1.504048821130757
2020-06-22,1.0672225168190226,1.4232971065392295
2020-06-23,1.0696542145279164,1.3067777797765636
2020-06-24,1.575747094931483,1.3900740007013197
2020-06-25,1.5998623373779117,1.5352802539039634
2020-06-26,1.271459687681437,0.9548164859241087
2020-06-29,1.5999493851699342,1.5369266204842824
2020-06-30,1.599914810426999,1.6002637402746827
2020-07-01,1.6002852267905985,1.4979046571409815
2020-07-02,1.6049955359622032,1.5972772003723887
2020-07-08,1.6043627582848161,1.5540410441850112
2020-07-09,1.1255070093595767,1.5495773694632535
2020-07-10,1.6054794892479198,1.6053151110813437
2020-07-11,1.6005489529736279,1.363379421453071
2020-07-12,1.598567935102615,1.161784229744161
2020-07-13,1.5929353032304576,0.7679532936988653
2020-07-14,1.2789027127185857,0.6656117849633448
2020-07-15,1.6003968179156862,1.4976447755278535
2020-07-17,1.600415399687165,1.5166698426409528
2020-07-18,0.8111545015237657,1.5293787369409726
2020-07-20,1.6059540080318926,1.5988424044115614
2020-07-21,1.597742387300796,1.3090736937745329
2020-07-23,1.6008660511540498,1.2757663346794785
2020-07-24,1.5962439351486633,1.039552661101736
2020-07-25,1.6009608105639948,1.004539068397328
2020-07-26,1.455325061656721,1.526579403053148
2020-07-27,1.4639735097868969,1.4266242095351989
2020-07-28,1.4859029261917258,0.6922505732752746
2020-07-29,0.9697623592637941,1.5225697342746125
2020-07-30,1.600942731718974,1.4220700229068572
2020-07-31,1.490864288882857,1.3324948646954233
2020-08-01,1.1442657952332775,1.1325132678171315
2020-08-02,1.2829137965307897,1.1142680195662016
2020-08-03,1.5595882098279275,0.9318824052011219
2020-08-04,1.057220532023991,0.5995250737588897
2020-08-05,1.399608074408911,0.9709795106989209
2020-08-06,1.2780220826546516,1.2550334202324418
2020-08-07,1.6072271949002668,1.5961302030692273
2020-08-09,0.8064376636242543,0.8239434421015219
2020-08-10,1.6019207656102845,1.3063788897233681
2020-08-11,1.599641358683155,0.9406058766433789
2020-08-12,1.5975987315661808,1.5932086689402758
2020-08-13,0.008004506231946078,1.5566010641973727
2020-08-14,-1.2150835996292282,1.5988803541235566
2020-08-15,1.6006173257422407,1.3921349549776763
2020-08-16,1.6027592412331335,0.9887088739849554
2020-08-17,1.5981061795214764,0.9708681445175535
2020-08-18,0.0026381756122061395,1.5731404239202549
2020-08-19,0.9878504966341252,1.5462031718825808
2020-08-20,1.6011202823217932,1.5646628265584483
2020-08-21,1.6012270159383042,0.6009140857639069
2020-08-23,1.5977953566711167,0.9951142891180293
2020-08-24,1.6203255546267625,1.6173726983151107
2020-08-25,1.5978693512076225,0.00562683826313891
2020-08-27,1.601662600674389,1.5503157272633845
2020-08-29,-0.5187896486388214,1.604026804606196
2020-09-01,1.6001839549090915,1.5352667532522324
2020-09-06,1.599970240790912,1.5351112809835958
2020-09-10,1.5999802177649256,1.5998503338912042
2020-09-15,1.5912009475073325,1.5571118750885964
2020-09-16,1.6022511416823937,0.0026416747895217983
2020-09-17,1.599339544970026,1.013822803297427
2020-09-20,1.6010414384956617,1.5362535530500472
2020-09-21,0.0015432359709521284,1.5979251359838356
2020-09-22,1.6000626412672485,0.19941132180650034
2020-09-25,1.5995794683188036,1.5975683121037891
2020-09-28,1.6014718271541084,0.0015529583544657347
2020-10-02,1.600075666905709,1.4973069548048712
2020-10-04,1.600323062247344,1.535747537618313
2020-10-08,-0.39348918500635066,0.8018918869441493
2020-10-09,0.001918110548365729,1.6017713154658688
2020-10-12,1.6010881150475957,0.7535412704632094
2020-10-13,1.601330569913446,1.2519896036650124
2020-10-14,0.0021113462868908926,0.002111351171274738
2020-10-15,1.6023486886333753,0.8424650786119021
2020-10-17,1.5986070164287094,1.5350724015719968
2020-10-19,1.601489311669765,1.6006312878333657
2020-10-20,1.5997413433137515,1.595493057205323
2020-10-21,1.2867498473488157,1.534812699806005
2020-10-22,1.6035341051285164,1.2048171375466483
2020-10-23,0.7972456046966261,1.0094961927254014
2020-10-25,1.6002248481595531,1.1359510886015602
2020-10-27,1.6013507631524868,1.5229996147277411
2020-10-28,1.6015866929158378,1.12179520001666
2020-10-30,1.5868126020558129,1.5969139070643679
2020-11-02,1.5065893705585396,1.6001789060922114
2020-11-04,1.583609458018426,1.5892417755002297
2020-11-05,1.0671583884252276,1.066705909504748
2020-11-06,1.599683236757261,0.9322326674630996
2020-11-07,1.6012851375909951,1.601284189730585
2020-11-08,1.61185084527307,1.6118367822805633
2020-11-09,1.602178386494951,1.573209340270834
2020-11-10,1.5968429151853396,1.5351112809835958
2020-11-12,1.5866276252992568,0.6834925531171581
2020-11-16,1.6042342691566145,1.6028162678493045
2020-11-17,1.600809317422803,1.3530148497545098
2020-11-18,1.151104317667383,0.8792125965448564
2020-11-19,1.565604775613048,1.5963945761084983
2020-11-20,1.6014161099942974,0.4070850803075978
2020-11-21,0.0028353951434334,0.8017860143977334
2020-11-22,1.6041843359749974,1.2086150074740831
2020-11-23,1.578405777269237,0.8362994802172959
2020-11-24,1.5301367142987363,0.8073027622317288
2020-11-25,1.600258523122979,1.1400875406301156
2020-11-27,1.6037388280686677,0.45212348691354515
2020-11-30,1.5913234844275335,1.5980183948249282
2020-12-01,0.860068505029841,0.8660737902434263
2020-12-02,1.6027637250187023,1.6024958284403255
2020-12-03,1.2973232856288612,1.1519577099251712
2020-12-04,1.5992251902213035,1.53304966600161
2020-12-05,1.6002155207696216,1.545173422036736
2020-12-07,0.0004025185223810887,1.6003498305980455
2020-12-08,1.5988063301791833,-0.7454123549380391
2020-12-09,0.5247920423665351,1.1412267500282405
2020-12-10,0.33949798681710935,0.5436947076947125
2020-12-12,1.6006402565215128,0.8022095152815468
2020-12-14,1.6020232269288006,1.0798682233150476
2020-12-15,1.6010848421620634,1.6001546132452498
2020-12-16,1.4788838211133202,0.7873292807317703
2020-12-17,0.952055541604359,1.128438741813281
2020-12-18,1.4641662828862945,0.4162858142294432
2020-12-19,0.8038742480442372,1.5710343504250157
2020-12-20,0.8016841960993805,1.2721214011117414
2020-12-21,1.2827307124077234,1.5156531620321865
2020-12-22,1.5996527320038663,1.2754003724532874
2020-12-23,1.5993281010910938,1.2922692496969994
2020-12-24,1.6011065214901155,1.0662269570648297
2020-12-25,1.565190245291864,0.7928082651689599
2020-12-26,1.289642218634116,1.5789643598147138
2020-12-27,1.5448440467408782,1.1516698333744995
2020-12-28,1.2319924128359807,1.3153123323958396
2020-12-29,1.372330932999321,1.1065536490797914
2020-12-30,0.6661029126724692,1.017817451360155
2020-12-31,1.581837922007115,0.8977352980474785
2021-01-01,1.0321777201451967,1.5809381914031846
2021-01-02,1.4508492122218488,1.232387976328647
2021-01-03,1.6023213804256844,1.5224034615688071
2021-01-04,1.3959819016398378,1.0095431426151278
2021-01-05,1.2760532658843722,1.2515350656670106
2021-01-06,1.5780105501668902,1.1691463138576166
2021-01-07,1.4155837739818573,1.3050892801825291
2021-01-08,1.2947066514436567,0.9578269362825078
2021-01-09,1.5997884480395879,0.833371587921592
2021-01-10,1.4169504070771595,0.839689342213703
2021-01-11,1.450125841481627,1.3921140307452753
2021-01-12,1.3727367801947048,1.409596634351155
2021-01-13,1.432158088713033,0.8691554059488812
2021-01-14,1.4440676502029919,1.3072962131929369
2021-01-15,1.1005627628179024,1.3772636823989892
2021-01-16,0.4039386589030207,1.5619063748299349
2021-01-17,1.164726097261565,1.5795565735873929
2021-01-18,0.0002467078734568965,1.535319109056753
2021-01-19,1.6077536760907343,1.5717584420169615
2021-01-20,0.842074725954335,1.1933430954036939
2021-01-21,1.208783674845602,1.3056816016416406
2021-01-22,1.6001158203680914,1.5163712821394295
2021-01-23,1.618483039882725,1.6185721314686596
2021-01-24,0.977800308662145,1.563868186167001
2021-01-25,1.599029086215339,1.1169762045758174
2021-01-26,1.1515248222211465,1.3950068309053618
2021-01-27,1.597539418188226,1.549128066964593
2021-01-28,1.3638961356692754,1.3612942599012734
2021-01-29,1.3982971199895735,1.5440560650895587
2021-01-30,1.6090196672860066,1.570287358281233
2021-01-31,1.3639193769111657,1.5420016499390672
2021-02-01,1.1854357390443004,1.5415307124968836
2021-02-02,0.975069896451468,1.5408085020978326
2021-02-03,1.325594775678031,1.5311920804433967
2021-02-04,1.2495356603652474,1.5041523494378988
2021-02-05,1.0751871766909258,1.2809431088622674
2021-02-06,1.5193797611490645,1.3911185772265617
2021-02-07,1.5006676370256449,1.542914308272418
2021-02-08,1.185771693559742,1.3949776939357914
2021-02-09,1.199405252808823,1.3774820152416376
2021-02-10,1.0962347887133967,1.4171950916300136
2021-02-11,1.3900128431776977,1.3296313310750634
2021-02-12,1.2829904251956923,1.4048806226198125
2021-02-13,1.2869486264072911,1.3345130689962774
2021-02-14,1.449653701786573,1.5543555277759205
2021-02-15,1.290267419360451,1.4953688815406716
2021-02-16,0.9912420054311184,1.4094320920959296
2021-02-17,1.1605008525500133,1.2536459849793027
2021-02-18,1.1950605874828184,1.3292535325133363
2021-02-19,1.2645151623022792,1.45142805400684
2021-02-20,1.3197885731120946,1.4975438406936918
2021-02-21,1.410527238012025,1.3855899404228609
2021-02-22,1.191857755897859,1.4395922433644137
2021-02-23,1.1756196472536877,1.5564339544223003
2021-02-24,1.113654044811617,1.2192887400660872
2021-02-25,1.2810099322251718,1.3124525610951103
2021-02-26,1.203575373752079,1.446861024799034
2021-02-27,-0.033179240207377704,1.5492057573337819
2021-02-28,1.5962809156527014,1.5592530345018225
2021-03-01,1.2666923765236955,1.4570033231899089
2021-03-02,1.1109217702790304,1.3493320376935527
2021-03-03,0.8413629515679425,1.549507184007435
2021-03-04,1.438462471941163,1.3520641853847235
2021-03-05,1.3302087195297305,1.4397778506458139
2021-03-06,1.5977536655286826,0.9995789928235087
2021-03-07,1.601393162827402,1.1343338391790518
2021-03-08,1.2898132681725143,1.460211273631902
2021-03-09,0.6412599087542705,1.3997924137694902
2021-03-10,1.1668946365922614,1.552053706691103
2021-03-11,1.6012375930653617,1.3970706770525578
2021-03-12,1.1583431934386728,1.3107054917337801
2021-03-13,1.1859444702380832,1.5659778484498528
2021-03-14,1.3693839954527263,1.5365889586078922
2021-03-15,1.4451267869837814,1.3203871362694717
2021-03-16,1.3984759626242127,1.3955594321877614
2021-03-17,1.059202089304544,1.2943939911878217
2021-03-18,1.1970440585547377,1.3071199650944052
2021-03-19,1.5576400976262879,1.4304973728319097
2021-03-20,1.601389282000262,1.1770253860973245
2021-03-21,1.0106784094073225,1.5593940042346144
2021-03-22,1.5543227798398174,1.3400742076773093
2021-03-23,1.0401179158779497,1.5564935536003286
2021-03-24,1.403033102005176,1.1835034494654422
2021-03-25,1.071392307392752,1.3590699231794352
2021-03-26,1.0512849237549575,1.5430488096433934
2021-03-27,1.6006977591477902,1.5451893303198894
2021-03-28,1.0544176468986695,1.5025648142819321
2021-03-29,1.2553149439581262,1.3206799788100156
2021-03-30,1.2853021839845913,1.2297106929682102
2021-03-31,0.8740003668116215,1.2961096825771745
2021-04-01,0.8856900382582692,1.2916518298044148
2021-04-02,0.8284673548157325,1.1444053686631572
2021-04-03,1.599920253325826,1.4972680799321076
2021-04-04,1.531140959810943,1.5643355311625333
2021-04-05,1.6029512807993296,1.5098448906865982
2021-04-06,1.342864334669643,1.282530964784306
2021-04-07,0.952077306115826,0.9785383133920937
2021-04-08,1.0711952246359335,1.1024382220268134
2021-04-09,1.6003746074738137,1.434542700200842
2021-04-10,1.2465330754895314,1.5323484435061108
2021-04-11,0.01832428608801595,0.729155091561457
2021-04-12,1.6001990822059746,1.2211848184393372
2021-04-13,1.223182574832237,1.4008041383904992
2021-04-14,0.4644636774866697,1.4375098945464273
2021-04-15,0.7638856399651688,1.2594672428697276
2021-04-16,0.8203926142974115,1.5282235136212243
2021-04-17,1.6249188708195035,1.60255634918961
2021-04-18,1.2536322311157055,1.3398097717952155
2021-04-19,1.060393164931945,1.4118001681826247
2021-04-20,1.4343257666757756,1.5468302070447852
2021-04-21,1.206069766766995,0.7419868004958649
2021-04-22,1.3334539129661116,1.2777818141533888
2021-04-23,1.607246773404126,1.168223670113585
2021-04-24,1.1287167915548812,1.527755843512749
2021-04-25,1.2048864371399963,1.5455931932227018
2021-04-26,0.800029939131914,1.4972680799321076
2021-04-27,0.8500913737735988,1.525866031768178
2021-04-28,1.1092100449403222,1.2502933324230292
2021-04-29,1.0712045589411403,1.5688996734320488
2021-04-30,0.6432061635751963,1.5155425046190554
2021-05-01,0.8006932800569525,1.51705196134289
2021-05-02,1.5998821597323982,1.4878489577342064
2021-05-03,0.99847219031496,1.202255952874169
2021-05-04,1.1914888188247301,0.7931870831923765
2021-05-05,1.3477708524320666,1.3636084532747317
2021-05-06,1.112413204465302,1.2986827119164377
2021-05-07,1.5874486555379494,1.5445482264408419
2021-05-08,1.6000899824611823,1.5227046559121196
2021-05-09,1.5975932734289353,1.5351112809835958
2021-05-10,1.373454259464348,1.409915756394026
2021-05-11,1.495653497165347,1.3794411629365149
2021-05-12,1.1990160207884537,1.5419794897895223
2021-05-13,1.1542023804104926,1.4165377309279215
2021-05-14,0.2705575493112538,1.5354603303517533
2021-05-16,1.5992868657283814,1.5351957674437795
2021-05-17,1.2225767308903606,1.5352692419545382
2021-05-18,1.5911652728603947,1.5418282097339098
2021-05-19,1.140215088961055,1.539009538363365
2021-05-20,1.3245345553765921,1.221407763177642
2021-05-21,1.433190334395894,1.3860284380233479
2021-05-22,1.6000827821667394,1.5352802539039634
2021-05-23,0.0014892197870615131,1.5639978740286513
2021-05-24,1.2803867093716388,1.5238503205321174
2021-05-25,1.5993176430348155,1.5356637228613448
2021-05-26,1.5119005133484997,1.5351112809835958
2021-05-27,1.1482410447096958,1.432315221470633
2021-05-28,0.03184035978516728,1.1672546743307899
2021-05-29,1.574234618660963,1.5098824802826039
2021-05-30,1.5999093272514453,1.5161896804578516
2021-05-31,0.00020785233196658314,1.5352802539039634
2021-06-01,0.8013601333391861,0.7499867476089913
2021-06-02,1.5976750597303455,1.4863087625181826
2021-06-03,1.284893166431974,1.4152327650007621
2021-06-04,1.59834681390269,1.5426564368323405
2021-06-05,1.289888448186738,1.5226095292466784
2021-06-06,1.5999900447259965,1.5351112809835958
2021-06-07,1.181548526785226,1.5147036248333325
2021-06-08,0.7919811865855196,1.2616025941843347
2021-06-09,1.2013029028652753,1.1690217974076633
2021-06-10,1.2805278148282837,1.2338121628109857
2021-06-11,0.8230831553239659,1.3935382159895255
2021-06-12,1.178267822391781,1.0312939430229247
2021-06-13,0.007027839193294153,0.016237283927468555
2021-06-14,0.8066179289641193,0.981723435604099
2021-06-15,1.0957552949861735,1.2826052033881248
2021-06-16,1.0833329568359285,1.1302011194629593
2021-06-17,0.9192813710546588,1.540183426867551
2021-06-18,1.6005454340415324,1.5948534796920333
2021-06-19,1.0645366627404493,1.510116135299983
2021-06-20,0.27761020031364103,1.4972680799321076
2021-06-21,1.2153361419859263,1.5545136243193283
2021-06-22,0.5344888723660862,1.2150116040353116
2021-06-23,1.6024108941877975,1.338603947627666
2021-06-24,1.0714131512787983,1.548373073706206
2021-06-25,1.3506228301099419,1.5067711234250716
2021-06-26,1.3417589409945117,1.5389440267815062
2021-06-27,1.5987838349349406,1.5351112809835958
2021-06-28,1.6055396112154088,1.5735037920289305
2021-06-29,1.0361054195142705,1.4908478144141502
2021-06-30,1.599704692280763,1.5351112809835958
2021-07-01,0.007836894269632898,1.1628639196119301
2021-07-02,0.6842326132154285,1.557492761957877
2021-07-03,-0.9022818047057393,1.5351112809835958
2021-07-05,1.599455156243876,1.5351450755676694
2021-07-06,1.591183682386796,1.5351957674437795
2021-07-07,1.0123473073716422,1.5448333111097643
2021-07-08,0.9529221498324785,1.4185785588288986
2021-07-09,1.5938755212945923,1.5516014384163295
2021-07-10,1.5990547318508952,1.5352802539039634
2021-07-11,0.009219170563250076,1.4972680799321076
2021-07-12,1.5833777901385666,1.5680116358206666
2021-07-13,1.253064830541503,1.0771702446478495
2021-07-14,1.6004339179201688,1.55182285249184
2021-07-15,0.9842217372485862,1.3436157760030067
2021-07-16,1.5041758878367397,1.5351450755676694
2021-07-17,1.571435952321871,1.5351112809835958
2021-07-18,1.1306961941608784,1.5354491411265296
2021-07-19,0.7552339128483987,1.4774757857310588
2021-07-20,1.5993424599818344,1.5637475455855205
2021-07-21,1.599085512821643,1.5351112809835958
2021-07-22,1.5278157299971618,1.3967734613715335
2021-07-23,1.5990002515362465,1.552114382788795
2021-07-25,1.6001064279304882,1.5162741669180355
2021-07-26,0.995290926655698,1.0772374126320678
2021-07-28,1.2783722146413932,1.2311065406586532
2021-07-29,1.0734112604200954,1.5060130933910483
2021-07-30,1.6016626931402007,1.3011420792370039
2021-07-31,1.6113305761826413,1.5093857539073305
2021-08-01,1.0672428598314259,1.3797018298050903
2021-08-02,1.3111597485786164,1.5508622667863248
2021-08-03,1.600031225991747,1.4972680799321076
2021-08-04,1.6000067687705164,1.4972680799321076
2021-08-05,1.5994346961896988,1.6009843564773996
2021-08-06,1.2309871342010354,1.536799306988163
2021-08-07,1.6002044726214526,1.4974370528524752
2021-08-08,1.6005139400523616,1.593372462904928
2021-08-09,1.5138506877905193,1.522553204939889
2021-08-10,1.3757359231903499,1.298528150630559
2021-08-11,1.1880805162946682,1.083436690958901
2021-08-12,1.0825324119809878,1.5443440230483751
2021-08-13,1.3675150770846776,1.2255023864615173
2021-08-14,1.5826432266492407,0.9004781715939542
2021-08-16,0.8128474468983659,1.5642916844546182
2021-08-17,1.6001999086437884,1.5352802539039634
2021-08-18,1.6008080405565117,1.5743225029424306
2021-08-19,1.6002713247332232,1.5679456704451513
2021-08-20,0.5994255037180609,1.048423011289024
2021-08-23,0.6782202699115619,1.011541206861564
2021-08-24,1.1965618241610267,1.5371976370747855
2021-08-25,1.6022529943686488,1.3659969385650885
2021-08-26,0.6180960842275767,1.52629855274905
2021-08-27,1.2081588425601488,1.5716547761764867
2021-08-28,1.6017929323050921,1.6012125249571085
2021-08-29,1.071754593528441,1.5785202538159429
2021-08-30,1.0183042180947712,1.550367687061616
2021-08-31,1.5998079484374605,1.0339656488430058
2021-09-01,1.4000903292616098,1.5447596171484002
2021-09-02,1.6008831005105078,1.1811414825967852
2021-09-03,1.4501287582044198,0.8792368255732862
2021-09-04,1.066236591188206,1.5790280442151694
2021-09-05,1.6019402182763487,1.6013805667350942
2021-09-06,1.6003916908559797,1.5998263073442573
2021-09-07,1.6052021939378371,1.6046443235631607
2021-09-08,1.5990437379100657,1.3348265693099504
2021-09-09,1.603932353485506,1.6033904814394364
2021-09-10,1.017899633885557,1.5500016542975368
2021-09-11,1.600501990506959,1.6000085316364396
2021-09-12,1.5944288464807679,1.5678517594873225
2021-09-13,1.6073946267293537,1.2944488017335134
2021-09-14,1.5716318090778763,1.28882161594213
2021-09-15,1.6022248498807996,1.0815180117361467
2021-09-16,1.6014264301834389,1.568788579464441
2021-09-17,1.6017378121796115,1.6011738598609473
2021-09-18,1.6006073704949666,1.600047332269626
2021-09-19,1.6005346662355795,1.5576677700344217
2021-09-20,1.6031013554965234,1.581514202641661
2021-09-21,1.6022233903472842,1.6016777894762497
2021-09-22,1.601465078442039,1.6009148864630691
2021-09-23,1.6003340697848838,1.5678321246180884
2021-09-24,1.600234239336507,1.5680588682616674
2021-09-25,1.6004849969332013,1.5489107291180677
2021-09-26,1.600485520326362,1.5999174319549476
2021-09-27,1.6006757451345226,1.568699830311997
2021-09-28,1.601202767413474,1.0033713832527562
2021-09-29,1.6022038974526343,1.601625762518877
2021-09-30,1.202131848495628,1.4810495525292482
2021-10-01,1.6018732274425322,1.5691423894413732
2021-10-02,1.6024132134531324,1.6018321891554725
2021-10-03,1.6018595571876182,1.6012898416836612
2021-10-04,1.6023306316860544,1.5506640615701635
2021-10-05,1.6022358491016062,1.601953567075344
2021-10-06,1.4504576711720258,1.549596542726185
2021-10-07,1.6014229962846065,1.6008761867902275
2021-10-08,1.598738681657332,1.548949259091301
2021-10-09,1.6033855286654157,1.6030533427145697
2021-10-10,1.600826171190316,1.5706532445337544
2021-10-11,1.6013448555351255,1.5686467866448472
2021-10-12,1.600677255210929,1.2953574000601116
2021-10-13,1.6023270097682643,1.5363036594948083
2021-10-14,1.6015685198736902,1.550004738955346
2021-10-15,1.5758137039517794,1.549525077545463
2021-10-16,1.6015057557149526,0.8013468256810627
2021-10-17,1.6017703531235319,1.6012125249571085
2021-10-18,1.0692804650540064,1.573553565207895
2021-10-19,0.9042056620838198,1.4096249029451207
2021-10-20,1.142314569996348,1.3846313122797256
2021-10-21,1.2622416183870704,1.5613697574459116
2021-10-22,0.6372638196222585,1.497838503284014
2021-10-23,1.6013235853669137,1.5686140979282364
2021-10-24,1.600392592947597,1.567683010187853
2021-10-25,1.6049498498569381,1.6043909077455631
2021-10-26,1.6018884575155385,1.1601751344574969
2021-10-27,1.601946966530651,1.601886913521812
2021-10-28,1.0870643399290516,1.3144177392318324
2021-10-29,1.5999449582786036,1.5452620387398275
2021-10-30,1.600350686419759,1.567618248553861
2021-10-31,1.600432096483166,1.5998263073442573
2021-11-01,1.1187782699925697,1.5389670366232833
2021-11-02,1.6008557175075229,1.6002547393921098
2021-11-03,1.5975871472007395,1.5686015102449704
2021-11-04,1.5691032432388343,1.2988938983968839
2021-11-05,1.1428600807278522,1.5176752746593698
2021-11-06,1.6003637203928252,1.5677674966480366
2021-11-07,1.6000548552346507,1.5485540038679768
2021-11-08,1.600820892745131,1.564410615061521
2021-11-09,1.60232372643843,1.0906720777785264
2021-11-10,1.6027567035517774,1.6021809576459347
2021-11-11,1.0531709297951757,1.557007508406867
2021-11-12,1.592459858984544,1.572052719563521
2021-11-13,1.0672811989123123,1.542253921379425
2021-11-14,1.5863272960819628,1.5677607607768276
2021-11-15,1.587501057490277,1.3148857347244678
2021-11-16,1.5921524629150947,1.2687284585774359
2021-11-17,1.6008972234152352,1.5486724113223493
2021-11-18,1.600438645467968,1.303601917934901
2021-11-19,1.601116326467153,1.5599665158372507
2021-11-20,1.6003359203568135,1.5487614096621087
2021-11-21,1.5882803711739242,1.567702396166713
2021-11-22,1.6005492486524433,1.5999562432037584
2021-11-23,1.5456306133986573,1.5446043167828727
2021-11-24,1.6011738981709014,1.600216912654523
2021-11-25,1.6017210849697872,1.6011351902748063
2021-11-26,1.5994165465808186,1.548780795640969
2021-11-27,1.600139513694139,1.5484889472513035
2021-11-28,0.4410080944630075,1.5587560281358437
2021-11-29,1.6003821567861003,1.5677481084117595
2021-11-30,0.7329079089938118,1.567947971575684
2021-12-02,1.278590760441708,1.54396477764338
2021-12-03,1.5968808018291945,1.5352802539039634
2021-12-06,1.5923705047357553,1.5352802539039634
2021-12-08,1.6025447588408337,1.1349468448714504
2021-12-09,1.5979939493740314,1.5483211882455319
2021-12-10,1.2426316293751314,1.4972680799321076
2021-12-11,1.5934104257493678,1.4972680799321076
2021-12-13,1.6005232671615164,0.0005320571423038067
2021-12-14,1.6008183437211108,1.5967614154010885
2021-12-15,1.5978735093146028,1.5352802539039634
2021-12-17,1.599122891010177,1.2510759716047872
2021-12-18,1.5935052394650862,1.5352413942169423
2021-12-20,1.5784103084484125,1.5449917870427234
2021-12-21,3.8879411599018274e-05,1.4972680799321076
2021-12-22,1.5860464912864098,1.5420056703290546
2021-12-25,1.596487358005424,1.4972680799321076
2021-12-26,1.6000935689018803,1.5352802539039634
2021-12-27,1.5993379528638374,1.540121263838702
2021-12-28,0.027009161850672803,0.027010168530744207
2021-12-29,0.7602495651520281,1.5449562226820905
2021-12-30,1.600992254632673,0.0013584043430313242
2022-01-05,0.02155530840703237,1.4983446795579318
2022-01-07,1.5988071477910861,1.5352802539039634
2022-01-08,1.5991522250099732,1.5352802539039634
2022-01-11,0.00046235882359780406,1.4972680799321076
2022-01-12,1.6018345205339184,1.581746500314313
2022-01-14,0.004566453183067921,0.005060072576608073
2022-01-15,1.5690194519550005,0.4928699330880907
2022-01-17,1.519996764228987,1.5986654101828388
2022-01-18,1.5987104802831709,1.5983242725173163
2022-01-19,1.5825391079412876,0.9381605490263624
2022-01-20,1.600279941681537,1.163421640612405
2022-01-24,1.598853707486562,1.5352802539039634
2022-01-25,1.5966464198532941,1.4339185329050625
2022-01-26,0.06232555651303903,0.5982300630788836
2022-01-28,1.5994974319522486,0.0015209898411032065
2022-01-31,-1.4908375621464398,1.5370946749918715
2022-02-02,0.005546700444520529,0.7541613007051562
2022-02-03,0.5797983456559622,0.7856746710603084
2022-02-04,1.6015579938821662,1.5504577205115666
2022-02-07,1.6043578937318257,1.6045708475664373
2022-02-08,1.5948483173014703,0.7603621816613773
2022-02-10,0.5204987243772232,1.5426672016250635
2022-02-13,1.4121378333813384,1.6051717654047568
2022-02-16,1.5996838078012379,1.592715494153339
2022-02-17,1.6002028752482633,1.4974370528524752
2022-02-21,1.5999415969976132,1.5351112809835958
2022-02-22,1.5255485575324055,1.4974370528524752
2022-02-23,0.003940545441098661,1.603898979875111
2022-02-28,0.0014444072272092236,1.6000790164073735
2022-03-01,1.065223316086666,1.5765315656267125
2022-03-02,1.5979077272306315,1.5352802539039634
2022-03-04,0.7999552155920882,1.1913880253071065
2022-03-05,1.6001123010329268,1.5162741669180355
2022-03-07,0.5795252714695082,0.7493340812616763
2022-03-09,0.5862930185013012,1.0870243432149922
2022-03-10,1.5504894321711529,1.5640823176399343
2022-03-11,1.600036105752439,1.4972680799321076
2022-03-12,1.5999207014609043,1.5610123380265069
2022-03-13,1.6022767026969218,1.6034838016848938
2022-03-15,1.0574755196760892,1.2542202507207345
2022-03-16,1.5999675590787568,1.4972680799321076
2022-03-17,0.9506817784008466,1.1592114396748545
2022-03-18,1.5253816623208305,1.5162741669180355
2022-03-20,1.6048706981987757,0.7731683238534415
2022-03-21,1.5655909797198888,0.9999866783948346
2022-03-23,1.56343564035283,1.4973525663922915
2022-03-27,1.5992420370418974,1.5354491411265296
2022-03-28,1.599300956051741,1.5494446274008618
2022-03-29,1.2854640479752393,1.5569792232591062
2022-03-30,1.5888326971133704,1.5054747376868072
2022-04-01,1.6010537986781694,1.6026215386809195
2022-04-04,1.5756398175559558,1.5524278641543012
2022-04-07,1.2648497252827473,1.5096481816671148
2022-04-08,1.555970301208846,1.4972680799321076
2022-04-11,0.8340651803678849,1.2592979409214071
2022-04-13,1.585835093734936,1.5449601812461742
2022-04-14,1.068301644802588,1.2089430860000756
2022-04-15,1.5942452455108527,1.1525717907972322
2022-04-16,1.5985230449672694,1.5352802539039634
2022-04-18,1.6001636008223368,1.4974370528524752
2022-04-20,0.799133091385403,1.3415171090539513
2022-04-21,0.98157474350001,1.5621051686751442
2022-04-25,1.599300939045754,0.947627795030995
2022-04-26,1.6058862488998653,0.24988076501222636
2022-04-27,1.6001957565080116,1.4974370528524752
2022-04-29,1.5722609624129842,1.2768354781219298
2022-05-03,0.006788586972223398,1.4411201468448946
2022-05-05,1.4837659711436886,1.4972680799321076
2022-05-06,1.6011648015833007,1.6012271392190034
2022-05-10,0.06173494103974343,0.31995973809138073
2022-05-11,1.58146545804936,1.6014481001363565
2022-05-13,0.23559936088338437,1.5352802539039634
2022-05-14,1.5866651427273617,1.4972680799321076
2022-05-18,1.6024914932266456,1.602443074193112
2022-05-19,0.00020785233253401447,1.4974370528524752
2022-05-20,1.6001290349727477,0.0394199218774306
2022-05-23,1.601609426390588,1.5945308336540256
2022-05-27,1.5757404475348706,1.4972680799321076
2022-06-02,1.5998872720142123,1.4976059400750414
2022-06-03,0.8003138393699032,1.5929927023540307
2022-06-06,0.3117572314096,1.5352802539039634
2022-06-08,1.453463962725289,1.6036397660237496
2022-06-09,0.12533575967194183,0.0005561240718405419
2022-06-14,1.374972880853521,1.4641484710668753
2022-06-15,0.31033080741101693,1.5353579596763691
2022-06-17,1.6004354213092795,1.5848528879593913
2022-06-18,1.5929211583724998,1.6050632032235825
2022-06-20,0.5427264088564551,1.0204450551325073
2022-06-21,1.6006959868978052,0.4004292507115885
2022-06-22,1.6015206825112955,1.5240008604223267
2022-06-23,1.5924721068762224,1.5352802539039634
2022-06-24,0.0005438993785246515,0.7551872275213998
2022-06-27,0.006435291816180928,1.6025502419023994
2022-06-29,1.6001217101711114,1.58972187857609
2022-07-05,1.6001884388527272,1.4974370528524752
2022-07-07,1.6014157794214405,1.6014261772820768
2022-07-10,1.600534449934528,0.0005455441071064088
2022-07-13,1.6000598725689885,1.600185884944736
2022-07-19,1.6000340652054095,1.5677140803208913
2022-07-20,1.6008088491546555,0.8008142307617825
2022-07-23,3.8879411599018274e-05,1.4972680799321076
2022-07-26,1.5963898674828267,1.5651768009680436
2022-07-27,1.5997864118884686,1.539875559273045
2022-07-28,0.8008963030201188,1.5573132644436196
2022-07-29,1.6004415412105033,1.6001939268044005
2022-08-02,0.8298992903599106,1.3929384650957557
2022-08-05,1.6014520600922448,1.600944711742144
2022-08-06,0.278020214519893,1.5352802539039634
2022-08-08,0.7975840559273586,0.7503473101751353
2022-08-09,1.5999668907174238,1.5352802539039634
2022-08-15,1.60139351913071,0.0014000825957788002
2022-08-18,1.5935143521969437,0.0022398004695668734
2022-08-19,1.599218353196557,1.5351112809835958
2022-08-20,1.5909700269102944,1.4972680799321076
2022-08-22,1.5953552956997037,0.0012575791152600838
2022-08-23,1.5450834374628912,1.5162741669180355
2022-08-25,1.574232674023768,1.4233118503375906
2022-08-26,0.002628269812406637,1.5904068006129157
2022-08-28,1.6126651184899745,1.6124700496052558
2022-08-31,0.691600576742822,1.5100514246370373
2022-09-06,1.5395250945773675,1.5352802539039634
2022-09-07,0.00046496181567588725,0.00045440604276708927
2022-09-09,1.6035316035086042,0.7872556849464221
2022-09-15,1.5845379763201672,1.531598676883638
2022-09-20,1.5841549121901812,0.005270048389878697
2022-09-21,1.60026800259257,1.5452257077710914
2022-09-26,1.5999563602070446,1.5352802539039634
2022-09-27,0.0020493013655463847,0.023372610612060384
2022-09-30,1.6004885885602436,1.59982805276001
2022-10-04,0.8003790284940684,1.5678924990142438
2022-10-19,1.6003138024168617,1.567797316847581
2022-10-21,1.6010080189139257,1.597820759904771
2022-10-24,1.6010978147441681,1.5357836253839892
2022-10-25,1.5951221181614437,1.5352802539039634
2022-10-26,0.8017288478051432,0.973744810292431
2022-10-27,1.5553400824167858,1.5352802539039634
2022-10-31,0.001956312499367138,0.04656529223715732
2022-11-03,0.022040804854577746,1.6008032969110153
2022-11-04,1.637188963574601,1.6371360275823834
2022-11-06,1.3347551266980373,1.2808331738269247
2022-11-07,0.755381648357082,1.5352802539039634
2022-11-08,1.6001074893300034,1.5352802539039634
2022-11-10,1.5734659977661727,1.5351112809835958
2022-11-15,1.5876023909782517,0.6618999244715956
2022-11-18,1.600867483382308,1.4267017590891635
2022-11-21,0.0001898471194964223,1.4919576493890945
2022-11-23,1.5994390729495258,1.5940695249980157
2022-11-27,0.7903616883311504,0.8169638628221921
2022-11-29,1.600237432390402,1.57913711412346
2022-11-30,1.0672733446558418,1.2176948645444858
2022-12-01,1.5901212905456172,0.40555341440010423
2022-12-02,0.8000055367254618,1.5351957674437795
2022-12-03,0.7913966454475082,0.19733133696896576
2022-12-05,1.6001744113723428,1.5352802539039634
2022-12-06,1.5797745532475787,1.012869352062583
2022-12-07,1.5984457183964726,1.5748472927023356
2022-12-08,1.5904881776255904,1.6008819006754156
2022-12-09,1.5992446275303502,1.5352802539039634
2022-12-10,1.599880674130781,1.6041776217991937
2022-12-12,1.5854762580407034,1.5352802539039636
2022-12-13,-0.12714921411850555,-0.015035488441789813
2022-12-14,1.6007940609157292,0.8632892206682936
2022-12-15,1.5374208471587636,1.1584623190204706
2022-12-16,1.5975789395029436,1.169073984581743
2022-12-18,0.9786505418770681,1.5353646975152464
2022-12-21,1.31815362763026,0.6349180081097257
2022-12-22,0.14263223764973307,1.5444007207648747
2022-12-26,1.5995251582707963,1.5351112809835958
2022-12-27,1.5919871425035328,-0.1057541517781524
2022-12-28,-0.12671998968498432,0.0006636806849864563
2022-12-29,1.068876544698585,1.3592616001080706
2022-12-30,1.595434523162803,0.39414900799748603
2022-12-31,1.5775532885620691,0.010239512325686484
2023-01-01,1.6024915741315442,1.554025080831659
2023-01-02,1.6012653329008435,1.5689066661031883
2023-01-04,1.5979927709673445,1.5944015023064777
2023-01-05,1.139888627825805,1.5352802539039636
2023-01-07,1.284233092083884,1.1127783992539986
2023-01-09,1.6001346479070728,0.012473661525485518
2023-01-10,0.05686522522118239,-0.1712759784779689
2023-01-11,1.6066393925145896,1.093081468212043
2023-01-12,1.399330926958714,0.8226390002207599
2023-01-13,0.000252506047011658,1.3067748138457267
2023-01-14,1.549066374423241,0.6152297390234829
2023-01-16,0.1064024823567528,0.9480556049123777
2023-01-17,0.8724218424741748,0.6581324957377053
2023-01-18,-1.5558382158788382,1.5875838565498823
2023-01-19,0.9355767412832293,0.0005668465445062133
2023-01-21,0.6278190908446682,1.5655865530294697
2023-01-22,0.0020593133803997058,0.0022318825055679943
2023-01-23,1.5818337162197913,1.460570962442615
2023-01-24,0.8010552634084268,1.5693189398622307
2023-01-25,1.5999172973071463,1.4972680799321076
2023-01-26,1.5515228641783019,0.0003244462441822603
2023-01-27,1.600030479961228,1.5351112809835958
2023-01-28,-1.5792394072891673,1.4972680799321076
2023-01-29,1.1452037021294394,0.8467797535703457
2023-02-01,1.257426606233159,1.6000537426196868
2023-02-02,1.1753084641246063,1.3347503057296766
2023-02-04,1.600316400527333,1.3077136215776064
2023-02-07,1.084405232452862,1.038061999076426
2023-02-08,1.0654998237619795,0.9825288991254628
2023-02-09,1.6019778910935565,1.1281702035228283
2023-02-10,1.5989183170588068,1.4974370528524752
2023-02-13,1.6001097199834204,0.9854069362678524
2023-02-15,1.0678357634422102,0.27612827043841276
2023-02-18,0.8021870076063775,0.8021172383635155
2023-02-20,1.586719712345593,1.5506672265470756
2023-02-21,-0.7997896551378915,1.5352802539039634
2023-02-22,-1.5997905549924905,1.5352802539039634
2023-02-23,0.0009255319094171677,1.5971539266827008
2023-02-27,1.599957218107295,1.4972680799321076
2023-03-01,1.4028170104638966,0.8533330474995525
2023-03-02,1.5712365711735437,1.1316349355660595
2023-03-03,-0.5331412951279336,1.1455828715384058
2023-03-04,-0.3290997787401779,1.2565733523350195
2023-03-05,1.011742540246856,0.04231308659967042
2023-03-06,0.00047813328467827336,0.012654937505943988
2023-03-07,1.596064688648805,1.5385150546616169
2023-03-08,1.595803449200161,1.509995128896182
2023-03-09,0.9951372352636673,1.2473351989951413
2023-03-10,1.2796812480826598,0.7744260165298424
2023-03-12,1.6037384161501413,1.286395933770577
2023-03-13,0.1000518760010653,0.7847844732962355
2023-03-14,0.9536639268632537,0.9643258385489624
2023-03-15,0.8394103298544063,0.8765882340650575
2023-03-16,0.0007251464851631144,1.440614742562054
2023-03-17,1.6002921030684627,0.7491340758883419
2023-03-18,1.600125852542346,1.5352802539039634
2023-03-19,1.5959687580657473,1.6008192193930921
2023-03-20,0.5336548781363263,1.045689830508804
2023-03-21,1.070465285914408,1.5467790039467024
2023-03-22,0.07171102451944046,1.0329281235171253
2023-03-23,1.6009948495185993,0.024591643409500544
2023-03-24,0.7539539353423259,0.9792160286491821
2023-03-25,0.5338265364473985,0.7588926815196021
2023-03-26,0.603940924415177,1.5188502701437816
2023-03-27,0.3087312617197615,0.6455853040001813
2023-03-28,0.9572501318858594,0.5397882059810882
2023-03-29,1.5763817455505589,0.7492636221858302
2023-03-30,1.600702427193567,1.6001387703176886
2023-03-31,0.0004932325838660983,1.008228264453486
2023-04-02,1.6045807784165058,0.18258979859366242
2023-04-03,0.026960175498125127,1.5931300539081759
2023-04-05,1.6002873033647265,1.6027075927395047
2023-04-10,1.6010632375939438,0.0011869669605306726
2023-04-11,1.56103941424964,0.5880102317187402
2023-04-12,1.0669461058594756,0.867315481199738
2023-04-13,0.5342206160472173,0.7480175145722079
2023-04-14,0.8007021432822632,0.20049042170016626
2023-04-15,1.600619790015939,-0.0453719738645474
2023-04-17,0.736442138528948,0.7678799985729093
2023-04-18,0.001158791980702362,0.07651069768574997
2023-04-19,1.5999138632422794,0.24061069086626263
2023-04-20,0.40876010446667915,0.886116902743657
2023-04-22,1.5977380678451718,1.5351112809835958
2023-04-24,0.30884646436557506,1.5808062481545484
2023-04-25,-1.5990535131881887,0.001713758979851438
2023-04-26,1.6002375701739218,1.1069132102700265
2023-04-27,0.6423710600023765,0.9624264423326689
2023-04-28,1.58115856813298,0.8010805321805979
2023-04-29,-0.00021802518327318499,0.7686309525682065
2023-05-02,0.5014229453875706,0.9999852975075685
2023-05-03,1.1077632907830428,1.1655554667774717
2023-05-04,0.0017886796673705957,0.0017928679995704096
2023-05-06,1.5638019652988178,1.5352802539039634
2023-05-07,1.5963516211305713,1.6006545810405666
2023-05-08,-0.7998000573665751,1.3390569684243392
2023-05-09,1.6003264691422718,0.7595639997210687
2023-05-10,1.600602172947135,1.1258056418807825
2023-05-11,1.4870844600961992,1.6011558296189041
2023-05-12,-1.0513351494974237,-1.065776959267515
2023-05-14,0.5207000800686086,0.0021247696070319064
2023-05-15,1.5012850885613573,0.6567042012259239
2023-05-16,0.5337088737188882,0.5164720679942939
2023-05-17,0.000714044814756316,0.9989316404118167
2023-05-18,1.0691164400467794,1.0258626503745116
2023-05-20,1.5996288850874587,1.535319109056753
2023-05-24,1.1501996872269016,0.7046359698490322
2023-05-29,1.0664706258416161,0.5326446441387589
2023-05-30,1.5997393011633216,1.5351112809835958
2023-05-31,1.0516873757126743,1.06666602434234
2023-06-02,0.8005207871325849,1.2746506612024788
2023-06-03,0.000712616036004137,0.0007126160647457181
2023-06-05,0.00036324574843380744,0.0003632457483144173
2023-06-06,1.6001311121708244,1.589226499996377
2023-06-07,0.8005445490171386,0.9666460796129854
2023-06-08,1.5992703369705463,0.9867347431776605
2023-06-15,0.5337333171588216,1.0434959976258036
2023-06-16,0.0008171566089489109,0.0008171566088859321
2023-06-19,0.0005843569389970707,0.27584535906212204
2023-06-20,1.5600129111495666,0.9898472107018416
2023-06-21,1.2582402643079131,0.24535223878694776
2023-06-22,1.320070486885234,0.7237414035548707
2023-06-24,1.5014975767773575,0.004806951306370656
2023-06-27,1.4037547171651947,0.38021018809168616
2023-06-28,0.5044866001473768,1.5934049326538946
2023-06-30,1.5990209743047907,1.4972680799321076
2023-07-01,0.5335142512628585,0.3788412438070588
2023-07-03,0.8007045020069455,1.0087972327011243
2023-07-04,0.8018926603218409,0.0019080167557691688
2023-07-05,0.5331037460553688,1.0358145625510335
2023-07-06,0.27711275808178404,1.0432474493227992
2023-07-07,1.5899920275419963,-0.4255766931580655
2023-07-08,1.6014652893812462,0.0014884907142156934
2023-07-09,0.281302970119849,0.0002078523319967869
2023-07-11,0.00032015278371029196,0.6964808246932105
2023-07-12,-0.5347908422451563,0.5119428302124607
2023-07-13,1.5999124618804976,0.23604643273007905
2023-07-14,1.599987008377612,0.5357046379658827
2023-07-15,1.5977056247700037,0.0014417649901807225
2023-07-16,1.5980556068814928,1.5352802539039634
2023-07-17,0.7974469721951101,0.2699165273645067
2023-07-18,-0.6322711512193525,1.5406723302376857
2023-07-19,1.5932303206841099,0.9677065230986982
2023-07-20,-0.061148881208530736,0.38353968100802954
2023-07-21,1.1976309940989274,1.3867017680002565
2023-07-22,-0.14694746669679823,0.8865245527447803
2023-07-23,1.6001659966529644,0.0002078523319822428
2023-07-24,0.4229171151544066,0.45375471425638914
2023-07-25,1.5973702646567716,0.0002078523325573418
2023-07-26,1.5997779007375235,0.3912056258940146
2023-07-27,1.2128520668761695,0.5281333867820984
2023-07-30,0.00020785233196658314,0.00020785233196658314
2023-07-31,1.5999374000432856,0.5688306508314375
2023-08-01,0.0002078524637995731,1.5975723680048142
2023-08-02,0.0002078523319932514,1.4974370528524752
2023-08-03,0.5166035152025482,1.0475638761039339
2023-08-04,0.0002078523319707995,0.0025165955213697364
2023-08-05,0.00020785233196333222,0.4016548831307372
2023-08-07,-0.06245724301227649,0.6463731618572705
2023-08-08,0.7704515221540615,1.2484919573064315
2023-08-10,1.3587472052142457,0.5515588618960252
2023-08-11,0.006383031834089401,0.0002078523616061548
2023-08-14,1.6001964981947991,-0.19453226524306755
2023-08-16,1.5993101980822075,1.1390205558468642
2023-08-18,-0.59949192948156,-0.7997170015613283
2023-08-22,1.5942478750153597,1.5162741669180355
2023-08-23,0.8460821645243213,0.5335924254148505
2023-08-24,0.800198287251452,0.0493978897870882
2023-08-28,0.7987645004112292,1.5674774811042478
2023-08-29,1.2367471104412886,0.2162446876027775
2023-08-30,1.6001881146031864,0.09893368832188527
2023-08-31,0.6093813000373305,0.9307993764689733
2023-09-01,1.6001318132947853,0.749196716154416
2023-09-02,1.2195512646205606,0.0002078525001293517
2023-09-04,0.640097037267027,0.00045544910733597113
2023-09-05,0.34691241132461575,0.7489068962612654
2023-09-06,0.004404447747934566,1.5351112809835958
2023-09-07,0.8545785266040105,0.7541212611376638
2023-09-09,1.5964331018678317,1.5351112809835958
2023-09-12,0.00020785233204831456,0.00020785891113543148
2023-09-13,0.4576128260087165,1.0517877453543745
2023-09-14,0.0003310829484167334,1.4850152623894164
2023-09-15,1.1301749641945447,-0.006912125447071656
2023-09-16,1.599839831638955,0.4155036614048899
2023-09-17,1.5998538500967745,0.008475500182000065
2023-09-18,-0.22587464773083052,-0.0005033979327049298
2023-09-19,1.569791803456873,1.4972680799321076
2023-09-20,0.7361380861999295,0.5642028199218065
2023-09-21,0.10842048980429765,-0.3997443792317565
2023-09-22,0.0002082120604760843,0.3999364781003317
2023-09-23,0.00020785931738822705,0.00020785234896624212
2023-09-25,0.5709420376318847,1.2661575668805003
2023-09-27,0.6135868597652397,1.5133900184873479
2023-09-28,-0.12751824583379046,0.7487379661320371
2023-09-30,1.599961850013,1.151514296958192
2023-10-01,1.5996607374724385,0.2560536970326456
2023-10-02,1.2791989545496278,0.6260690027240272
2023-10-03,0.8011957624056736,1.5352802539039634
2023-10-05,1.5994561336188895,0.3354980486652957
2023-10-06,1.4770364566702192,0.5865803518113506
2023-10-07,1.6002040380477323,0.0002078523330489509
2023-10-10,1.5597249720217503,0.7677440531179661
2023-10-11,1.0599586784082409,-0.2030470612913751
2023-10-14,1.6002071512042964,0.00020785233196658314
2023-10-16,-0.43783361114435115,-0.5924212728339004
2023-10-18,1.5986849635636853,1.600051513261302
2023-10-19,0.000945565279098809,1.6003119179602707
2023-10-20,2.3243300482872035e-05,1.5351112809835958
2023-10-21,0.0012204360470463582,0.0012215906136678566
2023-10-22,1.6002373047240603,0.8373831095992967
2023-10-24,0.7738467194397327,0.9415056963141921
2023-10-25,1.3317001480450577,0.7487411536825948
2023-10-26,1.60016432660684,0.00020785235107633143
2023-10-27,1.5989459034392652,1.5975658682540366
2023-10-28,1.5990831145106748,0.00020785233196658314
2023-10-31,0.0003767398103424927,0.00037673955453288127
2023-11-01,1.6013550024625676,1.374764548478169
2023-11-02,0.7692990892990808,0.7939219218374183
2023-11-03,0.8814528596312194,-0.4333185900078506
2023-11-04,0.0019206565889340332,0.04980349512631955
2023-11-05,1.5128303337177484,1.5352802539039634
2023-11-06,1.5715651991511899,1.5352802539039634
2023-11-07,1.6002644806033848,0.20040064358761298
2023-11-08,1.6008465968968035,0.0009216643852239264
2023-11-09,1.6005230679269282,0.25761476875092526
2023-11-10,0.0006356469181102235,0.0006356466381815157
2023-11-13,1.5983285602628647,0.00037689340756475234
2023-11-14,1.0694790737364155,0.8844786723424214
2023-11-16,1.0662806900618238,0.7141204549603812
2023-11-17,1.3567513091784478,0.0004101408999362337
2023-11-18,0.010287688281739569,0.010287688279371621
2023-11-19,1.6000589964465615,0.2011312744117945
2023-11-22,1.542870636385867,0.5131649330211555
2023-11-25,1.6040928422900722,0.0054256602012577705
2023-11-27,0.0005551373689322122,0.001275440339049767
2023-11-28,1.067910287876486,0.5081037041894276
2023-11-29,0.0006231681880849347,0.002787825191613306
2023-12-01,1.6053900224707685,0.005566971103670471
2023-12-02,1.1955551620353466,0.880972201090158
2023-12-03,1.0807751363652118,1.0910296293105965
2023-12-04,1.2010223714192736,0.3993358931683188
2023-12-05,0.17448023484235886,0.7686893847801609
2023-12-06,1.0531104783673468,1.329243875990524
2023-12-07,1.6003566651107421,1.5755871445279281
2023-12-08,0.001504407603404756,0.001504407603404756
2023-12-09,1.599690639030905,1.5352802539039634
2023-12-10,1.533108703117467,0.39873243364501504
2023-12-11,0.39141502276922185,0.14299792447209245
2023-12-12,1.602675883313612,1.5906829159462759
2023-12-13,1.5966132565508815,1.4639454565867875
2023-12-14,0.002871396593237933,0.002871409872259198
2023-12-16,0.7616901256605788,0.8111463415184997
2023-12-18,1.1923442794893757,0.8607032296527075
2023-12-19,1.5995376696220296,1.5526454598540589
2023-12-20,1.5437546479691955,1.5388005959737123
2023-12-21,1.1658098645486707,1.261465880512535
2023-12-22,1.4551414090706671,1.0100227638254253
2023-12-24,1.6201939077107173,0.6319426642332328
2023-12-26,1.5965308649948367,1.5587621008225916
2023-12-27,1.4567340131790611,1.5703204386941194
2023-12-28,1.5899769653523228,1.3396886930454701
2023-12-29,1.5372847830393248,0.9999086683401807
2023-12-30,1.6000138315601335,1.5351112809835958
2023-12-31,1.6026604594893603,1.2079863843013416
2024-01-01,1.5989349347454886,1.3878143939074643
2024-01-02,1.2639687856505308,1.3867787928657094
2024-01-03,0.5321415428478166,1.0235472670621621
2024-01-04,1.5475295923401289,0.8546665756361016
2024-01-07,1.0639873516070135,1.537289445028499
2024-01-08,0.7409134275537846,0.758550968105058
2024-01-09,1.1874250289754498,1.1361787355808657
2024-01-10,0.8001849773045978,1.2312291947536809
2024-01-11,0.4186284118590356,1.4951242823404796
2024-01-12,0.682401701545626,-0.21740417387314262
2024-01-13,1.6070059717097611,1.5042492405173764
2024-01-14,1.6011412415977713,1.2203837230453478
2024-01-15,-0.3049027130173409,0.45439109662722277
2024-01-16,0.061404683511244056,1.5351112809835958
2024-01-17,1.5049175556320669,0.5813245978083346
2024-01-21,1.6008787368318724,0.0008828885981569234
2024-01-22,1.5988851475318806,1.467669020291005
2024-01-23,1.5983671541043363,1.595313820225455
2024-01-28,0.06626526985086634,1.535124239274517
2024-01-29,1.3702529265925447,0.025104415209427553
2024-01-30,1.5996627503449024,1.5996627489716186
2024-01-31,0.0010564440155981267,-1.2325328821318375
2024-02-01,1.601881858415571,1.0608741217506896
2024-02-02,0.7336010735876209,1.5317254561595952
2024-02-04,1.5823265381332887,1.4188673148596052
2024-02-06,1.600375526549031,1.6003729172479273
2024-02-08,1.5960772771613683,1.6006148656630557
2024-02-11,1.6043479305545965,1.2506837457736646
2024-02-13,1.4843757436494007,1.1688216581982733
2024-02-14,1.5970756798012509,1.6010050653609256
2024-02-15,0.820457418443096,0.006146882107281787
2024-02-17,1.6017625886367828,1.1643219526882347
2024-02-18,0.8925209611225973,1.405647111424514
2024-02-20,0.0005708715433699667,1.6005134320629846
2024-02-21,1.5927173901197864,1.6008546591888586
2024-02-22,1.5980618128115252,1.4456380445854433
2024-02-25,1.602468941102546,0.399621007067705
2024-02-26,0.7720528967305516,1.1327990103451473
2024-02-27,1.4988788040740813,1.05079445760744
2024-02-28,0.0013477013615711408,0.002222883159753322
2024-02-29,0.7981903943273592,1.5332695147982884
2024-03-01,-1.5903730271901861,1.5352802539039634
2024-03-03,1.5983658858606127,1.5483753714136155
2024-03-04,0.3905010775842157,1.4997236427236167
2024-03-05,0.5334808468794573,1.0365606656319684
2024-03-06,0.7988332034143086,0.9230509021934241
2024-03-07,1.1645373177871767,0.48451634492387924
2024-03-10,0.0010438398156831434,1.5375780491327018
2024-03-11,-1.5997224340998026,1.600115695279315
2024-03-12,0.011065515200924173,1.301334571022804
2024-03-13,1.600007544516475,1.576179970408466
2024-03-14,0.002530813755369159,1.3023125801656572
2024-03-15,1.600317954768122,1.5995129107907997
2024-03-19,1.171869899527383,0.656929871775534
2024-03-20,0.8006721234165808,1.057827104294772
2024-03-21,3.8893030585420476e-05,1.4972680799321076
2024-03-26,1.594414494162832,0.9676584328880228
2024-03-27,0.8706903136300495,1.567604469283029
2024-03-28,0.7924417622775897,0.005751117974879488
2024-03-31,1.599546636586194,1.5891350571011114
2024-04-01,1.6002879248806534,1.5570236664653254
2024-04-02,1.5486702415432898,1.4423255604906053
2024-04-03,0.400435441294098,0.5068886742333891
2024-04-08,1.5758005836312399,1.5664874116204435
2024-04-09,1.5506823489226746,1.5491748392476614
2024-04-12,1.599710128728345,1.5915640138754352
2024-04-15,1.6037215659378146,1.5641146440946685
2024-04-16,0.9317220036870731,0.3005456265922231
2024-04-17,0.6705326594092912,0.6195697885526917
2024-04-18,0.002955568875628959,0.6176023062836699
2024-04-19,1.5859376858597993,0.40125230257756933
2024-04-22,-0.14228616790446127,0.7678673299178052
2024-04-23,1.4836498770537947,1.4518800268525502
2024-04-24,0.7982078385402969,1.513344200480412
2024-04-25,1.6000055719633228,1.5351112809835958
2024-04-26,1.5771022488598407,1.5895056070241167
2024-04-27,1.598233394992789,1.5352802539039634
2024-04-28,1.598005510503096,1.5352802539039634
2024-04-29,1.5824901964357079,0.3994496390992643
2024-05-01,1.333040835082906,0.9319216654300728
2024-05-03,1.5696161285192278,1.131680456432555
2024-05-07,-0.00013564026750616313,0.0003654845226566138
2024-05-08,0.0002928608083448917,0.7056274324288264
2024-05-09,1.5914229824856188,0.0022411338190334294
2024-05-12,1.5992252824949234,1.5580378002451498
2024-05-13,1.5978319694589622,0.000376739554547314
2024-05-16,0.0002472344408171878,0.0002467075208286044
2024-05-17,1.6000670603768654,1.5352802539039634
2024-05-19,1.5989988412354803,1.6002497656639163
2024-05-20,1.5990324535823839,0.798607077687343
2024-05-21,1.6003527295308035,0.00037673955453288127
2024-05-22,1.507280180807282,0.0293147589015263
2024-05-23,-0.04192388621378175,1.5352802539039634
2024-05-25,1.5950199677297483,1.6002943268500134
2024-05-27,0.009445625535061319,1.522362958127519
2024-05-28,0.8001313221437463,1.5352802539039634
2024-05-29,1.5608693082101093,0.8022619864307757
2024-05-31,1.5994652329485692,1.602391036495995
2024-06-07,1.5972793295749068,1.5351112809835958
2024-06-10,0.00020829023155862438,1.5352802539039634
2024-06-11,0.03278190334979151,1.6008508685636607
2024-06-12,1.599231943109611,1.5351112809835958
2024-06-14,1.6024557908156998,1.6074258948900881
2024-06-21,1.5892254647050865,1.5965769392991658
2024-06-24,1.5965813959786495,1.5352802539039634
2024-06-26,1.5998752685790376,1.3175921094969227
2024-07-10,0.00021049504557579964,1.5352802539039634
2024-07-15,1.5415410639581926,1.001630485176227
2024-07-18,1.094098609679565,0.8320236270367081
2024-07-19,0.0002856638738042494,1.5687092856226361
2024-07-23,0.00034761487541867727,1.5352802539039634
2024-07-25,1.5935490728068824,1.5352239295971744
2024-07-30,1.601730764588087,1.5587057434019584
2024-07-31,1.6241094067442052,1.6238373205254206
2024-08-04,1.5971713194754489,-1.3488282722638592
2024-08-06,-1.3755573819896116,1.4595403364445985
2024-08-07,1.2214742969001102,1.5352802539039634
2024-08-08,-1.5972265247568485,0.014092412972121406
2024-08-12,1.6000228239438041,0.00020786141167336813
2024-08-15,0.7999490917079665,0.0011951778482742355
2024-08-16,1.600022112993493,1.5351112809835958
2024-08-20,1.5985493816186718,1.5352802539039634
2024-08-21,1.589905128459924,1.0659263314250396
2024-08-22,1.1162109186226383,0.00032976814595366607
2024-08-23,1.5972076484090425,1.5999880299122422
2024-08-28,0.00037673955453288127,0.7596248484546982
2024-09-08,1.5951278412055843,1.5971697139357324
2024-09-09,1.548154529823207,-1.5980567343473162
2024-09-10,1.600132643995791,0.3992143426950611
2024-09-18,1.602004238480009,1.6019406669534082
2024-09-24,1.5991052636683907,0.39790667031976185
2024-09-25,0.002995379896978234,0.8511898801950054
2024-09-29,1.6074839222431403,0.007489782600147514
2024-09-30,0.0030020494430408723,1.5180913319647042
2024-10-02,1.6001907798171604,0.706900095715508
2024-10-05,1.6006512565662905,0.16365784864527522
2024-10-07,0.800252334858463,0.8141528925423904
2024-10-09,1.59815809334307,0.9127737131219048
2024-10-10,1.6016979203654251,0.00187945090413106
2024-10-15,1.5639397474400092,0.0003767395544700984
2024-10-20,1.6006997398828753,1.600541182909335
2024-10-22,1.600166792487645,-0.345222147949606
2024-10-24,1.600217140943303,0.00028555810820172757
2024-10-26,0.7997763539723162,1.2862154382868147
2024-10-29,1.596290877638848,0.7676789942341824
2024-10-30,1.3937308112493592,1.6003085630143108
2024-11-02,1.5615396452967056,1.5351112809835958
2024-11-05,-1.4100453707340188,1.5351112809835958
2024-11-06,0.7964929500786593,-0.2513710965490233
2024-11-07,4.1599930591688675e-05,1.5351112809835958
2024-11-09,1.5821905454494272,0.06252827808668779
2024-11-10,1.6001825835193393,1.5740880812631413
2024-11-12,0.0002078523352580691,1.5352802539039634
2024-11-13,1.6002010882203113,1.0235893677178873
2024-11-14,1.6001120806898315,0.8974554660869607
2024-11-15,1.0662925220427522,0.5132101466175064
2024-11-18,1.6001725687178392,-0.005269111911761382
2024-11-19,1.5992298293375962,1.594726804067885
2024-11-20,3.8879732989655034e-05,1.5351112809835958
2024-11-21,1.5978023587849326,1.132964262045437
2024-11-22,1.6001316873845222,0.3153210028387863
2024-11-24,1.602709063730397,1.1157838074621698
2024-11-25,0.08151169422778229,0.0008694145900305004
2024-11-28,0.0007060361164968093,-1.5647403484740363
2024-11-29,0.9108704907179648,0.8003241737264517
2024-11-30,0.799759578250751,1.3257019205760114
2024-12-03,1.600395154611943,1.6002461605424259
2024-12-04,1.2868900235007477,0.9766757587178793
2024-12-05,0.9680428404958183,0.8815780795866345
2024-12-06,1.1709912689313005,0.7248825606800006
2024-12-07,0.5341756327880876,0.5327674628498417
2024-12-08,1.5931271545348769,1.5352802539039634
2024-12-09,0.0024706662631552483,0.0024706648702811076
2024-12-10,1.612473353573441,0.12431925526144444
2024-12-11,1.3980451764029909,1.5671964525528428
2024-12-12,1.2637048816518115,0.6544988257749466
2024-12-13,1.3852068085065774,0.4164300187867984
2024-12-16,1.5985883147209818,1.4781192491645605
2024-12-17,1.6019373095656801,0.14590401513296455
2024-12-19,1.552169372954139,1.0410990897759604
2024-12-21,1.0674883080920157,0.9964850211772115
2024-12-23,1.57173290976725,1.6014159748690309
2024-12-26,1.1820369413485012,1.2873767593156205
2024-12-27,0.8947597486063934,0.4815494445425538
2024-12-28,0.5479627662899027,0.11888094602773781
2024-12-29,1.5192984836576988,0.24244878297670078
2024-12-30,1.0830795336038672,0.33289327448972167
2024-12-31,0.9479736133571344,0.45737854582149373
