date,bitcoin_stocks_title_score,bitcoin_stocks_selftexts_score
2019-01-01,1.4233220244102032,1.4699815964126708
2019-01-02,0.7518354426846301,0.990005467094168
2019-01-03,0.9618610895029701,1.1327218249145365
2019-01-04,1.1581466028188911,1.34467262044071
2019-01-05,1.3620131769457677,1.287479971917828
2019-01-06,1.2988874455340753,0.7498589719100092
2019-01-07,0.9723498529043402,0.9977482275089755
2019-01-08,1.1392137731282945,1.2069295896936396
2019-01-09,1.3386201708962713,1.2311169049518755
2019-01-10,1.2316032580219103,1.1561701011136964
2019-01-11,1.3126932085740515,1.3007646411549088
2019-01-12,1.3903021998326799,1.3736007954858331
2019-01-13,1.2884458981170261,1.3638729056924468
2019-01-14,1.0159421277312957,1.295449068271618
2019-01-15,0.8286900086640228,1.2321663862615697
2019-01-16,0.9687096981390426,1.0259088003202717
2019-01-17,1.041559748425268,1.132377684973616
2019-01-18,1.2353203787609983,1.211100125680281
2019-01-19,1.061259859781362,1.3374812435276553
2019-01-20,1.3782323492899673,1.1823815502208728
2019-01-21,1.1590849503488292,1.360464801859078
2019-01-22,1.2094590484764367,1.1889336880870625
2019-01-23,1.0585382082207142,1.1870035890268864
2019-01-24,1.325689124163034,1.1898727268965736
2019-01-25,1.1616568648501537,1.2000990088224852
2019-01-26,0.8898115992556431,1.1443235334216055
2019-01-27,0.9175733920558549,1.4056729516285862
2019-01-28,0.944426807336251,1.0982688721503944
2019-01-29,0.9322871537730167,1.150070203767436
2019-01-30,0.798650769108505,1.2423866591056676
2019-01-31,0.8377083789303433,0.9950354569534421
2019-02-01,1.2160396621568177,1.2304210499253077
2019-02-02,1.0982516962063262,1.3769000152434852
2019-02-03,1.422025192344187,1.1987882108276369
2019-02-04,1.339027219555684,1.311808839974237
2019-02-05,0.8927943963420892,1.1828344799707706
2019-02-06,1.14375565701679,1.1321220314523328
2019-02-07,1.3272128146587328,1.3615239936256498
2019-02-08,1.2532986340616084,1.3450838433088286
2019-02-09,1.2207940152352543,1.3861596757277974
2019-02-10,1.471951924825502,1.459794141858666
2019-02-11,1.1862013876929105,1.10670063252617
2019-02-12,1.1867075724576395,1.3223565168280154
2019-02-13,1.3657575137130564,1.187156636879542
2019-02-14,1.0090770296940546,0.989648101306009
2019-02-15,1.3011524225060074,1.160927233788729
2019-02-16,1.136908638290081,1.2332812677049811
2019-02-17,1.2977007056677845,1.3236808891173273
2019-02-18,1.3202294186253696,1.4412080351166296
2019-02-19,1.131743292624285,1.1553335719466404
2019-02-20,1.1678756394486967,1.0470401301646473
2019-02-21,1.0946054200271123,1.206638101213455
2019-02-22,1.1667886786496908,1.1991429102429805
2019-02-23,1.2751092484710869,1.4369527881841575
2019-02-24,1.1481159414811943,1.0737742475899945
2019-02-25,1.171497081086048,1.0592116047101416
2019-02-26,1.0719875795529785,1.0670801535026493
2019-02-27,0.9992033357422138,1.2025536495318336
2019-02-28,1.189523071992355,1.280869010652024
2019-03-01,1.1283513000621608,1.4359254687942056
2019-03-02,1.1733433911040292,1.329284379528854
2019-03-03,1.4299280207692473,1.1393254170896694
2019-03-04,1.0753733655842104,1.104211020893675
2019-03-05,1.116066260932558,1.1993437706112706
2019-03-06,1.0734055964776854,1.3274221184151627
2019-03-07,1.2538821318007807,1.340394524677007
2019-03-08,0.9897765611112253,1.357734758361805
2019-03-09,1.3032414348047743,1.3903512369588278
2019-03-10,1.3797072207700694,1.3613192711143351
2019-03-11,1.252353867471323,1.2344220049184709
2019-03-12,1.3008537668787596,1.372121796495493
2019-03-13,1.2075128282966574,1.2894915338297632
2019-03-14,1.1177196551487343,1.130069957911667
2019-03-15,1.214307643958455,1.279998530340058
2019-03-16,1.3547732036743576,1.3877465678698486
2019-03-17,1.2090140753942193,1.2655598193773543
2019-03-18,1.3502458517484672,1.3106394846697111
2019-03-19,1.0592073280581258,1.2456052134772888
2019-03-20,0.7409059609825468,1.231893501304744
2019-03-21,1.062612595055853,1.295556495044293
2019-03-22,1.1243529898483253,1.298431318327078
2019-03-23,1.417234590810349,1.3688928285981417
2019-03-24,1.1927619234513516,1.3801933028772189
2019-03-25,0.743613239662635,1.1860886367684709
2019-03-26,1.071036522848774,1.0806580471002438
2019-03-27,1.1728629036040732,1.1187424262349748
2019-03-28,1.0707087262183186,1.4347695232958446
2019-03-29,1.2653828152620996,1.2734984266414453
2019-03-30,1.4307386753107283,1.4590411450149112
2019-03-31,1.3682912162032859,1.2744307076913093
2019-04-01,1.4369433603747335,1.0375618964861366
2019-04-02,1.0987490468051133,1.227376547276784
2019-04-03,1.2701829471929744,1.3091500960164177
2019-04-04,1.0026746306404966,1.1805171229416243
2019-04-05,1.1634077838415846,1.265738165571326
2019-04-06,1.2942194599568353,1.4344929400100368
2019-04-07,1.5558769052437982,1.3174746177338588
2019-04-08,0.8559307176947611,1.2753436503019049
2019-04-09,1.2062828974663784,1.2814359604282306
2019-04-10,1.1051333590722043,1.1905339883015875
2019-04-11,1.0950425831234796,1.2593486465001855
2019-04-12,0.9277891510104898,1.1815731590662337
2019-04-13,1.2673809104507547,1.3021902623398478
2019-04-14,0.9227127661678202,1.1240519784851235
2019-04-15,0.45109102398595685,1.438733758811842
2019-04-16,1.2225262281415854,1.1692132892956824
2019-04-17,1.2445709242844871,1.085334834498909
2019-04-18,1.1912570317843363,1.0235712911980512
2019-04-19,1.1287461472694051,1.436166670033792
2019-04-20,1.2140592611739562,1.2371621250179607
2019-04-21,1.4233932027753358,1.1872142372142143
2019-04-22,1.2278854557261933,1.2793062365114733
2019-04-23,1.0207508608014961,1.2713795844052143
2019-04-24,1.1313094501962124,1.1714080255245147
2019-04-25,1.130460774018893,1.0943687282718293
2019-04-26,1.016184388728985,1.1910604869210724
2019-04-27,1.1421220575386437,1.256428837403393
2019-04-28,1.3059879554505425,1.0714755910102565
2019-04-29,1.1440673474408332,1.2750806526674239
2019-04-30,1.0106953957449483,1.2505547793024274
2019-05-01,1.1316448016243752,1.0781704786122375
2019-05-02,1.0978361466567945,1.0862682666837573
2019-05-03,1.2693535069882367,1.2352860776602137
2019-05-04,0.9819120919912456,1.097544032883566
2019-05-05,1.3847547287371964,1.3900523895557617
2019-05-06,1.069629563895666,1.379012344707525
2019-05-07,1.2477408742383325,1.0377002556477737
2019-05-08,1.2239259062166274,1.1686391312375624
2019-05-09,1.0260937528873229,1.1845519166524872
2019-05-10,1.0024178924453477,1.040286059766375
2019-05-11,1.2450109068183872,1.0900934744162833
2019-05-12,0.9137086207327706,1.3103348082346564
2019-05-13,1.2468662746613526,1.2869788644245121
2019-05-14,1.0448800123896236,1.3160854167866216
2019-05-15,1.0300363096170713,1.0304497128735932
2019-05-16,1.178123881330312,1.313494745363062
2019-05-17,1.0828994806827716,1.2006979793222068
2019-05-18,1.1027488024598209,1.155723834695466
2019-05-19,1.344480323089089,1.3724917577643254
2019-05-20,1.2066158205626254,1.2365991313983369
2019-05-21,1.0443886644664677,1.0253107940236657
2019-05-22,0.5183382349848481,1.2835491582225598
2019-05-23,1.1189408019421878,1.2480239714523496
2019-05-24,1.2523009741151045,1.2760629842076507
2019-05-25,1.3615924213033799,1.3062017032663
2019-05-26,1.2684961823001715,1.2565310406266745
2019-05-27,1.2568138553499064,1.4751319254497999
2019-05-28,1.0881823797835757,1.2424631723988864
2019-05-29,0.7741026648830112,1.006398231324314
2019-05-30,0.7010413547637259,1.0909768623495992
2019-05-31,1.075046467879583,1.1820092138944347
2019-06-01,1.0699571693123127,0.9674978831004096
2019-06-02,1.4374436364305803,1.2594678114651556
2019-06-03,1.109931125540324,1.1948983373845312
2019-06-04,1.0541263227982014,1.1069539532081463
2019-06-05,1.20771137817974,1.0862177331033849
2019-06-06,1.0317071344608681,1.1972638532201352
2019-06-07,1.0371728800264217,1.2366826892223501
2019-06-08,0.893071107986918,0.934125328034148
2019-06-09,1.242867655655114,1.3334552333243834
2019-06-10,1.042380308375901,1.348509315217255
2019-06-11,1.1359402663717817,0.9383841280552001
2019-06-12,1.0299328941381183,1.2604463864323994
2019-06-13,1.0316925208061145,1.2517212370753918
2019-06-14,1.2594136117284902,1.2297389363221096
2019-06-15,1.2899686279068954,1.375719985039606
2019-06-16,1.2079695627413083,1.0940380000438952
2019-06-17,1.1817779387441623,1.2718849616581047
2019-06-18,1.219942969690601,1.4613411279819495
2019-06-19,1.211675886687322,1.3395373940449653
2019-06-20,1.3370459531634018,1.3620139103047946
2019-06-21,1.2376676969151794,1.2931018540548065
2019-06-22,0.7104265653854044,1.2272715710324653
2019-06-23,1.4606792794400163,1.4175596055593518
2019-06-24,1.3019356204437484,1.2624071213754497
2019-06-25,1.0693977061357505,1.1433971860543408
2019-06-26,1.232616183865326,1.2025493450002562
2019-06-27,1.2407340242070852,1.1075980838700654
2019-06-28,0.8316912190823647,1.1654363570643622
2019-06-29,1.2085422801977121,1.1298725028094987
2019-06-30,1.0356380248050334,0.9220195749270734
2019-07-01,1.2121047055145768,1.1878336137110204
2019-07-02,0.9728199762294468,1.2205683000265326
2019-07-03,1.0703613351273202,1.3036149139773394
2019-07-04,1.2005195859329554,1.3790309508807823
2019-07-05,1.1658554062819768,1.285755742909164
2019-07-06,1.0910168584817646,1.4017484463155852
2019-07-07,1.4952104374447943,1.4040130373180504
2019-07-08,1.201217523566346,1.2734811291535857
2019-07-09,1.0460945243207465,1.3094422326585478
2019-07-10,1.175321476075691,1.1650031128827318
2019-07-11,1.0444817458922377,1.164303176682008
2019-07-12,1.1753550195976055,1.162915506528813
2019-07-13,1.1094539479921897,1.4152170711779333
2019-07-14,1.2535809881308109,1.0635578634885337
2019-07-15,1.3133877470896125,1.0962420726812996
2019-07-16,0.9761584778756424,1.1783816060405123
2019-07-17,1.2027602538171271,1.1751666510504577
2019-07-18,1.097716691123945,1.1595361270543008
2019-07-19,1.2220945476804244,1.249602602721408
2019-07-20,1.0907624235331084,0.9449145888506199
2019-07-21,1.0343470024627084,1.354698309277047
2019-07-22,1.1154791890002338,1.17691478346423
2019-07-23,1.0563359711593368,1.0863622178163117
2019-07-24,0.9571773673792647,1.0853234748309333
2019-07-25,1.323987383527215,1.1057836300926327
2019-07-26,1.2476926954234542,1.1048760926669154
2019-07-27,1.2867827215429348,1.231152067702324
2019-07-28,1.083906258355098,1.1811506533173959
2019-07-29,1.1807392337793048,1.2590462133811566
2019-07-30,1.2669654039967735,1.2435090670156186
2019-07-31,1.089376437073884,0.9402592866367955
2019-08-01,0.9086285022717699,0.8729721420565275
2019-08-02,1.2792725428440728,1.1102503689262448
2019-08-03,1.0502171826194002,1.0096453277647683
2019-08-04,1.215886965536487,1.3176011398292227
2019-08-05,1.1354013918671304,1.2344921997559741
2019-08-06,1.0218746681528055,1.0645979032345636
2019-08-07,0.9614025806639982,0.9970769900123447
2019-08-08,1.1474154335908335,1.089936127785733
2019-08-09,1.0672930951602129,1.1768754422614314
2019-08-10,1.267440797602092,1.3208734815223053
2019-08-11,1.5102335228065829,1.2201530867650612
2019-08-12,1.2560913043192419,1.235540639637714
2019-08-13,0.9854463071297926,1.1342222368275368
2019-08-14,0.8001652522426859,0.97094512620965
2019-08-15,1.149791085932261,1.168061401944249
2019-08-16,1.3494044883663603,1.290410678045672
2019-08-17,0.9567327697320024,1.1205492649924902
2019-08-18,1.2465237904516975,1.3975229535100646
2019-08-19,1.008603636116299,1.2839317595706885
2019-08-20,1.0621880248419926,1.2123666783592746
2019-08-21,1.0915050020689827,1.2706168447252006
2019-08-22,1.0421469860266879,1.2392967032591973
2019-08-23,1.1438262891573538,1.2853354671062787
2019-08-24,1.2768311391026856,0.8338527785502207
2019-08-25,1.383109010378725,1.489186418057319
2019-08-26,1.237067661256973,1.3258814742053797
2019-08-27,1.1546122726591437,0.9461877615937284
2019-08-28,1.2458793291658785,1.2262595371234184
2019-08-29,1.0799460900723596,1.2743856326597727
2019-08-30,1.1582861894949905,1.210626285714309
2019-08-31,1.4193664002511106,1.2296275513885515
2019-09-01,1.2302007729592523,1.2753323750547154
2019-09-02,1.3386720191047656,1.1716430853484427
2019-09-03,0.9711237747607543,1.2027946272372052
2019-09-04,1.2941128158515403,1.0874566324470647
2019-09-05,0.990331570292205,1.2275500698885407
2019-09-06,1.033726504806239,0.8514151629900483
2019-09-07,1.205182545827584,1.3559616642764438
2019-09-08,1.20275085103769,1.2384041475046577
2019-09-09,0.9982568936492952,1.1234975353575576
2019-09-10,0.9973570014402252,1.1683724230990735
2019-09-11,1.0334469365303136,1.1796205945484712
2019-09-12,1.150806254100261,1.3164362059153076
2019-09-13,1.1046814090111252,1.1744511136616291
2019-09-14,1.0843641270460076,1.4067148666393219
2019-09-15,1.3373606877597457,1.4253025809089828
2019-09-16,0.9490192017208311,1.345068358241532
2019-09-17,1.114844862568562,1.2460269287662258
2019-09-18,1.0913116226947897,1.1200848073197576
2019-09-19,1.2010477345309456,1.1835907404458146
2019-09-20,1.1282409482396933,1.195755001227569
2019-09-21,1.0669975463111296,0.9039894699391408
2019-09-22,1.2994140309759823,1.4893779027097094
2019-09-23,1.344630216995549,1.305923632658371
2019-09-24,1.1813167024580165,1.024834411266543
2019-09-25,1.2048584893588683,1.043053758637642
2019-09-26,1.3140523662944295,1.3194949884250184
2019-09-27,0.9451627528197181,1.0494960940510598
2019-09-28,0.919484419449646,0.8628300362242752
2019-09-29,1.1696411569756813,1.4613915878425223
2019-09-30,1.0822901496715214,1.0544815980954898
2019-10-01,1.2427218721558035,1.4705526855750357
2019-10-02,1.1943511288015627,1.1990962628392086
2019-10-03,1.1385787671143508,1.1390221688848434
2019-10-04,1.2033967927247373,1.1743694807740734
2019-10-05,0.8605515890484698,1.2075281752887137
2019-10-06,1.1739120533701313,1.4961150710317372
2019-10-07,0.9545910123531179,1.2074839821756655
2019-10-08,1.4282803822922034,1.378984222602645
2019-10-09,1.2396800927144096,1.391000433073121
2019-10-10,1.3376814946412514,1.2964650707896912
2019-10-11,1.006266163490705,1.3044410020381267
2019-10-12,1.2848656689415778,1.2071332882256294
2019-10-13,1.1779182746481784,1.5710322370473278
2019-10-14,1.43343053425152,1.3089696972254479
2019-10-15,1.103620132981473,1.0124399733262452
2019-10-16,0.9244228857186458,1.470923839670453
2019-10-17,0.9685883797645509,1.2050915472260084
2019-10-18,1.0403451029464414,0.9512757410211102
2019-10-19,1.1670707847685582,1.3038235161781506
2019-10-20,1.2022293689640509,1.2322119987691036
2019-10-21,1.11897516873758,1.3981001436628506
2019-10-22,0.9653210415536022,1.16479086620228
2019-10-23,1.0221255700685503,0.8379456765873604
2019-10-24,0.8148918113674156,1.1588469570419504
2019-10-25,0.8524158065855874,1.148454499643881
2019-10-26,1.4071550730138516,1.361707102701581
2019-10-27,1.1755249891300037,1.127845766067741
2019-10-28,1.1207084951697062,1.2486433607932592
2019-10-29,1.124837894694255,1.3213433437723172
2019-10-30,1.0624074962911871,1.0516120704367526
2019-10-31,1.116963991896653,1.192472925989124
2019-11-01,1.1194882451881827,1.154921960329338
2019-11-02,1.1872898627767527,1.3528270221604453
2019-11-03,1.292586461769354,1.2669281557886403
2019-11-04,1.039815896234542,1.0633344965027411
2019-11-05,0.9315415826458068,1.1856162721413246
2019-11-06,0.9358213893420803,1.070112721312494
2019-11-07,1.2383892591913992,1.256924385585607
2019-11-08,0.8553585358203325,1.1413913482653506
2019-11-09,1.220792756721614,1.3432701190191996
2019-11-10,1.138725236849332,1.2423634170823608
2019-11-11,1.2731039640575017,1.212759618390899
2019-11-12,1.1826015667620364,1.286643322903378
2019-11-13,1.2000291614465612,1.2995095677738988
2019-11-14,1.145030648807025,1.1838129912732127
2019-11-15,0.8972232396253417,1.1811749854712714
2019-11-16,1.2669485050711822,1.17218790395334
2019-11-17,0.9872607255038752,1.2046461715473302
2019-11-18,1.3577556614429147,1.3585353935532112
2019-11-19,1.2083630104535283,1.3513194336330128
2019-11-20,1.237447440775525,1.2611806468671583
2019-11-21,1.136406272560629,1.096730143868328
2019-11-22,1.015025394059707,1.1065079585068645
2019-11-23,1.2824109368920789,1.3914064114446876
2019-11-24,1.0919801635780464,1.4155079794186667
2019-11-25,1.0296724063978941,1.154809927923684
2019-11-26,1.2634092569596593,1.1738547718950703
2019-11-27,1.141060879985544,1.2674740971254586
2019-11-28,1.3679727735652394,1.2789372880651424
2019-11-29,1.200684424738787,1.0982295127191812
2019-11-30,1.2534714160787488,1.2985416492818649
2019-12-01,1.0878386726893012,1.1826585230695639
2019-12-02,1.0447743720986302,0.9972312581563486
2019-12-03,1.2829003227614955,1.2460130577364956
2019-12-04,1.0001637781088963,1.0968019558157898
2019-12-05,1.1868687758171603,1.138584095572563
2019-12-06,1.1228394495643113,1.3770958461876515
2019-12-07,1.1691171649106586,0.9957467266456772
2019-12-08,1.230219924591176,1.5371656028998661
2019-12-09,1.0895625923073124,1.221300669368938
2019-12-10,1.111609817616158,1.3132263393852637
2019-12-11,1.119210885437807,1.0371169904965793
2019-12-12,1.271427822005351,1.3189202828915096
2019-12-13,1.017575532904248,1.359136654532407
2019-12-14,0.9096387202849858,1.342930614135319
2019-12-15,1.2757523290953474,1.2855587200129843
2019-12-16,1.147193663054162,1.1279808538176175
2019-12-17,1.056931713264261,1.0326148968663493
2019-12-18,0.9984593348351545,1.0971421576958609
2019-12-19,0.9679217604224172,0.9839829972602483
2019-12-20,1.350727996525609,1.185867947815465
2019-12-21,1.1815519252426967,1.1974437875841755
2019-12-22,1.14111455819444,1.553454084645462
2019-12-23,1.1713410124525325,1.2368992331027495
2019-12-24,1.3401597036848873,1.2904132374182051
2019-12-25,1.0202809754763793,1.217550497269518
2019-12-26,1.2818111755119344,1.3218873421365995
2019-12-27,1.1278451841610793,1.384105533303063
2019-12-28,1.2175569231176913,1.4744950850616076
2019-12-29,1.2067891856554176,1.2015769425405234
2019-12-30,1.3445586429560192,1.3217831523441708
2019-12-31,1.2353089620269095,1.3146129899562562
2020-01-01,1.462758637987915,1.161501099849648
2020-01-02,1.330015127715112,1.3397067739229935
2020-01-03,1.1923450712257873,1.3311468033222125
2020-01-04,1.1689083037311303,1.251093064152572
2020-01-05,0.9782718202664874,1.232330766485482
2020-01-06,1.0154214120214926,1.2081333337675122
2020-01-07,1.2403069823149706,1.3296381978011849
2020-01-08,1.105131769607622,1.2542874659886794
2020-01-09,1.1604467327660097,1.3058295873849937
2020-01-10,1.152444474877851,1.2117379555436327
2020-01-11,1.0764935535626867,1.1962049385780318
2020-01-12,1.2195059519340619,1.226837807603754
2020-01-13,1.083256993107909,1.2206709952756474
2020-01-14,1.1402754913348083,1.210535129951349
2020-01-15,1.1326549860980486,1.2301059253955036
2020-01-16,1.1213024963663942,1.3030074651325523
2020-01-17,1.3371953389179199,1.1762031297814928
2020-01-18,1.1761500765533337,1.166029757963325
2020-01-19,1.3338477820373806,1.113996776443118
2020-01-20,1.2354027518070674,1.4284729713792972
2020-01-21,1.0664891298736843,1.2411281161263874
2020-01-22,1.1447861054079722,1.302979705767575
2020-01-23,1.0934925089964036,1.2057981362005823
2020-01-24,1.084437192785248,1.1692836782804021
2020-01-25,1.137303690125952,1.2748341896639481
2020-01-26,1.027524303174807,1.2078204443786194
2020-01-27,1.160606013675302,1.0044750459046146
2020-01-28,1.0443534213858072,1.2863232026847502
2020-01-29,1.1093367639877025,1.2291642433401115
2020-01-30,1.193106050963925,1.2122930191537542
2020-01-31,1.1160855639057317,1.0496703350752437
2020-02-01,1.1229341223704112,1.265908485165118
2020-02-02,1.0514118550017688,1.4112389285468356
2020-02-03,1.099680830781418,1.253214185913121
2020-02-04,1.1312120417807752,1.2557660492245046
2020-02-05,1.0474390303380723,1.2404579175749002
2020-02-06,1.2387015005929676,1.2310583271401732
2020-02-07,1.2510426597546,1.2433886529093947
2020-02-08,1.0184142203867133,1.1976587772011644
2020-02-09,1.1962513006725977,1.3293269784658623
2020-02-10,1.2572809388151505,1.3754468319171793
2020-02-11,1.25055891425478,1.265417639910535
2020-02-12,1.2799568529564733,1.1718318056908645
2020-02-13,1.2340149129902336,1.0879417689575295
2020-02-14,1.1868242899403247,1.320234274401029
2020-02-15,1.1479105818835877,1.1215361356748161
2020-02-16,1.239761517096702,1.3082031782319263
2020-02-17,1.0475431878418229,1.3392268452119294
2020-02-18,1.2288592161455973,1.2894438747892603
2020-02-19,1.1572439956533087,1.1856468675366805
2020-02-20,1.2429142547285994,1.1573912510291087
2020-02-21,1.2462660048940606,1.2742857117353492
2020-02-22,1.2479973594284977,1.2296628429253134
2020-02-23,1.2155801475613992,1.2760943874445443
2020-02-24,1.016270040828758,1.1020465637717802
2020-02-25,1.0364460152365313,1.229315272110504
2020-02-26,1.0807102102956367,1.1376737722719674
2020-02-27,1.0696950838210304,1.1054704823221324
2020-02-28,0.9271772565407379,1.0446033458569002
2020-02-29,1.0384906667448797,0.9616139011081226
2020-03-01,1.0622462037253855,1.1745393239110293
2020-03-02,1.0607047879510225,1.1799491949475753
2020-03-03,1.1984492211831934,1.2450229355881204
2020-03-04,1.0806236270704126,1.2496211932113597
2020-03-05,1.0665354539290093,1.2026659420975083
2020-03-06,1.0008337797898077,0.9997858915473609
2020-03-07,1.1770871197995385,1.0169105053236065
2020-03-08,1.085499864677754,1.0499950290170623
2020-03-09,0.9586864560658411,1.1268452094211903
2020-03-10,1.000293494358824,1.1424608287429394
2020-03-11,0.9754804439507916,1.0643518550226023
2020-03-12,0.9583697874473465,1.0314737705853474
2020-03-13,1.136085113658716,1.110854555976357
2020-03-14,0.9363577423728395,1.1626806809525543
2020-03-15,1.125538600860973,1.3285530253913773
2020-03-16,0.9899773252771451,1.1574968253615026
2020-03-17,1.0952823628397974,1.1137729110526962
2020-03-18,0.9810857117084762,1.0978053201926354
2020-03-19,1.076765033864494,1.085861222250521
2020-03-20,1.0724249998115722,1.1603653783030234
2020-03-21,1.153993756894943,1.2290798950621735
2020-03-22,1.2144301633840295,1.1528955658847484
2020-03-23,1.10243429708994,1.095277099515477
2020-03-24,1.1666601175718352,1.1973195503831044
2020-03-25,1.125613616366403,1.19093287315481
2020-03-26,1.1291051169429693,1.2239661858946538
2020-03-27,1.2152433367383288,1.2168469684970986
2020-03-28,1.3570742025294509,1.252414872444427
2020-03-29,1.073830292511799,1.3182576121782918
2020-03-30,1.036310103913407,1.0361649832411697
2020-03-31,1.2972812828159894,1.271190481301966
2020-04-01,1.1951552339684426,1.1748996877255558
2020-04-02,1.0280972846721128,1.120956223578866
2020-04-03,1.1084603270769031,1.1102894691284926
2020-04-04,1.1268488118745683,1.3109440563909456
2020-04-05,1.0138448712309815,1.1965857323347517
2020-04-06,1.1378399568989654,1.1285541433074395
2020-04-07,1.1383479194142732,1.1458081592897638
2020-04-08,1.1738068829602006,1.0594032307986667
2020-04-09,1.1121893323872032,1.0094621735073845
2020-04-10,1.1432852970658547,1.1498394286017581
2020-04-11,0.9738925403736618,1.1466361644965468
2020-04-12,1.1998056466101408,1.142499376511562
2020-04-13,1.1113103765651071,1.1426526134037713
2020-04-14,1.1502297405013207,1.1803520079725993
2020-04-15,1.1425370302425648,1.2619649041446033
2020-04-16,1.1851665074521671,1.2276536569855048
2020-04-17,1.181247106156248,1.225504907390239
2020-04-18,1.1944150682021601,1.2478156794336022
2020-04-19,1.29695417680553,1.2389109878023312
2020-04-20,1.0196054564146437,1.270966596745023
2020-04-21,1.0881534212495545,1.144571011638132
2020-04-22,1.0870461845295403,1.0723591074735959
2020-04-23,1.1842139399106493,1.134868093480086
2020-04-24,1.150264091357218,1.2063830764868317
2020-04-25,1.086815701948539,1.2651469428178184
2020-04-26,1.2751751292157014,1.2573862129444264
2020-04-27,1.0689210516021097,1.1320391917108088
2020-04-28,1.1958491087530612,1.1556236339703798
2020-04-29,1.129741106545482,1.0273941440192578
2020-04-30,1.1670532102806461,1.0732512503188338
2020-05-01,1.1114964292455862,1.3502090204847095
2020-05-02,1.1212043378155323,1.1263290542496307
2020-05-03,1.0927311722165725,1.218366398227285
2020-05-04,1.1746702898242725,1.2165506291663197
2020-05-05,1.134809543801674,1.1328146023556334
2020-05-06,1.169172255593447,1.1431720547263138
2020-05-07,1.1907967109415412,1.2096960779397987
2020-05-08,1.2350219045981266,1.2050097189278735
2020-05-09,1.1430708458977752,1.215693191773702
2020-05-10,1.280384750280247,1.2628474386343886
2020-05-11,1.1126392039296935,1.1273564573577564
2020-05-12,1.1255043596887082,1.2265050088201759
2020-05-13,1.1015959199229466,1.2364354152792432
2020-05-14,1.1277092245614508,1.271988939444842
2020-05-15,1.1258270217452098,1.2379962134557425
2020-05-16,1.2450869791561223,1.2227457088389657
2020-05-17,1.0847543686516228,1.150704625344611
2020-05-18,1.1924767113623047,1.2230154740962558
2020-05-19,1.1878787253772995,1.2600177399972272
2020-05-20,1.1990105002057632,1.199988885440153
2020-05-21,1.2224829958858974,1.201362921932852
2020-05-22,1.2214438573270292,1.1765943095124582
2020-05-23,1.2432704804444688,1.2793048698656937
2020-05-24,1.2572674791443483,1.3381975028994735
2020-05-25,1.2613119594210727,1.3323615863747107
2020-05-26,1.0840287068683534,1.1884353953540923
2020-05-27,1.0983963455665395,1.1887280380791363
2020-05-28,1.1013555152867538,1.2647213200175598
2020-05-29,1.2298283265483816,1.2438516403772866
2020-05-30,1.12345537394492,1.2939189929925996
2020-05-31,1.162250841246256,1.2916555989937586
2020-06-01,1.2411555233698732,1.2751052430298595
2020-06-02,1.1522070516408163,1.286252793102368
2020-06-03,1.194127668916923,1.2656456842755703
2020-06-04,1.149549239954474,1.2799405092068277
2020-06-05,1.13076589314932,1.1793474462985116
2020-06-06,1.2887500279433168,1.3610574571430265
2020-06-07,1.2018296532564838,1.3121320525755664
2020-06-08,1.2300378386107755,1.343693383645116
2020-06-09,1.1731330182157023,1.338166791028701
2020-06-10,1.2129347917244218,1.2659807340064422
2020-06-11,1.108246949597962,1.180149034970749
2020-06-12,1.0966950831037185,1.242046626924216
2020-06-13,1.2656665158361773,1.3423859479664544
2020-06-14,1.2952069387703378,1.313812746052714
2020-06-15,1.1252654720075426,1.3184629934421928
2020-06-16,1.1578531119146913,1.325074228859692
2020-06-17,1.0715655667742274,1.278393638383448
2020-06-18,1.0713389765045604,1.3019048971449363
2020-06-19,1.209724571018346,1.2318204423413108
2020-06-20,1.245868513771779,1.2160215095283657
2020-06-21,1.2325670471650358,1.2838607816592715
2020-06-22,1.1809932057281056,1.3126425264778325
2020-06-23,1.2324520697535788,1.1809630339822352
2020-06-24,1.1664411547741262,1.2385920127707468
2020-06-25,1.1219606855894921,1.2620419097169588
2020-06-26,1.0494664942112875,1.2017519223553823
2020-06-27,1.0764244219732324,1.3493080155469526
2020-06-28,1.2147510389309162,1.3200204219463114
2020-06-29,1.241697787829893,1.3188945437463007
2020-06-30,1.1035710978088205,1.3398847300770083
2020-07-01,1.2286855880741747,1.2275073890733605
2020-07-02,1.1662310823173667,1.2706101538074839
2020-07-03,1.2663868094669353,1.3827841047272311
2020-07-04,1.3420329118718064,1.4025283508200639
2020-07-05,1.221241916654338,1.3934435927989732
2020-07-06,1.2503562349885458,1.2357075849632355
2020-07-07,1.2594804969375146,1.2920229122207985
2020-07-08,1.1871285081144254,1.2161071169266475
2020-07-09,1.1860853869335328,1.2537316078329452
2020-07-10,1.1632227627452874,1.249168162283355
2020-07-11,1.2488886791782394,1.287376691505432
2020-07-12,1.3647570229667532,1.334220015261541
2020-07-13,1.1820355190835874,1.1715863703280789
2020-07-14,1.0970518755707706,1.2748144286129852
2020-07-15,1.141337067503015,1.2194546227188021
2020-07-16,1.1037293419394418,1.266038645273628
2020-07-17,1.2214657813601049,1.1835735617535967
2020-07-18,1.214059088720735,1.2439909259729525
2020-07-19,1.2578961567480864,1.2110441442828859
2020-07-20,1.2720915185364203,1.296346267877656
2020-07-21,1.1506081558929127,1.2328215060417231
2020-07-22,1.1993857240762271,1.2644864239170415
2020-07-23,1.1049225377318581,1.2523096303828587
2020-07-24,1.0698539050228735,1.197566691029526
2020-07-25,1.2591884456134474,1.2200906897413675
2020-07-26,1.0906630403365019,1.209613085684679
2020-07-27,1.2309348143406786,1.173881973885515
2020-07-28,1.195221277414167,1.1489182000617668
2020-07-29,1.183422304041049,1.329338133731548
2020-07-30,1.169463584715552,1.314585909035604
2020-07-31,1.1685204804050298,1.3130053107259043
2020-08-01,1.205407296334264,1.290773958657567
2020-08-02,1.1433601690805841,1.3353432752593142
2020-08-03,1.1841330744261482,1.294871307778921
2020-08-04,1.1743218554168486,1.2389823826074167
2020-08-05,1.1616256605080977,1.3288166666050758
2020-08-06,1.1632323058127276,1.2802783956757824
2020-08-07,0.9966301063916738,1.3150848262789407
2020-08-08,1.1516282332179564,1.3012355746890396
2020-08-09,1.2538607936721617,1.3427792630389546
2020-08-10,1.1348117600417098,1.2929726927180119
2020-08-11,1.181992513659922,1.2903309207622193
2020-08-12,1.2535085282075964,1.3397126650002225
2020-08-13,1.1387172040039655,1.3903837959952554
2020-08-14,1.2376898217659276,1.3439712942562845
2020-08-15,1.3508805335513814,1.3458372408599952
2020-08-16,1.2543727395830722,1.4294365512591551
2020-08-17,1.109732462840504,1.3005852316366335
2020-08-18,1.1203630939956077,1.2807112073641373
2020-08-19,1.2241481333568378,1.292390754984796
2020-08-20,1.169534602281876,1.304767030102535
2020-08-21,1.2118488602404245,1.2989698047105638
2020-08-22,1.303997218099238,1.3215108370136557
2020-08-23,1.0490137525675238,1.3350870646156785
2020-08-24,1.1656524191909605,1.3435091707338191
2020-08-25,1.2266100469608305,1.2833451876137345
2020-08-26,1.142363281269506,1.3361964490669824
2020-08-27,1.2014491227576816,1.3404069074944485
2020-08-28,1.2014842066696858,1.324463525482935
2020-08-29,1.1629047311374106,1.3308292973319957
2020-08-30,1.0275821512251349,1.4021978633342342
2020-08-31,1.1546726214142533,1.3290823750490552
2020-09-01,1.2164130136589473,1.376948922655035
2020-09-02,1.2165773338628383,1.3027582339603268
2020-09-03,1.15888013825431,1.3419008044887637
2020-09-04,1.1117481996225014,1.4039510352765516
2020-09-05,1.2515494080375524,1.381769173294024
2020-09-06,1.2219358882127769,1.379968917798405
2020-09-07,1.2631266839722286,1.4212578429245841
2020-09-08,1.121541001173617,1.3730773252978266
2020-09-09,1.2056480326632775,1.3274652571316428
2020-09-10,1.0873301064669603,1.3168718901950307
2020-09-11,1.1343027145339974,1.2880870315527813
2020-09-12,1.2498132855199724,1.3702496269701188
2020-09-13,1.1249523671961077,1.4206814643411894
2020-09-14,1.2522789477101304,1.4200642303348245
2020-09-15,1.1282404644503756,1.3299789450796407
2020-09-16,1.147199129422796,1.3894941324068166
2020-09-17,1.111028052775854,1.3419279154992099
2020-09-18,1.137256624830074,1.3325834680632045
2020-09-19,1.3172342583422463,1.3325330519648635
2020-09-20,1.294565477386999,1.4229198161610217
2020-09-21,1.0305274639137718,1.2706298867690289
2020-09-22,1.1331472930055564,1.348427000342957
2020-09-23,1.1353759714780112,1.3629276152766054
2020-09-24,1.219992102314529,1.3715324052568394
2020-09-25,1.1379218195902434,1.344582495112959
2020-09-26,0.9294813489483805,1.39617393587168
2020-09-27,1.2096489613956554,1.40260353729936
2020-09-28,1.0875354992395083,1.2995182924298652
2020-09-29,1.2777718182735787,1.2847412156578082
2020-09-30,1.0438619435847283,1.3770288657390135
2020-10-01,1.2243755344738112,1.3967282011426958
2020-10-02,1.155169093000264,1.3356165537558389
2020-10-03,1.244851386516607,1.3314491707309568
2020-10-04,1.2566017912076328,1.1776223419533984
2020-10-05,1.090909031671369,1.270111070927091
2020-10-06,1.0862944339230995,1.2985444842134626
2020-10-07,1.150371713352894,1.2802037257135968
2020-10-08,1.1062129139492236,1.2586172953604848
2020-10-09,1.1707952708611575,1.3483373556301097
2020-10-10,1.4477649281844143,1.4471983801046846
2020-10-11,1.2434640167567734,1.3798736592538112
2020-10-12,1.2198311179057668,1.3768648144325586
2020-10-13,1.0583189456734141,1.3166054326884045
2020-10-14,1.120120258638177,1.3556305344021227
2020-10-15,1.1900921778897993,1.385076591443796
2020-10-16,1.2133432822182155,1.346955411607124
2020-10-17,1.2510280628649815,1.3414633375021159
2020-10-18,1.332296260819547,1.304065826942342
2020-10-19,1.2515791897747521,1.2548470739651971
2020-10-20,1.037857854192401,1.2709023608179748
2020-10-21,1.1683247327572786,1.2779051358121618
2020-10-22,0.9431376733206683,1.2872376152564176
2020-10-23,0.9744785807320673,1.2673956826769335
2020-10-24,1.2471804308059045,1.3846302577450873
2020-10-25,1.122525636194995,1.3850687458072146
2020-10-26,1.205819960882528,1.3127810471823702
2020-10-27,1.2182436119330562,1.3536728036473635
2020-10-28,1.008974992025604,1.315909341609675
2020-10-29,1.1064563691391072,1.3212686470839001
2020-10-30,1.2602047342050446,1.2570182733146238
2020-10-31,1.002259485772017,1.3525415192273091
2020-11-01,1.2644052834373627,1.3157358039375076
2020-11-02,1.2118618545262871,1.3741132462682888
2020-11-03,1.065002683566432,1.3049359113999923
2020-11-04,1.116091570302589,1.3058532269303862
2020-11-05,1.0583890015965813,1.2845963847749802
2020-11-06,1.1243515441177236,1.2323033457782748
2020-11-07,1.3159637937001119,1.3452828179614342
2020-11-08,1.2220360091335405,1.3378663271792148
2020-11-09,1.0331991073520015,1.3062563258151885
2020-11-10,1.0345673434493412,1.2349057720852397
2020-11-11,1.0950981526668704,1.3200504336427845
2020-11-12,1.10521269290275,1.3744743459866484
2020-11-13,1.1744149338481833,1.3892799674967538
2020-11-14,1.0802363023157726,1.4102036330545764
2020-11-15,1.2892548878274,1.368250236895822
2020-11-16,1.2473532885255578,1.2589286984307726
2020-11-17,1.1867806457342407,1.3742499958256444
2020-11-18,1.1662116253482682,1.3592884327766108
2020-11-19,1.298397611358054,1.3781919142932817
2020-11-20,1.2111595325348725,1.3494456723689836
2020-11-21,1.2602364464349112,1.3519154811390885
2020-11-22,1.1694977111798868,1.3848879879973441
2020-11-23,1.2658047331641848,1.3257797656773844
2020-11-24,1.2083631215596211,1.3690823460821706
2020-11-25,1.1371484277999921,1.4091961765681331
2020-11-26,1.2904280544602782,1.3574308998795226
2020-11-27,1.254539067324572,1.3514592553102092
2020-11-28,1.1775632317172702,1.363544904324137
2020-11-29,1.0889833422821162,1.3737062838910299
2020-11-30,1.21880019072936,1.3795896982152647
2020-12-01,1.198148820855593,1.373738375710947
2020-12-02,1.003352505762747,1.276857570564813
2020-12-03,1.1907782335506858,1.313655210080958
2020-12-04,1.2449701173305558,1.2586370247766656
2020-12-05,1.16620339648408,1.4249690783384183
2020-12-06,1.2640086039851097,1.3941057038929618
2020-12-07,1.1636410734667433,1.3475147845061397
2020-12-08,1.2524519099709903,1.3502554707990735
2020-12-09,1.20882471639757,1.3753723753854028
2020-12-10,1.2726782031941302,1.308644680308834
2020-12-11,1.2165901838640465,1.3703549665221904
2020-12-12,1.213674534919307,1.4078275506755655
2020-12-13,1.2107939299668353,1.3924804463899156
2020-12-14,1.0714413558969968,1.394802895412332
2020-12-15,1.0961030091950448,1.3137638508751905
2020-12-16,1.2290211835612956,1.287577059843262
2020-12-17,1.1889262718761782,1.3837488764299846
2020-12-18,1.2189599397076207,1.4015538199754096
2020-12-19,1.2621891584181633,1.3961990251347232
2020-12-20,1.2678197950659456,1.3603370457439383
2020-12-21,1.16050641070556,1.3739471384756785
2020-12-22,1.2506621072160171,1.3279151591878744
2020-12-23,1.2693015749275092,1.2801654634799156
2020-12-24,1.1949156542446175,1.288888626635229
2020-12-25,1.2488970985303396,1.4575200608730632
2020-12-26,1.1505452190976042,1.375602284056269
2020-12-27,1.3682169373566238,1.339374563461806
2020-12-28,1.173028216740014,1.3444424847146879
2020-12-29,1.1257710130633825,1.3935049447484837
2020-12-30,1.2424712526277313,1.406786734340269
2020-12-31,1.2438310815701366,1.3588675946851079
2021-01-01,1.2764780908356155,1.3598178110759884
2021-01-02,1.2376482461565326,1.3351008950681713
2021-01-03,1.2635107825299452,1.4160091041470866
2021-01-04,1.1931370154987464,1.3269745878743773
2021-01-05,1.202175843863352,1.32841376217
2021-01-06,1.2246020003499842,1.3622407564686145
2021-01-07,1.2293011363021145,1.355276300035058
2021-01-08,1.1155979816095258,1.3856941333969568
2021-01-09,1.292361966222793,1.4589219466674992
2021-01-10,1.321858348093517,1.39977905550404
2021-01-11,1.2566321318377693,1.4110406948855196
2021-01-12,1.1379429104171819,1.3892017008283066
2021-01-13,1.1995206362782995,1.39441175742997
2021-01-14,1.2812541614548116,1.3645601951198334
2021-01-15,1.1354825613505577,1.376235206797908
2021-01-16,1.2205928710304326,1.3570912906909767
2021-01-17,1.3168275358978814,1.408539039228865
2021-01-18,1.1799693073988853,1.3975145686670956
2021-01-19,1.2369821050861953,1.3655598033117076
2021-01-20,1.266617932159932,1.382193302827585
2021-01-21,1.2403344979224755,1.3563154834689528
2021-01-22,1.1916304034023157,1.4401575835312763
2021-01-23,1.241502314017046,1.4282407145647562
2021-01-24,1.2429517813464557,1.4475820805010282
2021-01-25,1.1455431768857856,1.443400905949733
2021-01-26,1.247958985944214,1.439066794748225
2021-01-27,1.1958390380908972,1.478524470106402
2021-01-28,1.2326529518175637,1.500710231036273
2021-01-29,1.1725232784321262,1.5159115769261462
2021-01-30,1.1950441139414474,1.5063977329733522
2021-01-31,1.2031225748901304,1.5094791217383605
2021-02-01,1.1463994904371426,1.4994955309340547
2021-02-02,1.1364774724406224,1.44916884042761
2021-02-03,1.1609779185836124,1.4769459669024954
2021-02-04,1.1554951032087115,1.471095911514808
2021-02-05,1.1599747940801324,1.4597258124516335
2021-02-06,1.2383304945537945,1.4445177025164417
2021-02-07,1.1667291089969858,1.4847060777864716
2021-02-08,1.1978988874862313,1.4798893215454119
2021-02-09,1.2050517346854992,1.458141000174139
2021-02-10,1.130741449260544,1.4739196200371425
2021-02-11,1.1357184145221157,1.468972310665601
2021-02-12,1.205764107804944,1.4619524897089808
2021-02-13,1.1737589751660042,1.482780963252101
2021-02-14,1.207192488979678,1.4807522316172588
2021-02-15,1.267060325656024,1.4543209925475113
2021-02-16,1.1223391640590668,1.4347449816944455
2021-02-17,1.0869180886517391,1.4412682802483934
2021-02-18,1.144423088716975,1.444912930846915
2021-02-19,1.1510693310256217,1.447566236256929
2021-02-20,1.1485144164791437,1.4945847707661535
2021-02-21,1.2201282357908063,1.4306589976772222
2021-02-22,1.1077151850354985,1.403880750164787
2021-02-23,1.1177428280964627,1.4452056472039105
2021-02-24,1.1269453258837168,1.4161968714406437
2021-02-25,1.09579060347107,1.4428722707774582
2021-02-26,1.1340430726118083,1.4532503921547744
2021-02-27,1.1479673937344734,1.4378797550305213
2021-02-28,1.1976141857574334,1.4418332410386818
2021-03-01,1.1769188263668848,1.442740659957088
2021-03-02,1.1281481569885135,1.4203012321260013
2021-03-03,1.1532026916728895,1.4108994443820038
2021-03-04,1.0629135653427606,1.313017116405901
2021-03-05,1.0887552234027364,1.3846026458580523
2021-03-06,1.080390911698508,1.3736086773307514
2021-03-07,1.1630820161266178,1.4034306911202878
2021-03-08,1.1259230009486452,1.3570080176444266
2021-03-09,1.1772812937672938,1.4514596431773816
2021-03-10,1.2134003759893661,1.4286906777661048
2021-03-11,1.1808036140259934,1.3979807536781896
2021-03-12,1.1985520951337305,1.4155295596795616
2021-03-13,1.1892030702173317,1.4220073937108448
2021-03-14,1.2420501002314321,1.4136686226672084
2021-03-15,1.2389798633104678,1.4168162454474158
2021-03-16,1.2396102798287238,1.4334312290432654
2021-03-17,1.1094755965553456,1.3852938321972592
2021-03-18,1.1840388892179312,1.412625961196391
2021-03-19,1.2023052398529825,1.4447781773031656
2021-03-20,1.1701052988844336,1.3820885042615039
2021-03-21,1.2082118048247728,1.4207418405955363
2021-03-22,1.244215207383433,1.40638974998007
2021-03-23,1.194419640727921,1.3933273876639454
2021-03-24,1.217965310235929,1.3891808625587156
2021-03-25,1.1120118238722392,1.4414282046489053
2021-03-26,1.085340657914358,1.4555992391016788
2021-03-27,1.115751680176657,1.4520691167886788
2021-03-28,1.2013129379222975,1.3891443666145609
2021-03-29,1.1431029357403466,1.4410997399001042
2021-03-30,1.249803555167674,1.4407216822570095
2021-03-31,1.2033791535769252,1.4151114341002906
2021-04-01,1.1368512390903753,1.4412992388449206
2021-04-02,1.1937520581863115,1.4171003279317471
2021-04-03,1.1540298362360981,1.411370818094797
2021-04-04,1.2028152256341125,1.4162670859050701
2021-04-05,1.2895042561933223,1.376909837454204
2021-04-06,1.2280233430466048,1.4783353501915255
2021-04-07,1.1722899493713836,1.4758450162519934
2021-04-08,1.1489926047513725,1.3769769584358544
2021-04-09,1.2110386539697395,1.4346478652098185
2021-04-10,1.2150184248393074,1.3930530600515794
2021-04-11,1.116502830434918,1.4528259395480927
2021-04-12,1.1395050912204894,1.415785515212804
2021-04-13,1.2228790152227151,1.429185696342337
2021-04-14,1.2237607340797272,1.4276359209357932
2021-04-15,1.0476220322255532,1.3768739383822395
2021-04-16,1.0915167140411208,1.431761458514134
2021-04-17,1.1262475920838717,1.3935606862052166
2021-04-18,1.0291035349129298,1.4522187771824304
2021-04-19,1.234861343180968,1.3733726934305928
2021-04-20,1.1319063322209386,1.329930980860896
2021-04-21,1.1073474787641957,1.447708902942361
2021-04-22,1.0985038451541589,1.392936829885484
2021-04-23,1.1969851700262382,1.4356474943195778
2021-04-24,1.3176824333041703,1.460025933253528
2021-04-25,1.3248977142319946,1.4503142800085895
2021-04-26,1.1964927625072244,1.4620387674918205
2021-04-27,1.0409531670301584,1.393375310974467
2021-04-28,1.0966173223893627,1.391119463152241
2021-04-29,1.11615012965659,1.3355806507447041
2021-04-30,1.1551231000830635,1.3880525217838893
2021-05-01,1.1374719062310092,1.4371493455991313
2021-05-02,1.0938014979925852,1.3941192425175972
2021-05-03,1.2310756161273062,1.4273359289076428
2021-05-04,1.035056713755397,1.346364025862074
2021-05-05,1.1062096296630177,1.4286158562938076
2021-05-06,1.0704155819289274,1.275342476189428
2021-05-07,1.0614432770382785,1.404702545939902
2021-05-08,1.2098283196563968,1.433878777027694
2021-05-09,1.254693102176675,1.4152900843682048
2021-05-10,1.059283315711251,1.3435690405623761
2021-05-11,1.0444394082347435,1.314152050467851
2021-05-12,1.0525972679450735,1.3837383254416094
2021-05-13,1.0966787827928497,1.3903709723036815
2021-05-14,1.1299848791411902,1.4481705381742982
2021-05-15,1.119869810545077,1.3918048774947083
2021-05-16,1.23973932232704,1.439003128110624
2021-05-17,1.2359984061338587,1.3501622283714423
2021-05-18,1.146808911513739,1.4422437672088166
2021-05-19,1.0685227782387892,1.3773262477399044
2021-05-20,1.1178268673561325,1.4079690392231463
2021-05-21,1.2237918337494578,1.3541334156541809
2021-05-22,1.182252766352349,1.4114554456855486
2021-05-23,1.1684296050878809,1.4000957709517095
2021-05-24,1.2764906037865242,1.4086753366934928
2021-05-25,1.2406336247281549,1.3714568380545895
2021-05-26,1.2876919455065465,1.432404485467308
2021-05-27,1.195976899340404,1.380801662283298
2021-05-28,1.0825114155479902,1.4157083987936694
2021-05-29,1.1341350970202355,1.3806862096782815
2021-05-30,1.2372688589370617,1.4746655270029987
2021-05-31,1.2089920765786268,1.433655054613573
2021-06-01,1.1414679272583579,1.4489431690805925
2021-06-02,1.1974739594088852,1.3992662446783295
2021-06-03,1.185216875946392,1.4591039736232598
2021-06-04,1.1096759461337273,1.370328754010874
2021-06-05,1.1124068891285603,1.4518918815470208
2021-06-06,1.22958890925462,1.4659684096864867
2021-06-07,1.2466793252948956,1.453249607873298
2021-06-08,1.1291888581868341,1.4213247709951071
2021-06-09,1.2156070822415244,1.446521864009975
2021-06-10,1.1796007749813162,1.4213985539950147
2021-06-11,1.2423820271538537,1.4347689319189356
2021-06-12,1.131727820846995,1.4737913001773741
2021-06-13,1.2710968441562407,1.442735534635729
2021-06-14,1.2245220304253397,1.4105644906116803
2021-06-15,1.0318460260808284,1.445418894732701
2021-06-16,1.1024601646002004,1.4436470690485355
2021-06-17,1.1276003152288527,1.4428929732276456
2021-06-18,1.0002700146253973,1.417139785400121
2021-06-19,1.1693829011721195,1.3999375629034367
2021-06-20,1.3010569788544908,1.4136106062115827
2021-06-21,1.2949609773923967,1.3804629965303414
2021-06-22,1.2407236843955363,1.4670399369516263
2021-06-23,1.130830937251711,1.356551699728828
2021-06-24,1.1527882523536384,1.3481799670593597
2021-06-25,1.2035242601618747,1.4250515220696336
2021-06-26,1.3674723679937784,1.4480089876995486
2021-06-27,1.15578670833237,1.4415132346486013
2021-06-28,1.2228336735116276,1.3757297585877934
2021-06-29,1.1052217883197049,1.3868289515358487
2021-06-30,1.1978670890790342,1.3988877322010294
2021-07-01,1.258984683334075,1.418105627505581
2021-07-02,1.235333077357433,1.4233755229763667
2021-07-03,1.288292318998818,1.4475591228826938
2021-07-04,1.1950412063639275,1.4723342291529549
2021-07-05,1.1847112718407307,1.3643195904951173
2021-07-06,1.1398408059512848,1.3846497550703591
2021-07-07,1.1406398534483375,1.4122538229761044
2021-07-08,1.2216039398409262,1.3262962124696824
2021-07-09,1.2983317204699087,1.4727484130619466
2021-07-10,1.2310298449075106,1.4255074746771816
2021-07-11,1.3304491263087084,1.4653653188569977
2021-07-12,1.0379504667317607,1.4249725440325773
2021-07-13,1.0063499670868161,1.3836627590417299
2021-07-14,1.2895352921417191,1.4815443442964322
2021-07-15,1.1679640968237825,1.4166310543689884
2021-07-16,1.168312356110993,1.38911440366576
2021-07-17,1.0672867182530874,1.4134744680029678
2021-07-18,1.0898530095374757,1.4475704324039993
2021-07-19,1.1405321631847007,1.3956995112373882
2021-07-20,1.1274982400746834,1.4317674378133876
2021-07-21,1.1741667352714376,1.3769747492448958
2021-07-22,0.9856083986739692,1.2995294899323124
2021-07-23,1.143923614180453,1.4391096167210755
2021-07-24,1.2197616218671588,1.4288198467870314
2021-07-25,1.1717013304250663,1.3211517613352666
2021-07-26,1.1144603275069014,1.3880697182379294
2021-07-27,0.9976180056990727,1.3331612474709549
2021-07-28,1.0058737709903973,1.303620090965853
2021-07-29,1.1142321342302404,1.3866338949521433
2021-07-30,1.0798276784346932,1.3275533470421481
2021-07-31,1.115741379100121,1.3799687703440373
2021-08-01,1.215873250162788,1.4797787767551627
2021-08-02,1.367736718364633,1.4603400457192017
2021-08-03,1.0980747456996802,1.4145105826750355
2021-08-04,1.0744296669685005,1.2783182494497192
2021-08-05,1.1805691115880754,1.3711245019253773
2021-08-06,1.1276500992147924,1.401966222980463
2021-08-07,1.111623861302427,1.3743924547522448
2021-08-08,1.2701470974284024,1.4699544748993223
2021-08-09,1.242886102317705,1.3858724148796924
2021-08-10,1.1491886006056478,1.4071504170555817
2021-08-11,1.1229140682109509,1.353498970525865
2021-08-12,1.0347372326359094,1.3670867862236877
2021-08-13,1.2344092730054104,1.3545163295763163
2021-08-14,1.1505845146718563,1.3896346244187083
2021-08-15,1.2492890324848993,1.3669298501409093
2021-08-16,1.1483576612725643,1.3998368722785268
2021-08-17,1.0957071078033365,1.3516715013113252
2021-08-18,1.24475602893829,1.3611288650044524
2021-08-19,1.1922283172577064,1.328134679977502
2021-08-20,1.1690946649473644,1.2970445932077797
2021-08-21,1.2726608596866809,1.4181016814269605
2021-08-22,1.170365706955999,1.374923572067908
2021-08-23,1.236614531719167,1.445596335038934
2021-08-24,1.3377766054737137,1.4210425411287475
2021-08-25,1.2790876993590807,1.3784557552126329
2021-08-26,1.1894870518255025,1.3622042197354947
2021-08-27,1.2479722933364636,1.429173062249265
2021-08-28,1.2836093839128264,1.4160248316853767
2021-08-29,1.1251825531454456,1.4021877825665128
2021-08-30,1.1671187002025354,1.358558670562179
2021-08-31,1.0820468417471072,1.3211908412103117
2021-09-01,1.0979191028817366,1.395058760796558
2021-09-02,1.2182114391252294,1.4354792898844138
2021-09-03,1.319930409813282,1.4667553841587222
2021-09-04,1.1637036232584343,1.4318054407431817
2021-09-05,1.207053714617475,1.4647681918789517
2021-09-06,1.2334319212722173,1.4074083015745822
2021-09-07,1.1048077787626098,1.4400102360334217
2021-09-08,1.183142714503361,1.4570854005085518
2021-09-09,1.2912587630654109,1.4114353727506948
2021-09-10,1.2069253854594009,1.36404527070967
2021-09-11,1.2452040280059713,1.4532434991966527
2021-09-12,1.228772875931958,1.4006351210384207
2021-09-13,1.293445390517685,1.4419437510629758
2021-09-14,1.2575475421898306,1.4285390242308487
2021-09-15,1.2944156850143134,1.4608020237712696
2021-09-16,1.328640655259627,1.3363998860999604
2021-09-17,1.2818295810253941,1.427622238220372
2021-09-18,1.2739029729886,1.3034997274646036
2021-09-19,1.3177990199594412,1.4534881371429083
2021-09-20,1.1998792675593493,1.3814066135463279
2021-09-21,1.186702359918065,1.4149165971352187
2021-09-22,1.1090696080145583,1.3327611954418215
2021-09-23,1.1675527345348535,1.3448852564162446
2021-09-24,1.2004804247638867,1.4010544428282783
2021-09-25,1.3953108743470488,1.4229531494714696
2021-09-26,1.2594297398609553,1.4748189048483977
2021-09-27,1.2454943831187566,1.3485321339409728
2021-09-28,1.1555025156493688,1.373529695397805
2021-09-29,1.3022333722226984,1.3144299329284428
2021-09-30,1.3158868853794545,1.3911686657608056
2021-10-01,1.2027493320018723,1.3858047546844947
2021-10-02,1.1687560124875764,1.3988144087671481
2021-10-03,1.1932715049353113,1.45296036279577
2021-10-04,1.180822054039677,1.4330761937163174
2021-10-05,1.2775197782272867,1.4164536609517586
2021-10-06,1.298676968553653,1.4290899545400335
2021-10-07,1.2389688453553007,1.4116122188296463
2021-10-08,1.2392888558424169,1.4001230718702646
2021-10-09,1.2653000640242666,1.433768981765941
2021-10-10,1.2388135033545462,1.4518107583630089
2021-10-11,1.2336006104804302,1.3005538441768945
2021-10-12,1.3037500906217296,1.4024072962453378
2021-10-13,1.278385197366817,1.3243804308740856
2021-10-14,1.2464137895768514,1.415592123193288
2021-10-15,1.2582763416745013,1.3770934545952207
2021-10-16,1.3144599883686834,1.5097656797050927
2021-10-17,1.3900992880675291,1.438933607574677
2021-10-18,1.360068994421541,1.370064875022367
2021-10-19,1.1684547929130575,1.379365832260791
2021-10-20,1.3038726221378927,1.439787057056364
2021-10-21,1.1137192076301674,1.3730079275134155
2021-10-22,1.262375672890553,1.3957067656291424
2021-10-23,1.2894700956687841,1.4561298817313055
2021-10-24,1.360212053455751,1.4451768311284616
2021-10-25,1.2417823468482696,1.405182947446712
2021-10-26,1.2301735474686104,1.3691063538987556
2021-10-27,1.1656792996283456,1.3688843294233006
2021-10-28,1.161500147046978,1.359487536116678
2021-10-29,1.2412467891085515,1.4292858479308848
2021-10-30,1.323505235589379,1.372231348439672
2021-10-31,1.305865723321033,1.4219146238382299
2021-11-01,1.218110284568711,1.3869883757108867
2021-11-02,1.3127926734310655,1.381341337238801
2021-11-03,1.2859189173008294,1.3503157155573287
2021-11-04,1.197960554340005,1.2048931681300656
2021-11-05,1.1403712319580968,1.3468711896730519
2021-11-06,1.2257755490348432,1.3244490908755502
2021-11-07,1.27064421316806,1.4493401991140495
2021-11-08,1.168152160721961,1.3574111012822723
2021-11-09,1.2093657039536225,1.411345734737498
2021-11-10,1.1034660112775092,1.3474438882025375
2021-11-11,1.2237288530682011,1.4016995304002824
2021-11-12,1.1581046145935916,1.3930433059157699
2021-11-13,1.2174974637722094,1.396345592506622
2021-11-14,1.2056637883751848,1.4161141039839087
2021-11-15,1.2053435576815394,1.3735663572794592
2021-11-16,1.0350312316296006,1.327228050616863
2021-11-17,1.2173575859091395,1.3363372143560914
2021-11-18,1.1084989954449,1.336589173558958
2021-11-19,1.2579768859777496,1.4225527194620233
2021-11-20,1.3119133858009457,1.3893697765825168
2021-11-21,1.2886530061251416,1.387043254977972
2021-11-22,1.1963586567097364,1.4160394647930292
2021-11-23,1.242841348191927,1.3684168092164517
2021-11-24,1.1402833902269145,1.3248450620663859
2021-11-25,1.3414922128095774,1.4513518797624996
2021-11-26,1.260849890785547,1.3983006951237764
2021-11-27,1.2939530132035586,1.4057765912021563
2021-11-28,1.280895694704208,1.4395433848481072
2021-11-29,1.2676826212733363,1.3854855188661328
2021-11-30,1.1939237802786835,1.3442618018522794
2021-12-01,1.1900765762156076,1.3770527001890775
2021-12-02,1.1570725352853923,1.3849071919782898
2021-12-03,1.2542205624994294,1.330764660236359
2021-12-04,1.231649188584032,1.319549939371015
2021-12-05,1.1186611563823174,1.4447667749395297
2021-12-06,1.1225512094379073,1.3568593939254499
2021-12-07,1.1193812758279966,1.3116469825779633
2021-12-08,1.3345081104499383,1.3017661429463327
2021-12-09,0.9664089564662537,1.2929272586624256
2021-12-10,1.1345750707738977,1.4193275054273549
2021-12-11,1.1895983647298582,1.3629824201635732
2021-12-12,1.1993586096321114,1.4703169381984298
2021-12-13,1.1925153265977342,1.3816052544537918
2021-12-14,1.2282003572910092,1.4163464333249347
2021-12-15,1.0589326726217896,1.3381617274596602
2021-12-16,1.2402966615577795,1.3902281457211179
2021-12-17,1.0700379447388426,1.2930527522043047
2021-12-18,1.254551688817369,1.4044460509407588
2021-12-19,1.2828278581983472,1.4407754397333072
2021-12-20,1.0031362572528226,1.2985011806821432
2021-12-21,1.3161456412478727,1.351527045232531
2021-12-22,1.2480843243939104,1.3855988410842779
2021-12-23,1.1262365182891336,1.4134615249036109
2021-12-24,1.2406869220302277,1.3859972231120004
2021-12-25,1.265299014594488,1.4785206379389015
2021-12-26,1.2294756804711848,1.3619398907647735
2021-12-27,1.249289309003163,1.4362103329736309
2021-12-28,1.1662979441534986,1.407664253744157
2021-12-29,1.283188156819589,1.4504445087949749
2021-12-30,1.1597696296781177,1.399771417412567
2021-12-31,1.202940566202754,1.3867928964184397
2022-01-01,1.2812581265622351,1.4100189640378178
2022-01-02,1.3058768832850751,1.3604170861168448
2022-01-03,1.1552438736996744,1.4090488001582502
2022-01-04,1.2249459646732583,1.3494278121122172
2022-01-05,1.1729390713879784,1.3344540468180441
2022-01-06,1.1793564283486258,1.3565325003719448
2022-01-07,1.0685208877440495,1.2931461265532056
2022-01-08,1.2086884831247182,1.3781620106284027
2022-01-09,1.1935739886433132,1.4103124278795658
2022-01-10,1.2289687181002837,1.2629027380960858
2022-01-11,1.1642021770389703,1.3548576119447602
2022-01-12,1.293912099321375,1.4480240590064355
2022-01-13,1.305591827179329,1.40024057053369
2022-01-14,1.1102934392804662,1.3232268951112434
2022-01-15,1.294648812823088,1.4409984009695334
2022-01-16,1.3478718487156498,1.4427866586183395
2022-01-17,1.266812306698665,1.4741661751879418
2022-01-18,1.052302984795502,1.416314111119194
2022-01-19,1.192001631883492,1.2968273393167211
2022-01-20,1.0973873632020086,1.292434467354582
2022-01-21,1.126705793275648,1.3566887498498024
2022-01-22,1.0426579057960401,1.3397820679026669
2022-01-23,1.2471280608103923,1.4063268558642152
2022-01-24,1.137815969749693,1.2844746448574476
2022-01-25,1.2216794770564054,1.3455629882289621
2022-01-26,1.2603093246845092,1.3613344758776473
2022-01-27,1.1710690691553975,1.320645937907144
2022-01-28,1.1864919390326802,1.30268816364815
2022-01-29,1.3279554044349007,1.3681185754907155
2022-01-30,1.2252404415597054,1.4466007535033898
2022-01-31,1.2409820730007664,1.382790518641489
2022-02-01,1.096506617703157,1.3755060297060802
2022-02-02,1.1059231995609557,1.332159202821784
2022-02-03,1.1327164515688275,1.2841442256167417
2022-02-04,1.1313936641543016,1.2881675246180002
2022-02-05,1.0662579338110798,1.251001405652641
2022-02-06,1.0645352076428702,1.463055010892236
2022-02-07,1.2549240569982503,1.3791272557432193
2022-02-08,1.2006216585525582,1.3243076226826844
2022-02-09,1.115949741735271,1.326573625258582
2022-02-10,1.0909347941863627,1.4090636073244853
2022-02-11,1.0613671522692645,1.3773966959666357
2022-02-12,1.2546271961665028,1.4038767163767416
2022-02-13,1.2092730815127495,1.347314458748506
2022-02-14,1.317116604214665,1.3869526721500243
2022-02-15,1.2530506027276338,1.3218004563773953
2022-02-16,1.2190452182331848,1.389096432453124
2022-02-17,1.0793020194436667,1.3239375239728897
2022-02-18,1.0665544845838393,1.34840201885324
2022-02-19,0.9234429215667853,1.3943407061211388
2022-02-20,1.0993263630351844,1.218713035772516
2022-02-21,1.0409664347636067,1.2663441973972853
2022-02-22,1.1274903763208237,1.3930562084645948
2022-02-23,0.9718329107327316,1.2663006594272714
2022-02-24,1.0293452087806736,1.3095156766559137
2022-02-25,1.0265527875655394,1.3728486361403882
2022-02-26,1.0766778843556366,1.28347965720845
2022-02-27,1.2409343460955544,1.3515622780897254
2022-02-28,1.1569150127808299,1.3036032569563267
2022-03-01,1.2448749003744408,1.395433804694982
2022-03-02,1.167814825729846,1.3817776046230965
2022-03-03,1.0713404087153153,1.3281154461673494
2022-03-04,1.0611622213047611,1.4215427803349125
2022-03-05,1.0132786686108974,1.3518170449522582
