date,bitcoin_investing_title_score,bitcoin_investing_selftexts_score
2019-01-01,1.5908711946746383,1.577802992614421
2019-01-02,1.1996887991757172,1.535153323344277
2019-01-03,0.37300468210199034,0.767230793049921
2019-01-04,0.8241128745943876,0.9428381724062906
2019-01-05,1.5993147521113367,1.6013771339853373
2019-01-07,1.6011314245169814,1.598206147057219
2019-01-08,1.5975680238255439,1.5975831090885528
2019-01-09,0.8003276651385306,1.565560874984052
2019-01-10,1.20011897317346,0.8027579092108642
2019-01-11,1.5973724424558373,1.5352004516524638
2019-01-12,1.00631188750852,1.5461983447921792
2019-01-13,1.5456035244571926,1.5353888913786826
2019-01-14,1.4540956298284233,1.5985899130788952
2019-01-15,1.279797573959116,1.5350882317031904
2019-01-16,1.463987662171804,1.535156205983548
2019-01-17,0.7498868284763435,1.5566842921954478
2019-01-18,0.5853804037038037,1.5351942206567502
2019-01-19,1.5999203085162583,1.5351213126199104
2019-01-20,1.6006626202951693,1.5961449508540928
2019-01-21,-1.5353734335898979,1.5931512367238714
2019-01-22,1.5947791576612262,1.402716544268222
2019-01-25,1.600144506788672,1.5939407731718276
2019-01-26,1.0508299240936287,1.557185287866517
2019-01-27,0.8005850813109623,1.568163845421756
2019-01-28,1.4103992607746292,1.5604410663418977
2019-01-29,1.6004341337439933,1.600445318033247
2019-01-30,1.2011398642473092,1.5662971002441255
2019-01-31,0.00022729236580697296,1.5352004516524638
2019-02-02,1.6268728227477625,1.5853091218141138
2019-02-03,1.5744159624505496,1.5549251949213112
2019-02-04,1.5985358231639546,1.6003980068793133
2019-02-05,0.0006211246641341576,1.5356935262391296
2019-02-06,1.4990320999705461e-05,1.5350724015719968
2019-02-07,1.5309595671819987,1.535586148567474
2019-02-10,0.02545924243477023,1.5749272319344632
2019-02-11,1.5997462178152222,1.5351515522279653
2019-02-13,-0.01297357475565919,1.595831448041376
2019-02-14,1.5982064747914326,1.5661590319123246
2019-02-17,1.5850708537012341,1.5353736870555028
2019-02-18,1.6076906628017325,1.5429027123423633
2019-02-19,1.6001067514571161,1.5355470235541282
2019-02-21,1.6006670428192549,0.03718312894704621
2019-02-22,1.422567130011845e-12,1.5350724015719968
2019-02-24,1.6001312420453555,1.5935462389447177
2019-02-25,1.609943506487043,1.1398854957539504
2019-02-26,1.6003212099991395,1.5930908265538155
2019-02-28,0.24850702675468903,1.599586079618334
2019-03-01,1.5848836741820151,1.5352306840751122
2019-03-04,1.598068349137336,1.5358077777614176
2019-03-05,1.0541741685506778,1.5784957043366237
2019-03-11,1.598187423033518,1.5351213126199104
2019-03-12,1.2189975379146891,1.5331570191812776
2019-03-13,0.8016005519743867,1.5535323944503499
2019-03-14,0.0025080209364284345,1.5679676574079673
2019-03-15,-1.5706175645911136,1.59267661474174
2019-03-19,1.5567875488518117,1.5351515522279653
2019-03-20,1.6003587617713844,0.003157827952576131
2019-03-21,1.6000393803396677,1.5351213126199104
2019-03-22,1.6041645239531945,1.560858176203155
2019-03-25,0.9927868253191027,1.5565438479363145
2019-03-29,1.5995624431013593,1.5354679668529612
2019-03-30,1.1566022923628083,1.6015582253358154
2019-03-31,1.600031738695948,1.5351213126199104
2019-04-02,0.08689350405951977,1.6165662799117353
2019-04-03,1.5433156080504102,1.5357840811080443
2019-04-04,1.1632496850068377,1.568998768062953
2019-04-05,0.8000479612175971,1.5351457573704208
2019-04-07,1.404628633957028,1.5356655523310863
2019-04-08,1.585951497818217,1.5351515522279653
2019-04-09,1.5946040326481754,1.5552883020616315
2019-04-10,1.6000400692733023,1.5351213126199104
2019-04-11,1.1805277341882376,1.5350724015719968
2019-04-12,1.2725370567813825,1.5354772785188724
2019-04-14,1.0949076638197444,0.7682478662697009
2019-04-15,0.8339785025707058,0.24842173331905149
2019-04-16,1.6003739150253848,1.5354634889493473
2019-04-17,1.5418763501474126,1.5965429446785033
2019-04-20,0.559434785070484,1.1510897400587632
2019-04-22,1.5996529749060722,1.5954057574083893
2019-04-23,0.5578391522993635,1.5801373348959222
2019-04-24,0.8000533422967165,1.5351364324239378
2019-04-25,0.8008621232159966,1.5686404911352658
2019-04-30,1.5992813440529645,1.5681063104321904
2019-05-01,0.8012424030165128,1.5682097581913346
2019-05-02,1.5949720656981357,1.5352342186153058
2019-05-03,0.9924404841201161,1.3814661836540034
2019-05-05,1.5999828276480343,1.5350724015719968
2019-05-07,1.0851717451875167,1.5509903533145986
2019-05-08,-0.32870214372748563,1.5639140834848526
2019-05-09,1.199826981228,1.5352898545444442
2019-05-10,1.066583002771697,1.557157803206757
2019-05-11,1.177237421695355,1.2287604191969754
2019-05-12,1.5333287143085452,1.6025932730885637
2019-05-13,1.462138350179353,1.6061763236011433
2019-05-14,1.0407562296705535,1.5746345268827846
2019-05-17,1.599986322396438,1.5352004422508143
2019-05-18,1.5993451907456135,1.196988000010743
2019-05-19,1.5999104074244135,1.5351050089372726
2019-05-20,1.067667563537847,1.5792466799242069
2019-05-21,1.463655352526349,1.6004667812903643
2019-05-22,1.6053357155671484,1.6053470585069956
2019-05-23,0.5303501976841738,1.535157768292308
2019-05-24,1.5952639764359198,1.5351213126199104
2019-05-25,1.5999707427021395,1.5351213126199104
2019-05-26,1.001843352757145,1.5672248389092345
2019-05-27,1.034625458701161,0.2020348578000507
2019-05-28,1.5984715474710787,1.5353586733166078
2019-05-30,1.5491895982097954,1.5546624128155628
2019-05-31,1.062130308661036,1.5768014303574442
2019-06-01,1.584334044763674,1.5354203017978034
2019-06-03,1.5845290124557792,1.5573747636520314
2019-06-04,1.5636627725555747,1.5352050986628747
2019-06-05,1.5511387287807903,1.5564956894434534
2019-06-06,1.196856349771385,1.5721301920231447
2019-06-07,1.5810520036503473,0.7989603051831938
2019-06-08,1.5997767894391548,1.5353319771460667
2019-06-10,1.5993599010763486,1.5351364266122303
2019-06-11,1.599735832169321,1.5352191131688449
2019-06-12,1.600118874521705,1.5352004516524638
2019-06-13,1.5991327788987195,1.5353097971223744
2019-06-14,1.5771354935967679,1.0240940714974236
2019-06-15,1.5951167723545456,1.4982961292321781
2019-06-17,0.000668255299346443,1.5640967852807317
2019-06-18,1.0323797741855856,1.5935852751643147
2019-06-19,0.6420338358547559,1.403210555871332
2019-06-21,1.6258750640948743,1.5721823641856345
2019-06-22,0.538768917458453,1.4058751946859214
2019-06-23,0.80913529079192,0.006552399000469211
2019-06-25,0.4024450137841085,1.3924484486407598
2019-06-26,1.3269943574867142,1.5701764112881493
2019-06-27,1.5969857704596055,1.5328722268964126
2019-06-28,1.5981492208763095,1.5616949374014562
2019-06-29,1.4469442425031656,1.5682919150318826
2019-06-30,1.599450788840845,1.5639629887210587
2019-07-01,1.601491502206479,0.8029973828907635
2019-07-02,1.6029727771031663,1.549315685106463
2019-07-04,1.597629374633731,1.53515777216678
2019-07-05,1.57551935417491,1.5910102975335683
2019-07-06,0.6593409383239013,1.568970659196422
2019-07-07,1.6004089884404624,1.5771924312336891
2019-07-09,1.5990953723036152,1.5927557653977085
2019-07-11,0.7995915094876895,1.5162939543453984
2019-07-12,1.6016465251094485,0.0021610932922120907
2019-07-13,1.3158800130710078,1.5352004516524638
2019-07-14,0.5605957450461881,1.5570098020145042
2019-07-15,1.598898264082785,1.5351515522279653
2019-07-17,1.5996930658718607,1.5351213126199104
2019-07-18,1.6000192121680572,1.5351213126199104
2019-07-19,1.5996218979107097,1.535111976899981
2019-07-22,1.5492580892945387,1.5351841494491623
2019-07-23,1.5734591496091557,1.5351213126199104
2019-07-24,1.5902202619744585,1.5351213126199104
2019-07-25,1.2815077824626413,1.5676396886952422
2019-07-26,1.5350580688705313,1.622545570522546
2019-07-28,1.600369664335155,1.535941089785529
2019-07-29,1.5960230680757308,1.5673959432985871
2019-07-30,0.4296749452759133,1.4490254918783336
2019-07-31,0.00015191865296501766,1.5351213126199104
2019-08-01,1.1592828679804328,1.5351213126199104
2019-08-02,1.500449765663643,1.5517075607630368
2019-08-03,1.6017276479293965,0.8913718776257221
2019-08-04,1.5938250200633428,1.5351515522279653
2019-08-06,6.864596087293644e-05,1.5351213126199104
2019-08-07,0.10777055026452993,1.556390184021738
2019-08-08,1.579943364178515,1.5355470235541282
2019-08-09,1.5880315625565278,1.5351213126199104
2019-08-11,0.692906564632983,1.5351213126199104
2019-08-12,1.604656022729297,1.582231984869657
2019-08-13,1.5519014963882236,1.5352004352455362
2019-08-14,1.5964965563797722,1.5350724015719968
2019-08-16,1.598513848217154,1.5351910993471856
2019-08-17,1.4244685994222064,1.5437001596568123
2019-08-18,1.5976178673834844,1.5494279502905868
2019-08-19,1.5511845575564882,1.3790974919530143
2019-08-20,1.5990334961477077,1.5490154717234255
2019-08-21,1.6003517529153415,1.5323875920232064
2019-08-22,1.5975092368852464,0.7057984595438312
2019-08-23,1.6156542167807444,1.6131887442192305
2019-08-24,1.5997561722449407,1.5350724015719968
2019-08-26,1.274239800499669,0.7787125665374415
2019-08-27,1.5915206068182968,1.5351492273108205
2019-08-28,1.5957773766935033,1.526172708821553
2019-08-30,1.599291978078216,1.556743882828517
2019-08-31,1.5858990784267253,0.8533636701621558
2019-09-02,0.024174907204284096,1.60337555898857
2019-09-03,1.3053362482945625,1.578158480032462
2019-09-04,0.23375797618243843,1.544340039577235
2019-09-05,1.3764732163782685,1.525054575124763
2019-09-06,1.5998385637818326,1.5351457645523667
2019-09-11,1.596770334011588,1.5690262281106744
2019-09-12,1.6001159903577846,1.5352004516524638
2019-09-15,0.04848067331880568,1.3428599147944529
2019-09-16,1.6019189131932372,1.5802914601797171
2019-09-17,1.5971765822748405,1.5351702164848233
2019-09-18,1.206899063365251,1.5350724015719968
2019-09-19,1.597259516416678,1.5668865984499636
2019-09-20,1.5795329301799987,1.5691824743518805
2019-09-23,2.680085440350212e-11,1.5350724015719968
2019-09-25,1.5688089468777722,1.5187317140315977
2019-09-27,1.5999939090384998,1.5351213126199104
2019-09-28,0.7912746810954363,1.3676447553201214
2019-09-29,1.2695179753996233,1.5570501775175496
2019-09-30,1.5506139108798678,1.5676705872064662
2019-10-01,0.0019801543380235285,1.5350724015719968
2019-10-03,1.5973068562005563,1.5351759983475113
2019-10-04,0.00012927536287964515,1.5352004516524638
2019-10-06,1.6013630983253988,-1.5904444276357468
2019-10-07,1.600541056187311,-1.5832571287612969
2019-10-09,1.4146773995964999,1.5352004422508143
2019-10-11,1.011182033306486,1.5854255077485113
2019-10-12,1.5927288426350825,1.518702341553306
2019-10-13,1.600912278768011,1.6008517886168185
2019-10-15,1.445264123734839,1.6053236470432832
2019-10-16,1.6006967608635947,1.4729491123964362
2019-10-17,1.6012119246510537,1.601241339021493
2019-10-19,1.5523554150497991,1.5940984560726679
2019-10-21,1.1597482672135078,1.5352306840751122
2019-10-22,0.23464542128225874,1.5352888932427264
2019-10-23,1.6003492046582153,1.5654688854841772
2019-10-24,1.5999725464198173,1.59267661474174
2019-10-25,-0.000702990673164483,1.5644521640945828
2019-10-26,1.6044176820891998,1.0496113317340863
2019-10-27,0.12792556095886523,1.6006987274478834
2019-10-28,1.6045673407355678,1.5972645198963604
2019-10-29,0.3927972955733794,1.554597621086078
2019-10-31,1.5993436691021174,1.5352702405987433
2019-11-01,1.5986731804839815,1.5647038805887008
2019-11-04,0.800756379422469,1.6006718892143446
2019-11-05,1.5987145263421974,1.5352795718817185
2019-11-06,1.6000200085201035,1.5351515522279653
2019-11-07,1.5975964606028716,1.5350724015719968
2019-11-08,0.6357747660817356,1.6003065934515874
2019-11-10,1.5916961116712827,1.5648566512935567
2019-11-11,1.600105279452092,1.5352004516524638
2019-11-12,1.599926310070725,1.5679378945936902
2019-11-13,1.3649141577786355,1.5993609986943702
2019-11-14,1.5854857682585142,1.574356859195721
2019-11-15,1.6002520317942261,1.6002364365868336
2019-11-16,1.5937394742371884,0.0008328459833145674
2019-11-17,1.2342684920473435,1.587113208342148
2019-11-18,1.0678765164123927,1.5795605109691284
2019-11-19,1.5778528256735584,1.566357337367643
2019-11-20,-0.5286754322507317,1.5758737841361976
2019-11-23,1.5881245321660193,0.8010478273065448
2019-11-25,0.521269060564478,1.385005968012253
2019-11-26,1.589067463936993,1.5790226101986915
2019-11-27,1.5920303531959514,1.568384032857053
2019-11-28,1.600165544900803,1.4689844793187243
2019-11-29,1.5927766157272822,1.5365730563622966
2019-12-01,1.5944184273848379,1.567982859641016
2019-12-02,0.8282061441817823,1.1516934150326066
2019-12-03,0.5394679063910779,1.025743108537773
2019-12-04,1.6003463097652166,0.8375065694588422
2019-12-06,1.1384681625191075,1.2563459423333043
2019-12-07,0.00039584104150480114,1.5987540083826068
2019-12-09,1.599556762482137,0.002543067833305676
2019-12-10,1.395633514939681,1.5683802808311529
2019-12-11,0.7730894834999367,1.5747506973293837
2019-12-13,4.891106466431487e-05,1.5351213126199104
2019-12-14,1.6009301113640686,1.6008190035066179
2019-12-15,1.5999634184174996,1.5352306840751122
2019-12-16,1.51668875913178,1.5351213126199104
2019-12-18,0.8000381107450945,1.5649642096030223
2019-12-20,1.080795148321885,1.591136341117924
2019-12-22,1.5981300578121675,1.5350724015719968
2019-12-23,1.6013920181301273,1.1662953137230123
2019-12-24,1.330467227129803,1.5992077992346865
2019-12-25,1.6005481543960591,1.5357840811080443
2019-12-26,1.5835392562955413,1.5997727340191599
2019-12-27,1.4731450526790368,1.6001494205078477
2019-12-28,0.8767843129708877,0.658599896259966
2019-12-29,0.7998511599131939,0.7684444627260688
2019-12-30,1.644025092185085,1.611997056928128
2019-12-31,1.5999387631568414,1.5351414723586136
2020-01-01,1.5993661011752318,1.387445967656927
2020-01-02,1.5993133630484198,1.5671457152553734
2020-01-03,1.5569974522288466,1.5351213126199104
2020-01-04,-1.3569367908250947,-1.4259250474626004
2020-01-05,1.6008964349970742,1.5673348473408546
2020-01-06,1.5911858962565053,1.599706870301726
2020-01-07,1.5800303220960532,1.5351213126199104
2020-01-08,0.5340017749523044,1.5351515459583582
2020-01-09,1.4894052475710624,1.600228854222883
2020-01-11,1.2640085774370449,1.5960438993525945
2020-01-13,1.7531231102903735,1.6591110610763284
2020-01-14,1.6198003075321468,1.6206197777222517
2020-01-15,1.5997700681705451,1.6003304931289764
2020-01-16,0.9772817038560264,1.5614306592181293
2020-01-17,1.600464885351513,1.6011916473725596
2020-01-18,1.513108688221922,0.9729482233607514
2020-01-20,1.6096723211706987,1.6097444540585348
2020-01-23,0.7998606060971242,1.5495892606020392
2020-01-24,4.9081745639476994e-05,1.5351213126199104
2020-01-25,1.5991987489909523,0.7966942222760465
2020-01-26,1.601694451591664,1.5656466401841234
2020-01-27,1.5401562020293653,1.5352795718817185
2020-01-28,0.5323112914389027,1.5782026013411288
2020-01-29,1.518003683496452,1.582655595936457
2020-01-31,0.9241345067469551,1.290329969260082
2020-02-01,0.817255838942052,1.536633366796691
2020-02-02,1.5780591058393894,0.9057173606785067
2020-02-03,1.6040639495801017,1.5641076904889397
2020-02-04,1.3311492665768472,1.5513150854632354
2020-02-05,1.0394903577921304,1.5570745619954005
2020-02-06,0.8326471883409581,1.535111976899981
2020-02-07,1.3435008832748185,1.535160879002304
2020-02-08,1.6007494741737622,1.498177768972906
2020-02-09,1.5065150318606655,0.7757739321747219
2020-02-10,1.5751075600553777,1.5351759983475113
2020-02-11,1.5849411014351682,1.53515777216678
2020-02-12,1.5961851535872138,1.5642699232528763
2020-02-13,1.5547804608910916,1.5351213126199104
2020-02-14,1.1770495154660736,1.5495223659123463
2020-02-15,1.58734540747105,1.5459772265283507
2020-02-16,1.4083292600148798,1.5711695787137772
2020-02-17,0.9547805686317513,0.8668537849921205
2020-02-18,1.1819761226159033,1.0558638986138908
2020-02-19,1.5915174878255296,1.1600983643368532
2020-02-20,0.7774278613351938,1.5351213126199104
2020-02-21,1.600071160379457,1.5939057376228252
2020-02-22,0.9575245840717552,1.2146553503766977
2020-02-23,1.121876177752368,1.5495817130041905
2020-02-24,1.5959337034412833,1.5762199854842178
2020-02-25,1.0744108245519541,1.4667081736303291
2020-02-26,1.5749125704938156,1.4872978663615146
2020-02-27,0.6399433529604882,1.120587073142045
2020-02-28,1.5838224355113557,1.465531388159001
2020-02-29,1.562343333638795,1.5351990313362536
2020-03-01,1.166132517597187,1.5351562153857246
2020-03-02,1.0514308054370771,1.535167845766524
2020-03-03,0.6910785451397304,1.5354679668529612
2020-03-04,1.5713832316133898,1.5512929546189567
2020-03-05,1.5043579865474983,0.7695817456133289
2020-03-06,0.8063247856198126,1.5164276873653026
2020-03-07,1.4367112260557808,1.5789969168251357
2020-03-08,1.6001260114733211,1.600676147202674
2020-03-09,0.6411213740314271,1.4745256911833304
2020-03-10,1.3332638202653069,1.5352043005261018
2020-03-11,1.1348122393498377,1.5350968570959536
2020-03-12,0.1993185993905571,1.1381214599914322
2020-03-13,0.818118622703798,1.5823343575290696
2020-03-15,0.5344233931500592,1.5587991893199094
2020-03-18,-1.5869336808187222,1.5352004516524638
2020-03-19,1.5743625705229523,1.5355892653226644
2020-03-20,0.13992906265404592,1.6003263636511451
2020-03-21,-1.5786945475057779,1.53554678900147
2020-03-22,0.2441451337986713,1.59657931753487
2020-03-23,1.5998244845575496,1.5683156163344723
2020-03-24,1.5989906707405077,1.5931858432713852
2020-03-25,0.7983035334867936,1.535255124387419
2020-03-26,0.8031230900503816,1.569230991322001
2020-03-28,1.552192526933911,1.535264452082306
2020-03-29,0.9340286837329947,1.4239776674008169
2020-03-30,1.5967258736739787,1.5352306840751122
2020-03-31,1.4270506241041407,1.5361718380432343
2020-04-02,1.2784480003610301,1.3248271591576666
2020-04-03,0.001317926311757547,1.5352004516524638
2020-04-04,0.5063536110680982,1.5358717580661403
2020-04-05,0.09320198014970549,0.5971794660108996
2020-04-06,0.5335379354098749,1.5352632508870272
2020-04-07,1.5997650190918733,1.5565987321020625
2020-04-08,1.344901596909161,1.5352027520213976
2020-04-09,1.5846873241375299,0.6559215391024111
2020-04-10,0.8001962828149268,1.535264452082306
2020-04-12,1.601113499812703,1.5363365600020844
2020-04-13,1.6013941985069633,1.6001423106738364
2020-04-14,1.0333830579796563,1.5664643497708675
2020-04-15,1.5457241427429604,1.54618668058585
2020-04-16,1.596310454492949,1.5929253636628402
2020-04-17,1.5692433513118644,1.5364596604560907
2020-04-18,1.5840921341992549,1.0118862400753477
2020-04-19,1.546666799655025,0.15181447416915878
2020-04-20,1.6075898427731155,1.5842689372335759
2020-04-21,0.33186358442859404,1.5354739371447854
2020-04-22,1.3700276849523219,1.5352795718817185
2020-04-23,1.564893316863522,1.5352136352234564
2020-04-24,1.6011041604318215,1.5361858718073813
2020-04-25,1.5967146605234879,1.5351515522279653
2020-04-26,0.8428340850861127,1.5312092320836068
2020-04-27,1.5998252215568374,1.592804664822207
2020-04-28,1.5814171789001037,1.5576695180814086
2020-04-29,1.0175401847386432,1.5692890047610075
2020-04-30,1.3169667146765176,0.9807997683716932
2020-05-01,1.599257844177542,1.5352004516524638
2020-05-02,1.6007166574402036,1.5683495497646707
2020-05-03,1.5219397044478498,1.5352004516524638
2020-05-04,0.07677439097786198,1.0929092537550615
2020-05-05,1.0585775289877328,-0.027804555584677426
2020-05-07,1.51866305658979,1.5438937571384088
2020-05-08,0.5889061722923357,1.5684571198711914
2020-05-09,1.5986154016096055,1.5559221218081722
2020-05-10,-0.05290308179239461,0.8045221518766137
2020-05-11,1.5969912325672584,1.5522454386090971
2020-05-13,1.2046293315131642,1.5053738317552416
2020-05-14,1.600274662303298,1.5355470235541282
2020-05-15,0.9295150428326675,1.380428133280098
2020-05-16,0.5373554282330771,1.5971919107191008
2020-05-18,1.499480988748398,1.5360442877256064
2020-05-19,0.5624872956922112,1.608665779593425
2020-05-20,0.7996487965572469,1.4311909885939886
2020-05-21,0.685396306396303,1.550264047718992
2020-05-22,0.7947029585046506,1.4832654194085224
2020-05-23,1.2693929712054735,1.5371393189527276
2020-05-24,1.5846517047488946,1.5353423490294367
2020-05-25,1.5405477108451078,1.5355693792958012
2020-05-26,1.6000938857908578,1.5352004516524638
2020-05-27,1.6000159651316184,1.5451271722489863
2020-05-28,1.5749489883295837,1.5930721800227043
2020-05-29,1.5646429661877146,1.5942983055952056
2020-05-31,1.5995093801047027,1.601311724186219
2020-06-01,1.61576306933871,1.5445870213132078
2020-06-02,1.5904889020744883,1.508723815596728
2020-06-03,1.5841123256422056,1.5352306840751122
2020-06-04,1.600349479989767,1.60034817951099
2020-06-05,0.9034778047014197,1.5352004516524638
2020-06-06,1.5916058164016174,1.5354375027233853
2020-06-07,1.0076408138312913,1.6601849590414737
2020-06-08,1.597227912906018,1.5352004516524638
2020-06-09,1.3883784424272951,1.5586080417123367
2020-06-10,1.5992035948809986,1.53515777216678
2020-06-11,1.4624127384821763,1.5647545842639692
2020-06-12,1.5794693532937587,1.4721018859589847
2020-06-13,1.599317835934376,1.5540222642584915
2020-06-14,1.4713693311755143,1.5352004516524638
2020-06-15,1.6015367263989582,1.5668215224543676
2020-06-17,0.014061528941928476,1.5354527661626158
2020-06-18,0.03704039830865369,1.6043383734546346
2020-06-19,0.8011202523631228,1.2987811314038682
2020-06-22,1.5427080072317862,1.5371932928093541
2020-06-23,0.801076299878469,0.8311878611930934
2020-06-24,1.5983743059437578,1.5352004516524638
2020-06-25,1.469604035874004,1.5697138547913196
2020-06-26,1.1039085851531587,1.3326072692867148
2020-06-27,1.6000544977375306,1.5352004516524638
2020-06-30,1.5996822665437282,1.535264452082306
2020-07-02,1.5947840994765539,1.5358079312191315
2020-07-04,1.5999796936462087,1.5352004516524638
2020-07-05,1.6000410187278467,1.5352004516524638
2020-07-06,1.0675823883474747,1.5548068424201567
2020-07-07,0.4924440844485876,1.5131330053314476
2020-07-08,1.5832399448691072,1.5355470235541282
2020-07-09,1.6016602286180948,1.5803596070726085
2020-07-10,1.553130425786648,1.5419132006779372
2020-07-11,1.5979802269216075,1.5351760019402145
2020-07-12,1.2660721796012373,0.8736049951206379
2020-07-13,0.7711839894492653,1.5352080097581258
2020-07-14,1.5944907351799331,1.4516710083238726
2020-07-15,1.6000923440244705,1.5352004516524638
2020-07-16,1.5402178317568418,0.04963917337884616
2020-07-17,1.5985921440118143,1.5359465596097976
2020-07-18,1.6013833005228435,1.5779842752390527
2020-07-20,0.8009955973526329,1.5637023463296318
2020-07-21,0.011935919819963958,1.5362576905429384
2020-07-22,1.199987583246601,1.5520467788469259
2020-07-23,1.5823557472913052,1.5435952604334886
2020-07-24,0.010902118636873737,1.5352004516524638
2020-07-26,0.9589844239316561,0.7698020844701168
2020-07-27,1.4965998888805387,1.564396226002333
2020-07-28,0.5364017760157124,1.5346053883957127
2020-07-29,1.5999507132761983,1.5352004516524638
2020-07-30,0.7078490147531914,0.7199235472627382
2020-07-31,1.5999452447899039,1.6000497733448094
2020-08-01,1.3128951515454907,1.4465655862568711
2020-08-02,1.6079938378324334,1.5727738594709477
2020-08-03,1.6839050394131243,1.6836011097651622
2020-08-04,1.263267697069918,1.5593409892787624
2020-08-05,1.6009388328852074,1.4932677183435406
2020-08-06,1.5905648797154954,1.069261180369921
2020-08-07,1.6001940853623653,-1.597578075493702
2020-08-08,1.6000684072092897,7.915072743948929e-05
2020-08-09,1.6006577579431152,1.5680844740001572
2020-08-10,1.2506926008463275,1.5352004516524638
2020-08-11,1.1588616180382803,1.1638643357995078
2020-08-12,1.598942759641922,1.5596191287179828
2020-08-13,1.2550757712414151,1.5495119411090155
2020-08-14,1.6027755201193437,1.3980264553251884
2020-08-15,1.4654229011149387,1.580194544479242
2020-08-16,1.5942858033932776,-1.5060047760936077
2020-08-17,1.2015349554515742,1.5352004516524638
2020-08-18,1.6017879391773977,0.5332126097277348
2020-08-19,1.0941174507379312,1.527561620388101
2020-08-20,1.5933609727830746,1.5362762929066345
2020-08-21,1.527767581062312,1.1548110241069254
2020-08-22,0.7939123103806947,1.568029129264402
2020-08-23,1.6053394755946238,0.07098857345824897
2020-08-24,1.6000936181539038,1.5352795718817185
2020-08-25,1.3996101192639905,1.0573823412472827
2020-08-26,1.5845653007842966,1.5653356331334591
2020-08-27,1.5927327437499708,1.5538453540276462
2020-08-28,1.6309872108129035,1.595128262150018
2020-08-29,1.576810986998669,1.5632549861216845
2020-08-30,1.5892599207487177,1.5471651290863506
2020-08-31,0.00020717044231802437,1.5352795718817185
2020-09-01,1.574354191867212,1.5672451030882484
2020-09-02,1.5641572951528342,1.5352876796105877
2020-09-03,1.577211563456521,1.5688979857599117
2020-09-05,0.18198046282437189,1.535710510216007
2020-09-06,1.5990960998045032,1.5652788450669732
2020-09-08,1.5605652453092242,1.5352004516524638
2020-09-09,1.600056661207365,1.5352004516524638
2020-09-10,1.5992644540790453,1.5355742995329777
2020-09-11,1.6052854972347765,1.602453175996896
2020-09-14,0.00012805008046704245,1.5352004516524638
2020-09-15,1.2032651840569024,1.1436371230447928
2020-09-16,1.600831106016859,1.5686050012269646
2020-09-17,1.600145348276472,1.5353888913786826
2020-09-18,1.5999947656140363,1.535516819838991
2020-09-20,1.4732911701768727,1.5352004516524638
2020-09-21,1.598956894662749,1.5351760019402145
2020-09-22,1.5644987041833822,1.5995206528114991
2020-09-23,1.5990285523140761,1.510325695624176
2020-09-24,1.5993392146955394,1.5352004516524638
2020-09-25,0.6524018663546676,0.7453252215865992
2020-09-26,1.5935567056340667,1.5352400117670912
2020-09-28,1.594251801941963,1.1040783873330593
2020-09-29,1.5999100377382653,1.5353322671288794
2020-09-30,1.5780895637274148,1.5352004516524638
2020-10-01,1.6018843264707605,1.5693999261550955
2020-10-05,0.001807091997336924,1.0091609783830104
2020-10-07,0.7494370722376333,1.5627288473689092
2020-10-08,1.6297935892696045,1.6296707587127295
2020-10-09,0.3910304423669509,1.4805402196846287
2020-10-10,1.4935441944430035,1.5352004516524638
2020-10-11,1.5995350473751249,1.5352004516524638
2020-10-13,1.6028730400245867,1.602356363350838
2020-10-14,1.6036362413656555,1.555557973484626
2020-10-15,1.4450363224558178,1.2439646770729544
2020-10-19,1.633000885965255,1.6329694125111982
2020-10-20,1.590729107811912,1.535500266289293
2020-10-21,1.5615928738694187,1.5880153727803221
2020-10-22,0.3629044262136071,1.546774797326512
2020-10-23,1.587024687068185,1.603076357547064
2020-10-24,0.9639945979133456,1.5463309376154997
2020-10-25,-0.7328396652174695,0.56229957922667
2020-10-26,1.6003081603822573,1.5363981945699912
2020-10-27,1.6238295900918227,1.59125922744755
2020-10-28,0.00012805008046704245,1.5352004516524638
2020-10-29,0.24119648112281755,1.5352004516524638
2020-10-30,1.0664675958824184,1.5352531922071784
2020-10-31,1.5976240420314367,1.5357497579914614
2020-11-01,1.6000746021777497,1.5351515522279653
2020-11-02,1.6084016180282998,1.574799044474895
2020-11-03,1.6089089311874067,1.5766826752513508
2020-11-05,0.9412113667865155,1.5682306807300648
2020-11-06,1.199771926647703,1.3697772067948257
2020-11-07,1.5995577415097202,1.5657299077023796
2020-11-08,0.5504355746850893,1.5351957849020013
2020-11-09,1.5117785455264947,1.5511118036167637
2020-11-10,0.993114861734771,1.3461024545117442
2020-11-11,1.6014572619173901,1.5918721047843327
2020-11-12,1.2400378505348202,1.3879904889285386
2020-11-13,0.5265495731676171,1.5491799294947202
2020-11-14,1.033789045587595,1.276646797983931
2020-11-16,1.442048420859668,1.561519066597091
2020-11-17,1.1703155783077377,1.5555782123297754
2020-11-19,1.6109405691034073,1.5691266847667453
2020-11-20,1.5979730962712224,1.413869568495956
2020-11-21,0.6756953770509511,1.5358227024421653
2020-11-22,1.5653196018684323,1.5353322560830822
2020-11-23,1.6050679900836395,1.5710430058502158
2020-11-24,1.1430159108228757,1.555986202214053
2020-11-25,1.564211857004386,1.563349521637861
2020-11-26,1.5987956019820504,1.5352004516524638
2020-11-27,0.5331166207299937,1.5352004516524638
2020-11-28,1.6005630253203318,1.5356446991719528
2020-11-29,1.6588396702623203,1.5940487779377066
2020-11-30,1.0609923865138298,1.5634440092713946
2020-12-01,1.5903565814784135,1.544690221527888
2020-12-02,1.2206999640381204,1.536425708525661
2020-12-03,1.536315237984671,1.5737161269712585
2020-12-04,1.2786724956264606,1.5569889629899214
2020-12-05,1.594577289195022,1.5352004516524638
2020-12-06,0.9682682324359909,1.5577741636601456
2020-12-07,1.5753771594850645,1.5612383309104296
2020-12-08,1.1595168048522893,1.5795130095405885
2020-12-09,0.5519198686069695,1.5745800182833485
2020-12-10,1.603528784901066,1.5814004539432718
2020-12-11,1.291985799846478,1.535190671767564
2020-12-12,1.1965992467933972,1.4130994741584846
2020-12-13,1.6008531600165694,0.3253979074335364
2020-12-14,1.1942184125770325,1.5271485232726305
2020-12-15,1.0590654398824477,0.8963712315662583
2020-12-16,1.202191459344765,1.4258694739719597
2020-12-17,1.4089641304181912,1.5501758559600716
2020-12-18,1.4051579018877252,1.301942213752828
2020-12-19,1.2701347555844855,1.5352674595807243
2020-12-20,1.2611785143489977,1.3845617840403615
2020-12-21,1.5976041717772238,1.535377325968508
2020-12-22,1.5998774371024163,1.5659920542687993
2020-12-23,1.3255828791231352,1.535353917122021
2020-12-24,0.7913710780307478,1.3482991861132891
2020-12-25,1.272932119196371,1.5353953938569025
2020-12-26,1.415235452192332,1.5484473417106865
2020-12-27,0.8230083159542517,0.9957465035612937
2020-12-28,1.5881522670912869,1.5358749816012602
2020-12-29,1.599973181089945,1.5352004516524638
2020-12-30,1.3140008342884155,1.4643879129787096
2020-12-31,0.965345929365706,1.3035045745090146
2021-01-01,1.3739164494215617,0.8085350623696593
2021-01-02,1.1464082417417807,1.551409325213986
2021-01-03,1.2963301571754442,1.4896823700669184
2021-01-04,1.151676899703746,1.5563812601645675
2021-01-05,1.1759355118440724,1.3809057964423763
2021-01-06,1.3533411222571248,1.5403854737102365
2021-01-07,1.173718174786322,1.3563854860904623
2021-01-08,1.0498526811616034,1.5161990805674495
2021-01-09,1.047202424583803,1.4469782208252493
2021-01-10,1.3908069968699028,1.545094643374977
2021-01-11,1.0658904098141313,1.4544968964074836
2021-01-12,1.2553255855434964,1.4149796259577962
2021-01-13,1.2607570936355292,1.5499687565730391
2021-01-14,1.5322749075091215,1.5594311467570823
2021-01-15,1.0475903559683102,1.4362204831439667
2021-01-16,1.1337365271599589,1.4378059967041583
2021-01-17,1.0668578121362393,1.4696902140383714
2021-01-18,1.1663591057509337,1.5584355951937108
2021-01-19,1.0796440478971008,1.3766976889509468
2021-01-20,1.329475452694458,1.5531162899819893
2021-01-21,1.4357046698010458,1.5434073300601083
2021-01-22,1.0560203395639995,1.5624157367140716
2021-01-23,1.6042715729392558,1.3761969606668558
2021-01-24,1.453413382758383,1.5486026563734332
2021-01-25,1.467245143562818,1.021705614762409
2021-01-26,1.0749867180429613,1.538475962487492
2021-01-27,1.6009597289357929,1.529084588124047
2021-01-28,1.3577407534419046,1.4560083243565332
2021-01-29,1.366827655860824,1.535224186781522
2021-01-30,1.5028529176425054,1.4892698862538367
2021-01-31,1.3609411700346876,1.5366720570511707
2021-02-01,1.3619543455901428,1.5382575347039629
2021-02-02,1.3365749212252422,1.4073395839578378
2021-02-03,1.1797988497593968,1.393381517840397
2021-02-04,0.9570872270358326,1.3715323325402144
2021-02-05,1.5152976568389709,1.484959063669534
2021-02-06,1.011319835841407,1.4732292067166866
2021-02-07,1.4847317503147226,1.3314658461933377
2021-02-08,1.2794196574286525,1.5092502329199224
2021-02-09,1.342502038490431,1.533076098225267
2021-02-10,1.4586918254377714,1.5569670357784702
2021-02-11,1.0217640572086553,1.5312842484241354
2021-02-12,1.2723352428764596,1.518224869062417
2021-02-13,0.9836445673264922,1.447734906065535
2021-02-14,1.3928400662235327,1.4147172623565307
2021-02-15,0.7664406101238328,1.5411985236725392
2021-02-16,1.3835920547091647,1.4649420151137633
2021-02-17,1.5710906573745,1.5417349678539805
2021-02-18,1.1708683511963414,1.4922465292992348
2021-02-19,1.2870195275932135,1.5207432687418103
2021-02-20,1.171694971769971,1.5480398508550488
2021-02-21,0.8396878476872727,1.3324699904845068
2021-02-22,0.9681360444271587,1.4688592623708188
2021-02-23,1.5983703133197062,1.4962484786973467
2021-02-24,1.3901027638037309,1.5427030434831506
2021-02-25,1.280545808080172,1.275427373616478
2021-02-26,1.2969417084370327,1.4848698203420254
2021-02-27,1.161997952839159,1.5352004516524638
2021-02-28,0.6350510121166918,1.5447477890450536
2021-03-01,1.4929001902838768,1.5458019218251429
2021-03-02,1.037147063089959,1.499835034126407
2021-03-03,1.3311398550494418,1.2711545087397231
2021-03-04,1.370115904902688,1.5454023729638364
2021-03-05,1.4596867638274855,1.5356349044146984
2021-03-06,1.312867828869835,1.5352175825366656
2021-03-07,1.332246749765081,1.5352411832309345
2021-03-08,1.059862398057918,1.5435238690242097
2021-03-09,1.2294183737786635,1.5352092427890476
2021-03-10,1.0275910534379749,1.453044051368402
2021-03-11,0.8644825702896449,1.5431030265384196
2021-03-12,0.8252014490390446,1.5332826353783673
2021-03-13,0.22290631770218977,1.5352929642303574
2021-03-14,1.1990163190715402,1.5352795535138157
2021-03-15,0.7273442859851841,1.5355837307001197
2021-03-16,0.8657984937514879,1.54984941239686
2021-03-17,1.600560626932365,1.5620265228150871
2021-03-18,1.4111911460695699,1.5352140597077775
2021-03-19,1.5961201176906221,1.55148278836946
2021-03-20,0.9498701610319358,1.535207644400578
2021-03-21,1.5155889875924373,1.5382165653590993
2021-03-22,1.4302197182656473,1.5351916584266245
2021-03-23,1.3860475187274977,1.542596041287922
2021-03-24,0.9137983082517118,1.4816983127296706
2021-03-25,1.584744213436633,1.5448839374432568
2021-03-26,0.7739741504818857,1.5352318626023245
2021-03-27,0.4426952203205019,1.4198877416794122
2021-03-28,1.194314401226388,1.5352070450049018
2021-03-29,1.5918720242198934,1.5352857795066206
2021-03-30,1.001495629919288,1.2697732307454783
2021-03-31,1.6189980721142536,1.5023730657077323
2021-04-01,1.1252454492648603,1.4404446584167603
2021-04-02,1.6097153308538217,1.5641432134953204
2021-04-03,1.0250744287737479,1.5359479956236506
2021-04-04,1.24354550236641,1.535556187584418
2021-04-05,1.5996707957954959,1.5352004516524638
2021-04-06,1.0666614255077138,1.53122650095069
2021-04-07,1.2643283123233988,1.425210029053836
2021-04-08,1.0720603759327718,1.5351740719749458
2021-04-09,1.2093811880097913,1.53520421259438
2021-04-10,1.3988687718406312,1.5352667685008685
2021-04-11,1.073001482673931,1.5356029897509769
2021-04-12,1.59636351877075,1.5354664710605235
2021-04-13,1.314295265656063,1.4815945712624805
2021-04-14,1.4796994533863557,1.4801336377857357
2021-04-15,1.1570261318511144,1.5414957533172224
2021-04-16,1.0997933062185934,1.5443749308371262
2021-04-17,1.598056713155562,1.5352004516524638
2021-04-18,0.8334421363463492,1.53520421259438
2021-04-19,1.1966077113286249,1.4347575731665585
2021-04-20,1.6110884547246764,1.5538118664311833
2021-04-21,1.2702795798424464,1.5351846238459532
2021-04-22,1.1720338144422102,1.5352070450049018
2021-04-23,0.999504709647833,1.5352202317097774
2021-04-24,1.090179609393921,1.5353423215986741
2021-04-25,1.1427407745009135,1.5434226393303558
2021-04-26,1.2971368376935246,1.5419012878332945
2021-04-27,1.3109258950363079,1.5266284491636737
2021-04-28,1.5001435271850905,1.5352004516524638
2021-04-29,1.5957597908864525,1.5351841518442975
2021-04-30,0.784382528382169,1.4973158669881725
2021-05-01,1.5960409689336137,1.5352004516524638
2021-05-02,1.424880092685633,1.5352004516524638
2021-05-03,0.9883625500609168,1.540876221032878
2021-05-04,1.4653206542884694,1.5352152429386072
2021-05-05,0.9928516946473718,1.539935665368426
2021-05-06,1.2446053281668978,1.3662645492980905
2021-05-07,1.4028704174595978,1.5391272845799966
2021-05-08,1.169230002704756,1.5354311407372718
2021-05-09,1.327521122941143,1.543725479380095
2021-05-10,1.5981088558341439,1.5351950183830751
2021-05-11,1.1582327737301747,1.5569274963340103
2021-05-12,1.5871122490133218,1.2349715883759689
2021-05-13,1.0538935181897728,1.540610929172108
2021-05-14,0.9589319481053798,1.1827729453442013
2021-05-15,1.448630827159045,1.5353898448390852
2021-05-16,1.6137224339202008,1.5653905833918864
2021-05-17,1.4887916045156182,1.5463379179785197
2021-05-18,1.5527127495590867,1.5077251847245465
2021-05-19,1.000243173708023,1.5615407264378156
2021-05-20,1.3093089421958504,1.5626457934590852
2021-05-21,-0.04012741279868659,1.5355570600078203
2021-05-22,1.1431367657146194,1.5352870946278798
2021-05-23,0.7846770220995278,1.414884001148489
2021-05-24,0.841754620324646,1.3905575824450864
2021-05-25,1.2417675871063925,1.541854804435445
2021-05-26,1.5379414925291401,1.5360239863704308
2021-05-27,1.1491535211157746,1.535563301532534
2021-05-28,0.8647495571003704,1.5078206448009572
2021-05-29,1.0805640693755985,1.5351846238459532
2021-05-30,1.57845644592504,1.5355074979357333
2021-05-31,1.0664683959363974,1.5459305232252911
2021-06-01,1.4353615664071957,1.555827885581227
2021-06-02,1.3756852186041013,1.5637156119836018
2021-06-03,1.6034562702986368,1.54997099536796
2021-06-04,1.3839683330902526,1.53570420121331
2021-06-05,1.4287663026046693,1.5623710767651562
2021-06-06,1.6106573558975747,1.562328592658363
2021-06-07,1.597022066432368,1.535588103987027
2021-06-08,1.0551982250811496,1.309099196186595
2021-06-09,1.455645776429086,1.5376199776382413
2021-06-10,0.05055213597510344,1.4526838667473214
2021-06-11,1.5984162017347188,1.5352004516524638
2021-06-12,1.272640774687601,1.4864814948736735
2021-06-13,1.3341203074519414,1.555822071898234
2021-06-14,1.304279680060916,1.6036975469373829
2021-06-15,0.543432801731566,1.5423988401476134
2021-06-16,1.2474511440453555,1.2013101277085214
2021-06-17,1.3312325369020368,1.5351923017483806
2021-06-18,1.6078694560943692,1.5565105014656395
2021-06-19,0.9295568119803941,1.5697721366885544
2021-06-20,1.2311489491385332,1.2723450269585093
2021-06-21,1.3987285566161842,1.5424650446707941
2021-06-22,1.5860239414337123,1.5359337965199527
2021-06-23,0.953830182599601,1.5352004516524638
2021-06-24,1.4079810143221891,1.425574772398376
2021-06-25,1.5372484806397724,1.5722278260057323
2021-06-26,1.4272034043083877,1.5352103416811207
2021-06-27,1.5646550036612197,1.5352004516524638
2021-06-28,1.602602304295042,1.048380253365963
2021-06-29,0.8853944853479347,1.399425817374124
2021-06-30,1.5955320920101446,1.5352004516524638
2021-07-01,1.599878940606199,1.5352004516524638
2021-07-02,1.3898523706836414,1.5352004516524638
2021-07-03,1.0491703994308124,1.5460450621258255
2021-07-04,1.6044301404557078,1.1569629951957328
2021-07-05,1.3819247145433606,1.5360786620602427
2021-07-06,1.0426727118381318,1.1467253487962932
2021-07-07,1.5889041235463515,1.546765017441612
2021-07-08,1.1931738727138903,1.535223057432251
2021-07-09,1.5968808327539983,1.5352004516524638
2021-07-10,0.40077715145614595,1.5502564071718137
2021-07-11,1.5998452760256878,1.5352004516524638
2021-07-12,1.6000904087365377,1.5352004516524638
2021-07-13,0.9360393766570354,1.5356520495548935
2021-07-14,1.1208465593596624,1.535200447891804
2021-07-15,0.5374365817969097,1.5230872494673637
2021-07-16,1.4096668284073728,1.5352004516524638
2021-07-17,0.0008800674535454819,1.5352004516524638
2021-07-18,1.04188982055162,1.5352202317097774
2021-07-19,1.5575402566850773,1.5448400472996726
2021-07-20,1.5991613743935886,1.4907280408436823
2021-07-21,1.5955830829376727,1.5630132251871474
2021-07-22,1.442483870029384,1.5352004516524638
2021-07-23,1.1385203684520617,1.4537743494386874
2021-07-24,1.6501882709490212,1.6273475691962176
2021-07-26,1.6076380660356215,1.5670978937157998
2021-07-27,1.4169721549549028,1.5352202317097774
2021-07-28,1.281556686756945,1.5375556427885722
2021-07-29,1.5906649651961724,1.5352004516524638
2021-07-30,1.5976585320280412,1.5352126747136916
2021-07-31,1.5989750551737618,1.5352105252540493
2021-08-01,0.5975138066091281,1.5352004516524638
2021-08-02,1.6352064639240804,1.6309632096642845
2021-08-03,1.1474758756405878,1.3292291723523089
2021-08-04,0.6677772105504781,0.5539367769421826
2021-08-05,1.5993869577971496,1.5352004516524638
2021-08-06,1.5983697371085217,1.53529678147142
2021-08-07,0.7982703414064836,1.5351760019402145
2021-08-08,1.5923481504082768,1.5352004516524638
2021-08-09,1.600164860784823,1.5358370755430848
2021-08-11,1.3297114262970198,1.5351778405003056
2021-08-12,1.2940154696036026,1.552668782517006
2021-08-13,0.18220966537181274,1.5352004516524638
2021-08-14,1.5939280028311138,1.546272739050995
2021-08-15,1.1317390132381662,1.547336889218282
2021-08-16,1.2416789737111753,1.5352126747136916
2021-08-17,1.3134837096933842,1.5472914165181255
2021-08-18,1.443746641500908,1.5510525359819813
2021-08-19,1.2802307651267664,1.5490815599003254
2021-08-20,1.600469915129589,1.5355656656590622
2021-08-21,1.3290575224984684,1.5352004516524638
2021-08-23,1.1998938685681544,1.1609556804855623
2021-08-24,0.967664633556327,1.5449285861135948
2021-08-25,0.5414002184008231,1.5463740979308804
2021-08-26,1.5999219028713334,1.5352004516524638
2021-08-27,0.8653046607330277,1.5352004516524638
2021-08-28,1.236481472810145,1.5720462173682168
2021-08-29,0.12675148184677149,1.5927557653977085
2021-08-30,1.4675693380815118,1.5352146739702066
2021-08-31,1.1296851082954658,1.5439411776875007
2021-09-01,1.5978045890844201,1.5352105291266798
2021-09-02,0.8919410475847679,1.2993838056665656
2021-09-03,0.7090501656400435,1.5354409784495286
2021-09-04,1.600175188127669,1.5352795718817185
2021-09-05,1.3243569931891392,1.5352162756983148
2021-09-07,1.151545751530373,1.4963453912826028
2021-09-08,1.2995546191595742,1.5439982472523113
2021-09-09,0.590482446737915,1.587662955404553
2021-09-10,1.0667244190371044,1.5447694562135232
2021-09-11,1.598613206986094,1.5352268250622154
2021-09-12,1.0308388856184463,1.5352004516524638
2021-09-13,1.597840990498356,1.5352162756983148
2021-09-14,1.202684532810489,1.5353322936450435
2021-09-15,0.9151961391280556,1.4970747643449211
2021-09-16,1.5998878449648304,1.5352248977749192
2021-09-17,1.2909666637668642,1.5605060490349447
2021-09-18,1.5935482569574706,1.5352004516524638
2021-09-19,1.4978650842739174,1.1543589508574894
2021-09-20,0.5136185005251611,1.5352004516524638
2021-09-21,-0.00609445675553022,1.535215567863788
2021-09-22,1.6013832991029602,0.7394079730530371
2021-09-23,1.1986824859650274,1.5351806668943255
2021-09-24,1.5857031848230798,1.5352004516524638
2021-09-25,1.4060952440816261,1.5351515522279653
2021-09-26,1.598754346795967,1.5352004516524638
2021-09-27,0.7071234300075658,1.5352004516524638
2021-09-28,0.6456882459280092,1.557238528939102
2021-09-29,0.05195559356940884,1.5352004516524638
2021-09-30,0.8427392244951069,1.5425285065514922
2021-10-01,1.5998091759633382,1.5352004516524638
2021-10-02,1.5996337964729868,1.5352004516524638
2021-10-03,1.5851778982494613,1.5351515522279653
2021-10-04,1.1425491973586146,1.5352569580484787
2021-10-05,0.8003275574428391,1.5352004516524638
2021-10-06,1.5995395081682608,1.5352400117670912
2021-10-07,1.59086597679284,1.5426082921004896
2021-10-08,1.5314850395830766,1.5352004516524638
2021-10-09,1.592969139532524,1.5352004516524638
2021-10-10,1.5991454693506757,1.5352004516524638
2021-10-11,1.594122854450154,1.5465764515809255
2021-10-12,1.5868286180365567,1.5352004516524638
2021-10-14,1.5841712642076673,1.3094437991736518
2021-10-15,1.2685849874275064,1.5352697787384142
2021-10-16,1.4065750085986293,1.5352268250622154
2021-10-17,1.6001195766344127,1.5352004516524638
2021-10-18,1.5317456235333924,1.6378479010570082
2021-10-19,1.525229396996129,1.5352268250622154
2021-10-20,1.568177670458692,1.549323037482191
2021-10-21,1.2035063953824245,1.2160483267756044
2021-10-22,1.6311902603158042,0.9748458438681465
2021-10-23,1.6267698156069952,0.05582723300961456
2021-10-24,0.9840962835396317,1.2558214299997335
2021-10-25,1.6246771228523826,1.2597395049127564
2021-10-26,1.5980168960630032,1.5352004516524638
2021-10-27,1.4389544208999445,1.5305325643275132
2021-10-28,1.6023561150284618,1.5512071032288761
2021-10-29,1.5770641113111457,1.5518390913334146
2021-10-30,1.6000438140451916,1.5352268250622154
2021-10-31,1.1979201075123451,1.5352004516524638
2021-11-01,1.1199642521718465,1.5356699202981772
2021-11-02,1.3218390064477654,1.5436179676025557
2021-11-03,1.1996674702668502,1.5366486734524931
2021-11-04,1.5466835830431664,1.5553573650993051
2021-11-05,1.3741955366143812,1.548363817312129
2021-11-06,1.5995529459956876,1.548353527675246
2021-11-07,1.0658230552863897,1.5352004516524638
2021-11-08,1.3931316697850478,1.5352103416811207
2021-11-09,1.3587831851794394,1.3698916036161704
2021-11-10,1.5311924390187681,1.5352456605271285
2021-11-11,1.5262038890088465,1.3072341175971702
2021-11-12,0.6066539722963161,1.5550784753058189
2021-11-13,1.2484125166459388,1.3035521594669426
2021-11-14,1.4794692590998402,1.5352004516524638
2021-11-15,1.0575547859884142,1.5468001403214282
2021-11-16,1.3705433477987512,1.5519186196884769
2021-11-17,1.5991558722246881,1.5352637252897692
2021-11-18,0.826485610478397,1.5467765821249346
2021-11-19,1.5079231413551264,1.5352268250622154
2021-11-20,1.3645867553371696,1.5356430954234188
2021-11-21,1.3343324083469796,1.5895446671118236
2021-11-22,1.5894102279126574,1.5468353778723933
2021-11-23,0.8854604370250961,1.5539306791939216
2021-11-24,1.3872663181768023,1.535879298287428
2021-11-25,1.1978060006784037,1.535189146076385
2021-11-26,1.192166400062305,1.5352103416811207
2021-11-27,1.59951258726033,1.5352202317097774
2021-11-28,0.8380083424002663,1.56531580121943
2021-11-29,1.5929622844785394,1.4499147460441117
2021-11-30,1.1984405976187844,1.5352202317097774
2021-12-01,0.5682943658820208,1.5639272338031744
2021-12-02,1.5944316649029162,1.5352080068536529
2021-12-03,1.180042556430674,1.5504439378344395
2021-12-04,1.1882611340466998,1.5578146249906344
2021-12-05,1.1465280438197545,1.5354472287848564
2021-12-06,1.2688934141579942,1.5351923017483806
2021-12-07,1.0714378373897884,1.5649365040578342
2021-12-08,1.178729295292092,1.5352400117670912
2021-12-09,1.5993089854383549,1.5752375490317618
2021-12-10,1.1925170442092765,1.5352004516524638
2021-12-11,1.1231448005797606,0.9200642768979481
2021-12-12,1.0809391143178744,1.589936656040267
2021-12-13,1.2817275042329561,1.4978966589712832
2021-12-14,0.7995214329400047,1.5352004516524638
2021-12-15,1.6021169925286807,1.56737073798064
2021-12-16,0.005221487412766234,1.0522609353444912
2021-12-17,1.5997262646018955,1.5352004516524638
2021-12-18,1.5998340947617393,1.5351760019402145
2021-12-19,1.5990836855560209,1.5352004516524638
2021-12-20,1.55210488905587,1.535237119041777
2021-12-21,1.5998676971907968,1.535160882136187
2021-12-22,1.0684611708347527,1.560606542640743
2021-12-23,1.191289541022108,1.5352180339256316
2021-12-24,1.5936203149898163,1.5352004516524638
2021-12-25,1.5957750912292976,1.5352531922071784
2021-12-26,1.6000745088121147,1.5352004516524638
2021-12-27,1.2877093233150432,1.5429225570107874
2021-12-29,1.6088578701954586,1.564388365497293
2021-12-30,0.7996331425346607,1.5352982146140606
2021-12-31,1.558250122059906,1.5565776634190083
2022-01-01,1.6050616415290986,1.1993914901343683
2022-01-02,0.00012824874299391728,1.5352004516524638
2022-01-03,1.589071323862305,1.5351687960394425
2022-01-04,1.6104374892885476,1.5558405034110017
2022-01-05,1.5862306759427414,1.5352004516524638
2022-01-06,1.6028051738183868,1.5121840970331302
2022-01-07,0.33361885309292916,1.6046966311180861
2022-01-08,1.5987905950210344,1.5352202317097774
2022-01-09,1.5997060459463153,1.5352004516524638
2022-01-10,1.6023994747350483,1.3710573062725875
2022-01-11,1.5931502325044524,1.5352004516524638
2022-01-12,1.4385305618656474,1.5309635471141507
2022-01-13,1.2015568693432706,1.550283292195965
2022-01-14,1.4497231819767036,1.535571238713719
2022-01-15,1.5883890065309678,1.591063001071411
2022-01-16,1.1103366804265826,1.556924639135864
2022-01-17,1.223644189123046,1.5582788668449705
2022-01-18,1.1073097585668508,1.457345511839057
2022-01-19,0.864297696222741,1.5777860622177386
2022-01-20,0.800056069696411,1.535160882136187
2022-01-21,1.5942879387130038,1.5714156963344637
2022-01-22,1.3120624172225468,1.54606412145868
2022-01-23,1.1740217406332436,1.535212544621523
2022-01-24,0.655164641932119,1.5380063743510792
2022-01-25,1.198097048153592,1.535832445741859
2022-01-26,1.411927028916853,0.4961162628575914
2022-01-27,0.6146779933136881,1.5543038233924535
2022-01-28,1.5083440995186987,1.5352004516524638
2022-01-29,0.855069144521929,1.547111427754925
2022-01-30,1.588859563335018,1.5352004516524638
2022-01-31,0.15670667810919303,1.404678117614896
2022-02-01,1.6420497891457309,1.5980492330377496
2022-02-02,1.5905249550697302,1.5352004516524638
2022-02-03,1.3317445207803058,1.551548558664097
2022-02-04,1.5550318347333363,1.5353503589708783
2022-02-05,1.4222594972770022,1.5352004516524638
2022-02-06,0.5219670150435395,1.5352531984719668
2022-02-07,1.5974404112545677,1.5352202317097774
2022-02-08,1.596399953824793,1.5352004516524638
2022-02-09,1.5424026092277616,1.5352004516524638
2022-02-10,1.475960737424666,1.480837921062535
2022-02-11,1.6001208481531892,1.5352004516524638
2022-02-12,0.8003687634114035,0.7686643864183079
2022-02-13,1.5553139575899466,1.5351515522279653
2022-02-14,1.596278717869908,1.5352004516524638
2022-02-15,1.1353095118688719,1.5534487362944462
2022-02-16,1.5998614886811808,1.5351213126199104
2022-02-17,1.5914597530343129,1.5351213126199104
2022-02-18,0.8074368355870646,1.5352004516524638
2022-02-19,1.5744884844536116,1.5352004516524638
2022-02-20,1.5606328238177545,1.5351740719749458
2022-02-21,0.8036129510503045,1.465487729277902
2022-02-22,1.6165253984951502,1.5809038977451884
2022-02-23,1.5842276709871286,1.5351740719749458
2022-02-24,0.4496597376847326,0.6489774921178135
2022-02-25,0.844428663130319,1.0296547703517285
2022-02-26,1.6001149843267932,1.5352004516524638
2022-02-28,1.6021816772674022,1.5944406261601667
2022-03-01,1.2792207357319882,1.5352381268860527
2022-03-02,1.5994757735464458,1.5351213126199104
2022-03-03,1.5999206381957771,1.5350724015719968
2022-03-04,0.7947541738051361,1.1689266758056702
2022-03-05,1.5621944510474024,1.5351806668943255
2022-03-06,-0.0003063008863385397,1.5352004516524638
2022-03-07,1.600167093239592,1.5352493438973747
2022-03-08,-0.014214820428763542,1.5783131104170298
2022-03-09,-1.599842205294875,1.5352004516524638
2022-03-11,-0.7620194257777354,1.5352004516524638
2022-03-12,0.5341644542626215,1.3316406043376707
2022-03-13,1.5993379225148256,1.5352004516524638
2022-03-14,1.2585285243060864,-1.50117901962839
2022-03-15,0.4300957338994243,1.5105355490166037
2022-03-17,1.5012996728702774,1.5695630736674164
2022-03-18,1.0343553108250787,1.5528912640015102
2022-03-19,1.5959728455534845,1.5353527855752422
2022-03-20,1.599642075514505,1.5352004516524638
2022-03-21,1.5997171700835509,1.5351740719749458
2022-03-23,1.5712453289945019,1.5417700713747347
2022-03-24,1.5931190835970934,1.535215567863788
2022-03-25,1.599425851524122,1.5352004516524638
2022-03-27,-1.275340371825493,1.2021156078484008
2022-03-28,0.3779882176183957,1.5797607219150454
2022-03-30,-0.17718873041513578,1.5621960379238784
2022-03-31,1.197736176857364,1.5998222021477317
2022-04-01,0.0007117094819691239,1.5991938652405404
2022-04-02,0.9881117746486825,1.5499006934198687
2022-04-03,1.6008256844621553,1.552409596665767
2022-04-04,1.0202190750517008,1.548764835402412
2022-04-05,1.5820373905826683,1.168014563998671
2022-04-06,0.3678257647161309,1.5789659665833682
2022-04-07,1.6011582464421301,1.5651809119659745
2022-04-08,1.0618114419620013,1.4667804634786703
2022-04-09,1.5166163680228715,1.5712591071212185
2022-04-10,1.634971951938365,1.6070657394672212
2022-04-11,0.8975127413142812,1.535215563163817
2022-04-12,0.9901439657434559,1.4970238493058141
2022-04-13,1.5855839124320952,1.5504667343363043
2022-04-14,1.6021472308375098,1.5585752639611166
2022-04-15,1.5739703844635995,1.5352004516524638
2022-04-16,1.5967121922941332,1.5352004516524638
2022-04-17,1.5978039448909946,1.6072487598223495
2022-04-18,1.599589875835419,1.5352004516524638
2022-04-19,1.6001006374526594,1.5682546949410954
2022-04-21,1.5905523386369627,1.5351213126199104
2022-04-22,1.5975991618821617,1.5352004516524638
2022-04-24,1.5990804894254618,1.5352004516524638
2022-04-25,1.6135129440984484,1.5512577634865472
2022-04-26,1.5295458032537148,1.5352004516524638
2022-04-27,1.159352336704722,0.786929705003458
2022-04-28,1.595112830196757,1.0284923442382523
2022-04-29,1.5998785084997564,1.5495817201867612
2022-04-30,1.3438846258047987,0.0014833023330345367
2022-05-01,1.5858919791282278,1.5352004516524638
2022-05-02,1.596695910659094,1.6006007954537023
2022-05-03,1.580616305628133,1.5674823970549383
2022-05-04,1.0549893847318892,1.5000122444590673
2022-05-05,0.8056607152129373,-0.026275179744295052
2022-05-06,0.7817710330960597,1.563980710284752
2022-05-07,1.290694797060176,0.4639488159370537
2022-05-08,0.18551042267529907,1.5351213126199104
2022-05-09,0.9334348445109564,1.1242665404042205
2022-05-10,0.8993906065182973,1.5502472392259095
2022-05-11,1.5998941992048377,1.5352004516524638
2022-05-12,0.7653713716762639,1.4593014229506642
2022-05-13,1.4352075272693596,1.557114102356654
2022-05-14,1.5873833883091686,1.5351213126199104
2022-05-15,1.585624401063305,1.535160882136187
2022-05-16,1.4997379973682954,1.0725808222999464
2022-05-17,0.43354557093546814,1.5516001087491573
2022-05-18,0.8011875253016171,1.5690194504408983
2022-05-19,0.9599873090934112,1.5490157699952796
2022-05-20,1.5098405499744427,1.2104912584174203
2022-05-22,1.605497530391139,1.5405845281476596
2022-05-23,1.6001024490808153,1.5352004516524638
2022-05-24,-1.5928815220552996,1.5352004516524638
2022-05-26,0.0001280593048122441,1.5352004516524638
2022-05-27,-1.2582465087575745,1.6001629161665447
2022-05-28,1.600071704272767,1.5352004516524638
2022-05-31,0.9952055994761863,1.5556968383628966
2022-06-01,1.5983555787246508,1.5352004516524638
2022-06-02,1.4559428418684106,1.5456893432748833
2022-06-03,1.5999452060067105,1.5539607086948584
2022-06-04,1.5996256302333522,1.5352004516524638
2022-06-06,1.6012625251984252,1.5571157138123581
2022-06-08,1.5088107265795707,1.5352004516524638
2022-06-09,1.5766578105444018,1.535215567863788
2022-06-10,1.5544242288769987,1.5076822155925336
2022-06-11,1.5999965343768126,1.535160882136187
2022-06-12,1.6000739289041535,1.5352004516524638
2022-06-13,0.5574071465627485,1.5867168497218207
2022-06-14,0.5024762053740298,1.5352004516524638
2022-06-15,0.7812708607293907,1.3417240500025227
2022-06-16,0.29509658494266594,1.5709359189084586
2022-06-17,1.1152282777658233,1.5351740719749458
2022-06-18,1.5860109583464737,1.5665688841191074
2022-06-19,-0.13460784630387634,1.5936002931581397
2022-06-20,0.8319863729633905,1.5808454166831167
2022-06-21,0.7972929988048012,0.9575003738242899
2022-06-22,0.6911652928887931,1.5353841298494704
2022-06-23,-0.555413459429195,0.5447201684565689
2022-06-24,1.4646260999478973,1.5352004516524638
2022-06-25,1.3646181856041038,1.5352004516524638
2022-06-26,0.9541171228900674,1.566522155413222
2022-06-27,0.8049394341677345,1.535160882136187
2022-06-28,0.8003886194896983,1.5351213126199104
2022-06-29,0.9732258988839652,1.5570644341735371
2022-06-30,0.7996192206348931,1.535160882136187
2022-07-02,-7.090631970263495e-05,1.5352004516524638
2022-07-03,0.5451934697741999,1.3502876586757853
2022-07-04,-0.38549060283725384,1.5355915800107183
2022-07-05,0.9854346623659573,1.5351213126199104
2022-07-08,0.7634070971248782,1.5352004516524638
2022-07-09,1.5952410106537784,1.5933882942777875
2022-07-10,1.5984684712624915,1.5352004516524638
2022-07-12,0.814846246197455,1.425084257326818
2022-07-13,1.203094370496042,1.5353068541121218
2022-07-14,1.5992787662371497,1.5357050806727677
2022-07-15,0.7986867013407838,1.5351364266122303
2022-07-16,1.6016673199276903,1.5806098486354878
2022-07-17,1.029462353611711,1.5787672153856416
2022-07-18,1.5969650321420399,1.5351740719749458
2022-07-19,1.5999941298638372,1.5352004516524638
2022-07-20,0.8063173430874675,0.7745274670336242
2022-07-21,1.5500285994772882,1.5484994991396561
2022-07-22,0.5283638242526209,1.0281336517627484
2022-07-23,1.5992400031650411,1.5352004516524638
2022-07-24,1.6002801695375495,1.5353888913786826
2022-07-25,1.59611890878917,1.5352004516524638
2022-07-26,1.5960451271798268,1.4965739227536061
2022-07-27,1.5743717303737204,1.5351806668943255
2022-07-28,1.4822591611155056,1.5351740719749458
2022-07-29,1.6007680963609572,1.5577203085391573
2022-07-30,1.6000062468444087,1.5690236057726477
2022-07-31,1.6000500676791154,1.5352004516524638
2022-08-01,0.6116061290364813,0.5093694601500621
2022-08-02,1.599591153859901,1.5351364324239378
2022-08-04,0.004671679497557646,0.047923144778304616
2022-08-06,0.7957933756005626,0.7697654376979502
2022-08-07,1.599980217735858,1.5352004516524638
2022-08-08,1.5967921604685924,1.5352004516524638
2022-08-10,-1.3205770366883829,1.5352004516524638
2022-08-11,1.5618418300692454,1.535157768292308
2022-08-12,1.5464081413586754,1.5941772695320398
2022-08-13,1.6009321379374106,1.5364374711575375
2022-08-14,-0.9457262884147981,1.5352004516524638
2022-08-15,1.5602309219194441,1.601849745931933
2022-08-16,1.6007964616395656,1.5992730567668512
2022-08-17,1.599043182402473,1.5355425467134831
2022-08-18,-0.08212952597838796,1.5352004516524638
2022-08-19,1.59713860979913,1.5352004516524638
2022-08-20,1.5987995845806808,1.5352946715155733
2022-08-21,1.3497658372548746,1.558221604469038
2022-08-22,1.5930763139331592,1.5351213126199104
2022-08-25,1.5861052007670473,1.5352795718817185
2022-08-26,1.56392685714943,1.5352004516524638
2022-08-27,1.5998165581569883,1.5352004516524638
2022-08-28,1.6000868275589963,1.5352004516524638
2022-08-29,1.5998640363530516,1.5352004516524638
2022-08-31,0.7986220600643449,1.5352795718817185
2022-09-01,1.6001990391915686,1.5352795718817185
2022-09-02,1.5813053496370808,1.5352004516524638
2022-09-03,1.5972318405919137,1.5352004516524638
2022-09-04,0.3993291847388755,1.5357598954256393
2022-09-05,1.5940920721864298,1.5351740719749458
2022-09-06,-0.013106260080426368,1.5352004516524638
2022-09-10,1.5745408818778206,0.5156584285704425
2022-09-11,1.558799114875791,1.5496645077286375
2022-09-12,1.6062594220591926,1.5627216596938738
2022-09-13,-0.5300701494729249,1.536077481582856
2022-09-14,1.5883698275593474,1.5351740719749458
2022-09-15,1.599638443961953,1.5351213126199104
2022-09-16,1.6003438277823252,1.6029216594531404
2022-09-19,1.4704736318650582,1.5711169009099146
2022-09-21,1.5999595625423815,1.5352004516524638
2022-09-23,0.6123956901955089,1.5518583083988604
2022-09-24,1.5998893920938961,1.5351213126199104
2022-09-25,1.1382018235050766,1.5351759983475113
2022-09-26,1.5992579996524843,1.5565917700244116
2022-09-27,1.25982832250067,1.4640255184911244
2022-09-28,1.029406304626095,1.5354575829291373
2022-09-29,1.6006450541014023,1.5357840811080443
2022-10-01,1.594593734821272,1.578822890294287
2022-10-02,1.600394715254697,1.5573689217605213
2022-10-03,1.5993701550711628,1.5352004516524638
2022-10-04,1.5989164128279643,1.5351364266122303
2022-10-05,1.5959055272539222,1.5351364266122303
2022-10-06,1.582943435704817,1.5683214889321984
2022-10-07,1.5962075615809062,1.5352004516524638
2022-10-08,1.0726654426458297,0.8913085267631177
2022-10-09,-0.06233045227944645,1.5503852874563884
2022-10-10,1.3111284477890137,1.544603008883655
2022-10-12,0.00012805017613117298,1.5352004516524638
2022-10-13,0.3878046200281487,1.1593721039822298
2022-10-14,0.6496008567165915,1.5352105291266798
2022-10-15,0.00012805013309120255,1.5352004516524638
2022-10-17,-0.47458305710896587,0.9027490312781588
2022-10-18,0.5156143144541981,0.522900845343905
2022-10-19,-0.007705799905556532,1.5351702128943776
2022-10-20,1.6059606725680604,1.5734671044897777
2022-10-22,0.005857213548010876,1.5945802319586453
2022-10-24,1.5418034904940223,1.5994535953667337
2022-10-25,0.965375226392213,1.5466798564638082
2022-10-26,1.327603551931403,1.6008650472326633
2022-10-27,0.399857018501728,1.43692532835399
2022-10-28,1.600065873789594,1.5352004516524638
2022-10-29,1.6009626845782594,1.614588426707039
2022-11-01,1.599374319637136,1.5351213126199104
2022-11-02,1.6000814860972499,1.5352004516524638
2022-11-03,0.00020717030972180157,1.5352795718817185
2022-11-04,1.470114526139323,1.5569020214325124
2022-11-05,1.5995651827897985,1.5352004516524638
2022-11-07,1.610457629127009,1.5831349216158102
2022-11-08,1.6039535286654927,1.6196382793111925
2022-11-09,0.8021884913357236,1.5352004516524638
2022-11-10,1.7878770687612828,1.797170587653016
2022-11-11,-1.0914681638058616,1.5352004516524638
2022-11-12,0.3513294067308879,1.5518937201252645
2022-11-13,1.1115206783805152,1.576391284021959
2022-11-14,1.5185195060079153,1.5358949729922333
2022-11-15,1.083260819964526,1.5352105291266798
2022-11-16,1.1737233499401765,1.5990648583113312
2022-11-17,1.5536307922477721,1.5352004516524638
2022-11-18,1.587482455088857,1.5570142966983143
2022-11-19,0.49352205327008747,1.4876729536607747
2022-11-20,1.552998571068054,1.4193252033961417
2022-11-22,0.2883214570664263,1.5644222618928383
2022-11-23,0.002365973197290261,1.577139914809538
2022-11-24,1.3597581166166366,1.5352004516524638
2022-11-25,1.6035670846459675,1.5976267235878585
2022-11-27,1.266373695607222,1.5352004516524638
2022-11-28,1.598973240296552,1.5352004516524638
2022-11-29,1.3225697946761055,0.9178652645582399
2022-11-30,1.599717403480977,1.5351846238459532
2022-12-01,1.600114725524188,1.5352004516524638
2022-12-03,0.9962967454557221,1.549345929149624
2022-12-06,1.5945818320834868,1.5789212969330593
2022-12-07,1.5925701019724268,1.4769802056598058
2022-12-08,1.5958380267853853,1.5352004516524638
2022-12-09,-0.22397496582832205,1.5697767216455647
2022-12-10,1.6192131400729468,1.587076216081702
2022-12-11,1.5935112258558835,1.5927255257896535
2022-12-12,1.5590037818896985,1.1515114199375511
2022-12-13,1.2910590321077282,1.5569150710308008
2022-12-14,0.758931157189326,1.5352004516524638
2022-12-15,1.5995431039785117,1.535168439132347
2022-12-16,1.079411793957556,1.5899919657921704
2022-12-17,1.0568617411712204,0.007004112022734876
2022-12-18,-0.41443283494769245,1.2100709527990734
2022-12-19,1.5495682349874011,1.4923939306681024
2022-12-21,1.5891079125078036,1.5355470235541282
2022-12-22,1.2797369969500494,1.5682985286183881
2022-12-24,1.6018814535898878,1.6021159895190813
2022-12-26,1.6004223778608382,1.5679386733091594
2022-12-27,1.5917226664561206,1.5570138466493655
2022-12-28,1.2629519501321764,1.5352004516524638
2022-12-29,1.5998564395207482,1.5352004516524638
2022-12-30,1.6000165476460437,1.5351213126199104
2022-12-31,1.6001162691464128,1.5352004516524638
2023-01-01,1.6212157902623505,0.026579208587923318
2023-01-02,1.5466653076869086,1.5458574458639325
2023-01-03,1.5776953412638277,1.548399024839415
2023-01-04,1.5641046105804817,1.535160882136187
2023-01-05,0.0033866033751025347,0.0033866033426121177
2023-01-07,1.599898243103484,1.5354132565717795
2023-01-08,1.5951164245686853,1.5447716622632601
2023-01-09,0.8460019984210844,1.5608791248275964
2023-01-10,1.129566461946752,1.5254542422817925
2023-01-11,-1.5010760126639329,1.5946666169086958
2023-01-12,1.0578289342247398,1.0239644569019182
2023-01-13,1.156267659768713,1.5352004516524638
2023-01-14,-1.5925371993770563,-0.5650458396575334
2023-01-15,1.1286856797016172,1.553365719285267
2023-01-18,1.018113969602253,1.556806859641038
2023-01-19,1.6026545897556976,1.0263585423682362
2023-01-20,1.5835057972227322,1.5351740719749458
2023-01-21,1.5886972527609269,1.3592509616265993
2023-01-23,1.5993572406226786,1.5352004516524638
2023-01-24,1.5997168587610409,1.5352004516524638
2023-01-26,1.5944440783910883,1.5352004516524638
2023-01-28,1.600022253742586,1.5674962741149967
2023-01-29,1.5237954356069132,1.5421470540185467
2023-01-30,0.8161121642131377,0.596059155545777
2023-01-31,1.5995121823575837,1.5351213126199104
2023-02-01,1.5983694855167652,1.5590197239450576
2023-02-02,0.00014181702001213377,1.5352004516524638
2023-02-03,-0.32041515420664707,1.5352531922071784
2023-02-04,0.00012804959837511105,1.5352004516524638
2023-02-05,1.5981885268959857,1.535168439132347
2023-02-06,1.5953387278492723,1.5479683229460874
2023-02-07,-0.31671842856713295,1.557966788635072
2023-02-08,1.599936349914865,1.5352004516524638
2023-02-09,1.0663631475808926,1.5439784877975509
2023-02-10,0.2203964825611199,1.5382021478558257
2023-02-11,1.4618836188759228,1.5352004516524638
2023-02-13,1.6018768489412418,1.4306027941555282
2023-02-15,0.9415874840013974,1.5482695691752881
2023-02-16,0.40037120034418866,1.5362803091857322
2023-02-17,1.6001002391457564,1.5352004516524638
2023-02-19,1.6021109461805891,1.5699237967646535
2023-02-20,1.382843625003635,1.5597715427963936
2023-02-21,1.0668699682946887,1.4547893107583716
2023-02-22,1.6000394441483883,1.5351213126199104
2023-02-23,0.00025560159462723053,1.5676803241082737
2023-02-24,0.0008836587774133875,1.5351846238459532
2023-02-25,0.5079610817426367,1.5463032058005781
2023-02-26,1.5305824987879149,1.5351740719749458
2023-02-27,1.604421311410937,1.5652901941641004
2023-02-28,1.2814784034041644,1.536599519924656
2023-03-01,0.7960908422040827,1.2226891814186975
2023-03-02,1.3971547399427608,1.5480758674261375
2023-03-04,-1.3898047203667436,1.613175916072127
2023-03-05,1.5437080766074918,1.6086296211044597
2023-03-06,0.7998678180510649,1.5351213126199104
2023-03-07,5.127188300818957e-05,1.5351213126199104
2023-03-08,1.5346122326155567,1.5351529682329317
2023-03-09,0.6980301684485981,1.3511155331052924
2023-03-10,0.7916737545987926,1.0151114119444893
2023-03-11,0.8020122985559403,1.5373934401208973
2023-03-12,1.5999040647885157,1.5351213126199104
2023-03-13,1.6027150393533895,1.5626383915678634
2023-03-14,5.12718644241387e-05,1.5351213126199104
2023-03-15,1.058311190669963,1.5351740719749458
2023-03-16,1.5996402967046166,1.565522323610602
2023-03-17,0.8393268596746966,1.5257705969140956
2023-03-19,1.5999946100446154,1.5352004516524638
2023-03-20,1.5912439796130453,1.5352004516524638
2023-03-21,-1.5603931264751338,0.7307510490987692
2023-03-22,1.0025891227289552,1.5785318704106797
2023-03-24,1.5985334660604915,1.5352004516524638
2023-03-25,1.596222746063264,1.5352004516524638
2023-03-26,1.3610635722650641,1.5479771481996165
2023-03-27,-0.018538729902939383,1.5600645412861815
2023-03-28,1.322226431497867,1.5360442877256064
2023-03-30,1.3468780962711309,1.6209767308970795
2023-04-02,1.5971102808804083,1.5915854589988927
2023-04-04,0.203150912985107,1.567712316644767
2023-04-05,1.17384203503323,0.7991758875615088
2023-04-06,1.5976877042708835,1.5352004516524638
2023-04-07,0.00012805026457730356,1.5352004516524638
2023-04-08,0.8005733579839603,1.5352004516524638
2023-04-09,1.275241314725665,1.450958404936677
2023-04-10,0.8015250125054045,1.393506601059566
2023-04-11,1.4577715267239466,1.4857022907376964
2023-04-12,1.0123780650075382,1.5352004516524638
2023-04-13,1.5907111368287743,1.535160882136187
2023-04-14,1.0639782750418263,1.0541143020508645
2023-04-15,0.9604740362814808,1.5353013774565245
2023-04-16,0.5333104743331304,1.5352004516524638
2023-04-17,1.5979301014586393,0.5677862377774148
2023-04-18,1.5995893089406747,1.5352004516524638
2023-04-19,1.5790611924942883,1.5641391155320326
2023-04-20,0.9597816491399678,1.548475594426773
2023-04-21,-1.5998528828734415,1.5352004516524638
2023-04-22,1.5920703486438752,1.5352004516524638
2023-04-23,0.7298200590087371,1.5352004516524638
2023-04-24,1.6000730514605714,1.5352004516524638
2023-04-26,1.5261909086739343,1.5352004516524638
2023-04-27,0.07552690634235108,1.535160882136187
2023-04-28,1.600404721354085,1.5356896270259879
2023-04-29,1.5989095816236019,1.5352004516524638
2023-04-30,1.6000966692307454,1.5352004516524638
2023-05-01,0.8009565973086621,1.5360047182093295
2023-05-02,0.9456970190192917,0.6372263512779552
2023-05-03,1.5992409651406707,-1.5179463820612225
2023-05-04,1.5278818916665573,1.5425119293794793
2023-05-05,0.7979574621888116,1.5296840300829297
2023-05-06,1.2652864970061657,1.5351213126199104
2023-05-07,1.4618202694418754,1.535160882136187
2023-05-08,1.3716335918228804,1.5352004516524638
2023-05-09,1.5994663081484366,1.5352004516524638
2023-05-10,0.0034621582274785624,1.6025256321437953
2023-05-11,1.6029948755832395,1.558450930658099
2023-05-12,1.6026604151214414,1.5718492521265999
2023-05-13,1.2599922678578204,1.5352283672309757
2023-05-14,1.0667467662571046,1.5351577697716443
2023-05-15,1.3711316410236893,1.5351552293481474
2023-05-16,1.2475062804316963,1.5383059596275737
2023-05-17,1.2451916904951443,1.5351213126199104
2023-05-18,1.4284226842493162,1.5406686085602515
2023-05-19,1.5843782295281763,1.5955142522367858
2023-05-20,1.6001124083076421,1.5352004516524638
2023-05-21,1.5766784239851082,1.5999723467255769
2023-05-22,1.6001987596697944,1.5355412435944777
2023-05-23,1.600039926890655,1.5352004516524638
2023-05-24,1.502705030823414,1.5677533348323434
2023-05-25,0.00013205921577746913,1.5352004516524638
2023-05-26,1.598644697225483,1.5352004516524638
2023-05-27,0.5663572311439992,1.5790277842428093
2023-05-28,1.6000256495925995,1.5351213126199104
2023-05-29,1.6024751255396654,1.6024022198279206
2023-05-30,1.4949031977425797,1.4321748407176842
2023-05-31,1.5995810872855665,1.5352004516524638
2023-06-02,0.13602600481418303,1.1410284053215312
2023-06-03,1.5986739707843005,1.568884199136595
2023-06-04,0.16729734135680643,1.5352004516524638
2023-06-05,1.6626836462863746,1.6539050897800776
2023-06-08,1.5305646116364973,1.5351515522279653
2023-06-09,1.4996955800975216,1.5352004516524638
2023-06-10,0.5337506850506529,1.5571609707890703
2023-06-11,0.005884955185644594,0.005884700556132657
2023-06-12,1.613561905430608,0.15966518432200516
2023-06-13,1.1565940330145283,0.1143992930834643
2023-06-14,1.0392671967535083,1.0251948073810762
2023-06-18,1.6016677492238165,1.5583516725827862
2023-06-19,1.6064480330117044,1.504623203796161
2023-06-20,1.5981136445476904,1.5352004516524638
2023-06-22,1.600308141551207,1.600070203916935
2023-06-23,0.5391197896458496,0.5212852252449443
2023-06-24,1.5949334104472876,1.5352004516524638
2023-06-26,1.5214663187810333,1.5676083424776315
2023-06-27,1.6014277977522173,1.601657081826259
2023-06-28,1.6000642415504465,1.5352004516524638
2023-06-29,0.0005423157559217816,0.7679897820251997
2023-07-01,1.6006138381647386,1.5672489718687947
2023-07-02,0.7993790918608313,1.5675841931177228
2023-07-03,1.5888547870754655,1.5680917376913683
2023-07-04,8.848056554457659e-05,1.5998378604021863
2023-07-05,0.6484077521062163,1.0671314908433287
2023-07-06,1.0667522727563978,1.2433399445389497
2023-07-07,1.5962865502652521,1.0196356556107804
2023-07-08,1.5960493583080644,0.8301961396803164
2023-07-09,1.615312699464568,1.60104356994275
2023-07-10,1.6050976993851778,1.2577755917907838
2023-07-11,1.371610612177705,-1.031520186060528
2023-07-12,1.5969167398718414,1.5680006172788579
2023-07-13,1.598350443999779,1.55588064175483
2023-07-14,1.5287094837402826,1.5352004516524638
2023-07-15,1.5975329652645736,1.044976846102594
2023-07-17,1.4323944447197694,1.6005335810175167
2023-07-18,0.003357015900208245,1.4070709593473463
2023-07-19,0.5931571724459184,1.104262061582474
2023-07-20,1.5994598262691824,1.5629113175646407
2023-07-21,1.0647354788973773,1.5932783825008887
2023-07-22,1.6012375763442466,1.56957507104812
2023-07-23,1.6000857820034786,1.5572754179241965
2023-07-24,1.2514435014010887,1.3690112898190323
2023-07-25,1.5986512589606408,1.5352004516524638
2023-07-28,0.14780652380554685,1.0238256384969142
2023-07-30,1.455283054773784,1.5825155925763583
2023-07-31,1.5992206907368658,1.5351213126199104
2023-08-03,1.516904352348252,1.5535408352411353
2023-08-04,0.07215085478978178,1.5352004516524638
2023-08-06,1.6008814177409705,1.5924855838526055
2023-08-07,1.5978525976472024,1.535160882136187
2023-08-08,0.7992418531748375,1.5987856730064194
2023-08-09,1.1289424865127249,1.5352004516524638
2023-08-10,1.0664480689422222,1.6019901946938073
2023-08-11,0.13159861146338206,1.5352004516524638
2023-08-12,1.19625447745494,1.3221854070261982
2023-08-14,1.5911192517498431,0.9585698989259357
2023-08-15,1.6003772002024566,1.5988916235485184
2023-08-16,1.5830544365499626,1.5679369235941636
2023-08-17,1.6018031386169616,1.5626737808809075
2023-08-18,1.4928059145305586,1.5352004516524638
2023-08-19,1.5318858803754605,1.584232580562798
2023-08-20,1.6080975804856785,1.607885610862377
2023-08-21,1.6002631815658093,1.5993540357730798
2023-08-22,0.49029667997300763,1.5515672203065818
2023-08-23,1.5828364581902399,1.4702354507536006
2023-08-25,1.5913201206812824,1.567696966442922
2023-08-26,1.5745232394312492,1.5567901302287759
2023-08-27,1.5977873926709327,1.5352004516524638
2023-08-28,0.5334261366520145,1.5789174804512351
2023-08-29,0.046640636438527894,1.6010579353085435
2023-08-30,1.6000693344547858,1.5352004516524638
2023-08-31,1.588599997294655,1.5429705431465794
2023-09-01,1.6003685781325618,1.6003053933242906
2023-09-02,1.5989132511835245,0.7676643302799044
2023-09-03,1.254403286788057,1.2672389862610918
2023-09-05,1.6000576330864553,1.5352004516524638
2023-09-06,1.6044828465776517,1.0499657518754495
2023-09-07,1.600597136339517,1.598401168102752
2023-09-08,0.7995773166087585,1.4994435160664081
2023-09-09,1.5971840280572747,1.5352004516524638
2023-09-10,1.609031204979417,1.5859256179778995
2023-09-11,0.8543156014062653,1.549658642378388
2023-09-12,1.587778622258661,0.8055091065526888
2023-09-14,1.4399582784979428,1.5352004516524638
2023-09-15,1.1586093939636808,0.8345263825371422
2023-09-16,1.5146323623948135,1.5352004516524638
2023-09-17,0.6517708165715818,1.3765943784437376
2023-09-18,1.6056072707301319,0.9786256304974011
2023-09-19,0.0013128843860668487,1.6010923870944145
2023-09-20,1.5998199347164224,1.5675105927638266
2023-09-21,1.5974807147842032,1.0278913126762672
2023-09-22,1.5990931455856157,1.500126699585779
2023-09-24,1.56393426760408,1.5352004516524638
2023-09-25,1.0505620332711565,1.6001303265752058
2023-09-26,1.5904314402066575,1.0407058900384318
2023-09-28,-1.5975802813514688,1.1560157814252474
2023-09-29,1.5809658427938722,1.031955845021017
2023-09-30,0.6879010043253301,0.7401146385434669
2023-10-01,1.5952905558074968,1.228154847302387
2023-10-02,1.600954360501204,1.0692585445562726
2023-10-04,1.162111915939563,1.3802901336398885
2023-10-05,1.5991615754016197,1.6001963489395825
2023-10-06,0.40007170749366283,1.5351806668943255
2023-10-07,1.5963732980080045,1.5351213126199104
2023-10-08,1.5986673652146912,1.5351213126199104
2023-10-09,1.0270626153393538,1.5352004516524638
2023-10-10,1.5985654338983601,1.566823183459106
2023-10-11,1.5976086864117807,1.5352004516524638
2023-10-12,1.5002925133911327,1.567829549273991
2023-10-13,1.598819993909284,1.567490378247761
2023-10-14,1.040765700069933,1.590195037437901
2023-10-15,1.484686100098087,1.5571263546376661
2023-10-16,1.546731908780624,1.5498796624541957
2023-10-18,1.598440914642473,1.5993736580468494
2023-10-20,1.5565882640227577,1.5351740719749458
2023-10-21,1.599944001464054,1.5999469463358365
2023-10-22,1.600951667450601,1.5790735007477306
2023-10-23,1.647767799151328,1.6160836214692471
2023-10-24,0.22120549634956216,1.6014897084682063
2023-10-25,0.7895698604564035,0.40470129974241575
2023-10-26,0.0004130411725559169,1.535160882136187
2023-10-27,1.5993302414196662,1.5988091817205834
2023-10-28,1.5861336056657926,1.599847919264355
2023-10-29,1.2027570431697214,0.9006495155394976
2023-10-30,1.0683357553191664,1.4087649875235337
2023-10-31,1.2007747975021212,1.568796551912643
2023-11-01,1.599125473249578,0.7280085345570428
2023-11-02,-0.2843355096533905,0.23139973232794087
2023-11-03,0.004823077530873077,0.7731467922978201
2023-11-04,1.6000079606213433,1.5352004516524638
2023-11-05,1.0592688093457505,1.5568425231117962
2023-11-06,1.0929163182566453,1.5569859051581012
2023-11-07,1.0639273199988102,1.5554613800952086
2023-11-08,1.5994153769987511,1.557052338300038
2023-11-09,1.3700210569573283,1.5351665349242265
2023-11-10,1.6001187315448975,1.6000595822822685
2023-11-11,1.3068883817536832,1.385838675779015
2023-11-12,1.5986047271242203,1.5571218874033204
2023-11-13,1.5402352534382717,1.527235028105701
2023-11-14,1.6021380023175855,1.569936221024546
2023-11-15,1.600117828751757,1.600073559298308
2023-11-16,0.7946205172898488,1.4495757521636152
2023-11-17,1.0732906172189733,1.565745620852209
2023-11-18,0.07335229092792349,1.5352004516524638
2023-11-19,1.5622979117050755,1.567991171150055
2023-11-20,1.0672333199796553,1.5773296655808773
2023-11-22,1.5997373297671715,1.601925567542905
2023-11-24,1.4916946504831916,1.5531026362807212
2023-11-25,0.7999460550926926,1.5352004516524638
2023-11-26,0.929036261710671,1.568109788021663
2023-11-27,1.0760466943871072,1.5514319673455501
2023-11-28,1.0781071935365536,1.6103340821295653
2023-11-30,1.2197463032312006,1.1910855631918496
2023-12-01,1.6001036183371007,1.5352004516524638
2023-12-02,1.5448377688025385,1.535137140426421
2023-12-03,1.5910011068069094,1.5351740719749458
2023-12-04,0.31995235457591786,1.5393328441039367
2023-12-05,1.002757877644664,1.5672172375866658
2023-12-06,1.0741723557832727,0.8693517093240863
2023-12-07,1.4375888878808027,1.5351345024586693
2023-12-08,1.4323851922153679,1.3925240666661425
2023-12-09,0.6862510631255344,1.5594918869520973
2023-12-10,1.5979450682237848,1.5792580513644177
2023-12-11,1.5344322674431417,1.5628908512441995
2023-12-12,1.5851684853488477,1.5249483205809502
2023-12-13,1.5990786399610346,1.5645187458814622
2023-12-14,1.3619644135539575,1.535137140426421
2023-12-15,1.440606433409348,1.1679229706822212
2023-12-17,1.0690329839744308,1.5899119034483977
2023-12-18,1.557121818786422,1.5448588920751571
2023-12-19,0.9882186697769426,1.2985769769144122
2023-12-20,1.3950894238868772,1.5995662480244497
2023-12-21,1.5954572962112532,1.5365385647862593
2023-12-22,1.5988970872079844,1.5352004516524638
2023-12-23,1.5996173291954623,1.5352004516524638
2023-12-24,1.2792136328336938,1.5082000061572072
2023-12-27,1.405724459368861,1.5271473469173749
2023-12-28,1.3863207181539867,1.5510356550460922
2023-12-29,1.3531981604558043,1.3412535438614808
2023-12-30,1.5993444038914013,1.5642800052473538
2023-12-31,0.7959515001005132,1.5481937089687865
2024-01-01,1.4177693427220943,1.5352004516524638
2024-01-02,0.6631713430752453,1.5451498317007255
2024-01-03,0.9874752809463327,1.5825888338016336
2024-01-04,1.4110022218182579,1.5352004516524638
2024-01-05,1.066115280154034,0.8772497207700534
2024-01-06,1.5948285824716835,1.5352400117670912
2024-01-07,0.8962087000064604,1.549547673451719
2024-01-08,0.9906212015097714,1.307801645499849
2024-01-09,1.5995701748595812,1.0336754631072118
2024-01-10,1.6066273331068543,1.562408001871297
2024-01-11,1.1903706684269157,1.4253489491265923
2024-01-12,1.314167656322635,1.3914892905920908
2024-01-13,1.4297770036974113,1.5719332430272321
2024-01-14,1.1563985589846646,0.11090181224478224
2024-01-15,1.3900129986926908,1.5499808092971668
2024-01-16,1.5395922713204448,1.5571258703117603
2024-01-17,1.5580874478659252,1.3335885241856105
2024-01-18,1.5999554956056699,1.5555000587986247
2024-01-19,1.6014039827315232,1.2316340986283993
2024-01-20,1.1378565321492902,1.58405083379793
2024-01-21,0.7941367189987572,1.1872095205256403
2024-01-22,0.22815962945606966,1.5434252791566403
2024-01-24,1.5986430290145854,1.5352004516524638
2024-01-25,1.2800528351068852,1.5224011376499575
2024-01-26,1.5646137748546975,1.540184499774731
2024-01-27,1.5719052512536467,1.5616080533720365
2024-01-28,-0.009377564592109774,1.0324929099441542
2024-01-29,0.8018139850369908,1.5521689219541448
2024-01-30,1.0465277061787068,1.563059432123484
2024-01-31,-1.5226470928176958,1.6026115787104485
2024-02-02,1.5999232765535871,1.5352004516524638
2024-02-03,1.6027890102752256,1.559869513200108
2024-02-04,1.6017757328186064,1.601204086842336
2024-02-05,0.9806477628738683,1.57574598778117
2024-02-06,1.5920890120174935,1.5203015766714876
2024-02-07,0.6647979547313749,1.587355101632652
2024-02-08,1.1351319858532296,1.578995441952897
2024-02-09,1.0628771628865443,1.578772129117148
2024-02-10,1.5969340316994183,1.6004325973354963
2024-02-11,0.800604377552564,1.568238522072308
2024-02-12,1.5994451358606543,1.5407595022366312
2024-02-13,1.5233166852766453,1.599027432455061
2024-02-14,0.7305152551392474,1.3452425030267356
2024-02-15,0.3097763125246465,1.0379182446550217
2024-02-16,1.5952587774467202,1.5681739491945668
2024-02-17,1.2007529959969412,1.5747869597072908
2024-02-18,1.6109118599451298,1.2706950957806111
2024-02-19,1.1984610708186108,1.2834041812875836
2024-02-20,0.8001086031429299,1.5674750498905903
2024-02-21,1.5974843272513783,1.5803613868863113
2024-02-22,1.5890845664169133,1.597660523874567
2024-02-23,0.8319371938395165,1.578380543296846
2024-02-25,1.462138987996452,1.5996289052815287
2024-02-26,1.6048812805846184,1.6047403331608712
2024-02-27,1.339245202061931,1.54988389209952
2024-02-28,1.1049138916341146,0.9032899166583281
2024-02-29,1.5966821140224507,1.5352004516524638
2024-03-01,1.417874364827862,1.5180186660025565
2024-03-02,1.5951665891386646,1.5578411127873135
2024-03-03,-0.16992070556857083,1.5653673692841978
2024-03-04,0.8053706281267564,1.5700630483901454
2024-03-05,1.4393657208720743,1.6006729726076883
2024-03-06,1.1478341789375832,1.5860560946392042
2024-03-07,1.264184003800767,0.9559307510798829
2024-03-08,1.5993339364316213,1.5726339685659296
2024-03-09,1.3932663600740565,1.5802715345821194
2024-03-10,0.9615090096872375,1.5559136845622923
2024-03-11,1.4467601868799982,1.103390063919162
2024-03-12,1.5451804209622972,1.5866801784224256
2024-03-13,0.9236222696803663,1.5503399383276586
2024-03-14,1.5971515157927525,1.565739113963504
2024-03-15,1.2171522572532156,1.5303623580283974
2024-03-16,1.4618158214427857,1.5605792787460773
2024-03-17,1.5966114163559246,1.4432919470024563
2024-03-18,0.9279459946235372,1.4235704015003774
2024-03-19,0.5655639969676586,0.9944285151557224
2024-03-20,1.269753577768626,1.5516026368818245
2024-03-21,1.543258102608885,1.2901201018005426
2024-03-22,1.5769603922229298,1.5513401106309759
2024-03-23,-1.5392434384514775,1.5994057296717985
2024-03-24,1.5989008842252992,1.3942058249263398
2024-03-25,1.5626068907495616,1.5740060193918766
2024-03-26,1.4002805592709822,1.4538138381428851
2024-03-27,1.589520344122006,1.379097586130109
2024-03-28,1.5943451692710247,1.545962648712848
2024-03-29,1.2705166072242797,1.2872301082788145
2024-03-30,1.6005829647254537,1.5579892039274723
2024-03-31,0.6271020339245263,1.548331222495482
2024-04-01,1.6001501719434772,1.396679355817526
2024-04-02,1.405776120452894,0.9028395745187862
2024-04-03,1.50981451251471,1.5352004516524638
2024-04-04,1.3015397081327216,1.5625105202383331
2024-04-05,1.599190708128324,1.5352004422508143
2024-04-06,1.0778396860925605,1.4556906642797713
2024-04-07,1.598914805817575,1.5351213126199104
2024-04-08,1.6008535024281407,1.568550738194698
2024-04-09,0.7666701968011649,0.9485190729476234
2024-04-10,1.0875998513336276,1.5573512702506647
2024-04-11,1.3328571148711241,1.5552372728077346
2024-04-12,0.6414022601254655,1.2400748466713434
2024-04-13,0.7972562208506019,1.5676906460454343
2024-04-14,1.0574809666131981,0.7253354544323624
2024-04-15,0.8012090948656098,1.304957466022958
2024-04-16,1.1342513839920816,1.3599537210228547
2024-04-18,1.0721392394580025,1.2233105248958986
2024-04-19,0.9470005177403639,1.208473965512957
2024-04-20,0.7491921487849019,1.5598147896851473
2024-04-21,1.5865914771766962,1.606559140155384
2024-04-22,0.7511811224820436,1.575390150762398
2024-04-23,1.585052433924512,1.5991088084880805
2024-04-24,1.5987632479070317,1.5352004516524638
2024-04-25,1.5529235502030094,1.2017629550749571
2024-04-26,1.5589374882596887,1.5680329152663801
2024-04-27,1.6003030009974193,1.5811195766516253
2024-04-28,0.09310252411581932,0.7653510983945699
2024-04-29,1.600963874902858,0.759986177494857
2024-04-30,1.5425260919846604,0.9529691488782317
2024-05-01,1.6002075005698484,-0.5240958590952677
2024-05-03,0.7998327543577625,1.4431645208582224
2024-05-04,1.4132570018908364,1.5235058513543867
2024-05-05,0.8017487533038481,0.8081325314980291
2024-05-06,1.5401892499885055,1.5752340572883199
2024-05-07,1.6037604178443619,1.5575942717140974
2024-05-08,1.602568554063258,1.3943253530063984
2024-05-09,0.8173130798029236,1.583875323311862
2024-05-11,1.602479246613509,1.5409355703691128
2024-05-12,1.5998333782732843,0.7879426864356245
2024-05-13,1.045517721562621,0.40083220648374485
2024-05-14,1.5608613285088229,1.08398829198937
2024-05-15,1.5998075678656776,1.3507542812308653
2024-05-16,1.0058686684524971,1.568541498013241
2024-05-17,1.5774647405373141,1.0466205697789268
2024-05-18,0.8016278282632995,0.9983800987968573
2024-05-19,0.024818188024681203,1.5352004516524638
2024-05-20,0.009490741721497501,0.009490744526784044
2024-05-21,0.9719660311678742,1.5815473868299996
2024-05-22,0.3803869106706958,1.5352004516524638
2024-05-23,1.4025070127147325,1.1375914734540387
2024-05-24,1.525593836248423,1.5352004516524638
2024-05-26,1.5715746374641584,1.5352004516524638
2024-05-27,1.5966742641597371,1.5352004516524638
2024-05-28,0.7999595480089453,1.5352004516524638
2024-05-30,1.5728406367541918,0.056048461237585584
2024-05-31,1.1987444033069126,1.5352004516524638
2024-06-02,1.599255690806462,1.5352004516524638
2024-06-03,1.0723674135555477,1.3259687117580718
2024-06-04,1.5983963715058012,1.5973373102491626
2024-06-05,1.2674914495964313,1.2811794574467952
2024-06-06,1.5999121946298627,1.251944608255431
2024-06-07,1.600539636077121,1.5633064443787366
2024-06-08,1.3184516716652155,1.5573580538766052
2024-06-09,1.4816988877552217,1.1008739946247443
2024-06-10,1.194102713626262,1.436268405108429
2024-06-11,0.1365578276264483,1.5352004516524638
2024-06-12,1.1238731506776731,0.8096443896277508
2024-06-13,6.657874775536498e-05,1.5784668186861734
2024-06-14,1.5994794702988777,1.5351806668943255
2024-06-15,1.3234707606527356,1.2050962119507462
2024-06-16,0.8006975253442262,1.5699005023623016
2024-06-17,1.2933821266762022,1.5256449236238345
2024-06-18,1.196611224059067,1.543449366294304
2024-06-19,-0.5079840452726404,1.5805307229899717
2024-06-20,1.5836283600025904,1.6006764014730037
2024-06-21,1.6006604841915497,1.6007616840015249
2024-06-23,1.592737212729927,1.5670307476005547
2024-06-24,1.6011900398429866,1.5861036122663563
2024-06-25,1.5993904566959993,1.5352004516524638
2024-06-26,1.2907856075964943,1.5388005352583414
2024-06-27,0.9837589275764035,1.5876925489469729
2024-06-28,0.801495926369616,0.8213231185735638
2024-06-29,1.2235751105684929,1.1493928121564487
2024-06-30,1.6003638357416394,1.5573933789277745
2024-07-01,1.1984999943161843,1.3826644473740115
2024-07-02,-0.02413898478987231,1.2095686325678892
2024-07-03,1.601243275515026,0.6782366262534041
2024-07-04,0.8110582571451548,1.203192939023072
2024-07-05,1.5993046875145045,1.6013188720584013
2024-07-06,0.8766839620562941,1.5352004516524638
2024-07-07,1.6014530057065475,1.601940687263657
2024-07-08,1.5998056161552574,1.5678791139461863
2024-07-09,1.5443588619750144,1.5266022747710564
2024-07-10,0.9151530919503473,1.5411396256065224
2024-07-11,1.3766793588969928,1.5910752460116182
2024-07-12,1.5859540881461773,1.369615487768428
2024-07-13,1.5996063088602792,1.2535278580291873
2024-07-14,1.2001821918230098,1.1369983599000426
2024-07-15,1.5923240444351017,1.2933506059852713
2024-07-16,1.280207834019875,0.8066850095975985
2024-07-17,1.5577862334360182,1.4614155122875925
2024-07-18,1.3876437516883418,1.5680451508829159
2024-07-20,1.0081371997406028,1.335275206086448
2024-07-21,1.6098947261640864,1.555889493581615
2024-07-22,0.0001280500209155547,1.565948963087037
2024-07-23,1.5982030133919494,1.5721622012316383
2024-07-24,1.5189752891788435,1.16769456402131
2024-07-25,1.5986124053094355,1.5351213126199104
2024-07-26,1.5223962260517259,1.5981905051274308
2024-07-27,1.5998090801078062,1.559613902538982
2024-07-28,1.5989552180496598,1.5352004516524638
2024-07-29,1.5325361107517543,1.5752402044638234
2024-07-30,1.6001201116457402,1.578551081499861
2024-07-31,1.308862323786399,1.4983746201613644
2024-08-02,1.1327578632798467,1.5037519010702292
2024-08-03,1.599369334986137,1.6003966485863081
2024-08-04,1.0667556259534974,1.5351476922974283
2024-08-05,1.511259727512869,1.5635051131638047
2024-08-06,1.4129949323085809,1.5972990000924974
2024-08-07,1.5910541181875166,1.5352004516524638
2024-08-08,1.201393341293875,1.5680145841515398
2024-08-09,1.6003241084340225,1.578968206517038
2024-08-10,1.6004240196363801,1.2556110172776034
2024-08-11,-0.23162587503432958,0.7966932821031892
2024-08-12,1.5995639494176468,1.5352004516524638
2024-08-13,0.8328006420302553,1.089247129406606
2024-08-14,1.6015624716067045,1.5579792088698392
2024-08-16,1.2784239720249952,1.5677113100117974
2024-08-17,1.5811019386154392,1.5437093608520562
2024-08-18,1.6137054400236963,1.2167485522502623
2024-08-19,1.6000410434255192,1.5998165821954984
2024-08-20,1.603808936246802,1.5986160806730179
2024-08-21,1.4365381328124969,1.0678963876317902
2024-08-22,1.5796033933727869,1.4024230298624167
2024-08-23,1.5762392347421839,1.5675297002811748
2024-08-24,-0.24826159154253669,1.5538193307724213
2024-08-25,1.325904870947698,1.334792518683097
2024-08-26,1.2881879491555395,1.5991218904694025
2024-08-27,1.5996863576171219,1.5684044226273284
2024-08-28,1.5998543014942292,1.535160882136187
2024-08-29,0.8459781026813683,1.5352004516524638
2024-08-30,1.5986009215571393,1.5749675575226763
2024-08-31,0.9275889281854477,1.072783128947167
2024-09-01,1.5001352104796886,1.5678252663121397
2024-09-02,1.5938478651213561,1.5756518412523837
2024-09-04,0.9636822601512265,-0.02018143887209256
2024-09-05,1.6013547975324596,1.5820965193260887
2024-09-06,1.6028868801801095,1.6008615259224561
2024-09-07,0.0017068940821994946,1.6011414821150136
2024-09-08,1.3186709867223931,1.5846771051008934
2024-09-09,0.5428897234673126,0.5431584858259049
2024-09-10,-0.008631534930249485,1.4803032394203288
2024-09-11,1.6002961718940747,1.5490039733153251
2024-09-12,1.5995959491374654,1.5352004516524638
2024-09-13,0.38995416292672785,1.1515113916528097
2024-09-14,1.6004642674688072,0.8002937765663216
2024-09-15,1.508933756187683,1.6164002376306248
2024-09-16,1.5869141696315388,1.6005409613772121
2024-09-17,1.5967455600026041,1.5682602580859366
2024-09-18,1.3975500843505912,1.557968698138332
2024-09-19,1.5943670519237356,1.6082828546767314
2024-09-20,1.6007252084682186,1.568153838510324
2024-09-21,0.959977155837898,1.5616829140422808
2024-09-22,0.7981257463771825,1.5354375027233853
2024-09-23,1.5993760903292915,1.4499256932998565
2024-09-24,1.5599671521016796,1.5352004516524638
2024-09-25,0.8660058132426043,1.133638178147924
2024-09-26,1.5978110711210307,1.514741058160908
2024-09-27,1.299262274069547,1.5626240895339292
2024-09-28,1.580990411192005,0.5256958942818782
2024-09-29,1.2973770984349822,1.5810318722071315
2024-09-30,1.5890069196068135,1.6035250054203023
2024-10-01,0.5724593332332281,1.0506215193323183
2024-10-03,0.8018450901559164,0.7839695548107487
2024-10-04,1.5979945926276349,1.0964300719274442
2024-10-05,1.1510349816361143,1.6099370853671124
2024-10-06,1.2782158034205096,1.5824291325751247
2024-10-07,0.6879902790612636,1.567612659685631
2024-10-08,1.5691790987849787,1.5352004516524638
2024-10-09,0.3183446508830593,1.6089476886672225
2024-10-10,1.599854762630788,1.5678402458305782
2024-10-12,1.5896871840796079,1.5352004516524638
2024-10-13,1.5997637096292887,1.5351806668943255
2024-10-14,1.6014376285135141,1.5541953425934936
2024-10-15,1.511730092350186,1.230149662216748
2024-10-16,1.6009613672087255,1.0372127012562598
2024-10-17,1.6032937983456403,1.6011536928652166
2024-10-18,0.8729579201373708,1.216891493004741
2024-10-19,1.597237848425602,1.5603828119661405
2024-10-20,1.1746137486531947,0.9552214202304479
2024-10-21,1.5989336243574372,1.5352004516524638
2024-10-22,1.5989918533962773,1.5351213126199104
2024-10-23,1.6005650058232017,1.0670471616688284
2024-10-24,1.6003603108569624,1.597491011013326
2024-10-25,1.2750565895185404,1.068009310822981
2024-10-27,1.599867755533541,1.5352004516524638
2024-10-28,1.5910866930036653,1.5352004516524638
2024-10-29,1.2472858513034233,1.5453067714309967
2024-10-30,1.5922286127143055,1.6001173237442698
2024-10-31,1.584973816035614,1.5566132999050801
2024-11-01,0.8010763721495237,1.5605779698304136
2024-11-02,-1.4022941761071694,0.37418394281783995
2024-11-03,1.5991050170008778,1.5352004516524638
2024-11-04,1.6009294518195696,1.4282622762156045
2024-11-05,1.0734364589540724,1.2936392409789705
2024-11-06,1.599892949661865,1.5314709692070618
2024-11-07,0.811590104541071,0.7681332479524254
2024-11-08,1.5857737988101137,1.5845729141904699
2024-11-09,0.5278252972214161,1.5527455256103935
2024-11-10,0.6305713145947498,1.4985854820850986
2024-11-11,1.4696633867849587,1.5202385443336024
2024-11-12,1.3409339342621074,1.3382295781121256
2024-11-13,0.9410536617922765,1.5789922336178523
2024-11-14,0.521060452339741,1.5538335455991248
2024-11-15,1.5990412853424791,1.4653188115665925
2024-11-16,1.5942676777062572,1.5513340739440555
2024-11-17,1.4842863287008683,1.5792362766139114
2024-11-18,1.2670745679251212,0.7769059179439187
2024-11-19,1.5689111977836725,0.9304347684030152
2024-11-20,1.3333186280429177,1.2466993734550262
2024-11-21,1.3600356431713685,1.4532622266336763
2024-11-22,1.5171559563409323,1.5632787126995655
2024-11-23,0.9833210762703725,1.5417364996461778
2024-11-24,1.2634151518947194,1.3920672430831746
2024-11-25,1.0866333196766895,0.968261226727516
2024-11-26,1.086016175288699,1.5672829694030839
2024-11-27,1.3336754977774092,1.2208520213892777
2024-11-28,0.698590279717056,1.5477254242089136
2024-11-29,1.464425768171323,0.9424388802044396
2024-11-30,0.08314974241569262,1.6642683182948255
2024-12-01,1.3266925322565966,1.281384893675573
2024-12-02,0.5090388305381375,1.5454129234800498
2024-12-03,1.1788096636547203,1.5674555811388045
2024-12-04,1.2352913246064687,1.3309071973154836
2024-12-05,1.1030686164863617,1.2843717545012834
2024-12-06,1.1737557756811505,1.3358522113949263
2024-12-07,1.1750416746515253,1.5546877682456401
2024-12-08,1.2146217878293784,1.1941939341539445
2024-12-09,1.1639818473245678,1.4799314430452746
2024-12-10,0.9731484250916033,0.889553242305812
2024-12-11,1.101106970940675,1.3054143738755932
2024-12-12,1.1097154725259322,0.7753946946108349
2024-12-13,1.5660066513647368,1.3873034062209697
2024-12-14,1.24608316244756,1.1198261771315265
2024-12-15,1.370043608096547,1.5499508622681681
2024-12-16,1.4384729658644213,1.5618980110337437
2024-12-17,1.1910199911149648,1.5230751352413183
2024-12-18,1.4672155833467924,0.7333580899104791
2024-12-19,1.2422204563902268,1.5499206959420408
2024-12-20,0.7860542154712341,1.3456291954195903
2024-12-21,1.5940173242999562,1.5419343796351654
2024-12-22,0.7625518449294553,1.5984811509324126
2024-12-23,1.100789417027347,1.4630172830888235
2024-12-24,0.8311056993055823,0.9477642819801121
2024-12-25,0.8653239453792824,0.9077893115424845
2024-12-26,1.3949589130301943,1.5638321947249867
2024-12-27,0.7107661834087453,1.368607326719705
2024-12-28,1.5955777823240342,1.2730050878491788
2024-12-29,1.3286568435228288,1.454397333942579
2024-12-30,1.2065901318954735,1.1967842795524508
2024-12-31,1.2815606661799195,0.9585270848009436
