date,bitcoin_options_title_score,bitcoin_options_selftexts_score
2019-01-04,1.600673110708742,1.535757411603681
2019-01-10,1.5788088942978702,1.6238717189942653
2019-01-12,0.15877463938086567,1.5014533586341738
2019-01-13,1.6004187129136147,1.535497236840283
2019-01-14,1.6002486074485687,1.5353329083435077
2019-01-21,0.002799446828454833,-0.5462973149935222
2019-01-31,1.602299453338309,0.0029628822093615967
2019-02-19,1.5997643379164257,1.4974897072920195
2019-02-23,1.6055530309039798,1.6051417823658893
2019-03-06,1.600090793202099,1.5353329083435077
2019-03-23,1.6016834182093038,1.5367685003115585
2019-04-03,1.6010639454698736,1.5361813744025492
2019-04-12,1.6000885606586461,1.5353329083435077
2019-04-20,1.3626211079660246,0.43090687073331857
2019-04-30,1.6062160378652497,1.5992485402801844
2019-05-14,1.608319505964316,1.5442958195408365
2019-05-17,1.6022849389154659,1.6022443814047422
2019-05-26,1.607012688848037,1.5045939117530704
2019-06-01,1.6277499444253496,1.6277640074905906
2019-06-04,1.6270543023325776,1.626200441538012
2019-07-14,0.001172843607362773,1.498338173351061
2019-07-31,1.600665169156797,1.535757411603681
2019-08-14,-0.7549296063585158,1.5724676219209273
2019-08-21,1.5066927566732533,1.5380349290484794
2019-08-29,1.6011462744008358,1.6002800039128164
2019-09-16,0.008765114542935826,1.6037402589824774
2019-09-27,1.6008242313029866,1.433397992796807
2019-10-12,1.6010235405173041,1.5361813744025492
2019-10-20,1.5987296454887618,1.4974897072920195
2019-10-22,1.632965316771039,1.6103454813376408
2019-11-01,1.6004584229374457,1.535757411603681
2019-11-04,1.6001534155961967,1.4974897072920195
2019-11-08,1.600187880644465,1.4974897072920195
2019-12-08,1.600141928188647,1.535757411603681
2019-12-10,1.600255573989337,1.5353329083435077
2019-12-16,1.621341141030574,1.5697561328899494
2019-12-18,0.5581717227471458,1.4974897072920195
2019-12-20,1.5974438360822747,1.4974897072920195
2019-12-27,1.6001483997825627,1.5353329083435077
2019-12-30,1.5977650766392877,1.5353329083435077
2020-01-04,1.5987602185537502,1.601364556119334
2020-01-08,1.600615341821298,1.5939494980047706
2020-01-22,1.6003770747016977,1.4976540357887949
2020-01-24,0.00028155769608882963,1.4974897072920195
2020-02-06,1.5879064084324517,1.5353329083435077
2020-02-10,1.5998648981888153,1.4974897072920195
2020-02-19,1.5850282495864978,1.5352460727530042
2020-02-20,1.6002358128039222,1.5353329083435077
2020-02-21,0.03853671071465892,1.5713638673245072
2020-02-23,0.008907965853617885,0.008956622393052494
2020-02-29,0.8639022452837747,1.5987307558099904
2020-03-08,1.591565563583183,1.4974897072920195
2020-03-10,1.6050948448952878,0.897317839542666
2020-03-11,1.5960656105295525,0.8194064657871273
2020-03-12,-1.2554215936141153,1.540980183201561
2020-03-13,1.5973096128597137,0.3383483533262563
2020-03-17,1.5991140784381117,0.11963787169185043
2020-03-18,1.601258286483602,1.5691417462438624
2020-03-19,1.6035218980483075,1.3422217000239804
2020-03-20,1.6073679155453162,1.1920911704304773
2020-03-22,1.5671969926204077,1.6094618003289207
2020-03-24,1.600380810252849,0.9861460531909304
2020-03-25,1.610334297013331,0.5742155656410408
2020-03-26,1.6027394239622796,0.7131787350528117
2020-03-27,1.6013722809195796,0.8544045571530637
2020-03-30,1.5818473358633183,1.603355773684534
2020-03-31,1.6000725685196557,1.6028185180807315
2020-04-01,1.62838577506146,0.4913887376386406
2020-04-02,1.62132725753515,1.147877131822778
2020-04-03,1.6253041440105753,0.043023860235449095
2020-04-07,1.661275685022289,0.5984444757110894
2020-04-08,1.6257802230167147,0.7526101210826709
2020-04-09,1.6000079126007916,0.547531338861515
2020-04-10,1.6187359584484016,1.3221165042210432
2020-04-13,1.6022554397503075,0.8957801126308771
2020-04-15,1.614123512958673,0.737219858608488
2020-04-16,1.6041045264104647,0.731780123825091
2020-04-17,1.6040562926885111,1.3364632078165717
2020-04-20,1.5979577118794086,1.6012145512604692
2020-04-21,1.6064543153399364,0.8377726407787233
2020-04-22,1.6003704684069662,0.8967962149577385
2020-04-23,1.60475596505387,1.1282221890366575
2020-04-24,1.6140713142428398,0.18126105621114721
2020-04-27,1.6002480822900615,1.5001455969925428
2020-04-29,1.6000037467426855,0.3849443496842714
2020-04-30,1.6001837561887824,0.8212286961482484
2020-05-01,1.6083307322545497,0.03393458515657702
2020-05-03,0.01060843320448165,1.5859466370472854
2020-05-05,1.6002565850221653,0.8936171235925867
2020-05-06,1.6013238713676243,0.35598854326317003
2020-05-07,1.5991606422699807,0.7222404546151863
2020-05-08,1.6029911876298053,0.6002102955592811
2020-05-11,1.6012020114988275,1.5969607505355006
2020-05-12,1.6002752789547559,0.9027906325005952
2020-05-13,1.6028275522724633,1.5889791370688278
2020-05-14,1.6063411139846993,1.2182949099042104
2020-05-15,1.604181049213955,0.8755936112705623
2020-05-18,0.31626423225869427,1.5353329083435077
2020-05-19,1.6001194121764455,0.7115045650637386
2020-05-20,1.6084847268285367,1.4636976522656266
2020-05-21,1.6053449076047095,0.9201481875291836
2020-05-22,1.600015665345719,1.2087642297393058
2020-05-25,1.600667528373318,1.535757411603681
2020-05-27,1.5999877500931636,1.5353329083435077
2020-05-28,1.5885756007813971,0.8647763495343895
2020-05-29,1.5893165805409664,1.215625256659734
2020-05-30,1.609864317713319,1.6097408427968523
2020-05-31,1.5905993051539076,1.6002592811721255
2020-06-02,1.600806960555175,0.4186947067706429
2020-06-04,1.601156122693566,1.5939494980047706
2020-06-05,0.0006057659521049286,0.9776524095501965
2020-06-07,1.3544219883490958,1.5353329083435077
2020-06-09,0.0004248416187904352,0.8980408017632423
2020-06-10,1.6176470437750043,1.5240012967537697
2020-06-11,1.6004161918877957,0.812170249383916
2020-06-12,1.6025640107947023,0.2855925788246824
2020-06-16,1.5874929576072188,1.2871228612494794
2020-06-17,-0.7466496193727389,1.054001270664625
2020-06-18,1.6012033426953456,1.302933713717951
2020-06-19,0.007058757163281402,0.9632039871891299
2020-06-22,1.5994348521580666,1.5353329083435077
2020-06-23,1.5965458085170652,1.410742517717739
2020-06-24,1.5994915365746394,1.4253705210097458
2020-06-25,0.8053868595903654,0.9005559578421383
2020-06-26,1.5888596335551743,1.0492504218663734
2020-06-29,1.6083389774569081,1.595222213291388
2020-06-30,0.0006850100316843028,1.1873234082839106
2020-07-01,1.600870643676243,0.8008159539176274
2020-07-02,1.6040289577890965,1.5832779298748783
2020-07-03,1.5977910570612277,1.59267661474174
2020-07-07,1.6005198603373734,0.7100465724098438
2020-07-08,1.596846011663594,1.555728725791716
2020-07-09,0.0025961046197183436,0.57622853466504
2020-07-15,1.6004154068740388,0.47871859472521117
2020-07-18,1.6036890704825701,1.6065352309971517
2020-07-23,1.663897452255842,1.6629498282407118
2020-07-26,1.599013523733897,1.4979142105521928
2020-07-27,1.6024719464645163,1.4845432751293206
2020-07-28,0.7464542960178779,1.0777358484717694
2020-07-30,1.6034813658274352,1.175821406378544
2020-08-03,1.6010361951789034,1.2053742946032633
2020-08-04,1.595338217421657,0.6859786295444389
2020-08-05,1.6004381417625688,0.693133601612812
2020-08-06,1.5281974401345466,1.535757411603681
2020-08-07,0.002241919392954322,1.5681652775903756
2020-08-10,1.6005660591165594,1.535757411603681
2020-08-11,1.5998007535911336,1.598975786284647
2020-08-12,1.6120564562215465,1.6091341206434477
2020-08-13,1.5851489770251792,1.5567924172215932
2020-08-15,1.60039304031919,1.5355451599735943
2020-08-26,1.6096180669367754,1.6023132695776472
2020-08-28,1.6034631015496787,1.6034219890666794
2020-09-01,1.6007705129539964,1.5358533112971373
2020-09-03,0.003206591169211287,1.6005784821248834
2020-09-05,1.6156706225145454,1.60332605307535
2020-09-07,1.8118311735652888,1.8111958638451746
2020-09-10,1.5994457681702487,1.535757411603681
2020-09-20,1.6146323590267537,1.609831849047131
2020-09-24,1.6016435921545897,1.603885049307044
2020-10-05,1.5998578086613362,1.601329851651495
2020-10-06,1.6006759491177094,1.4979142105521928
2020-10-08,1.611308313402761,1.6113217068255345
2020-10-09,0.0030174717324308975,1.0194977890264878
2020-10-14,1.6003306430146031,1.5948922368357472
2020-10-15,0.6583704434721805,1.1170503504577378
2020-10-16,0.0013384765879089155,1.5316451450388404
2020-10-17,1.6061723391475589,1.5426377248322074
2020-10-20,1.6028708915707504,1.602646694999901
2020-10-21,0.8020039962136448,1.5301113598758977
2020-10-23,1.5812530852165447,1.5977459114100683
2020-10-24,1.609914332338812,0.25061268179881163
2020-10-28,1.554702585720348,0.6594067830266243
2020-11-05,1.6108118619894554,1.5835270467641924
2020-11-07,1.4081779615703693,-1.3808685615530123
2020-11-10,1.5848719927583341,1.535757411603681
2020-11-16,1.4629363603839498,0.6748929265328765
2020-11-18,1.6001444347979192,1.5716225513393947
2020-11-19,1.600673951963478,1.600673165721133
2020-11-20,1.6727071051216345,1.6725781379161728
2020-12-03,1.6003466724174533,1.5457576102788968
2020-12-04,1.5966271073543261,-0.06807600599753587
2020-12-07,1.600307346269667,1.5363452848350274
2020-12-09,1.6000113874801851,1.5353329083435077
2020-12-12,1.6022512419120167,1.602725994273297
2020-12-13,0.048965523971300204,1.615596225489784
2020-12-15,1.6248667526956815,1.62064363493373
2020-12-17,1.6030525252171657,-1.3602310342395922
2020-12-20,0.581440489550949,1.7014598549152766
2020-12-21,1.6013112064892996,1.5178466311911945
2020-12-22,1.548732747521982,0.44576027957206715
2020-12-27,0.6066727994566958,1.7199556231758428
2020-12-28,1.6054184143290375,1.60513814287876
2020-12-31,1.5960432864919576,1.5999484578507153
2021-01-03,0.5179083923869694,1.631197119951226
2021-01-04,1.583374207382292,1.599620243723902
2021-01-05,1.5830186232478152,0.0035738267508139123
2021-01-06,1.6214884165665047,1.6210700657644217
2021-01-07,1.4168407498882285,1.0115282110833907
2021-01-08,1.6114819825783933,1.6023616890017032
2021-01-09,0.8004954472032699,-0.03082971114150035
2021-01-10,1.6006113129581376,1.4342477830457465
2021-01-12,1.5923762847317806,1.4979142105521928
2021-01-15,1.6020516010164507,0.7698282813968761
2021-01-16,1.5963103269119259,1.5763612345012168
2021-01-17,0.3061012263437049,1.6128806800492552
2021-01-20,1.6002850938015016,0.004643646049061181
2021-01-24,1.60426083868651,1.5794372891549948
2021-01-25,1.5946318437523306,1.4974897072920195
2021-01-27,1.5997786260980418,1.064212706131708
2021-01-28,1.2059242344878494,1.504335951401122
2021-01-29,1.5469758608112447,1.5720899152817762
2021-01-30,1.067177482230456,1.5230015101664602
2021-01-31,1.600981722979923,1.600915636485825
2021-02-01,0.9662998523973375,1.5603963206229754
2021-02-02,1.5592926601434194,1.5473574403769694
2021-02-03,1.5824382050897332,1.5422311935966657
2021-02-04,1.5991671182513556,1.4794807427884014
2021-02-05,1.6038408859385642,1.5967526459853052
2021-02-06,1.5945754404648493,1.5672918805817533
2021-02-07,1.209540035537207,1.096742591742164
2021-02-08,1.6063610532346353,0.007525571974654096
2021-02-09,1.0684733068465124,1.548354875226983
2021-02-10,0.2767281150481795,1.513994033392419
2021-02-11,1.3570242612030863,1.3347800946864612
2021-02-12,1.3102116528533683,1.0845047876743676
2021-02-14,1.6000080665832976,1.5670779621240674
2021-02-15,1.6005796094169398,1.5168358110779367
2021-02-16,1.6500901665113938,1.422391649081533
2021-02-17,1.5972352781254116,1.5337169791654175
2021-02-18,0.6435774294036628,1.145047803244307
2021-02-19,1.6625024050040271,1.658372117545681
2021-02-20,1.5999870352309093,1.5227638820843727
2021-02-21,1.6001926986213437,1.4974897072920195
2021-02-23,1.1722587020352457,1.570985214278755
2021-02-25,1.0945389152977154,1.5166235594478503
2021-02-26,1.6318711549281835,1.6056543184004048
2021-02-27,1.6041687429632498,1.6041382963171191
2021-02-28,1.59122776854243,0.005831733314130885
2021-03-03,0.16614079136278836,1.6054935895142357
2021-03-04,1.256284070438512,1.4977019589221061
2021-03-06,1.600521348719714,1.535757411603681
2021-03-07,1.5921872180125964,1.4107558263602948
2021-03-08,1.67133857131184,1.3815169637536608
2021-03-10,0.0006828758634026544,1.545637647432156
2021-03-11,1.6043881821058634,1.604490560689282
2021-03-12,1.5999244591487087,1.4974897072920195
2021-03-13,0.0006858656473862759,1.4979142105521928
2021-03-14,1.6064778309610896,1.6084582904820803
2021-03-15,1.532041371248831,1.5716445548398617
2021-03-17,1.6022944870054459,1.5851096574413415
2021-03-18,0.8032753836435853,1.5517683551973835
2021-03-19,1.6007846736751248,1.601859814653258
2021-03-20,-1.5817361198605753,1.6025777939586519
2021-03-23,1.599573337298814,1.535757411603681
2021-03-24,1.6012570774038413,1.6013764297391953
2021-03-26,0.8767645318966315,1.546364250198443
2021-03-31,1.4726703898547724,1.5976255518653257
2021-04-02,1.602053264052892,1.6021154286989212
2021-04-03,1.6128226989444443,1.1886306328212508
2021-04-04,1.6036838267788645,1.6023241334591927
2021-04-06,1.6027787862392027,0.0034110453939612158
2021-04-07,1.600664466281498,1.4979142105521928
2021-04-08,1.601220631245749,1.5636870039303066
2021-04-09,1.586055657090529,1.5472397804368652
2021-04-10,0.3652526591827892,1.394689579070727
2021-04-11,1.5785644090359865,1.2046021928673596
2021-04-12,1.6717512860966968,1.5331419758592675
2021-04-13,1.4287375823589394,1.3296264127688882
2021-04-14,1.607155183951248,1.0563954265144486
2021-04-15,1.6246039860078336,1.5594518032435811
2021-04-16,1.0424545539881866,1.5777659035279479
2021-04-17,0.2209785016712108,0.15835546925647204
2021-04-18,1.0822007799511295,1.3893049936133768
2021-04-19,0.8574539383630788,1.5515556926536356
2021-04-21,1.6008134996172199,1.4887197533510197
2021-04-22,1.6105536106690774,1.6087626421809906
2021-04-23,-0.03512752909826722,1.5826929716334472
2021-04-24,1.6041103391761045,1.6042940025537384
2021-04-25,0.8063112793506076,1.5736909829625851
2021-04-26,1.605224107369852,1.6050948910597913
2021-04-27,1.600648339407789,1.535757411603681
2021-04-28,1.2970988324640216,1.5302644479833898
2021-04-29,1.602400474107056,1.6012070443754782
2021-04-30,1.2541004037214545,1.3859608128326395
2021-05-03,0.0002936404323851936,1.4974897072920195
2021-05-04,1.2006605839985631,1.5519150366343721
2021-05-05,1.5998673320070573,1.4979142105521928
2021-05-06,0.7652552768630374,1.535757411603681
2021-05-08,1.6198309171826437,1.585100080424493
2021-05-09,1.6092736981570976,1.6086433157164381
2021-05-10,1.6126278206978935,-0.01282399358953837
2021-05-11,1.6004973612727293,1.5664130593077383
2021-05-12,1.6000816742030997,1.4974897072920195
2021-05-13,-0.47050512685209683,1.5961295747265531
2021-05-14,1.6168845231346898,0.042304792108200664
2021-05-15,1.6007744874754275,0.04594764156908526
2021-05-16,1.5588774014333762,1.4974897072920195
2021-05-17,1.4742247588298623,0.5650532162409289
2021-05-18,1.5981290854670034,1.4974897072920195
2021-05-19,0.9123974963367504,1.6021485330102607
2021-05-20,1.5902796682329996,1.5633907537003562
2021-05-23,1.6802866969698442,1.679816766759318
2021-05-25,1.6006666853336118,1.4979142105521928
2021-05-26,1.5996373539048359,1.4979142105521928
2021-05-27,1.600680529492704,1.4979142105521928
2021-05-28,1.599447059610112,1.5450831610168798
2021-05-30,1.5993581837930853,1.600628150249329
2021-06-01,1.027092972984275,1.6023886035091834
2021-06-03,1.5826046879609064,1.4977019589221061
2021-06-04,1.5899440312076576,1.4974897072920195
2021-06-05,1.6006423222305812,1.4979142105521928
2021-06-06,1.597818953329266,1.4977019589221061
2021-06-07,1.602433396334706,1.5982381858098353
2021-06-09,1.6070415207780533,0.3097996308641722
2021-06-13,1.5943859261099111,1.603177793322826
2021-06-15,1.6005285549598123,1.535757411603681
2021-06-17,-1.5367660798436271,1.5214918260411554
2021-06-18,1.604129242800726,0.6691127969271742
2021-06-19,1.613162079251047,1.6131626671079355
2021-06-20,0.8703550412674737,1.4628438450253352
2021-06-22,1.6195408890978442,1.6226544962527878
2021-06-23,1.6657046940181042,0.08862297281116313
2021-06-24,1.6730288247670204,1.672945943626573
2021-06-25,1.694297387753886,0.8938552283750876
2021-06-26,1.161959946525679,1.601079783482083
2021-06-29,1.6198349457295798,1.6091198404272269
2021-06-30,-0.06031071005080369,1.603236863759785
2021-07-04,-1.5554854847058726,1.535757411603681
2021-07-06,1.5961923440102619,1.5933616247734241
2021-07-07,1.6034884851438005,0.003736528707705507
2021-07-08,1.6001568194505629,1.4974897072920195
2021-07-09,0.8153716200163137,1.5168358110779367
2021-07-13,0.7434233497925582,1.5579029412729801
2021-07-16,0.9826962491799484,1.5948052899793759
2021-07-18,0.004181855425809273,1.4265800787583285
2021-07-19,1.602624088384038,1.549788951520557
2021-07-20,-1.5901162477783672,1.5353329083435077
2021-07-21,1.5144410893884823,1.4979142105521928
2021-07-23,1.592168992637026,1.5697941648150064
2021-07-24,1.0385418446591579,1.5402316207673792
2021-07-25,1.6378554617499557,1.6072561007737518
2021-07-30,1.6006805294896118,1.4979142105521928
2021-07-31,-1.4825665490790922,1.6016553903517634
2021-08-01,1.6019047864588112,1.5506928903874146
2021-08-07,1.589704544783574,1.535757411603681
2021-08-08,1.6174029209563994,1.6171142481756053
2021-08-10,1.6027907509056876,1.2404920284825773
2021-08-11,0.3350331728813649,1.6035444947949482
2021-08-12,1.6058372381196926,1.605787254729242
2021-08-14,1.608112426753794,1.6085345375078657
2021-08-15,1.6184510449858835,1.586744422960548
2021-08-18,1.4845556565854217,1.4979142105521928
2021-08-19,1.600314162290305,1.535497236840283
2021-08-21,1.3909956861397037,1.6231050863439327
2021-08-22,1.6161914686354588,0.024436546697897174
2021-08-25,1.6019866347212457,1.6010501477028691
2021-08-26,1.7006290737124912,0.5208992140252307
2021-08-29,1.611630021232921,1.6127608966390259
2021-08-30,1.6066478714369965,1.606546454903233
2021-08-31,1.6018500948356578,1.5190246048107725
2021-09-01,1.4845556565854217,1.4979142105521928
2021-09-02,1.6027045805488491,1.5621811002897554
2021-09-05,1.6376258512352568,1.6372751452112813
2021-09-07,1.6146945815902745,1.5782518612718712
2021-09-10,1.0183353739517573,1.0830609963950666
2021-09-11,-0.01754973893883005,1.7310843670104958
2021-09-12,1.6832887118377216,1.6801581258739375
2021-09-13,0.2813835034983664,0.9714345592886131
2021-09-16,1.598279087871696,1.5353329083435077
2021-09-17,1.606793073594591,1.5745777882330816
2021-09-27,0.13757993552662284,1.6226151002275546
2021-10-01,1.6002796274946578,1.535757411603681
2021-10-03,1.6120347393670276,0.3586599035446808
2021-10-04,1.618690494743852,1.6210912641599304
2021-10-06,0.009478607501131263,1.3554398588044045
2021-10-09,1.6000066392560266,1.4979142105521928
2021-10-10,1.6176600354895343,1.5854460930919743
2021-10-14,0.002970866715490226,1.5380349290484794
2021-10-15,0.0011093495102857272,1.498338173351061
2021-10-16,1.6936253279332407,0.9554270385475561
2021-10-17,1.6049515235744354,1.5493681846666214
2021-10-19,1.6397107163320852,1.5885774632844056
2021-10-20,1.625046927301797,0.8616599502749032
2021-10-21,1.6334080096079437,1.4182735420549886
2021-10-22,1.480027462197123,0.5216566558581791
2021-10-23,1.6032951341398045,1.5537086978481354
2021-10-24,1.619760778794808,1.6197618959973683
2021-10-25,1.6122778710689498,1.0797664338191628
2021-10-26,1.1989096692581098,1.3224323862505836
2021-10-27,1.6008170798373238,1.517047792477371
2021-10-28,1.6004519984189445,1.535757411603681
2021-10-30,1.099241095472729,1.40746251722367
2021-11-02,0.004643641690203205,1.4724787219626312
2021-11-03,1.3259432095145685,1.8313794500551954
2021-11-05,1.604484153912298,1.605848127158537
2021-11-08,0.8033755907494141,1.551590304249296
2021-11-09,1.6125545818184943,1.4993527379075884
2021-11-10,1.6006734879896585,1.600668633399279
2021-11-11,1.605038848539731,1.5725512145024818
2021-11-14,1.6206959988954708,0.6173406884492988
2021-11-15,1.6001891532418593,1.6002060364262918
2021-11-16,1.6012728674799712,1.5448792188099718
2021-11-17,1.5654273591402643,1.558415586178659
2021-11-20,1.6057108396080737,1.6058103223964453
2021-11-23,1.6023021438779086,1.2272164607428997
2021-12-02,0.019207433751887142,1.6009978288944184
2021-12-03,1.4741007601411251,1.557753081197273
2021-12-04,1.5217289765962083,1.5353329083435077
2021-12-05,1.7082490021515613,1.6732524926916408
2021-12-06,1.5837543757862407,1.5361813744025492
2021-12-07,1.604347545535405,1.6039465360119105
2021-12-08,1.6028368425673019,1.5955713543441326
2021-12-09,1.8104658897166324,1.2502924995983757
2021-12-12,1.6669484210599619,1.6665282708811642
2021-12-13,1.602512526127147,1.591900285705514
2021-12-15,0.8706575102229529,1.535757411603681
2021-12-17,1.6006306096348664,0.8058037966316225
2021-12-18,1.5941098100735727,1.4979142105521928
2021-12-22,1.5999099941914443,1.533681982568542
2021-12-23,1.4599655826765796,1.5823384243863634
2021-12-26,1.620775562876776,1.5558731783616933
2021-12-31,1.6016891363253922,1.601689138899162
2022-01-08,0.5541232994665829,1.517047792477371
2022-01-11,1.534409234505155,0.8076766523950827
2022-01-13,1.595269772046321,1.5320141855874934
2022-01-20,1.6142185331481167,1.6113948466582295
2022-01-22,0.8258343822688594,0.5444589822695001
2022-01-23,0.7559111338844563,1.0232131220920175
2022-01-25,0.7965710881079623,1.5164113078177635
2022-01-26,-0.41129202242937124,1.610128646000589
2022-01-27,1.604825132415,1.3600003482374463
2022-01-28,1.517964545364774,1.4979142105521928
2022-01-31,1.636206629886815,1.6358395799125476
2022-02-02,1.6036226509592233,1.60471732263768
2022-02-04,1.601345852175811,1.548930871855163
2022-02-07,1.5932646996241715,1.4977019589221061
2022-02-10,0.0002605080623422317,1.4974897072920195
2022-02-11,1.5966781542658146,0.9892583794907972
2022-02-15,1.5215638115067995,1.6085541839091209
2022-02-19,1.6203348811100453,1.622944255569348
2022-02-20,1.6019250514397403,1.4513909318618015
2022-02-21,1.6460028161416576,1.6451519795560166
2022-02-24,1.5999539583067892,1.5867841767325255
2022-03-01,1.600403506350109,1.535497236840283
2022-03-02,0.5638561684034756,1.6060546317157198
2022-03-03,1.552455636867216,1.5606290792892534
2022-03-08,1.6001393276119522,1.535757411603681
2022-03-12,1.6001017712203254,1.4974897072920195
2022-03-14,1.5171435327454563,1.535757411603681
2022-03-21,1.7091432013916554,1.7083925915644869
2022-03-22,-1.2975642598589228,1.7507494768153133
2022-03-24,0.0009449829125135864,1.536017383249767
2022-04-01,1.5972135401180452,1.5950064040522949
2022-04-02,-1.256732034833703,1.6036881816364612
2022-04-03,1.601037652411334,1.498338173351061
2022-04-06,1.6248186735709513,1.6248560563206145
2022-04-07,1.5933755177638602,1.5366047981145519
2022-04-12,1.586825224433816,1.6039004881644172
2022-04-14,1.6274567611530546,1.6276532264021535
2022-04-18,1.6468857815830413,1.6477836631349572
2022-04-19,1.600333652919154,1.535497236840283
2022-04-25,1.5900548389145253,1.4979142105521928
2022-04-27,1.5905624710839057,1.5523794584954373
2022-05-04,0.000685010052207351,1.4979142105521928
2022-05-05,-1.236576378093267,0.031108376179252918
2022-05-07,1.6076202881766128,1.5762737385036496
2022-05-09,1.6026847605495511,1.6028147892985578
2022-05-11,1.5788131761494504,1.5166235594478503
2022-05-12,1.595636176663221,1.440896675059871
2022-05-16,1.6161099547716629,1.6145772283721338
2022-05-19,1.606089757666639,1.541227267114299
2022-05-20,1.6264661039873491,1.6264458564744095
2022-05-24,1.529520832831494,1.4979142105521928
2022-05-28,1.597068488931934,1.535757411603681
2022-05-30,1.592773276837545,1.535757411603681
2022-05-31,0.8219882293948236,1.5504447392352056
2022-06-02,0.008532795662327786,1.5681379509634776
2022-06-04,0.006622801710779258,1.6041578319179308
2022-06-12,1.6174186901742016,1.6170720922171788
2022-06-16,1.6006655965518763,1.4979142105521928
2022-06-17,-1.5891932187335789,1.6068917597110917
2022-06-20,1.5970186900221763,1.539296559685662
2022-06-21,1.6046734135338403,1.5842777093468114
2022-06-27,1.6012277852514496,1.5363452848350274
2022-07-02,1.6021917944263173,1.603996856754379
2022-07-03,1.2775775934918436,1.6059508935042563
2022-07-04,0.04071020412267557,1.535757411603681
2022-07-09,1.5714592375530825,-1.5790304583644006
2022-07-18,1.60365109232143,1.6035221365034473
2022-07-21,1.60147850937141,1.6009872960621894
2022-07-22,1.63797124098834,1.6329081263825083
2022-08-04,1.6087893516667593,1.6087742840820354
2022-08-06,-1.5894074055803844,1.6041718064818726
2022-08-07,1.3474103067079406,1.535969393003115
2022-08-08,0.0002605067720446336,1.4974897072920195
2022-08-12,1.600808336467064,1.5113210953705025
2022-08-20,1.5911916542702063,1.4974897072920195
2022-08-25,1.6183899354227425,1.6102195009583535
2022-08-27,-0.18043467584460365,1.6018289631191387
2022-09-06,1.6049304972754495,1.596211896685871
2022-09-18,1.6046736274123106,1.5773205293752226
2022-09-19,1.6304880087816742,1.2983260725520107
2022-09-22,1.6011122353764737,1.6012141635226886
2022-09-27,1.5834435455530034,1.601076569812661
2022-10-10,1.6004014195740766,1.5358533112971373
2022-10-13,1.6006705748603618,1.535757411603681
2022-10-15,1.5305088763322856,1.535757411603681
2022-10-21,1.6002340800774457,1.535757411603681
2022-10-24,1.6004131691994397,1.535757411603681
2022-10-26,1.6026332230908686,1.58142242229667
2022-10-28,1.6002220529273665,1.4979142105521928
2022-11-01,1.5534290134732354,1.4979142105521928
2022-11-05,1.600632231633056,1.535757411603681
2022-11-07,1.6396108888870085,1.640036233737696
2022-11-08,1.6002101499564774,1.4974897072920195
2022-11-12,1.6006716219143589,1.535757411603681
2022-11-14,1.5298930247327134,1.609865810875801
2022-11-15,1.4652526321559438,1.5353329083435077
2022-11-16,1.599397879665267,1.6042112288487516
2022-11-30,1.601101810652672,1.5361813744025492
2022-12-02,1.6005564000273826,1.4979142105521928
2022-12-04,1.6024918823668841,1.4993584473877217
2022-12-06,1.6002532238061757,1.5998017291165356
2022-12-07,-1.2352731677961921,1.5825011028532503
2022-12-09,1.6078688515960404,1.6092265493436642
2022-12-11,1.5917611311904247,0.576303198083129
2022-12-19,0.030653364923654496,1.5927402183865838
2022-12-25,1.6064605422929654,1.6070412905793652
2023-01-03,1.601754283494322,1.6027767569474005
2023-01-05,1.5940422759571364,0.5908359209333359
2023-01-09,1.60077422534357,1.6008560706539885
2023-01-10,0.007082563606962422,1.6070432908605417
2023-01-12,-0.007890686523102623,1.535757411603681
2023-01-17,1.6426082910919786,0.609171629947615
2023-01-19,-1.1853779067177543,1.535757411603681
2023-01-20,1.5918158289179734,1.4974897072920195
2023-01-22,1.6127666750577958,1.5973401769410092
2023-01-24,1.6001861033661746,1.6018082880878337
2023-02-03,1.6012707731551639,1.6015220990707015
2023-02-04,1.6006803026012124,1.535757411603681
2023-03-04,1.5969572721201173,1.5083490227466736
2023-03-05,1.6100680305401331,1.6079197836210026
2023-03-08,-1.5910068967777002,1.4979142105521928
2023-03-12,1.6018900655762431,1.6072110882347963
2023-03-13,1.6033827976525958,1.5963919740546704
2023-03-15,1.5795293780896038,1.535757411603681
2023-03-16,1.6017737002792556,1.6017684298657726
2023-03-20,1.6008606287017568,1.5361813744025492
2023-03-23,1.5942555412325055,1.568364469820437
2023-04-01,1.6003034428074756,1.535497236840283
2023-04-05,1.2694747222222145,1.0334561556047244
2023-04-13,1.5987154633315943,1.5353329083435077
2023-04-24,1.600935031392174,1.5937855875722924
2023-04-26,1.5996263795268268,1.487896598679168
2023-05-01,1.608273254734166,1.5767488781679486
2023-05-05,-1.4536312588812619,1.4816442120520827
2023-05-08,-1.433215501718578,1.4976540357887949
2023-05-25,1.6034702881184455,1.6034500803949467
2023-06-06,0.19603716149478018,1.6050328366152948
2023-06-11,1.6006660314543284,1.4979142105521928
2023-06-12,-0.6167491625384158,0.8089415995490197
2023-06-15,0.861625804222367,1.6021106434140904
2023-06-21,1.600568495324188,1.5361813744025492
2023-06-24,1.609287910501407,1.6099772267683785
2023-06-26,0.27385901226515585,1.6006661069129755
2023-06-27,0.9781290393310381,1.596088073941248
2023-06-28,-1.0694695920449744,1.6038219191140133
2023-07-03,0.2920527965409467,1.6002337636163269
2023-07-04,1.5952815269155476,1.6005726335057293
2023-07-06,1.6046089717586893,1.5305541979557207
2023-07-07,1.6032276275130584,1.6020841079519403
2023-07-09,1.6109728595414614,1.6092990433266816
2023-07-10,1.5992113945145117,1.6001903111085163
2023-07-11,1.6023516254859143,1.602367089125986
2023-07-12,1.6006590033502182,1.600666789169326
2023-07-13,1.5835704340031722,1.5961420204225811
2023-07-14,1.6005965997905731,1.568605000243325
2023-07-15,1.6038336713851329,1.565368456276171
2023-07-17,1.5992113964971815,1.5353329083435077
2023-07-18,1.601502764332246,1.5688850283950195
2023-07-20,1.6014601737009633,1.5912937812737273
2023-07-21,1.6005473501591323,1.5168358110779367
2023-07-22,1.598833336456455,1.5978375248657886
2023-07-25,1.600104618554443,1.5995339932033334
2023-07-26,1.601180579899958,1.609072274760654
2023-07-27,1.592477112232722,1.499634358644699
2023-07-28,1.6002373690994265,1.6002469987970913
2023-08-04,-1.3881711839578592,1.6001016217448516
2023-08-11,1.0856454504997226,0.6564500074739077
2023-08-12,0.8732875509640636,1.5940001644824218
2023-08-13,1.6005754988682697,1.6006556513395767
2023-08-15,1.6077601364182967,1.6041193171116936
2023-08-21,1.6001974223008357,1.535757411603681
2023-08-23,1.5210687986960023,1.6212121285233712
2023-08-25,1.6151994569754393,1.6144422680457304
2023-08-28,1.608602598567994,1.3121133448734772
2023-08-30,1.5099221318410074,1.535757411603681
2023-09-01,1.6010357210155497,1.601059835578817
2023-09-05,1.6035769103472717,1.6068603378174
2023-09-06,1.60526566513068,0.8055361597473444
2023-09-08,1.6005514857557763,1.535757411603681
2023-09-12,1.6053163730567024,1.6053051377641434
2023-09-14,1.6001936846093978,1.6002322574588743
2023-09-15,1.6006540887403062,1.6006549520695714
2023-09-16,0.0006850099733857438,1.535757411603681
2023-09-17,0.000928548665329044,1.589364873440562
2023-09-18,1.6015014752511771,1.6015023385804423
2023-09-24,1.6067894898106052,0.4952542452092808
2023-09-26,1.6004089239544097,1.5996881842509418
2023-09-27,1.5941228002775887,1.6006358727799488
2023-09-29,1.6028075711620664,1.0602732273928455
2023-10-02,1.626772351931414,1.1692717847594567
2023-10-14,1.529117213951736,1.2527192432059784
2023-10-16,1.5951270281166663,1.5965553791890936
2023-10-17,1.6033419160904296,1.591236267906467
2023-10-22,1.5995381838530802,1.6036445916615052
2023-10-24,1.600541586454522,1.600476309929887
2023-10-25,1.6006797451454569,1.6006677352821315
2023-10-26,0.8012737557520936,1.6013070320166798
2023-10-27,1.5941228002775887,1.600665676000635
2023-10-29,1.6006156060328816,1.535757411603681
2023-11-01,1.1630094810739111,1.6022811447401615
2023-11-02,1.6005189311844654,1.6004844271503498
2023-11-03,1.600256864604211,1.5460132955956636
2023-11-05,-1.3408084566763045,1.6228903865788087
2023-11-06,0.9466801414952962,1.602958932628615
2023-11-08,1.5987677806630802,1.600231902021455
2023-11-10,1.6006708782848196,1.1799020249051555
2023-11-12,1.3008009263821145,1.6064885657739814
2023-11-16,1.333461383515822,1.568859447572965
2023-11-19,1.601114626287862,0.227235465183668
2023-11-21,1.5924591828925725,1.602730696862993
2023-11-26,1.5359538888786075,1.535757411603681
2023-12-01,1.6010960876767775,1.6008251761648922
2023-12-08,1.554572729480034,1.2823883789206463
2023-12-13,1.6026418760447503,1.4475347830461793
2023-12-14,1.6019611467867128,1.5642761179272486
2023-12-16,0.8017261014254037,1.5851498925160803
2023-12-18,1.6005575833904238,1.4979142105521928
2023-12-20,1.6004569691602837,1.535757411603681
2023-12-21,1.595296063325713,1.535757411603681
2023-12-22,1.5608000663586108,1.598470758969204
2023-12-24,1.600637299215967,1.6006820210544035
2023-12-25,1.600359810906864,1.5685495506809142
2023-12-27,1.5851848460164981,1.5353329083435077
2023-12-28,1.4081500894189245,1.5353329083435077
2023-12-31,0.00026050677164286964,1.5353329083435077
2024-01-02,0.3573954743527205,1.5513082499589521
2024-01-04,1.5923169094848486,1.553543316805494
2024-01-05,1.603810967884037,1.5454116528829223
2024-01-06,1.6077164861156978,1.607685806500659
2024-01-07,1.6024674343101246,1.5883090758722582
2024-01-08,0.0006849777453702638,1.535757411603681
2024-01-09,1.605863902736528,1.6045235320000422
2024-01-10,1.5640002607305972,1.5353329083435077
2024-01-11,1.601831833411238,1.6010026770875037
2024-01-12,1.6012864611626034,1.5582285359267665
2024-01-13,0.0011089728407646928,1.600352361704142
2024-01-14,1.6119614584964412,0.8368153465805717
2024-01-15,1.5322947060219876,1.535757411603681
2024-01-16,1.2021017524998412,1.5174524926607618
2024-01-18,1.6004923066860937,1.535757411603681
2024-01-19,1.4937923617826967,1.55652465155621
2024-01-21,1.5225024922072015,1.5204189992696824
2024-01-22,0.5073079650798649,1.5227495040833983
2024-01-26,1.5741643351849124,1.535757411603681
2024-01-28,0.0011089970484385223,1.5594349761306898
2024-01-29,1.6020732776384454,1.6016120001608165
2024-02-01,1.6042973869807025,1.6035508846764683
2024-02-02,0.009090354391326603,1.60838526395943
2024-02-03,1.6240003990469958,1.4148598900769327
2024-02-07,1.6002244143193676,1.6003570851620403
2024-02-10,1.2018220642574806,1.5664563343363906
2024-02-11,1.5563464003934222,0.09114057275790333
2024-02-13,1.6208472968228564,1.6166530404402017
2024-02-15,1.3851781754041024,1.6022334560902673
2024-02-16,1.602086340280231,0.7705949655399865
2024-02-20,1.444806078053211,1.59972083593967
2024-02-25,1.5988612243013762,1.5980851263496973
2024-02-26,1.5797480732323188,1.5996823835905274
2024-02-27,1.5906773147329212,1.535757411603681
2024-02-28,1.582039552254562,1.6017829065020903
2024-03-02,1.6091977275911538,1.6090434035825172
2024-03-03,1.0866776382653174,1.598918700926622
2024-03-05,1.0960704586050813,1.6035440170797035
2024-03-06,1.1901303544932627,1.4924323210859227
2024-03-07,0.01651575787677404,1.5799891571187112
2024-03-08,1.0686613631389872,1.5796227241834486
2024-03-09,1.651237253867319,1.1649056615919118
2024-03-10,1.6035623131344798,1.5728144702485838
2024-03-11,1.6166574822488662,0.021178197236176977
2024-03-12,1.1790915632275925,1.535757411603681
2024-03-13,1.6052575811136027,0.460510917523755
2024-03-15,1.6010043058873205,1.6011425482581085
2024-03-17,1.5939846124098267,1.535757411603681
2024-03-18,1.6037320076717976,1.6034343926047654
2024-03-19,1.5482270210025464,1.5970626949800606
2024-03-21,1.591828165117634,1.6010155063497018
2024-03-22,0.780053222007631,1.5571882594582123
2024-03-23,1.604616453204794,1.5985996082646325
2024-03-24,1.6004413122383794,1.535757411603681
2024-03-25,1.5952094484378465,1.0827438678798922
2024-04-03,1.6001889971950691,1.6004764639860758
2024-04-07,1.5999977591235304,1.5168358110779367
2024-04-23,1.5695400200353138,1.6047192716958674
2024-04-24,1.6129009521585949,-1.5866761233642535
2024-04-26,0.5969873028283185,1.5569503651599121
2024-05-01,1.5848879931989401,1.4979142105521928
2024-05-03,1.5970930737120814,1.4979142105521928
2024-05-04,1.595594533098068,1.4979142105521928
2024-05-07,1.5874924996359847,1.4979142105521928
2024-05-08,1.5918285477910992,1.4979142105521928
2024-05-09,1.6126550050382538,1.612757177767026
2024-05-16,1.601308886514202,1.6010369767423294
2024-05-18,1.6123113226673742,1.6121644074095698
2024-05-20,0.6632052790743769,1.6042063802260313
2024-05-23,1.5796871756615718,1.4059247944182651
2024-05-24,1.6023352286008945,1.600632508621311
2024-05-28,1.6005239101199427,1.5611104964283544
2024-06-02,1.6038254773101763,1.6038274046832874
2024-06-03,1.6047627264225663,1.6005709410352233
2024-06-04,1.5990729204658052,1.6013209926087395
2024-06-12,1.5994535704695227,1.5353329083435077
2024-06-15,1.605124896432223,1.601712333989686
2024-06-17,0.0028269375150653565,1.5642349846349146
2024-06-24,1.6004069889262358,1.535757411603681
2024-06-27,1.6006123686345306,1.535757411603681
2024-06-28,1.6005357469248849,-1.5961365087875192
2024-06-29,1.6013553186583454,1.6013728737218653
2024-07-03,1.6041580964928575,0.004280436623527469
2024-07-05,1.6004009585066408,1.535757411603681
2024-07-06,1.6399024830060556,1.6399536464639495
2024-07-10,0.8150691822782801,1.614959609064257
2024-07-12,1.602103347154181,1.5955586340583592
2024-07-13,1.5883568879372814,1.6020872229897014
2024-07-16,1.600324931438713,1.4979142105521928
2024-07-18,1.59465322499682,1.6030921706538694
2024-07-19,1.542862829533471,1.457585692996239
2024-07-20,1.600372854683705,1.588841724304382
2024-07-23,1.4249910676663333,0.5226953642986694
2024-07-24,1.6014325030125838,1.5421911368282635
2024-07-25,1.5960406569111747,1.5482518384285364
2024-07-26,1.6036389788718242,0.5839114445599163
2024-07-27,1.6044135101414958,1.523181165720077
2024-07-28,1.6060688103494807,1.605861615194738
2024-08-04,1.611640704875998,-1.5809800738142885
2024-08-06,1.5988995450027415,1.6001159326628551
2024-08-09,1.599011821569222,1.535969393003115
2024-08-12,-1.564713735547741,1.6012848352420999
2024-08-13,1.6040860748043015,1.60381483430421
2024-08-14,1.6013027781448002,1.601364940991194
2024-08-18,1.603358552277959,0.8032814324482023
2024-08-21,1.2025782921714834,1.1915102078709559
2024-08-23,1.601547484652199,0.8015038417505053
2024-08-25,1.6013614416627333,1.580496680489422
2024-08-27,-1.5676878054342442,1.6282210602338316
2024-08-30,1.5657239249596808,1.6098976265017237
2024-09-08,1.6010825451998771,1.5361813744025492
2024-09-12,1.5703787780764669,1.431816378610895
2024-09-14,1.6199299446007305,1.6099919561167018
2024-09-20,1.6105327461957097,1.588607470063159
2024-09-25,0.12588112853723632,1.5997324271376487
2024-09-28,1.2306173073480322,1.4979142105521928
2024-10-01,1.5998818932983023,1.535757411603681
2024-10-09,1.6006591373075585,-0.7165450863392754
2024-10-14,1.6024747127837826,1.2412807767878071
2024-10-20,1.6023595645907243,1.508469782837884
2024-10-21,1.6012011054101838,-1.5399041175523502
2024-10-27,1.6878127854144165,1.686400936187918
2024-10-31,1.6077947308636664,1.6082339717827177
2024-11-01,1.6050116858421066,1.6051390755713113
2024-11-04,1.6097758642504822,1.6085230163008324
2024-11-06,1.6021468485691215,1.5906326876875512
2024-11-07,1.56736319563665,1.6078309185067534
2024-11-09,1.6051842742523885,1.6033752996376722
2024-11-10,1.6263315547834065,1.5236450380113737
2024-11-12,0.04784992276957412,-0.6765557286173449
2024-11-13,1.604682649867826,1.6016756655257063
2024-11-18,1.6096979903521054,1.6096984023424883
2024-11-19,0.8028897355907252,1.5689455827683974
2024-11-23,1.6002495436849518,1.4979142105521928
2024-11-24,1.4673876178571905,1.535757411603681
2024-11-25,0.799968903247107,1.5654304249255255
2024-11-26,1.6077485098942197,1.5976953106891318
2024-11-27,1.5989261181175416,0.8847153582885608
2024-11-28,-0.2544217545288207,0.8211564947441318
2024-11-29,1.6315328466330676,1.6427925193096589
2024-11-30,1.6021894553256077,0.7958849026571616
2024-12-01,0.43165523051902593,0.8052025935950292
2024-12-02,1.600083656803834,1.5997360207527154
2024-12-03,0.006710436550961485,0.8089694168168646
2024-12-04,1.6015479917100166,1.586999929819184
2024-12-05,1.5982373507342633,1.6003709601838392
2024-12-06,1.5753794768237674,1.5985266951234096
2024-12-07,1.6014151517884032,1.6003051128000387
2024-12-10,1.6064604921261183,1.5911390966858625
2024-12-11,1.6248095957189763,1.1682771417089513
2024-12-13,1.6025844409441345,1.3636775795706415
2024-12-14,1.4606819413441288,1.6167196590010517
2024-12-16,1.5921440273531395,1.5672736975833867
2024-12-17,1.566827837718078,-0.508967276996303
2024-12-19,1.212288866879442,1.421432957259534
2024-12-24,1.6003748424168627,1.4979142105521928
2024-12-25,0.8608302287852686,1.0206718720577177
2024-12-26,1.602516025301859,0.33901960282683113
2024-12-28,0.0014528421954512517,0.0014139147985191445
2024-12-29,1.6225347747772723,1.5629500393072335
2024-12-30,1.523563140630566,0.7562768203786712
2024-12-31,0.06468824282429327,1.4754639256047162
