date,gold_Wallstreetsilver_title_score,gold_Wallstreetsilver_selftexts_score
2021-01-29,0.013326834009650831,1.450527289907089
2021-01-30,1.1671561857611612,1.2554919604410175
2021-01-31,1.1683473069189387,1.4731285353164316
2021-02-01,1.0836893759082777,1.2885935572592886
2021-02-02,1.1216421106214864,1.3746794635236483
2021-02-03,0.9524774566951115,1.3349518188792266
2021-02-04,1.0950542739234583,1.3714934756092183
2021-02-05,1.055616422356889,1.4773426466775152
2021-02-06,1.306421659515893,1.3782694851233765
2021-02-07,1.2939957472946377,1.415072236664925
2021-02-08,1.1585468673728867,1.3663653177758277
2021-02-09,0.985869725688224,1.4968474302403143
2021-02-10,1.1675607529196521,1.4033433218218803
2021-02-11,1.0580119315266139,1.4367759173575336
2021-02-12,1.2112634349440097,1.3019812700643285
2021-02-13,1.1156550766542221,1.309968326372609
2021-02-14,1.167978859926809,1.4567999702854766
2021-02-15,1.104974411094379,1.3392084593871365
2021-02-16,1.1094625467420847,1.3272705414788588
2021-02-17,1.1080167499842755,1.2921721695983475
2021-02-18,1.1366476588311853,1.3594047406901106
2021-02-19,1.2705979639782568,1.3720963500471182
2021-02-20,1.2386944882505713,1.4192897337237877
2021-02-21,1.2469023150920846,1.3205033796536174
2021-02-22,1.0349424109349907,1.3328473147025304
2021-02-23,1.3382163942331173,1.5043971090465005
2021-02-24,1.2717455257886965,1.403490762400392
2021-02-25,1.0125499143310441,1.049499513101529
2021-02-26,1.0318255150889106,1.3094359198617933
2021-02-27,1.3498907662356916,1.349319663298731
2021-02-28,1.1196329161489766,1.493176772323783
2021-03-01,1.2637411349780883,1.3699454077307776
2021-03-02,1.2462118228264067,1.1966330287056597
2021-03-03,1.1620445910782524,1.3941967050943842
2021-03-04,1.1435855150785657,1.3110579688334774
2021-03-05,1.0754380796338323,1.2667102743566834
2021-03-06,1.082605745996226,1.4856836211917037
2021-03-07,1.068162460635238,1.4104429382179633
2021-03-08,0.9209376411279345,1.334814468079771
2021-03-09,1.0703370947673194,1.4134595478596477
2021-03-10,1.1521154706647314,1.4188935594022298
2021-03-11,1.1108556604925133,1.3359963998667173
2021-03-12,1.1518839840015473,1.3834922933992642
2021-03-13,1.2528385569220657,1.3826522893283764
2021-03-14,0.9707861701028888,1.3713653790576512
2021-03-15,1.1179069505057477,1.3974053490272849
2021-03-16,1.1006571316845968,1.384287991545714
2021-03-17,0.9014522481323523,1.4378792241603218
2021-03-18,1.2158106286895571,1.349328304390963
2021-03-19,1.108795667812958,1.4217843074584051
2021-03-20,1.1127960428203811,1.4870650475808842
2021-03-21,1.2392497467856614,1.4826197666520615
2021-03-22,1.208719524984167,1.3587432666995853
2021-03-23,1.1610172436297388,1.4275556306535702
2021-03-24,1.3301726984511009,1.5251594319372674
2021-03-25,1.2545750134250544,1.3763492193169715
2021-03-26,1.2069458362517904,1.4795417748186406
2021-03-27,1.178752291024633,1.5071386633827117
2021-03-28,1.2018255683895183,1.4386901899074647
2021-03-29,1.1466466728412075,1.371712651706475
2021-03-30,1.0610112051430696,1.2830849162257565
2021-03-31,1.1758234424381693,1.314282411613137
2021-04-01,1.1246248417095674,1.3758255610261256
2021-04-02,1.0865472847986382,1.4575907714751075
2021-04-03,1.1134783043704957,1.2609521181444097
2021-04-04,0.9748548858216773,1.3679463409483585
2021-04-05,1.1314790233443206,1.3566146615710684
2021-04-06,1.2640622064035225,1.338737880209516
2021-04-07,1.1339907816125978,1.423974317576652
2021-04-08,1.246396324664463,1.3402620112447297
2021-04-09,1.2252149367815786,1.3510747738674866
2021-04-10,1.0066528236902386,1.4224121460121901
2021-04-11,1.2484110645242898,1.3174122934705306
2021-04-12,1.0851841459650922,1.461119236175829
2021-04-13,1.1691736542551714,1.3994410333219334
2021-04-14,1.1997064073473087,1.3575355795861943
2021-04-15,1.1202292799897495,1.4402802190830213
2021-04-16,1.1586065566032928,1.410484691142547
2021-04-17,1.007747159647335,1.433256675044084
2021-04-18,1.2512607493474455,1.4507288101950084
2021-04-19,1.0587876665835283,1.353465662512065
2021-04-20,1.1227126696317185,1.3930247707518735
2021-04-21,0.8535523622462696,1.4386905939955925
2021-04-22,1.035702063990234,1.2833805686648794
2021-04-23,1.0242303405507642,1.3841110629065214
2021-04-24,1.0925942880033717,1.3911518001374055
2021-04-25,1.0514864342051362,1.5167621262882318
2021-04-26,1.1493461116036516,1.3772376377052638
2021-04-27,1.2836911944554108,1.4076697344174451
2021-04-28,1.0102855661234311,1.3788165438970217
2021-04-29,1.2580046177444488,1.303021738759156
2021-04-30,1.3560204570882683,1.3773249436130177
2021-05-01,1.2520090832702697,1.4290476586046346
2021-05-02,1.1664505207346563,1.3727039771356364
2021-05-03,1.1441842477864002,1.3890186838107477
2021-05-04,1.2358989583709539,1.3178770778414912
2021-05-05,1.0329253919676145,1.410286802462963
2021-05-06,1.096541958654782,1.3904124865395981
2021-05-07,1.1643191103259267,1.3499316665251502
2021-05-08,1.1203161099985228,1.4157032707988337
2021-05-09,1.1407069002037493,1.3911805547665557
2021-05-10,1.1015694585238371,1.3985803698459123
2021-05-11,1.085694531796016,1.3414302758933911
2021-05-12,0.9963819989015551,1.323374033846135
2021-05-13,1.0604431994521297,1.2517274774915657
2021-05-14,0.9527869522276858,1.356473388090789
2021-05-15,1.1339634570308603,1.4149846857034463
2021-05-16,1.1515740341962348,1.4146872955238325
2021-05-17,1.1536550117941398,1.433969002693896
2021-05-18,1.275521309794468,1.3957769147715953
2021-05-19,1.1041165081439377,1.3094922689751767
2021-05-20,1.034318781525862,1.4094521453365032
2021-05-21,1.0553651290276642,1.3953282894377006
2021-05-22,1.2227074724869034,1.4528108141915146
2021-05-23,1.0954987657832065,1.4212763399582304
2021-05-24,1.2432334015881066,1.437191208123929
2021-05-25,1.15978787441283,1.3025348622135824
2021-05-26,1.0148498979000025,1.441486266171934
2021-05-27,1.3150733062633182,1.5198499830031187
2021-05-28,0.9416135156622243,1.3211718898583935
2021-05-29,1.1071738873197619,1.4317629959787326
2021-05-30,1.090005666682689,1.4778882615356495
2021-05-31,1.2122584886537975,1.3642930225383612
2021-06-01,1.1684846982860029,1.303003339020934
2021-06-02,1.1542224120295195,1.326197360917661
2021-06-03,1.0734649558588392,1.2954927360877162
2021-06-04,0.8922484453018086,1.4187727202504632
2021-06-05,1.2954658484278083,1.4417323390764265
2021-06-06,1.1374136647109716,1.3830723081009981
2021-06-07,1.2296382925739469,1.390293866635517
2021-06-08,1.3104907214134627,1.350569367046154
2021-06-09,1.0317259834888528,1.4455096713531483
2021-06-10,0.966723819639639,1.3889244864722585
2021-06-11,1.1069560383806858,1.405648082729799
2021-06-12,1.1809657381985237,1.4549710596428387
2021-06-13,1.2685431292366596,1.3641582389565827
2021-06-14,1.1534067115331248,1.3325003989637123
2021-06-15,1.0444387269920556,1.4877319590463562
2021-06-16,1.1209068915807892,1.361624001334477
2021-06-17,0.934010972607577,1.2995283355941252
2021-06-18,1.100299638495961,1.3743052567319285
2021-06-19,1.2865397558067755,1.3228735071196949
2021-06-20,1.232123534243599,1.3997858585520762
2021-06-21,0.8384501813071141,1.4139434310254457
2021-06-22,1.1182830746714325,1.3837192602337431
2021-06-23,1.126834920227883,1.4156155364595064
2021-06-24,1.0669752447664311,1.3731112667931502
2021-06-25,1.1794284362756007,1.4323555894123847
2021-06-26,1.2020009215016274,1.488486944938296
2021-06-27,1.1867875553919727,1.4739136670409754
2021-06-28,1.2326695896508848,1.4264311278674624
2021-06-29,1.1529808363651386,1.3744075374469849
2021-06-30,0.952280879034994,1.3481385281440383
2021-07-01,1.1543099034648818,1.4173569846793763
2021-07-02,1.3480079875331104,1.3759009891332836
2021-07-03,1.3275825058318476,1.4070468876935727
2021-07-04,1.264310699050097,1.3723585400137936
2021-07-05,0.9617185080915801,1.4000945055499285
2021-07-06,1.0504503329443067,1.3515504685395086
2021-07-07,1.2308246330032604,1.331148326554815
2021-07-08,0.8977347036459126,1.4050199619553858
2021-07-09,1.0228026337642222,1.3547832255638885
2021-07-10,1.1682525118114462,1.4692723923908835
2021-07-11,1.2441748110391113,1.3933076726137206
2021-07-12,1.186804678112344,1.4889445931860945
2021-07-13,1.0095816377330278,1.3753516138432913
2021-07-14,1.2388449551713037,1.4502318207632774
2021-07-15,1.080495741516891,1.4083379347009124
2021-07-16,1.1514448270843503,1.2842282817915776
2021-07-17,1.2788227511915657,1.4526166440243469
2021-07-18,1.4279986349203677,1.3673032213439338
2021-07-19,0.8263535862151199,1.0326172948856638
2021-07-20,1.281543249982175,1.470333241684473
2021-07-21,1.0247212296015196,1.467416669259195
2021-07-22,1.2302218502491093,1.393674370031781
2021-07-23,1.1516460106355855,1.4734327264992235
2021-07-24,0.9965274985509284,1.244869019246605
2021-07-25,1.2915270737013052,1.4545457031383948
2021-07-26,1.0625266132532813,1.346046203181743
2021-07-27,1.0717992163115009,1.2795889394869389
2021-07-28,1.1599332216169351,1.5274918333689387
2021-07-29,1.2819429173090546,1.4943725241865193
2021-07-30,1.13384423873632,1.2835144835978343
2021-07-31,1.217013035300557,1.4933523348008912
2021-08-01,1.417977178828417,1.4045926194812184
2021-08-02,1.062502771139335,1.4584978693201196
2021-08-03,1.0513440863981798,1.3188611126523813
2021-08-04,1.0422138487018513,1.4403186789674423
2021-08-05,0.9825582904115737,1.3465446731990396
2021-08-06,1.2099350558188733,1.3030225042587387
2021-08-07,1.0447227095970295,1.3827676061741168
2021-08-08,1.120503922782527,1.3465944990843248
2021-08-09,0.9358436680443353,1.4118572150790951
2021-08-10,1.2123992434094026,1.3537639900195424
2021-08-11,1.0693503525738355,1.4891581155589277
2021-08-12,1.0804871695953309,1.4194494139907363
2021-08-13,1.1078100775186204,1.4316115231577788
2021-08-14,1.4101424672957381,1.3779658347454278
2021-08-15,1.2750333454289136,1.3673330533318555
2021-08-16,0.8808378261923749,1.494470827102699
2021-08-17,1.2590573302220118,1.5005987100386051
2021-08-18,1.1657633769292641,1.4467199833485709
2021-08-19,1.0792825436255078,1.4639053293754536
2021-08-20,1.1335292239265764,1.467767154764938
2021-08-21,1.1510544655774915,1.401901624540817
2021-08-22,1.234786971968005,1.4767356738258226
2021-08-23,1.2193980343361839,1.3062027972842758
2021-08-24,1.1578150529819558,1.4873833060164945
2021-08-25,1.196214221516191,1.396887061608467
2021-08-26,1.1816958713867103,1.4976730632508726
2021-08-27,1.1074552130595572,1.3568377992901484
2021-08-28,1.2571465859926778,1.5390906001760505
2021-08-29,1.0181132784900833,1.3999355419814643
2021-08-30,1.011372438800902,1.338547158262952
2021-08-31,1.0013359378816262,1.5549034749545922
2021-09-01,1.0942784175618128,1.2749129293569081
2021-09-02,1.132350808795126,1.4209185456349571
2021-09-03,1.1405174357460088,1.3564871102884848
2021-09-04,1.0742283934881873,1.422583987622817
2021-09-05,1.0357937977213,1.5495310420957327
2021-09-06,0.9843079445091433,1.3292504982114564
2021-09-07,1.1537256305953791,1.3044834832238215
2021-09-08,0.8042112525693379,1.3105899536953922
2021-09-09,1.1619906895853112,1.5109576648321392
2021-09-10,1.2039985631166834,1.2755278372137102
2021-09-11,1.0335726295953407,1.5430120271008965
2021-09-12,1.2384976195755255,1.3026505450062034
2021-09-13,0.9255046484306,1.4898319763039551
2021-09-14,1.0330196544337744,1.5035342296194127
2021-09-15,1.158148428033959,1.527338812494502
2021-09-16,0.7118304184069487,1.299227761972979
2021-09-17,0.9748202259189667,1.319364368200314
2021-09-18,1.0454450587441197,1.527086392797676
2021-09-19,0.9408896275358446,1.3078619490094738
2021-09-20,0.8318653494519184,1.1693678698512104
2021-09-21,0.954538124727624,1.3647429301740561
2021-09-22,1.2100423391747808,1.3555455252718611
2021-09-23,1.00150224193291,1.2773327649156525
2021-09-24,1.0820052627882653,1.497145997587577
2021-09-25,0.9939404907033388,1.4056740708576592
2021-09-26,1.1483932368599357,1.4626271969365492
2021-09-27,0.7507805505122964,1.4957534998733066
2021-09-28,0.9812684511409481,1.3511866099190788
2021-09-29,0.7735901055370856,1.3321436876381128
2021-09-30,1.0763226162553492,1.3158836829286409
2021-10-01,0.8435590982198905,1.3822549845441319
2021-10-02,1.1455658179672779,1.530161118690318
2021-10-03,1.3118876214973705,1.4813304175570088
2021-10-04,1.0683566966775244,1.4008832379311238
2021-10-05,1.2138399070131398,1.4202812338170365
2021-10-06,0.9917801402300666,1.3882570660004092
2021-10-07,1.1947637049591235,1.4002039392588417
2021-10-08,1.1118704581647205,1.4035319857103539
2021-10-09,1.0835887639164865,1.3105431549470887
2021-10-10,1.2425733809781865,1.2323959236175188
2021-10-11,1.334917867465048,1.4421503538411413
2021-10-12,0.9848083413126597,1.4084192576633872
2021-10-13,1.0712434314301724,1.36926185411577
2021-10-14,0.947146041591298,1.3238134273811935
2021-10-15,1.1376369670788187,1.2235827533167147
2021-10-16,1.0757826283305019,1.3331530461664394
2021-10-17,1.4110795530169373,1.2395810366679925
2021-10-18,0.8366643568201302,1.3118116090157816
2021-10-19,1.2572192109478715,1.381058322452667
2021-10-20,1.036157326359466,1.499344836339479
2021-10-21,1.0330689058640363,1.3335292619486652
2021-10-22,1.111054604621733,1.410143777500111
2021-10-23,1.0690276513929033,1.5150337825794018
2021-10-24,1.1316930942355325,1.1909220253939055
2021-10-25,1.1027753318361437,1.455758821875154
2021-10-26,1.126192744783883,1.3616586507086617
2021-10-27,1.0078817354809528,1.5067005753321097
2021-10-28,0.9742241839390328,1.3798076993383788
2021-10-29,1.0664873560917554,1.3164657663843
2021-10-30,0.9679359887317319,1.4191011067221326
2021-10-31,1.0859090835041334,1.3858477541814438
2021-11-01,1.1804535756533903,1.438589588239161
2021-11-02,0.8175588972923049,1.4493054531913696
2021-11-03,1.1249695044569088,1.464047284369565
2021-11-04,0.7800431596231514,1.426532175024909
2021-11-05,1.1720073064370398,1.23638788834827
2021-11-06,0.8040569201408758,1.4989118721995036
2021-11-07,1.0458859052667797,1.5470576971478451
2021-11-08,1.1439083419153837,1.3255666568003517
2021-11-09,1.2346191646326303,1.4138186264546972
2021-11-10,1.1029156851408783,1.5257829991733742
2021-11-11,1.0874967011374859,1.417894136046544
2021-11-12,1.1025920353446026,1.3799839381641583
2021-11-13,0.9259785593973713,1.4259458069478732
2021-11-14,1.2093974792483162,1.4141391737221067
2021-11-15,1.0311993663080767,1.1617918929278306
2021-11-16,0.9601466485770728,1.2414936990324197
2021-11-17,0.9387896434715896,1.3108644151596203
2021-11-18,0.9131517422329418,1.306999301803386
2021-11-19,0.9386861296981044,1.3526192406095425
2021-11-20,1.0864916727326932,1.5583244022545755
2021-11-21,1.0398649968119003,1.4741495648171388
2021-11-22,0.959275249301663,1.279638645219585
2021-11-23,0.8664134967683721,1.4387457075065182
2021-11-24,1.1239979650638083,1.4875627684972021
2021-11-25,1.2677213583442173,1.3346375792106733
2021-11-26,0.9631081477499047,1.3501958410183572
2021-11-27,1.2241034760674638,1.342701089998256
2021-11-28,1.2143823195966235,1.3273472320664699
2021-11-29,1.217579529900126,1.41084325834849
2021-11-30,1.1229026974762382,1.422525623848455
2021-12-01,1.1714057176396653,1.4522591381879217
2021-12-02,1.178428246607517,1.4566971929111867
2021-12-03,1.15130687205161,1.4277392825171067
2021-12-04,1.0906921952899358,1.356821290789741
2021-12-05,1.0887467115658978,1.2153411056889964
2021-12-06,0.994677425666369,1.4141499988019177
2021-12-07,1.0718413842651957,1.4243462586205762
2021-12-08,1.1600500389071913,1.4537877354439301
2021-12-09,0.8944832312720132,1.3851961620279838
2021-12-10,1.1008524009132619,1.3187847613305104
2021-12-11,1.1611144066948127,1.3120481471302967
2021-12-12,1.0303683281714653,1.537747659123538
2021-12-13,1.0822428399452897,1.520877410895046
2021-12-14,1.106696759124368,1.5175312563249845
2021-12-15,0.9565182778366744,1.3048318904962593
2021-12-16,1.020971239977945,1.3245744305948073
2021-12-17,1.284099835697853,1.4020383422064169
2021-12-18,1.1585733015125783,1.507656457124813
2021-12-19,1.2016281326869604,1.4559373842187617
2021-12-20,0.6540968202834836,1.5101168553475393
2021-12-21,0.7868139366988159,1.3997705699015015
2021-12-22,1.1493170101398333,1.374199632561321
2021-12-23,1.2952634667048,1.3860481591487017
2021-12-24,1.29240559138183,1.4359318928871376
2021-12-25,1.2675404801898138,1.508947320041341
2021-12-26,1.0393873895654746,1.292847220440079
2021-12-27,1.3153221731218239,1.5069252174437378
2021-12-28,1.239611567298961,1.4847143617718042
2021-12-29,1.223635211578343,1.467903089583738
2021-12-30,1.1139752876855504,1.3803491910471068
2021-12-31,1.01311755184725,1.4206589316071843
2022-01-01,0.8576129847798092,1.4028333300732843
2022-01-02,1.26351175871648,1.3864542064523195
2022-01-03,1.080986008342602,1.3356061052674053
2022-01-04,1.0502868994182362,1.3414752450740166
2022-01-05,0.8848422110717847,1.4333801792443894
2022-01-06,1.045154958048654,1.3209643369861706
2022-01-07,1.1231714023123003,1.517289046900265
2022-01-08,1.266372036101558,1.4315890641304074
2022-01-09,1.2013561981155847,1.452161696108715
2022-01-10,1.3145233365460702,1.4446052452235252
2022-01-11,1.0770121561030415,1.4290913821955222
2022-01-12,1.3191388055387527,1.3443699669113989
2022-01-13,1.1637903098641842,1.2987438124025994
2022-01-14,1.3710049802678994,1.433872881376155
2022-01-15,0.7726631752890352,1.4780443838444828
2022-01-16,1.334152815324943,1.337877661489549
2022-01-17,1.1647423836965518,1.3682823098924197
2022-01-18,0.8139280455268265,1.4995025379845976
2022-01-19,1.062037595315438,1.3478477484388007
2022-01-20,1.1503276863206986,1.2345237029325429
2022-01-21,1.1265478324683569,1.3760407654680824
2022-01-22,1.231188568677803,1.4113180828148437
2022-01-23,1.026194204403034,1.3649276008889537
2022-01-24,0.9634487542625074,1.4038115477097575
2022-01-25,0.7526988382095264,1.350727876629607
2022-01-26,1.1633465647812682,1.5105793250703776
2022-01-27,1.1615538692827463,1.2213933546009401
2022-01-28,0.8186341460499039,1.4348834341162324
2022-01-29,0.7892084009375301,1.3420631933881857
2022-01-30,1.4547441758294408,1.463603432401218
2022-01-31,1.2821297272229595,1.502875479731923
2022-02-01,1.2801049562359679,1.352928040372665
2022-02-02,1.110043384705568,1.470733713727395
2022-02-03,1.31342954789165,1.4106048355034926
2022-02-04,0.8559074243477811,1.3075645912392078
2022-02-05,1.1742690257024109,1.499131488831891
2022-02-06,1.352062034539706,1.3789726876674588
2022-02-07,1.331040998002891,1.4202605923962508
2022-02-08,1.2017302444464049,1.4249950974203247
2022-02-09,1.1122554294080456,1.4373955222363148
2022-02-10,1.0310872144505432,1.402286825740499
2022-02-11,0.9990586000668831,1.3920866250088886
2022-02-12,0.9664268517678444,1.3122616291503693
2022-02-13,1.0390367803790483,1.4227123981787893
2022-02-14,0.9298555303589566,1.3956103351419111
2022-02-15,1.0758882023723422,1.4570604224435335
2022-02-16,1.151665882444901,1.4479401812299606
2022-02-17,1.0627025331506434,1.449758486016175
2022-02-18,0.9614931448109886,1.4042722744715532
2022-02-19,1.083832193259871,1.5002671371473144
2022-02-20,1.0993553852715783,1.3938827829931255
2022-02-21,1.2667197761516702,1.3921973698685792
2022-02-22,0.9220738989743125,1.3826112539424968
2022-02-23,1.2580826269414578,1.3450981825430064
2022-02-24,0.8088032837339011,1.3125689076537579
2022-02-25,0.9072266963360998,1.3485391246108422
2022-02-26,1.1496126117643182,1.4969953915231877
2022-02-27,1.284309500957826,1.3556086314358813
2022-02-28,0.8800396481532352,1.4018054294205184
2022-03-01,0.9584837978580377,1.4566939226712363
2022-03-02,1.129203752662505,1.421198041946175
2022-03-03,1.2077822493139991,1.3514052870641626
2022-03-04,1.0917082652493095,1.3706576892917877
2022-03-05,1.031114814744611,1.3093864737233853
2022-03-06,1.0116408308520628,1.3663450371185768
2022-03-07,0.884707682052451,1.3703063046531734
2022-03-08,1.0443446499479785,1.4103441783215829
2022-03-09,0.9660634840511044,1.4043219703556138
2022-03-10,0.9805524999378451,1.3962464342002139
2022-03-11,1.0250531251127482,1.3918135782905885
2022-03-12,1.0613994489540635,1.4222429453139176
2022-03-13,1.102250973272076,1.3879782625188564
2022-03-14,1.0350195644677462,1.4124649603696993
2022-03-15,1.0173435398798985,1.4660802579423118
2022-03-16,1.0136743595142825,1.4296471127097028
2022-03-17,1.2315349689117505,1.4145505230438953
2022-03-18,1.2945432780168313,1.4444899206397963
2022-03-19,1.2799768302610315,1.4914936145629012
2022-03-20,1.2214569637950359,1.2987396102522477
2022-03-21,1.0167289091090137,1.3579097024630384
2022-03-22,1.3195046138468554,1.4823960173679132
2022-03-23,1.3561845681723752,1.4799282761323505
2022-03-24,1.1057564761186114,1.413604276509205
2022-03-25,1.2948607279223905,1.415454092134469
2022-03-26,1.1395326929580638,1.3557125203886895
2022-03-27,1.1880602380369247,1.4725590462474887
2022-03-28,1.2066886893716005,1.4325812076429967
2022-03-29,1.1203487172450028,1.2957502635785791
2022-03-30,1.2220288657286902,1.44717993728027
2022-03-31,1.0943833232771716,1.4361352577520548
2022-04-01,1.014790001798828,1.4501949495541566
2022-04-02,1.2022569547016833,1.4536596867593345
2022-04-03,0.9247703279788148,1.4879626085842426
2022-04-04,0.9407231516284418,1.433122612679803
2022-04-05,0.8175603066546031,1.2898634688955057
2022-04-06,1.1346736548448713,1.4266158964991291
2022-04-07,1.2462072273967582,1.4882045140570306
2022-04-08,0.9221399297042379,1.446474132752596
2022-04-09,1.162718391770545,1.4415732043809781
2022-04-10,1.058895859517963,1.4230746299304835
2022-04-11,0.9850790516876582,1.416727046245846
2022-04-12,1.2522055488371642,1.3750073868162638
2022-04-13,0.8812369817397626,1.3357338821367086
2022-04-14,1.095321706811857,1.444710670181586
2022-04-15,0.7566556272194772,1.2944483402136164
2022-04-16,1.338963908479366,1.535638342228818
2022-04-17,1.071806911604443,1.5478242914015417
2022-04-18,1.0855873002391212,1.4333077051005516
2022-04-19,0.9205458354699877,1.5036850702498734
2022-04-20,1.1942640163834066,1.5448741879997767
2022-04-21,1.2306957900311548,1.4098700190468374
2022-04-22,1.315776136103292,1.4443532047708374
2022-04-23,1.2225946401030143,1.41685835406063
2022-04-24,1.0785520440247638,1.5483610627474662
2022-04-25,0.9660396494854946,1.1381607179644413
2022-04-26,1.0242028831227208,1.5207981383153886
2022-04-27,1.0994701440344976,1.340950375787559
2022-04-28,1.1164764556973152,1.4149521673428431
2022-04-29,1.0948930847147533,1.4494631644718987
2022-04-30,1.238707747804335,1.4209677729221035
2022-05-01,1.3176476171973925,1.441273305634183
2022-05-02,1.026895534093731,1.2274185147651464
2022-05-03,1.0554098218757042,1.4813326061584997
2022-05-04,1.1507232187678724,1.3519032064936187
2022-05-05,1.0154022681660881,1.3613998305679746
2022-05-06,0.9190222160543615,1.4050416598412085
2022-05-07,1.2589958600369453,1.2686860925702315
2022-05-08,1.22645829189573,1.4403569649473353
2022-05-09,0.8038414587947877,1.3354924546769318
2022-05-10,1.0572344622091074,1.2513577304248138
2022-05-11,0.8543980092427872,1.2904822530122233
2022-05-12,0.9984257652796028,1.3434648574363608
2022-05-13,1.1198553500392163,1.3692090406419928
2022-05-14,1.104572777615155,1.262580109855411
2022-05-15,1.3443536944846595,1.1950480569181399
2022-05-16,1.2180326913147441,1.419487348172373
2022-05-17,1.0812315713520844,1.4531721151946975
2022-05-18,1.0457350209595562,1.3926050237662495
2022-05-19,1.345999770247652,1.4057365818314458
2022-05-20,1.209331468101698,1.4596290164546226
2022-05-21,1.224127137281958,1.450942882360688
2022-05-22,1.3133827468328756,1.4894522381497024
2022-05-23,1.178189825364015,1.3607781109125219
2022-05-24,1.219426328368739,1.44480085661317
2022-05-25,1.0485025517921431,1.496815530643374
2022-05-26,1.3600156372916523,1.5075574922834918
2022-05-27,1.2716743380419289,1.4718171692315118
2022-05-28,1.2886090847002527,1.3658972749425677
2022-05-29,1.4383369154085632,1.5182612688976083
2022-05-30,1.302761332210066,1.5470880639636284
2022-05-31,1.1109761018410118,1.3863625278347869
2022-06-01,1.2457297141394834,1.4823678027101792
2022-06-02,0.9625505399755434,1.5020369978659556
2022-06-03,0.929286522953509,1.4694686201256084
2022-06-04,0.9566111370355289,1.45883301083732
2022-06-05,1.0917159435943236,1.436839767666421
2022-06-06,1.005236432014188,1.4263286974299814
2022-06-07,1.078180798237253,1.474739564161846
2022-06-08,0.9742121371002637,1.5218500202573733
2022-06-09,1.1790273001991045,1.4927359330870573
2022-06-10,0.9153955635336768,1.5164963942194387
2022-06-11,1.1370582361620467,1.548536588277932
2022-06-12,1.0592379975948956,1.3958156066753837
2022-06-13,1.0590361369570893,1.3804297886849912
2022-06-14,1.1054704132355715,1.4278767421447105
2022-06-15,1.0891600773597072,1.3865257025240343
2022-06-16,1.0729194729623936,1.4883758061268741
2022-06-17,0.8570621751400068,1.4466909780542516
2022-06-18,0.9579758508241089,1.547267975352526
2022-06-19,0.8932001427197087,1.54181949343963
2022-06-20,1.2043773861816098,1.5181165415884361
2022-06-21,1.062535360235627,1.5246083974706865
2022-06-22,1.2104816310036217,1.2806606662420446
2022-06-23,1.3308194119156977,1.3802476770323806
2022-06-24,1.1025728076997852,1.379486460578779
2022-06-25,1.273899485794308,1.5207959038895142
2022-06-26,1.2594232420863312,1.5051746489092455
2022-06-27,1.2642637169113498,1.363798025480574
2022-06-28,1.1264254791816355,1.4811768461916939
2022-06-29,0.8685839133387557,1.443595683768256
2022-06-30,0.9452151391514315,1.4516927323967672
2022-07-01,1.187544734223361,1.2128385082591167
2022-07-02,1.0727714814115459,1.47912840561867
2022-07-03,1.3154507445455113,1.261188809528888
2022-07-04,1.14898800267341,1.3662802537376157
2022-07-05,0.9321291083600616,1.3519627536325096
2022-07-06,0.904896972808226,1.195065774639072
2022-07-07,0.9020596169699434,1.3656631735663625
2022-07-08,1.2228166843115835,1.4344561981959085
2022-07-09,1.3340202683870725,1.544816130633497
2022-07-10,1.0627798474008392,1.4098700386353396
2022-07-11,1.2194200757208131,1.4166851675306087
2022-07-12,1.174765268682482,1.3449869527481166
2022-07-13,1.1231301913245963,1.3948477977267928
2022-07-14,1.1361539181172537,1.3776844395325525
2022-07-15,1.0645481056081032,1.3410392166092198
2022-07-16,1.059894272532653,1.4286801663181476
2022-07-17,1.0584581071483237,1.464646464573318
2022-07-18,0.845500812194796,1.4538937562030907
2022-07-19,0.9955933355872285,1.3793686019458429
2022-07-20,0.7581071177668034,1.4374561051816546
2022-07-21,0.7906408438257968,1.4339810915807811
2022-07-22,0.7836503654453612,1.368441519668458
2022-07-23,0.8296428069572177,1.5207706727769559
2022-07-24,1.194893572530473,1.3952455627606792
2022-07-25,1.1095025259573525,1.5040298142611468
2022-07-26,1.1687239035778751,1.4218943161398099
2022-07-27,1.0656571636625287,1.36472121000595
2022-07-28,0.8608567153073513,1.3422566242121017
2022-07-29,1.0156252441194893,1.3300954917124992
2022-07-30,1.022290951024013,1.384753754958897
2022-07-31,1.2905924366821773,1.37397071264826
2022-08-01,0.9674790173157233,1.3513900318111973
2022-08-02,0.8246744801629315,1.498220152122154
2022-08-03,0.8352061222216846,1.33594539036881
2022-08-04,1.2414639649351142,1.4435355909271588
2022-08-05,0.9969067778666632,1.459847298754532
2022-08-06,1.172635671668756,1.5449337508906034
2022-08-07,0.621845575915523,1.293843413406803
2022-08-08,1.3448090313202279,1.3314039979363788
2022-08-09,0.9051087086292886,1.5051328538010118
2022-08-10,0.7955016831760434,1.3741696221734567
2022-08-11,1.0977000281474336,1.3928269103584598
2022-08-12,1.2168629600067737,1.4918634949377116
2022-08-13,1.163879237027383,1.3487647879671856
2022-08-14,1.101727421155777,1.4188775082770975
2022-08-15,1.0041596696399855,1.325925076381714
2022-08-16,1.2659124345966732,1.4694291205335093
2022-08-17,0.9621011682326,1.3072889076091918
2022-08-18,1.0842884054850548,1.4133037679974318
2022-08-19,1.0302934566083148,1.3071977400351844
2022-08-20,0.9280096172879937,1.3018332635788905
2022-08-21,1.1999798517011968,1.325463992281736
2022-08-22,0.9654978043819383,1.3732638159520487
2022-08-23,1.0903139323810553,1.4545296675624086
2022-08-24,1.1294671299040553,1.2473148363906843
2022-08-25,1.2226144339375036,1.3956778348822974
2022-08-26,1.2537497071851207,1.513770844993881
2022-08-27,1.2136080381632899,1.3510633350671915
2022-08-28,1.0690514122348542,1.3618805412659774
2022-08-29,0.9852682965248274,1.5085454705153003
2022-08-30,1.323013006885714,1.5221598770134617
2022-08-31,0.8400591673718995,1.3707868154493914
2022-09-01,1.0880420341504033,1.344931106585843
2022-09-02,0.9752860120031784,1.3980895605109336
2022-09-03,1.3854328019393065,1.5470956578437303
2022-09-04,0.6840869626884732,1.3826789142126856
2022-09-05,1.1589779216610554,1.3391774937059542
2022-09-06,1.282365408122251,1.5206714434838484
2022-09-07,1.123486676044065,1.5199135471307217
2022-09-08,1.1496563990654576,1.4043618641977935
2022-09-09,1.4231161227960454,1.4547098971682422
2022-09-10,0.9157698765745116,1.3745887228024993
2022-09-11,1.086170211944104,1.357425532948479
2022-09-12,1.1574494363714585,1.4369388449342053
2022-09-13,0.8352629187163273,1.3348302566504655
2022-09-14,0.9251053274403492,1.275147034856041
2022-09-15,1.164528781416635,1.3533696475741643
2022-09-16,1.1684916799794063,1.398563111601943
2022-09-17,1.190059787753007,1.47166407593118
2022-09-18,1.4232920588291305,1.4532785190568693
2022-09-19,1.240556354485399,1.5531921636287331
2022-09-20,0.8167986009401993,1.437683284551902
2022-09-21,1.0790127007117403,1.4367751972679488
2022-09-22,0.8324229723671199,1.339344925814973
2022-09-23,1.025011633679173,1.3198355356032647
2022-09-24,0.8643046946667166,1.4671737394964528
2022-09-25,1.3282072437749768,1.388880227531801
2022-09-26,0.8760970153792962,1.4225267082557334
2022-09-27,0.9945590936950509,1.4111852392115198
2022-09-28,1.144176179975794,1.3020621182776055
2022-09-29,1.1566935607602657,1.3357595548965537
2022-09-30,1.1851811807583146,1.3087329603545268
2022-10-01,1.0124486077527282,1.3957117106227912
2022-10-02,1.1476199253300516,1.25798870290357
2022-10-03,1.3511173148427034,1.3668467577603713
2022-10-04,1.1338456557237944,1.4308961012238328
2022-10-05,0.8438240927631219,1.2870273260895397
2022-10-06,1.0701929178317195,1.4861724509450451
2022-10-07,1.2265052680170483,1.5315831989747992
2022-10-08,1.1863581203945597,1.451672737910454
2022-10-09,1.110123025381743,1.433307682202563
2022-10-10,1.1223199979858467,1.36150730377929
2022-10-11,1.0829298354864678,1.4640491247577943
2022-10-12,1.0321474042347576,1.488298156343558
2022-10-13,0.7337426880513042,1.3509097661764806
2022-10-14,1.1404305075216852,1.3951680699700986
2022-10-15,1.3692050549468449,1.4810949532568958
2022-10-16,1.310886345422684,1.4980906747227856
2022-10-17,1.1220172611392378,1.5289723320679929
2022-10-18,0.6406534509617394,1.3951844730165717
2022-10-19,1.028799012485513,1.427250075767951
2022-10-20,1.0273970594652826,1.4596946304942995
2022-10-21,1.0647836439917957,1.4283817741573204
2022-10-22,1.1498323191994582,1.437705960390476
2022-10-23,1.0025865562969534,1.4798538917198008
2022-10-24,0.7890319663717079,1.491937608765064
2022-10-25,0.9900264749427519,1.399585367030846
2022-10-26,1.295458255885378,1.4858302626673252
2022-10-27,0.9897811331859927,1.2103744168125992
2022-10-28,0.8259587957022309,1.3465183743142768
2022-10-29,1.035931737971117,1.515487593589209
2022-10-30,1.1355876706664239,1.3933073738340829
2022-10-31,0.7703211430532823,1.3862030625697992
2022-11-01,1.0069434265262558,1.379699511024255
2022-11-02,1.172945913168894,1.537661052339222
2022-11-03,1.1972801374709798,1.4138166744281362
2022-11-04,0.9922596379349592,1.4650727121479858
2022-11-05,1.253409070714884,1.506941755021572
2022-11-06,1.0361260103293903,1.4620408898770867
2022-11-07,0.96891184694402,1.409718366499728
2022-11-08,1.1652570032960263,1.4245112451934472
2022-11-09,0.9708531652929642,1.4106044954123664
2022-11-10,0.799525687860924,1.4297160090593053
2022-11-11,1.1717971000656722,1.493153138196291
2022-11-12,0.8704330150457822,1.4399330736819382
2022-11-13,1.00474302018857,1.4766541932920085
2022-11-14,1.131031047173529,1.3595101867506512
2022-11-15,0.9527356425616286,1.515581529677376
2022-11-16,0.7965799425010245,1.501312127816374
2022-11-17,0.993086934458547,1.370688640198922
2022-11-18,1.178518264207767,1.5163790042657754
2022-11-19,1.2921084471402546,1.4952602524429135
2022-11-20,0.9064137487343107,1.4331620838005485
2022-11-21,1.1995598022402263,1.4061247670987833
2022-11-22,1.2718673147320736,1.4814986251226594
2022-11-23,1.1657255202143861,1.4726077874767654
2022-11-24,1.3222554128913528,1.4009064234618727
2022-11-25,1.0942674471085947,1.5276878369393658
2022-11-26,1.3510026394029535,1.4865323745951589
2022-11-27,1.079539353563892,1.4368944466798632
2022-11-28,0.9736488188262135,1.435323817405526
2022-11-29,1.2116727117463348,1.5378454049260382
2022-11-30,0.9724517200518206,1.4540201188681066
2022-12-01,1.3037017373382742,1.3619472502217693
2022-12-02,1.1147217860379226,1.4434882967588307
2022-12-03,1.1562093876816222,1.387801095489485
2022-12-04,1.2700045505141926,1.2915748356611254
2022-12-05,0.8805736306333654,1.5101171812533303
2022-12-06,1.3357022187232768,1.3821128110302523
2022-12-07,1.182274018410989,1.4308711600891646
2022-12-08,0.9758068860162844,1.455459505711972
2022-12-09,1.1343660757622505,1.4332731114895083
2022-12-10,0.962341343924484,1.4869258842981417
2022-12-11,1.265550903859088,1.4845324444665504
2022-12-12,1.166013676190282,1.45075096384545
2022-12-13,1.0661624160964105,1.3950323950153536
2022-12-14,0.943596232282992,1.3519196069200587
2022-12-15,1.116009721310387,1.3388109755380093
2022-12-16,1.0210204443952944,1.445327579685209
2022-12-17,1.0358483538723149,1.4561433076415233
2022-12-18,0.9413723335044395,1.520255752800325
2022-12-19,1.0011611175921993,1.3543247129409546
2022-12-20,1.0899100898104506,1.3345172009128956
2022-12-21,1.0516887013418703,1.340265587094475
2022-12-22,1.3251716130961144,1.3658682772652733
2022-12-23,1.217415896399635,1.495654100661325
2022-12-24,1.3857138501621542,1.46144669509573
2022-12-25,1.419099445683265,1.3862865146852852
2022-12-26,1.0941848811313213,1.3084269663278825
2022-12-27,0.7727502653739802,1.3322595831420332
2022-12-28,1.2485898491914,1.5032182855587635
2022-12-29,1.2432229900001932,1.4859427884461898
2022-12-30,1.1350782702627868,1.522920842068454
2022-12-31,1.2124378214708784,1.544992716236134
2023-01-01,1.3558930658450616,1.424229878239217
2023-01-02,1.266916145637144,1.4146050177675515
2023-01-03,0.7527712920412842,1.2622969083974054
2023-01-04,1.0403487386028765,1.5047491194974043
2023-01-05,1.0114948416350487,1.4324306341834612
2023-01-06,1.2365235317900505,1.3445889098686465
2023-01-07,1.3668186857479903,1.357711908109627
2023-01-08,0.9829819324856891,1.4669681632143214
2023-01-09,0.9547124619580354,1.5028362901594876
2023-01-10,1.1642766047064792,1.3655886733081346
2023-01-11,1.2196577354414264,1.4664690079587128
2023-01-12,1.1985695025286163,1.407882982219365
2023-01-13,1.1319487444674132,1.4772866270890688
2023-01-14,1.2328327625637396,1.5063411776339948
2023-01-15,1.1077719453807382,1.4602895991344915
2023-01-16,1.0535837201633116,1.4121616066628364
2023-01-17,1.0733271776731277,1.3490025072172405
2023-01-18,1.1115530568563698,1.3976624216514724
2023-01-19,1.1745311685296005,1.4454029237906953
2023-01-20,1.1616390606889937,1.4997268725868562
2023-01-21,1.1780774140197081,1.4706963714782637
2023-01-22,1.3071123938998326,1.437333693230633
2023-01-23,0.9212859219105102,1.4366739911625785
2023-01-24,1.0380997207711133,1.3095617535280275
2023-01-25,1.2705375162060275,1.3486772188793565
2023-01-26,1.4030608670607763,1.2191384131176441
2023-01-27,1.1884526803521842,1.3446578133251283
2023-01-28,1.066377176224614,1.2951222705590273
2023-01-29,1.383503823723882,1.502146719563017
2023-01-30,1.396404602893713,1.4365278381700355
2023-01-31,1.206371271776049,1.2862279321282803
2023-02-01,0.8800796603837003,1.2324636531269022
2023-02-02,0.9513232846015879,1.4374347992393899
2023-02-03,0.8520737657067153,1.1771982047831326
2023-02-04,1.200578439053855,1.5158485336450753
2023-02-05,0.8435709600914567,1.5320335664876588
2023-02-06,0.808044097544089,1.0064411750981552
2023-02-07,1.199535170989919,1.3877618108034102
2023-02-08,0.9511218443635546,1.3660065531621914
2023-02-09,1.5586348248728308,1.4492951812391528
2023-02-10,0.7336438462690997,1.238956851357523
2023-02-11,0.6914664979443689,1.516264001494008
2023-02-12,1.308657813312748,1.509451998794683
2023-02-13,0.7681227534060233,1.517412379381625
2023-02-14,0.922314615435558,1.203012964586775
2023-02-15,1.1267030002508442,1.4033768283064458
2023-02-16,1.0833806804780148,1.4372966794105748
2023-02-17,1.2593894070704716,1.2368411385421092
2023-02-18,1.5946958175880908,1.5411747037352794
2023-02-19,0.9672619113527604,1.400676801237857
2023-02-20,1.4071604445741765,1.545650107119781
2023-02-21,1.428507723137521,1.3445129039893153
2023-02-22,0.9955358953858149,1.5296615577947377
2023-02-23,1.2666617476478952,1.4942160185407356
2023-02-24,1.0994546228397752,1.5469393140623449
2023-02-25,1.2112241977153466,1.5177141945998536
2023-02-26,0.9153674984757686,1.4761546967299632
2023-02-27,1.2753399882000733,1.3747620305210506
2023-02-28,1.1093631756426299,1.2812203977654535
2023-03-01,0.8397268680869638,1.5448472603052779
2023-03-02,0.8005162496555894,1.5228985377165212
2023-03-03,1.3182141328745314,1.4709892991547393
2023-03-04,1.2223092979229822,1.5292266791490514
2023-03-05,1.3102525944913048,1.5495580576933932
2023-03-06,0.5310067637967366,1.4327810605427327
2023-03-07,1.2464465502415314,1.2319871711276558
2023-03-08,1.5502016330069508,1.461858406210728
2023-03-09,1.3772471350576774,1.052148717232296
2023-03-10,0.6066440867712476,1.2933077459704374
2023-03-11,1.0930515991138559,1.3134193693276441
2023-03-12,1.3094213898919638,1.5372833052389936
2023-03-13,1.1561833393955994,1.4502377066000256
2023-03-14,0.8574960877880698,1.3557762616694284
2023-03-15,1.0581526419609928,1.3823151266868237
2023-03-16,0.8118896968303325,1.4528183600393134
2023-03-17,1.1204519896413914,1.4744542971057364
2023-03-18,0.8531656778106039,1.550146550643923
2023-03-19,1.0806047479648075,1.4440172610259832
2023-03-20,0.713169945028647,1.2881906923172726
2023-03-21,0.7801213048426114,1.3132524511319428
2023-03-22,1.0589811683673953,1.1085781097365277
2023-03-23,1.2381780325926397,1.5009259897044442
2023-03-24,0.6212331429745273,1.4609215738475745
2023-03-25,1.1622625670440017,1.3859587774069537
2023-03-26,1.0679748462390708,1.3379642848972784
2023-03-27,0.9058017882651719,1.3504969321200249
2023-03-28,0.9465876806327786,1.4630928880231633
2023-03-29,1.1308066512224666,1.0451111865183238
2023-03-30,1.2995894194040953,1.3325780729992784
2023-03-31,1.2144640554123856,1.3994734840416463
2023-04-01,1.2466531026523062,1.2866260949000832
2023-04-02,1.4172738950440458,1.4156706722313883
2023-04-03,1.1076447228940818,1.4618225088596104
2023-04-04,1.1450495492543844,1.421349893506102
2023-04-05,1.0084075561075905,1.4668099010047275
2023-04-06,1.1517335271120568,1.487189171893994
2023-04-07,1.0357995893935708,1.5211890413184055
2023-04-08,0.9314280944057252,1.5592233860126137
2023-04-09,1.4889502141703337,1.5146973777418087
2023-04-10,1.1907999555891458,1.3812884179494642
2023-04-11,1.0102336484023657,1.352817578008334
2023-04-12,1.1776910041655066,1.018741318748708
2023-04-13,1.11803798853834,1.134449939254777
2023-04-14,0.9562019847843003,1.4455027234539095
2023-04-15,1.256099963714324,1.4663784266355244
2023-04-16,1.28538307472041,1.2074779430701785
2023-04-17,0.9762509755374377,1.2763288271620197
2023-04-18,1.1194459666322916,1.5400760806333178
2023-04-19,0.8001650901997366,1.3443562446416697
2023-04-20,0.9782930358823647,1.5508692562163018
2023-04-21,1.159544428369898,1.3547280881709807
2023-04-22,0.8922107549918439,1.5398132312912702
2023-04-23,1.036841206467798,1.4641586387184222
2023-04-24,1.0630473607458057,1.3288724296340395
2023-04-25,1.3863776803017722,1.3644174088073018
2023-04-26,1.2169383680136496,1.5006296126526983
2023-04-27,1.254486565408809,1.3956789936003884
2023-04-28,0.9552607922445383,1.5132784520223244
2023-04-29,1.4068674977081828,1.543616014027659
2023-04-30,1.3397384500799612,1.569721988172488
2023-05-01,1.3309150852581662,1.375387606041381
2023-05-02,1.180937106592012,1.5397626937937154
2023-05-03,0.8690246150237615,1.5142164082948837
2023-05-04,1.4317705008995827,1.46561109478254
2023-05-05,1.1248348519892317,1.5532296006672974
2023-05-06,1.076178564060856,1.5366352442910292
2023-05-07,1.2959921098616818,1.387614677434711
2023-05-08,0.5861581327970625,1.3014364210984526
2023-05-09,1.3932849761210206,1.4790038488288668
2023-05-10,1.168653283232714,1.394214880627602
2023-05-11,1.07316788225133,1.310176562493192
2023-05-12,0.9708180887652107,1.3031043467860142
2023-05-13,1.0551637814853152,1.1489706333862109
2023-05-14,1.2589025385247765,1.5851055043882627
2023-05-15,1.1621510697898987,1.3183946530486657
2023-05-16,0.9292779474998072,1.244586846657493
2023-05-17,1.2488700152340273,1.1911539069327894
2023-05-18,1.421734644164548,1.2358013434146586
2023-05-19,0.963415001835988,1.2184287194180992
2023-05-20,1.1856177162994046,1.275937313261241
2023-05-21,1.1300713188270088,1.5173301751071087
2023-05-22,0.9607513877083891,1.3910218533203564
2023-05-23,1.1235140602236613,1.1509832269167435
2023-05-24,0.6563801564262353,1.0231102375074859
2023-05-25,1.1812462212755528,1.2752686811178706
2023-05-26,0.9527875123580377,1.5377678802001402
2023-05-27,0.9139006452926427,1.2153338751117988
2023-05-28,0.6010187359789919,1.2905537268529852
2023-05-29,1.1285281366097861,1.5481159384790688
2023-05-30,1.071368653788201,1.442228606767216
2023-05-31,0.8566702090326903,1.4261489984514883
2023-06-01,0.9023710530797094,0.8322013004655021
2023-06-02,0.968145452385594,1.4686521101421937
2023-06-03,0.5709431210086368,1.514834878825765
2023-06-04,0.5428930480335391,1.4544471015731815
2023-06-05,1.083786580459631,1.2177596297320137
2023-06-06,0.7766534961438823,1.379037445275261
2023-06-07,0.9484940739697496,1.5401804460911257
2023-06-08,1.1989967333246023,1.5559984250900378
2023-06-09,0.725401882019593,0.7079882964258059
2023-06-10,1.5619512118794021,1.5466499873797412
2023-06-11,0.01664304874599489,1.4518296363999017
2023-06-12,0.7759005745441959,1.4232791355626933
2023-06-13,0.9812140461085817,1.4099863481900148
2023-06-14,0.8232808805886614,1.302486668046603
2023-06-15,0.40407641039764564,1.2009501878109983
2023-06-16,0.8398199535591562,1.5258399076505929
2023-06-17,1.5842467988859847,1.542737663264075
2023-06-18,1.5649328872540824,1.5570895858676734
2023-06-19,1.5623357125920316,1.5331468928637888
2023-06-20,1.2163089796127455,1.2487474551046498
2023-06-21,1.1956749630024948,1.5335429089924206
2023-06-22,0.7588088404153702,1.5124744814607483
2023-06-23,1.30822278851789,1.5227281800652375
2023-06-24,1.2949271532010107,1.473005255921934
2023-06-25,1.2351374397669754,1.0478132649979004
2023-06-26,1.0454565987247997,1.281266411923054
2023-06-27,0.45865477353139056,1.1341230837408247
2023-06-28,1.1291129009933856,1.5115349631443256
2023-06-29,0.5966759995259086,1.5194103678024158
2023-06-30,1.1720333428031187,1.2308475084935664
2023-07-01,1.0491928380882958,1.5361841864588115
2023-07-02,1.5892833626984082,1.5508617129069242
2023-07-03,1.2620923901420327,1.24908475565529
2023-07-04,1.1441848734533027,1.4742917566035996
2023-07-05,0.9624921064813016,1.3727201912803215
2023-07-06,1.4990045255366349,1.5020250437230733
2023-07-07,0.9946510278024284,1.5443783217691802
2023-07-08,1.0391179473812682,1.2066943640986545
2023-07-09,1.5586342505694346,1.0002201054736832
2023-07-10,1.100417326809161,1.145603631940737
2023-07-11,1.3378386348395614,1.5759164119650166
2023-07-12,0.9509784161937069,1.5278752654308658
2023-07-13,1.0949060751670445,1.3551360975779116
2023-07-14,1.3079890541435526,1.407871184466741
2023-07-15,1.3754493689217615,1.1083474688352717
2023-07-16,1.3427494198145462,1.572783634134056
2023-07-17,1.3166327450762834,1.2130538606872563
2023-07-18,1.3231439308529076,1.5525431665352896
2023-07-19,0.801331569303608,1.4930893687647497
2023-07-20,0.3940122250431036,1.1761405841078203
2023-07-21,1.0846256040112594,1.4081013611153765
2023-07-22,1.6016875666650254,1.5676926709687014
2023-07-23,1.055346269509336,1.3354221090488199
2023-07-24,1.2316507397459757,1.3569906928265465
2023-07-25,1.0983655847413272,1.4982845469706105
2023-07-26,1.0728918605212876,1.5665602175501538
2023-07-27,1.2333522044731766,1.4118425398201713
2023-07-28,1.2005650265802998,0.9390278235730285
2023-07-29,0.812157223732703,1.5729058237477085
2023-07-30,1.571054955019958,1.3142451204768142
2023-07-31,1.5991991214968841,1.3781334610196934
2023-08-01,1.1311266410242689,1.5416877936643492
2023-08-02,1.3699812244242282,1.197734746238384
2023-08-03,0.5024458438528299,1.1941259539303257
2023-08-04,1.299981809438322,1.3468949775314198
2023-08-05,1.604271862818125,1.5281985447923043
2023-08-06,0.9412114571185815,1.4268426198700725
2023-08-07,0.7689162194656982,1.2874852901918832
2023-08-08,1.1340639882589438,1.5888890159703886
2023-08-09,1.4470191938908057,1.5458569688857309
2023-08-10,1.0599093954859373,1.3015225456490915
2023-08-11,0.7429876102723229,1.3797851784329174
2023-08-12,1.0442030223626733,1.603726486607544
2023-08-13,1.5369035048146331,1.5246410728112254
2023-08-14,1.0854745886720896,1.3507429296348317
2023-08-15,1.0676490645485643,1.5142923998797106
2023-08-16,0.7757931683010967,1.129213252911861
2023-08-17,1.5977550882929652,1.5673110913705575
2023-08-18,1.597700090977915,1.598613964735182
2023-08-19,1.2692754715330212,1.499665718002271
2023-08-20,1.515367313166051,0.9287432205113225
2023-08-21,0.9130083069116357,1.565910810117395
2023-08-22,0.24962038979588663,1.557383823784886
2023-08-23,1.39440415705117,1.5667430937043283
2023-08-24,1.258119962007785,0.9455067947767711
2023-08-25,1.0377402883530131,1.0430479611484953
2023-08-26,1.6012974972181842,1.1996145266749736
2023-08-27,0.001456588585524221,1.5709603643205141
2023-08-28,0.9038721732730712,1.4765289246867614
2023-08-29,1.1785966670929846,1.5203810952338248
2023-08-30,0.7987565943661932,1.5994736036943855
2023-08-31,0.9525075161535916,1.2367235199150253
2023-09-01,1.5959894815524307,1.0228384049024069
2023-09-02,0.913385719703984,1.571269144698467
2023-09-03,1.3078440732416923,1.5666233901517908
2023-09-04,1.4509507650173898,1.4764564572293415
2023-09-05,0.5344037623780488,1.5147205874342313
2023-09-06,1.194089229713133,1.538450689553717
2023-09-07,0.9598328610797005,1.101798845351268
2023-09-08,1.0475197753886507,0.9990419449108502
2023-09-09,1.2178132284074825,1.3652913662049342
2023-09-10,1.047849607455694,1.544083902522015
2023-09-11,1.5893186388043123,1.5603287787510167
2023-09-12,0.831906489003135,0.6330459791843783
2023-09-13,0.8483857292239505,1.0641424682189626
2023-09-14,0.3259936180076525,1.3731395661383088
2023-09-15,0.784240150309563,1.1511668800734776
2023-09-16,1.6047145813202803,1.0371314647313523
2023-09-17,0.7611957699340598,1.080512706156993
2023-09-18,0.8423984244955026,1.3254197260816336
2023-09-19,0.7747132421399873,1.0886470735117872
2023-09-20,0.8996908973268348,1.2562347983804685
2023-09-21,1.1842555880729502,1.224674948937243
2023-09-22,0.7260337298440512,1.4306988780836725
2023-09-23,1.3177741516235006,1.5404571196460415
2023-09-24,1.4646539850314937,1.4863240698125753
2023-09-25,1.0488649453576455,1.5345355249754782
2023-09-26,0.710463724224337,1.3928881637421466
2023-09-27,0.43996611725987594,1.0183442933951858
2023-09-28,1.1267177765480094,1.2550665738095055
2023-09-29,1.2432741431931473,0.8515104834044858
2023-09-30,0.8143693591176083,1.455037203873798
2023-10-01,1.5960550761379588,1.5417647481039936
2023-10-02,1.584207250589673,1.2793687438843402
2023-10-03,0.8853021610505758,1.07534963141908
2023-10-04,1.34482914530193,1.480713761627832
2023-10-05,1.013115736485754,1.5271486581077487
2023-10-06,0.3456545883726534,1.2049939230558675
2023-10-07,0.7878982540945151,1.5393662321986925
2023-10-08,1.3273246991086298,1.2684414376202717
2023-10-09,1.5895740935711924,1.5403881703969657
2023-10-10,0.8758694945253709,0.6618156544637743
2023-10-11,1.0623655243320165,1.3175881368373017
2023-10-12,0.17522408932621553,1.1660640868099081
2023-10-13,1.0148928375299826,1.2355546176950354
2023-10-14,1.0680682260232206,1.5332801462851473
2023-10-15,0.8084247453143075,0.7040756815980508
2023-10-16,1.0052767072277966,1.2448483071888383
2023-10-17,1.599614544725966,1.5486663183622995
2023-10-18,0.7595769981908862,1.3746360398029487
2023-10-19,0.7557977204881359,1.4755563005252683
2023-10-20,0.4826848931030138,1.519426068353774
2023-10-21,1.0735118333650562,1.4922434113095986
2023-10-22,1.0192344587775213,1.3949414023258093
2023-10-23,1.1433960423408165,1.5422226733563247
2023-10-24,0.7964771292526462,0.8043585920215861
2023-10-25,0.5367914195022816,1.4542564362484274
2023-10-26,1.1604650316707084,1.2807264781777812
2023-10-27,1.0854946412854254,1.0156479603576192
2023-10-28,0.8836742251947194,1.5361294380549446
2023-10-29,1.2424556064054024,1.3093286963489137
2023-10-30,0.962766965512278,1.517809408217944
2023-10-31,0.6134882676366827,1.2305662052637938
2023-11-01,0.8599007502173124,1.397235859941552
2023-11-02,0.5935273612500717,1.416332743583773
2023-11-03,0.700776126447096,1.2415235638094124
2023-11-04,0.8293100946252971,1.5403517395189894
2023-11-05,0.9459626443376097,1.5186376389148053
2023-11-06,1.0692645036647097,1.3539564542241562
2023-11-07,1.398167340994213,1.1550896528065602
2023-11-08,1.3606158459040425,1.5746496392774811
2023-11-09,0.7777401813851261,1.3301085911154962
2023-11-10,-0.0772370156326124,1.1493592916946818
2023-11-11,1.522913777894916,1.1811598042326643
2023-11-12,1.4051830341349845,1.357553586822004
2023-11-13,0.9758189067076539,1.5253332665400456
2023-11-14,1.068043434972657,1.5221589009685952
2023-11-15,0.47663995482822374,1.189560130069094
2023-11-16,1.414123104097961,1.400748628682727
2023-11-17,1.3748401443587528,1.5286430967607811
2023-11-18,0.8832768817949306,1.500036600755097
2023-11-19,0.8038574501775152,0.9962506606823659
2023-11-20,1.248425628213171,1.5208615946882458
2023-11-21,0.9589062461655298,1.5391435265420281
2023-11-22,1.0723281039266215,1.5182106954981158
2023-11-23,0.7413013103290677,1.4111839909131139
2023-11-24,0.9505355377625191,1.5505632812700423
2023-11-25,0.678818040258078,1.2808542199406472
2023-11-26,1.610237365547691,1.5606477930426306
2023-11-27,1.466680957826087,1.0531642311953913
2023-11-28,0.8846613351708691,1.5343787632054067
2023-11-29,1.2270445459532842,1.5394654460252912
2023-11-30,1.3834657018356589,1.5262270206139148
2023-12-01,0.866435256306258,1.5342796251732085
2023-12-02,0.7884858738375959,1.4842133760367733
2023-12-03,0.7111489485518859,1.5162911079346817
2023-12-04,1.100953883953637,1.4595657666225836
2023-12-05,0.9201732406053144,1.498577142374583
2023-12-06,0.8029834472573733,1.2136081951275761
2023-12-07,1.3411340228035225,1.4468671725988744
2023-12-08,0.885560350250067,0.7967477373670665
2023-12-09,0.8002461385839199,1.4992219511142326
2023-12-10,1.602756815733777,0.7430116392506394
2023-12-11,1.4972719621062318,1.3966230728348465
2023-12-12,1.6022040451059434,1.4288268924364314
2023-12-13,0.8700313865697303,1.5495599214132718
2023-12-14,0.9026781462454361,1.2374140332013877
2023-12-15,1.0688542185275667,1.378171793792094
2023-12-16,1.4211422594223095,1.5459373691918525
2023-12-17,1.6028712400502656,0.9529329612891407
2023-12-18,-0.564074628209314,1.1339860944407067
2023-12-19,1.6080946956071942,1.612409495561567
2023-12-20,1.190613715835999,1.112226334792277
2023-12-21,0.5510114526463722,1.532194923938215
2023-12-22,0.4541365561823138,1.4535509445676975
2023-12-23,1.0080371480978934,1.5177927428017814
2023-12-24,0.7922666429674242,1.5985108616951453
2023-12-25,1.5631486831088142,1.276178331100418
2023-12-26,1.6018361036131203,1.545069291959045
2023-12-27,1.6079676188243432,1.5355789840206466
2023-12-28,1.5910218277454102,1.537444738206362
2023-12-29,1.0034904534934308,1.5541073653733188
2023-12-30,1.5997001171289067,1.4973059197928211
2023-12-31,1.610420584171094,1.5590583554823234
2024-01-01,0.9394335503165057,1.535417567575454
2024-01-02,1.5134624152749865,1.5505591891325659
2024-01-03,1.6006900165439304,1.5174417737594497
2024-01-04,1.5889076787663228,1.591353867769909
2024-01-05,0.7200677833197242,1.511822527849244
2024-01-06,1.045999510889585,1.5698699419598647
2024-01-07,1.6013081314360764,1.499081610129012
2024-01-08,0.946088636801426,0.8916842356179931
2024-01-09,1.5981885129369766,1.5334133263672347
2024-01-10,0.9665572011963766,1.5511424904723996
2024-01-11,0.9893416982201999,1.340749113571983
2024-01-12,1.2902679014803928,1.4219428971514732
2024-01-13,0.6356411400369559,1.2021974313354544
2024-01-14,1.4806208464584296,1.566981987035323
2024-01-15,0.5307562198617432,1.5310373037104903
2024-01-16,0.8463237009948091,-0.9585576708877703
2024-01-17,1.3786981772980125,1.2155103972785428
2024-01-18,1.209387805381832,1.5652778269442549
2024-01-19,1.2253477919943343,1.5099647427455785
2024-01-20,1.5938442418436054,1.254820240716725
2024-01-21,0.510977710752388,1.4983016652156227
2024-01-22,0.5600107827804053,0.04273979072970172
2024-01-23,1.0280295701927438,1.1730866872629535
2024-01-24,1.6015383628363,0.9409835002894171
2024-01-25,0.9785965921282402,1.5426199046806004
2024-01-26,1.5928533735841048,1.505744445179262
2024-01-27,1.4583156794754866,1.5282869407918924
2024-01-28,0.894131992286003,1.5352207798583377
2024-01-29,1.3863429694376712,1.5598906071501522
2024-01-30,1.5989615039300304,1.4689408210884618
2024-01-31,0.9035964277723638,1.140463550963941
2024-02-01,0.9589429648773266,0.8617245018551236
2024-02-02,1.5229887869503878,1.4496275143348285
2024-02-03,1.1013367400610738,1.5326071733411073
2024-02-04,1.5592068469497702,1.4978150376140467
2024-02-05,0.568006635463407,1.3410718242160664
2024-02-06,0.7960393190317356,1.2465925976694476
2024-02-07,0.27629522483538627,1.5197711261094815
2024-02-08,0.051609316748115024,1.547331365669163
2024-02-09,1.455956966261998,1.370827652127422
2024-02-10,0.4211002638659512,1.5394737460969117
2024-02-11,1.602547385521778,0.9174285835658396
2024-02-12,1.4124919027686456,1.5263757139972232
2024-02-13,0.34857561836063844,0.9537446909073217
2024-02-14,0.9871002937199267,1.4078232712734793
2024-02-15,1.2564106816611103,1.2083936542472584
2024-02-16,0.7068548696368455,0.9949668092084053
2024-02-17,1.250505586441572,1.5139875300039372
2024-02-18,1.1215961260713956,1.5504119046501121
2024-02-19,1.0674347910138648,1.2404474223049156
2024-02-20,1.1696669808772644,1.4691189484684968
2024-02-21,0.5807581241549934,0.9461950409715476
2024-02-22,0.9855231312900573,1.5426409401419316
2024-02-23,0.7927639379902833,1.5534134235888688
2024-02-24,0.8031829639704815,1.5004998359703918
2024-02-25,1.601048029911217,1.5549547263343002
2024-02-26,0.014243471554968842,1.601842788050668
2024-02-27,0.8144553718074411,1.1559550903595317
2024-02-28,0.5227995346984878,1.362882189243155
2024-02-29,1.550402971163134,1.0156242618062912
2024-03-01,1.5996522134351627,1.2078049204814691
2024-03-02,1.0712249514958658,1.5604356212086763
2024-03-03,1.598270748613895,1.6032246427784091
2024-03-04,1.3377135709617873,1.5211476258468106
2024-03-05,0.9219174531150894,1.0952957266767236
2024-03-06,1.1399598801357862,1.0179807917297987
2024-03-07,1.268373139084839,1.507189653918861
2024-03-08,0.9223440413657464,1.410717212183349
2024-03-09,1.550779644421655,1.5360294867554973
2024-03-10,1.415509838628816,0.8780189086297615
2024-03-11,0.9283534217735739,1.188645784121223
2024-03-12,1.2560516946278297,1.538115441867539
2024-03-13,1.6022325475951888,1.3516565303551369
2024-03-14,1.0253864157933685,1.5040784941941678
2024-03-15,1.2356881773112185,1.5286753012747718
2024-03-16,1.031861741287629,1.3263001356965274
2024-03-17,5.537638189060138e-05,1.0172137821351797
2024-03-18,1.1836372562180806,1.163053676485639
2024-03-19,7.677482409881929e-05,1.588644315881571
2024-03-20,1.5992185679603204,1.2903128458197268
2024-03-21,1.0791282213737632,1.2461419711143753
2024-03-22,1.210239187557866,1.5417988226119692
2024-03-23,0.7004561410013619,0.04297401936765255
2024-03-24,1.4696041551037655,1.1766148909498753
2024-03-25,1.6018256004818876,1.500104943752236
2024-03-26,1.5896547587630205,1.519177367097035
2024-03-27,0.5884379205765635,1.525151238195656
2024-03-28,-0.7972834406331897,1.5512289599735187
2024-03-29,0.8037419155155086,1.5759779803258878
2024-03-30,1.0631955114067602,1.5158010231948487
2024-03-31,0.8099073001389128,1.5404150415863698
2024-04-01,1.1552223414804108,1.0525208418604453
2024-04-02,1.4037014279986624,1.209826004884645
2024-04-03,1.2096187446555922,1.3657849282513246
2024-04-04,0.1771436622214293,1.259633894528798
2024-04-05,1.0013717009832104,1.4626743307694035
2024-04-06,0.8237303777555098,1.165867480356554
2024-04-07,1.3055790660661641,1.311444921454827
2024-04-08,0.8111433394856313,1.2658883725613754
2024-04-09,1.2387956755181513,1.0730870902408962
2024-04-10,0.6808358666571003,1.2512337559733284
2024-04-11,1.220146274453053,1.48920639030548
2024-04-12,0.8069480679038024,1.170002717365598
2024-04-13,0.8423063980563136,0.9823119759102519
2024-04-14,0.8891046273190508,1.424598037638748
2024-04-15,1.1261232251208229,1.279933438879366
2024-04-16,0.3920877755513585,1.5198164092629733
2024-04-17,1.019010222324083,1.0760701879562613
2024-04-18,1.0624045951049816,1.5421601457204497
2024-04-19,1.101911949606304,1.4357334095223002
2024-04-20,1.2573851429735465,0.9984959268780571
2024-04-21,0.6345239103000804,1.1777147880427041
2024-04-22,0.602642140984487,1.20161384658663
2024-04-23,1.3159518676514403,1.5625390102030912
2024-04-24,0.891634817655992,1.5327991852899505
2024-04-25,1.418430364607513,1.5724390719940744
2024-04-26,1.3718978189899909,1.3349621178505333
2024-04-27,1.3216493619734144,1.4757348053943027
2024-04-28,1.4376622736077962,1.3390443537832277
2024-04-29,0.2937146577615736,1.0327648701600263
2024-04-30,1.5980207981553676,0.8548861158423078
2024-05-01,1.3106532985656096,1.546822521545454
2024-05-02,1.6005002575996716,1.5378877792601804
2024-05-03,1.6007938450741508,1.5029313811607186
2024-05-04,1.5230355777778655,1.5162194409728609
2024-05-05,0.7532521532558824,0.8895861377937914
2024-05-06,0.5550572961360851,1.5492587586923345
2024-05-07,1.4038182685515512,1.6032514969652816
2024-05-08,1.1988178912286744,0.8810190196573091
2024-05-09,1.5667044546676927,1.2818975349929733
2024-05-10,1.600129672832056,0.7903480328375285
2024-05-11,1.3374314084913914,1.5454766838077922
2024-05-12,0.037518218211496944,1.5001185613043575
2024-05-13,-0.16016233883192132,1.5008690162723415
2024-05-14,1.616670044497821,1.5988688875040773
2024-05-15,1.2765325093566753,1.2630137435106046
2024-05-16,0.956388683026588,1.452154157532704
2024-05-17,1.0964914533952288,1.3778360678151775
2024-05-18,1.065276440580691,1.0595754873789853
2024-05-19,1.5397714980582944,1.5176558831889322
2024-05-20,0.7906215640838532,1.0617796077344048
2024-05-21,0.24258115640827188,1.2570427753743934
2024-05-22,1.50188581121649,1.5315163527683424
2024-05-23,1.1580859865079072,1.2530077926125023
2024-05-24,1.4201357115642417,1.3531780979571753
2024-05-25,1.0032266847333084,1.549625325664753
2024-05-26,1.6031258962824344,1.5306886291538837
2024-05-27,0.9479408722987622,1.533790447661582
2024-05-28,0.6827113500033798,1.4377440141663804
2024-05-29,1.5097903555783603,1.3202778238611574
2024-05-30,1.5675618974282992,1.5307212937085812
2024-05-31,1.5962979300985223,1.3320684018569617
2024-06-01,0.8729402498398238,1.4961482688875074
2024-06-02,0.00420382406859765,1.6027457070981987
2024-06-03,0.6920266015869432,1.2998755137967073
2024-06-04,1.4025599274520988,0.8807109111698488
2024-06-05,1.5825567740093,0.9397908179695353
2024-06-06,1.5288219910231162,1.5346681134961169
2024-06-07,0.6138487356625842,1.1814781145302637
2024-06-08,1.3970798257407568,1.533807800221663
2024-06-09,1.065263209729121,1.5579264828444621
2024-06-10,-0.5117363084238059,1.566399013014004
2024-06-11,1.6003251586709888,0.880782461864058
2024-06-12,1.6019341086883672,1.4991702649718253
2024-06-13,1.1006087864918455,1.4370855014922455
2024-06-14,1.605476033483606,1.605659794733235
2024-06-15,0.5427712837224725,1.533744351103038
2024-06-16,1.5733743655475294,1.2925162136997823
2024-06-17,-0.43757769099913446,1.1705071522232742
2024-06-18,1.335222812513006,1.516417314572152
2024-06-19,1.3047097227385143,1.5752969628733955
2024-06-20,1.315312581366683,1.5132755452555162
2024-06-21,1.1922391432481152,1.5265520029330446
2024-06-22,0.5073080188833647,1.4995905064781458
2024-06-23,1.5628285883405517,1.5494854127615754
2024-06-24,1.6016920533703267,0.7503404330460971
2024-06-25,1.6014541168699783,1.5966573461864673
2024-06-26,1.2034444168724932,1.5613146075180282
2024-06-27,1.0674320438170564,1.498041965606241
2024-06-28,1.562614212788863,1.5335081256523544
2024-06-29,1.5988472767624098,1.497981894370903
2024-06-30,1.0585004581998356,1.5357504229956909
2024-07-01,1.200108683904092,0.7115325724889424
2024-07-02,0.0038823662128868452,1.5506301996357175
2024-07-03,1.277857438056635,1.539292288549082
2024-07-04,0.6612014043426744,1.5500708443183857
2024-07-05,1.3351700726710727,1.1549556450900644
2024-07-06,1.2044678597891842,1.5542211335691685
2024-07-07,1.6016093525554105,1.49885827792782
2024-07-08,0.37078905139587576,1.220782313834194
2024-07-09,1.0820054675098578,1.0360001792331577
2024-07-10,0.0024840644185551318,1.2281875248812488
2024-07-11,0.9163549612594108,1.2899123061973614
2024-07-12,1.6040849081958584,1.3880869147271357
2024-07-13,1.0222432708013007,-0.14786523525162334
2024-07-14,0.7257702756867114,1.5346648626972197
2024-07-15,-1.5918657318038836,1.5049237084135227
2024-07-16,0.9539981569114275,1.5407426435317957
2024-07-17,1.3603009615571546,1.3825140183398013
2024-07-18,1.0653129857811547,1.0807989413655903
2024-07-19,1.599936237366661,-0.21077376173144657
2024-07-20,1.5656827407335083,1.5318353385849377
2024-07-21,1.026003423560253,1.5514807586304598
2024-07-22,1.3344760879401845,1.2958623529662827
2024-07-23,0.8195208023272784,1.231564145723525
2024-07-24,0.9503361774499925,1.1993396165967838
2024-07-25,1.0181758568911956,1.0183814146473829
2024-07-26,1.3482206215486745,1.0665981303721448
2024-07-27,1.2003802267837398,1.5489310943311199
2024-07-28,0.08728413336781497,1.518844226450718
2024-07-29,1.6100409883536824,1.5418913023907603
2024-07-30,1.5953827949703374,0.9466762530264524
2024-07-31,1.1847805945436636,1.1450563344014506
2024-08-01,1.4467180599569116,1.3011921432659121
2024-08-02,1.6023010104062265,1.4996030077791094
2024-08-03,1.2513378670002464,1.498899167490042
2024-08-04,1.0042879980549315,1.3392686287107143
2024-08-05,1.1669089935808301,1.379788524671035
2024-08-06,0.9820340152688194,1.4736127347335428
2024-08-07,0.9873256746636276,1.5049816268204512
2024-08-08,1.5941607876617518,1.5584792145952313
2024-08-09,1.5202724208175187,1.5335726141673367
2024-08-10,1.28608946391904,1.5385770682226607
2024-08-11,1.6010518185445042,1.4983884103832092
2024-08-12,1.6022639892199801,1.5128093779341416
2024-08-13,0.6482475569218485,1.3265728033932638
2024-08-14,0.015079075351433602,1.5013834104492982
2024-08-15,1.317664286207861,1.4016733103244983
2024-08-16,1.1386638163426388,1.485798482166937
2024-08-17,1.5249472506956299,1.0754581118457782
2024-08-18,0.8015853083308445,0.7502363784293362
2024-08-19,0.40428454169464506,1.5250290477183668
2024-08-20,0.540570477045346,1.502182191740312
2024-08-21,0.9650207230859058,1.5618973273477408
2024-08-22,0.9751100795975398,1.3839243929894411
2024-08-23,0.5304340777209695,1.001670425332695
2024-08-24,-0.4928805972574455,1.4987049133789778
2024-08-25,1.0569876353296452,1.497930558591519
2024-08-26,1.407655600380163,1.5281208167113292
2024-08-27,0.6556095900246626,1.5098271717395162
2024-08-28,1.279643737927355,1.5051630528883613
2024-08-29,0.7300934969035735,1.0505987541680197
2024-08-30,1.308429631445237,1.1238258697370003
2024-08-31,0.5343607527263333,1.4982437242666773
2024-09-01,1.5917044218597303,1.5382350604009256
2024-09-02,1.5246839487816342,0.9165092706055041
2024-09-03,1.5008690662712871,1.172980968431153
2024-09-04,0.007097540674021241,1.5329769178894015
2024-09-05,1.1016579238939601,1.5108858784825074
2024-09-06,1.3237692073115268,1.525692292949321
2024-09-07,0.022280346760354394,1.5089574116386877
2024-09-08,-0.4000500685527649,-0.04508016697472039
2024-09-09,0.258701945547553,1.5025855996307427
2024-09-10,1.6013221512254414,1.5041634626626874
2024-09-11,0.31294343780075184,0.4554276078013044
2024-09-12,1.3994851376435813,0.4705801125893483
2024-09-13,0.5200665957151689,1.2068287234906738
2024-09-14,1.2034879136365517,1.5455182886072332
2024-09-15,0.748988978776177,1.5282982366665199
2024-09-16,1.0620979520155212,1.58128944166444
2024-09-17,1.426396717301225,1.5823578343877585
2024-09-18,1.2006616500555276,1.5211528402270487
2024-09-19,1.0692206073373125,1.0031167368980303
2024-09-20,0.8769783783418428,1.5259131057122313
2024-09-21,1.6009115512981864,1.4981654413122871
2024-09-22,1.6000955604803118,1.5593580008289472
2024-09-23,1.3810805138131994,1.1122505469010082
2024-09-24,1.2723199279692758,1.5315649583868054
2024-09-25,1.570950304214359,1.5305594835337295
2024-09-26,1.0459560585287089,1.5259900334058742
2024-09-27,1.326873560998774,1.1901430511168687
2024-09-28,1.5980837478274665,1.539873810239911
2024-09-29,1.2162293396009216,0.9497573350773744
2024-09-30,1.5112602780021578,1.5004658334091998
2024-10-01,1.6022612577379804,1.5348681433430056
2024-10-02,1.1210763440165648,1.2140491489072107
2024-10-03,0.5992371020654388,0.5675277948250639
2024-10-04,1.5997060296219734,1.4154439693180558
2024-10-05,1.067330169181566,0.9993132908603476
2024-10-06,0.780632058846367,0.8028684210112521
2024-10-07,1.3307558275037479,1.1309947650284788
2024-10-08,1.588691270230422,1.0612955259976853
2024-10-09,1.5980567967500465,1.549798739599682
2024-10-10,1.6022541588421904,1.4679022331870377
2024-10-11,0.11350492639950478,1.1479923471917677
2024-10-12,1.604497090665875,1.5619675261574737
2024-10-13,0.6947682733247211,1.5237403795936926
2024-10-14,1.5498141154222005,1.3511867183674282
2024-10-15,0.5461912351068894,1.0028818135631865
2024-10-16,1.5840820898590415,1.5578614801416006
2024-10-17,1.2659207691524268,1.5530617250742587
2024-10-18,1.0644285465198926,1.5568226430075045
2024-10-19,1.6025978050718166,1.4599459561138883
2024-10-20,1.2625698556569733,1.0835704593348574
2024-10-21,0.8066697200378529,1.5197142892078215
2024-10-22,1.3906689141255981,1.1570985190768428
2024-10-23,1.1073381298180385,1.350964139541146
2024-10-24,0.7946688497201247,0.7691694523687629
2024-10-25,0.7949648924400814,1.1505152504754392
2024-10-26,0.6754022683445179,1.4994873442554475
2024-10-27,0.004432326322951319,1.549780711859765
2024-10-28,1.5905976387054246,1.5442144371304174
2024-10-29,1.194105694099917,1.3285957913443582
2024-10-30,1.0355738731856714,1.4585090167548416
2024-10-31,1.540271302246061,1.5656645008353902
2024-11-01,1.1958408004823666,1.1772940021244764
2024-11-02,1.0695690446609583,1.5297578221739883
2024-11-03,0.818617890466347,1.5284959314655935
2024-11-04,1.0753081735206491,1.5298729465751617
2024-11-05,1.161536720444075,1.1265696095031565
2024-11-06,0.9715356302957898,1.4289144938133334
2024-11-07,1.2723101283133327,0.6059854358187254
2024-11-08,0.9227805573467027,0.8776407455882854
2024-11-09,1.6030038849458683,1.5002834257738868
2024-11-10,1.6074711559827284,1.4166302990337232
2024-11-11,1.5526919015362075,1.5383119552031326
2024-11-12,1.6163938994307725,1.6129457187478735
2024-11-13,1.6062170782483176,1.5820575202857408
2024-11-15,1.1841455130154581,1.5539275357599243
2024-11-17,1.601282901320763,1.5502621470450222
2024-11-18,1.6033029747533807,1.6007935651504361
2024-11-21,1.602805809003422,1.5016929480168677
2024-11-22,1.0719533071330074,1.5368224012650689
2024-11-24,0.05539011531697712,1.4988992880256486
2024-11-25,1.5905358427366005,1.5500211300321103
2024-11-27,1.6055027755453422,1.6020768405487251
2024-11-28,0.3067516835499894,1.4998902873628641
2024-11-29,1.5531280093619477,1.0646936371908193
2024-11-30,1.6066750128674994,1.541006886007536
2024-12-01,1.6042038402794303,1.5014952054542274
2024-12-02,1.6006062863782518,1.5316875903743394
2024-12-03,1.6018796196477472,1.5506251887825153
2024-12-04,1.6002026278956718,0.669339700151045
2024-12-05,0.792393324750024,1.09690001129922
2024-12-06,0.0031704237629169483,1.0593777362026695
2024-12-07,1.2713428511845404,1.498165707845334
2024-12-09,1.583494491270161,0.5796245352698229
2024-12-10,1.6015191648089317,1.6015636203806505
2024-12-11,-0.56284747247528,0.4708238638357942
2024-12-12,0.34040593953948173,1.502368460254562
2024-12-13,1.6000498793911566,1.4983507594437562
2024-12-14,1.32852357335895,1.532589033193071
2024-12-15,1.558937701420647,0.9505203423206513
2024-12-16,1.6037414443697489,1.6047019009546857
2024-12-17,1.6013924976606193,1.533526074038681
2024-12-18,0.8074160397190017,1.5808246416976786
2024-12-19,1.4122147599203756,1.5567633281518578
2024-12-20,0.5570259805879544,1.5744792472958722
2024-12-23,1.5809617329984147,0.7563165603684108
2024-12-24,1.6045030300202003,1.5018139504809633
2024-12-26,1.600749961723595,1.497981894370903
2024-12-27,1.6032405604889366,1.5535953055253917
2024-12-28,1.5854673699239226,1.1595524237301371
2024-12-29,0.808369233650432,1.5502889243175728
2024-12-30,1.095983952346443,1.2128225026946855
2024-12-31,0.7315241460443267,1.5265089749320255
