date,gold_options_title_score,gold_options_selftexts_score
2019-02-03,1.1305717050997794,1.6288372729793417
2019-02-15,1.6011196115302226,1.6020475248820096
2019-02-25,1.6108392687819943,1.6063132427898474
2019-03-03,-1.5458818934924419,1.6316517927422052
2019-04-02,1.606662081420326,1.6055802938629937
2019-04-16,0.024976549389878363,1.5355096326509325
2019-05-02,1.4774906026764498,0.4605217321879157
2019-05-07,0.8639139843007578,0.816824994850037
2019-05-20,1.580179678516095,1.6004115306665239
2019-06-01,1.6407338970884828,1.6407479601537238
2019-07-18,0.9957174209667494,1.4976664315994443
2019-07-22,1.6085562740351158,0.18814443939868097
2019-07-26,1.2729666347987387,1.5504264724994763
2019-07-31,0.12987943975534824,1.729125814671986
2019-08-02,1.6048721044429424,1.6046237384237698
2019-08-06,1.5760496038309286,1.6084258632477633
2019-08-08,-0.7120869329097397,1.606058224480778
2019-08-12,1.6053585930420724,1.6022089245819169
2019-08-15,0.9614240060780429,-0.6935854938600297
2019-08-17,0.0021575181310037744,1.5944452822168738
2019-08-26,1.5747376034697416,1.3348337063414775
2019-08-27,-0.01175191484178173,1.6072889793628828
2019-09-03,1.613652508042051,1.6075102916574577
2019-09-06,1.6040493559149893,0.005296677086230343
2019-09-15,1.6018648506882276,1.500171782251407
2019-09-16,-1.594960403323816,1.5947095202827222
2019-10-01,1.601164098934823,0.0011803802004402566
2019-10-07,1.6017233050732433,1.6018812980746626
2019-10-19,1.6019961459073575,1.499432784471221
2019-10-20,1.2670032132351396,1.610217821428705
2019-10-22,0.8015501641514844,1.4271917124249909
2019-10-24,1.6027827986321228,1.6000014733618275
2019-10-26,-1.5878406554432631,1.6087666852520488
2019-10-28,1.6105347855696452,1.6106203850944878
2019-11-07,1.5980593408504526,1.60603082758935
2019-11-12,0.0024155673066751865,1.602156001409902
2019-11-15,1.6044658522495079,1.6047504063284432
2019-11-20,1.623675166319418,1.6115456646891235
2019-12-02,0.0016199846399937144,1.5366882416596064
2019-12-05,1.6058327402856631,1.6032417982236
2019-12-14,1.43777527920788,1.5121021507370516
2019-12-24,1.6352847129397645,-1.1156925238588937
2019-12-27,1.562886860542156,1.606899647980648
2020-01-01,1.6066932876461941,1.5850619182392396
2020-01-06,1.7077865798763232,1.7077675073517427
2020-01-08,1.601280380793201,1.5980240207566208
2020-01-09,1.611580800276731,1.6114633652312778
2020-01-11,1.6327707314909257,1.632671411930286
2020-01-14,1.603650068678466,1.6036018942844272
2020-01-17,-1.5963995514975493,1.6032534866381416
2020-01-19,0.007100945914989286,1.0111940953768288
2020-01-21,1.6668037276958914,1.6658036324600864
2020-01-22,1.5983921287085168,1.0366640380938357
2020-01-24,1.6249753124110318,1.609874211772061
2020-01-29,1.6054413534460936,1.6073588199975326
2020-01-30,1.6120490560704583,1.5360208502414596
2020-02-02,1.6286621247078645,1.6279646733618307
2020-02-03,1.6059328075601562,1.6059677249356934
2020-02-06,1.5806324548911268,1.345384951333539
2020-02-08,1.6860244930773167,1.6855800045677296
2020-02-10,1.613123522799678,1.6091785543696184
2020-02-13,1.6108752205733157,1.1363025925972494
2020-02-14,1.6005331357893968,1.59370367176588
2020-02-20,0.0037680083563450687,1.5214733344578415
2020-02-22,1.6025875883621017,0.7522163055127258
2020-02-23,1.6002357227405046,0.6142827831321638
2020-02-24,1.6013903271809373,0.023252908603470734
2020-02-26,1.6038015834605694,1.5964854071152985
2020-02-28,1.6037235898306534,0.709076047686323
2020-03-03,-1.5759371838705107,1.5355096326509325
2020-03-04,1.6036400591239062,1.6023753490362225
2020-03-06,1.6032231282780496,1.5990521582225135
2020-03-07,1.603739515121953,1.582874535253541
2020-03-09,0.19963838372837628,1.560741232330486
2020-03-10,1.5953385564687739,1.3628504142079567
2020-03-11,1.5996157598859253,0.6279587152420614
2020-03-12,0.17518073931533718,0.5322179826401182
2020-03-13,1.5986190065886288,1.1286161829089967
2020-03-15,0.5881599361931878,1.5355096326509325
2020-03-16,1.5756664424596725,1.6087687899809566
2020-03-17,1.019313968898535,0.6860077261551196
2020-03-18,1.6012040600644015,1.5624046439527803
2020-03-19,0.9635529356032666,1.4455528081603037
2020-03-20,1.6060475857757408,1.366007603126358
2020-03-21,1.1001025544023795,1.5918636579153909
2020-03-23,1.5976736102561409,1.548344636840067
2020-03-24,0.17729738949912277,1.0411918347838485
2020-03-25,1.6066105867187193,1.3464754830535188
2020-03-26,1.6015222049708249,1.147819299518812
2020-03-27,1.600278733380254,1.3615274102694415
2020-03-29,1.608102778336308,1.5918116017397257
2020-03-30,0.510930677122586,1.0708573857834622
2020-04-01,1.644886117235167,0.5078890797963405
2020-04-02,1.087590394192678,1.4630523045814077
2020-04-03,1.6399062186252922,0.057625934850166
2020-04-04,1.593122860817584,0.7777905438803805
2020-04-05,1.6049246600214064,1.604850138656693
2020-04-06,1.6057555113754605,0.8015697725033762
2020-04-07,1.6165177253788992,1.3512100028894263
2020-04-08,1.6380846962709945,0.764914594252913
2020-04-09,1.6001846370246318,0.5477080631689399
2020-04-10,1.63032063306427,1.3337011784894848
2020-04-13,1.6040061873406861,0.8975308602181642
2020-04-15,1.5474906664573798,0.4080272800241508
2020-04-16,1.59168428538187,0.3694012687607138
2020-04-17,0.7822007880930687,1.4218533095223798
2020-04-20,0.011446741823491584,1.6111648477323897
2020-04-21,1.6075115560066546,-0.2063018202853965
2020-04-22,0.9714350411781175,1.4134944016612245
2020-04-23,1.5977260943466884,0.2737666510427979
2020-04-24,0.8654780613210511,0.8979811343085269
2020-04-25,-1.599557513023044,1.4976664315994443
2020-04-26,1.7052364319271427,1.608549756287747
2020-04-27,1.6004138472339628,1.500311361936444
2020-04-28,0.702914832183365,1.5583768731376084
2020-04-29,1.1030375337415423,1.263851023595585
2020-04-30,1.595664152980605,0.8217876319949053
2020-05-01,1.6134117446530798,0.03901559755510725
2020-05-03,1.605686289775016,1.6055751750079394
2020-05-05,1.600361555045454,1.2146462605937103
2020-05-06,1.6045707427660112,0.3592354146615571
2020-05-07,1.59916064268653,0.7222404546151863
2020-05-08,1.6048916853493431,0.6021107931018318
2020-05-12,1.600979963443642,0.9034953162677086
2020-05-13,0.014208082950908474,1.5835248876998222
2020-05-14,1.0950851656154665,1.4664248919727392
2020-05-15,1.6067459093260306,0.8781584717202412
2020-05-17,1.5988302865546904,1.5355096326509325
2020-05-18,1.5658985854678287,0.004438124426927108
2020-05-19,1.6004614591645372,0.7118466120561943
2020-05-20,1.6141145537511892,1.469327479347258
2020-05-21,1.608967674932102,0.9237709546225635
2020-05-22,1.5996792749670101,0.8817710478749308
2020-05-23,1.5457210302079276,-0.6216074151755699
2020-05-25,1.6101164401914922,1.4344922267530495
2020-05-26,1.6035231108814212,1.6040760068439677
2020-05-28,1.5980521096740934,-0.35501722466174385
2020-05-29,1.3334357003749566,1.4522975814984331
2020-06-02,1.6007610940478567,0.8347799598736322
2020-06-03,1.623388650683725,1.5939450613114738
2020-06-05,0.26127817098662687,1.3705651406035422
2020-06-08,1.6015588670500467,1.5918065231081473
2020-06-09,0.0005906065627111941,0.8982065667071437
2020-06-10,0.742428255132451,1.5238363418124365
2020-06-11,1.6098631100886671,0.9341347088826815
2020-06-12,1.28420183623084,0.8800150565785948
2020-06-15,0.008356063125612248,1.580314696210551
2020-06-16,1.5879887373702022,1.2876186454615826
2020-06-17,3.277634680116656e-09,0.5027685672114706
2020-06-18,1.597968871093197,1.5930772833981106
2020-06-19,0.00828810412537788,0.9644333349146174
2020-06-22,1.60009574455078,1.5999174166653247
2020-06-23,1.6011020590036638,0.9048809267448663
2020-06-24,1.6016816764620976,1.51100387630596
2020-06-25,0.8055526245342668,0.9007217227860397
2020-06-26,1.5784745140774814,0.49627249661124434
2020-06-27,0.017065378424985567,1.1049876807711625
2020-06-29,1.6118971433460259,1.5987803791688884
2020-06-30,0.0010270570241399607,1.1876654552763664
2020-07-01,1.0849642895786105,1.3528209710592076
2020-07-02,1.6086597614985454,1.5467846645338348
2020-07-03,1.6000463353415133,0.010761417962885367
2020-07-07,1.6008619073298291,0.7103886194022995
2020-07-08,1.605701820559966,1.564584534688088
2020-07-09,1.0391869237252074,1.240837512465289
2020-07-12,1.598156017593164,1.5923187642246244
2020-07-15,1.6009444720603252,0.47924765973523786
2020-07-17,1.5941712854714833,1.60122257178409
2020-07-18,1.609345540436398,1.6012618253575814
2020-07-19,1.6613783431538414,1.6564075906345699
2020-07-21,1.6026758262404328,1.5915805994170267
2020-07-25,1.5776104334547332,0.8075088341619691
2020-07-26,0.8131869315520391,0.7944648280446687
2020-07-27,1.6022263249715014,1.5070355810784521
2020-07-28,1.2258304636776747,0.6868344822068918
2020-07-29,1.174182695186757,1.5709458129709586
2020-07-30,1.6094317257622985,1.0003482174313407
2020-07-31,1.6339219378657213,1.569161899753392
2020-08-02,1.602161346497038,0.0725494748238068
2020-08-03,1.6017408789460168,1.2060789783703767
2020-08-04,1.595973606912401,0.8716627451776736
2020-08-05,1.6009561026139087,0.6936515624641519
2020-08-06,1.604857102153263,1.0493930443947381
2020-08-07,0.003633967703057515,1.5695573259004787
2020-08-09,1.6028596146034846,1.5827292432965239
2020-08-11,1.6060691875486839,0.04891905772007232
2020-08-12,1.1423461112360753,1.5631869353492274
2020-08-13,0.9784041182520976,1.509067512799876
2020-08-14,1.61406011768225,1.6108959781734855
2020-08-15,1.6080502725218855,1.6075362505506794
2020-08-17,1.4575895779935464,1.571647555877371
2020-08-18,1.6008702800073311,1.5360994585961367
2020-08-19,1.5832328494815577,1.5976812212953724
2020-08-24,1.5814262017806329,1.065670103167121
2020-08-25,1.6279879902636583,1.6285388010943818
2020-08-27,0.553848593050312,1.6068520909879431
2020-09-01,1.601172200925861,1.5904357403153588
2020-09-06,1.6066364037962457,1.6065452891173468
2020-09-10,1.4703272726114198,1.59370367176588
2020-09-12,0.8148205219696457,1.595864180137193
2020-09-14,1.608985991249607,0.995922027477848
2020-09-17,1.6048311655706144,1.605255245019523
2020-09-18,1.6178580918636984,1.5804309532884206
2020-09-21,-1.3466122502665274,1.5378626938473534
2020-09-23,1.5745737710645842,1.5931138458206757
2020-09-28,1.2659720784154878,1.5985200921283589
2020-09-29,1.6084486597935275,1.4552875533063583
2020-10-02,1.6251523144913647,1.624748733236286
2020-10-06,1.6026676776849045,1.6046189871858558
2020-10-09,0.004929628775569044,1.021409946069626
2020-10-11,1.6234476992398172,1.6261775403573595
2020-10-12,1.5386083904876042,1.6130495054358278
2020-10-14,1.600496407957777,1.5950580017796485
2020-10-15,0.6608938640242221,1.1195795403103113
2020-10-16,0.8033265473823539,1.564948713055344
2020-10-17,1.0475303409726504,1.6008849856487783
2020-10-21,1.6060588711371957,1.5650443981743287
2020-10-23,1.6107353692213422,1.6077646877253247
2020-10-25,1.5978012151628087,1.4982562575446485
2020-10-26,1.6001646667412035,1.588984369302353
2020-10-28,1.5552094529774052,0.6599136502836814
2020-11-03,1.4111886329482857,0.7121222210834425
2020-11-05,1.607351345008338,1.6001237273448383
2020-11-07,1.409176298019417,-1.3798702250264487
2020-11-08,1.628548998843117,1.5854565957935338
2020-11-15,1.601007622255437,1.5360994585961367
2020-11-23,1.606287850270807,0.3001441654723242
2020-11-24,0.0012514522704809572,-0.043115389714332375
2020-12-02,1.8540827482172388,-1.33604356281987
2020-12-04,1.6011129672126097,1.5938567695470194
2020-12-06,1.6010151519639697,1.5360994585961367
2020-12-08,0.8010401586340808,1.546490489741626
2020-12-10,1.6029182144459386,1.6029167617004456
2020-12-11,1.6004219759708216,1.5931138458206757
2020-12-12,1.6042354344837968,1.5525243630746406
2020-12-13,0.057290557879096024,1.6239212593975798
2020-12-17,1.6087034967867133,1.6087034572557821
2020-12-18,1.5958798067291715,1.603940073323639
2020-12-19,1.6006909523509916,1.4982562575446485
2020-12-20,0.6275549824635023,1.74757434782783
2020-12-22,1.6052907962070349,1.6024326926438128
2020-12-27,0.6607687625442847,1.7740498310278494
2020-12-28,1.5922764211948044,-0.13136576403274908
2020-12-29,1.6009694987149665,1.5360994585961367
2020-12-30,1.608410944863706,1.6026967466813886
2020-12-31,1.5939592262427038,0.28612579945077804
2021-01-03,0.5354415927510635,1.64873032031532
2021-01-04,1.6081540091106032,1.6082084142625912
2021-01-05,1.6051030657532481,1.597780512896668
2021-01-06,1.8193036175771389,1.8079963768600549
2021-01-07,1.500293609797662,1.60320079820466
2021-01-08,1.2479885408860842,-1.5808648569513104
2021-01-09,0.805537356473846,0.001898814041833452
2021-01-12,1.5598232284318945,1.4976664315994443
2021-01-24,1.525952532005887,1.6297008637742239
2021-01-26,1.6017011836921284,0.017586400678787847
2021-01-28,1.6144577804970077,1.6125162375533115
2021-01-30,1.5918063306306085,1.5360994585961367
2021-01-31,1.6019457403521826,1.5438383168349352
2021-02-01,0.568577884508485,1.6016980263983116
2021-02-02,0.5391444889690868,1.5859664805794942
2021-02-04,0.9383591771322107,-1.5784670232825688
2021-02-06,1.389904239024791,1.495871574214629
2021-02-07,1.6093177625341193,0.08359063386068834
2021-02-08,1.7399228122259913,1.3103199068819753
2021-02-10,1.613017467906725,1.5587856440077155
2021-02-11,-1.5140551519352703,-0.488712636611341
2021-02-12,0.6943975114553591,1.5925760697078086
2021-02-13,1.691152338669279,1.691114493946348
2021-02-14,1.572400509084465,1.5995188368235653
2021-02-16,1.1403142040765895,1.5112710392211852
2021-02-20,1.6011939161440258,1.5159647128701164
2021-02-22,1.6032428279691366,1.2019441917284173
2021-02-24,1.2031101905247206,1.6008417810744489
2021-02-26,1.599265976952542,1.5687792758789803
2021-02-28,1.006922554811064,1.5922585327016092
2021-03-01,1.6030462798340444,1.6030471021848893
2021-03-03,0.037799107578525046,1.6047558244149034
2021-03-04,1.583902943367249,1.5983191000836559
2021-03-05,1.0078746484409786,1.6131006984656453
2021-03-06,1.6064222315283123,1.594234004510195
2021-03-07,-1.3921003656790898,1.8060888238361676
2021-03-09,1.6009927311894416,1.4982562575446485
2021-03-10,-1.4509935093650066,0.1486944088890689
2021-03-13,0.28103483988372024,1.8782639845972688
2021-03-14,1.6079506148481464,1.450030999743316
2021-03-17,1.6015247018144279,1.6040657741785354
2021-03-19,0.0016158400876097074,0.9113432904681305
2021-03-23,1.6031423826092486,1.6046184156546701
2021-03-24,1.6052502449904018,1.5964053045017097
2021-03-26,1.6115159850314003,1.595443595808642
2021-03-28,1.6065553523466896,-1.2562860831981122
2021-03-30,1.5795223655457757,0.016566424176984226
2021-04-03,1.8005508332641575,1.599832411430768
2021-04-07,0.007146559132487273,-1.5922410449074471
2021-04-16,1.6510554925751963,1.4048663956679681
2021-04-17,1.6009057849518726,1.5360994585961367
2021-04-22,1.6229913199872794,1.625418004664448
2021-04-23,1.6011386152355591,0.0011801548110592498
2021-04-27,1.3381593155051517,1.534678361002117
2021-04-29,0.836153037516612,1.0371393459022178
2021-04-30,0.7987397142722616,1.3899339599701128
2021-05-01,1.6032950246065059,1.5605478982626528
2021-05-04,1.6041444638627598,1.5920677777160037
2021-05-05,1.5439129191182666,1.5777718758596897
2021-05-06,1.6183624098027394,1.6078097177275437
2021-05-09,1.5993499566559028,1.6026051351482378
2021-05-10,1.6078913307477958,1.6037817974640536
2021-05-11,1.6003909826695892,1.5355096326509325
2021-05-13,1.599985481835966,1.6021967037692242
2021-05-16,1.7188751534117628,1.2818746269520584
2021-05-18,1.0688470898707152,1.5876464769932426
2021-05-19,1.6506332126189718,1.6486575263809609
2021-05-20,1.6043378789366207,1.6016293718373522
2021-05-21,1.6034705372528495,1.601400832293602
2021-05-22,1.6300960157294206,0.3337650582192036
2021-05-24,1.6089515235058114,1.6069972071528331
2021-05-26,1.210303331315889,0.8109930178371476
2021-05-29,1.6010309173962465,1.6011689771193007
2021-06-01,1.5183872936010205,1.1713853487966281
2021-06-03,6.881228146603421e-09,8.364551677685337e-08
2021-06-06,1.5975767505535219,1.4982562575446485
2021-06-07,1.6044209560296852,1.610380592169264
2021-06-08,1.5362141932601308,1.6098948199212428
2021-06-11,1.6098345745325802,0.933642582149822
2021-06-12,1.2327709979231332,1.6020653605149668
2021-06-14,1.6094018537229606,1.6069660767997962
2021-06-20,0.5319287759714919,0.34459452963083564
2021-06-21,1.5803174852200317,1.5360994585961367
2021-06-24,1.6007733381405327,1.5360994585961367
2021-06-28,1.6091789920809765,1.608632798967461
2021-06-29,1.601024016348127,1.4982562575446485
2021-07-15,1.6010128005442497,1.6010206427556004
2021-07-19,1.601901052813426,1.5686815898248545
2021-07-20,1.6021717540336031,1.600899851352826
2021-07-28,1.7158146702774237,1.6486063156393325
2021-08-09,1.6492166380835689,1.607145353861691
2021-08-11,0.11034783576869536,1.6900474174770834
2021-08-12,1.6008281031651683,1.6008323102107613
2021-08-14,1.6607311669441889,1.641372513518807
2021-08-15,1.6075482597265625,1.5439501724162459
2021-08-17,1.6080757481570092,1.6072733119596143
2021-08-18,1.6021733984189688,1.6006744834875086
2021-08-19,0.514508832778959,0.4785647602640737
2021-08-23,1.1362195894612905,1.6056515695826252
2021-08-25,1.6005890915915397,1.4978198007326962
2021-08-29,-1.583784376872648,1.6100856662027188
2021-08-30,-0.9642265131816059,0.5569661213456243
2021-09-07,1.6089769595389471,1.6089728812166495
2021-09-13,1.658954114162507,1.6221686171267806
2021-09-16,0.8637502723484752,1.6877005226772854
2021-09-17,0.005412993829250706,1.5984438522715367
2021-09-28,1.5356526861887656,1.6010649496931482
2021-10-01,-1.5653960600270962,1.6166645520885217
2021-10-03,0.37067697478833816,1.6148273833645443
2021-10-04,1.6036280962173841,1.6021905452951049
2021-10-12,1.8262340754107556,1.53301929276315
2021-10-15,1.6078017484667577,1.6169637579641405
2021-10-21,1.5999867654535556,1.5350724015719968
2021-10-24,1.6026325939383026,1.60231181101453
2021-11-04,1.6048115904014972,1.6048132107183162
2021-11-05,-1.340120131670183,0.4046418697295943
2021-11-06,1.6320913726743955,1.0089730250713727
2021-11-09,1.6367986528262293,1.4103922211555886
2021-11-11,1.6685849369419057,1.5512139190387915
2021-11-14,1.6451320603819592,1.428637727203776
2021-11-17,1.650337593096601,0.6372645193479488
2021-11-20,1.6388018039909753,1.0478030035808406
2021-11-23,1.6292002807169792,1.628877629160795
2021-11-26,1.6029867372796647,-1.4488820394937003
2021-12-03,-1.390142828767661,1.4842890952707009
2021-12-07,1.588317123913653,1.4663236987566215
2021-12-12,1.615582137185778,0.42792803507931165
2021-12-16,1.6558666972511102,1.65513474421216
2021-12-22,1.6017251654658171,0.39304947375020244
2021-12-30,1.6470057334563293,1.6468909130992695
2022-01-01,1.6154649068089186,1.5718313989120596
2022-01-09,1.6831332511303057,1.6830613149075675
2022-01-12,1.593346237201504,-0.06600706749825463
2022-01-19,0.8344690783659532,1.4976664315994443
2022-01-21,1.6046870027586184,1.1844043246798603
2022-01-30,1.6074451112200339,1.6072080524530228
2022-01-31,1.604195988184237,1.5961318204099435
2022-02-05,1.580140808838303,1.589984563433738
2022-02-17,1.6053229783860825,1.6035680421489498
2022-02-24,1.5898633628671566,1.5910412262091154
2022-02-27,1.6056854101619062,1.6019971835521312
2022-02-28,-1.4238232015940495,1.613179333780008
2022-03-06,1.6373677201053447,1.6368836527460087
2022-03-07,1.602756747898853,1.5999668025568732
2022-03-08,-0.8563909894345996,0.3227723848699195
2022-03-25,1.6004042913547527,1.4976664315994443
2022-04-11,1.6034650074083923,1.5306777339276523
2022-04-22,1.6026641374573896,1.6037995405293708
2022-04-26,1.1963806448628502,1.5360994585961367
2022-05-12,1.6033452143249622,1.6032494543105866
2022-05-17,1.6567232959263483,1.6189127806058967
2022-05-23,1.6350165678719588,1.4781336435206194
2022-06-03,1.5496623500311542,1.60789865184691
2022-06-04,1.605842519306527,0.005859388861635042
2022-07-01,1.6017675065132988,1.601718721598938
2022-07-04,-1.5861737891701864,1.610881596224577
2022-07-13,1.6009650040321552,1.4982562575446485
2022-07-15,1.6188380816928478,1.6199506363290799
2022-07-17,1.6005679586945636,1.5366882416596064
2022-08-22,0.005964520835794016,1.6059584488976977
2022-08-30,0.22325910100803326,0.33076000858785526
2022-09-06,1.600408104757293,1.5355096326509325
2022-09-08,1.6261251750477204,1.5638567042833897
2022-09-19,1.4777921351599557,1.6012830667579598
2022-10-16,1.6078732976023993,1.597117030376897
2022-10-19,1.600826578036207,1.5360994585961367
2022-11-02,1.6139207316109823,1.613758265836038
2022-11-03,1.6275689833773483,1.4864101595507557
2022-11-05,1.5945396548876596,1.4982562575446485
2022-11-06,0.029899574325993113,1.5064584814768553
2022-12-16,1.6247503679650852,1.6208353441427046
2022-12-23,0.1052068187146804,1.6000914564929314
2022-12-29,1.628902686797319,1.7467885567127146
2023-02-11,1.6053552962231927,1.5999520162585992
2023-02-23,0.0051038981748519315,0.005121326685699427
2023-03-03,1.5120924024738416,1.605749880185104
2023-03-05,1.6081699895332684,1.297101043557541
2023-03-14,1.6046442580282947,1.6086288007800384
2023-03-18,1.5538942165113399,1.3764761297328383
2023-03-19,1.6651981489939036,1.6628261035429461
2023-03-20,1.6829153180062724,1.7142677452375708
2023-03-27,1.5826364312628893,1.603030944912873
2023-03-30,1.6208602369686724,-1.516001478795009
2023-04-06,1.60771247014662,1.606308643367764
2023-04-07,1.604400096478789,1.339582359329888
2023-04-11,1.6014778068810367,1.4988450406081182
2023-05-06,1.6177034986298016,1.622798560541831
2023-05-08,0.026216547752341463,1.5343579318017284
2023-05-10,1.6284291556441406,0.9285669421109243
2023-05-24,1.610707014937455,1.6094768185662691
2023-06-05,1.6025128518359928,1.6028372361509877
2023-06-21,1.6103572294034079,1.6087634867489429
2023-06-22,1.6521697094950039,1.6214865958747322
2023-06-24,1.5813169279467272,1.6097011460461388
2023-06-29,1.6068903529087182,1.6066155186467026
2023-06-30,1.6111627424451818,1.6035062593132952
2023-07-03,1.611594856834773,1.5781450730953193
2023-07-06,1.5897751221961303,1.6045401158501074
2023-07-08,0.5722822762345554,0.006020886297693307
2023-07-15,1.6055177354512953,1.6050731630147057
2023-08-07,1.6086526987968803,1.60973728335552
2023-08-10,1.6032851233973788,1.5596640080414523
2023-08-11,1.6122262932529938,1.6118651419222465
2023-08-25,1.6210269464746223,1.620269757522358
2023-09-05,1.6181090626146204,1.6181628450525167
2023-09-30,1.600886670921297,1.376494139134473
2023-10-02,1.636741987088738,1.1792414199167809
2023-10-05,1.5956341866039154,0.9356065758735459
2023-10-06,1.6021898938758312,1.6021592628449675
2023-10-12,0.14127916801468587,0.7394459357165106
2023-10-18,-0.4945938703844113,0.24598604676148797
2023-10-30,1.6566405113540343,1.3248310061276691
2023-11-03,1.6004335889120906,1.5461900199030885
2023-11-10,-1.590535623518357,1.6083437727478895
2023-11-11,1.6074423084311884,1.607964489630826
2023-11-12,1.306209426295219,1.611897065687086
2023-11-13,1.6010386126680292,1.4491122450818916
2023-11-27,1.601964372617255,1.5950154354877817
2023-12-19,1.6082354093451179,1.5997319776234233
2023-12-26,1.608505991756006,-1.186443899620379
2023-12-30,0.005258492634106392,0.005390769452531024
2024-01-22,1.6005569492122307,1.523137272041366
2024-01-29,1.607592682190076,1.6067969884100992
2024-02-05,1.3906143800699777,1.6021064693409395
2024-02-06,1.60602040251198,1.5978487718687109
2024-02-12,0.7869300150882992,1.3328241213190695
2024-02-21,1.6017162617021703,0.008413842481335407
2024-03-04,1.6079234809413279,0.33365091932243157
2024-03-07,1.5512298194256613,1.5360994585961367
2024-03-09,1.5974358149916539,1.5891543800198722
2024-03-11,1.6127464911696305,1.612345586545847
2024-03-12,1.3216583888521949,1.6028027153102256
2024-03-13,1.6049277994159776,1.5752015049324064
2024-03-18,1.607964393874178,1.6080236464469309
2024-03-25,1.6044872249778748,1.2901341675275488
2024-03-27,1.6024006576574126,1.601617946089391
2024-03-28,0.002694773862581446,1.516262576001371
2024-04-06,1.600307959521765,1.5355096326509325
2024-04-11,1.634061214011779,0.035719001680562176
2024-04-13,-1.577354754429207,1.3255759661891457
2024-04-16,1.6008504204211476,-0.027388501064367708
2024-04-24,1.6008865572792137,1.5916298702948726
2024-04-25,1.5899523693781075,1.5363938501278716
2024-05-03,1.5939846954155958,1.602562083642403
2024-05-08,0.14490928335098996,1.611157348556557
2024-05-10,1.598185119479283,1.6042120388411325
2024-05-16,1.5013574450189033,1.6165155853601405
2024-05-17,0.002147770656284281,1.5864517055447898
2024-06-02,1.6056794466631235,1.6056813740335971
2024-06-03,1.6040767176154898,1.5939244913845352
2024-06-09,1.5977804710374857,0.403367757858471
2024-06-10,1.6238680641311303,1.6243460621529051
2024-06-11,-1.3694583043440416,1.5919502135292067
2024-06-17,1.4840839882099195,1.635762612967122
2024-06-21,1.603425773297244,1.6025118163934098
2024-06-26,1.601519714198731,1.5823263625089528
2024-07-10,1.5998295833787173,1.4982562575446485
2024-07-16,1.6035508501833173,1.4258113419117642
2024-07-20,1.602926625214798,0.37242873330976206
2024-07-23,1.0759800928496401,-0.05238923696504269
2024-08-02,1.6089264254255753,1.5758447232678994
2024-08-19,1.600360814280634,1.6004199307116544
2024-08-21,1.6595606746830973,1.6621200693519644
2024-08-27,1.6016634510593541,1.6018076053974866
2024-08-29,1.4000190358330842,1.6056511810702592
2024-09-02,1.6002465120628357,-0.13502003296688353
2024-09-08,1.6006787375948879,1.4982562575446485
2024-09-09,1.5968731613491132,-0.03078071359953194
2024-09-16,1.6012973612907297,1.6009833113836005
2024-09-20,1.6012553850551001,-1.5964203281640246
2024-10-02,1.6112089895979054,1.6108023344830333
2024-10-07,1.6009741003049491,1.5360994585961367
2024-10-24,1.5585237586464422,1.5360994585961367
2024-11-09,1.601020214982643,1.5360994585961367
2024-11-14,1.611925352555916,1.592789094237533
2024-11-15,-0.54327314624109,0.8007414921048844
2024-11-16,0.011469084644975506,0.1511070472319747
2024-11-24,1.484102601060894,1.6004334935721312
2024-12-06,-1.5432018601176072,1.6041937600939966
2024-12-18,1.6018804505937445,0.40491114182680255
2024-12-20,1.3964166815592463,0.943006962401533
2024-12-29,1.6993413565010698,1.6503082306298953
