date,gold_investing.csv_title_score,gold_investing.csv_selftexts_score
2019-01-01,1.6011578813967815,1.600542864450317
2019-01-02,1.574618278365117,1.5818740284900992
2019-01-03,0.5377324159260252,1.0691852128390955
2019-01-04,0.8260909682429437,0.9665256216407352
2019-01-05,1.5992415107565188,1.6003977041880941
2019-01-06,0.8100584752855315,1.5988648527515537
2019-01-07,1.5954663792773771,1.58161643260574
2019-01-08,-1.5951533976956909,0.05117793919855672
2019-01-09,1.599152681290883,0.7966162629322976
2019-01-10,0.0003328336118211157,1.593009448352472
2019-01-11,1.5270530813515508,1.600311105793694
2019-01-12,0.011348441576349523,1.6109632332644332
2019-01-13,1.570610629277669,0.000928254389325366
2019-01-14,0.9540605623072618,0.9510567950615186
2019-01-15,-0.02080966428653719,0.43566808949603325
2019-01-16,1.5875850294802158,1.549088784022766
2019-01-18,-0.01569522318933107,1.517809534185338
2019-01-21,1.599270366133571,1.602387454878631
2019-01-22,1.6028245333036804,1.6002252739679839
2019-01-23,1.603772427099716,1.4790697076426491
2019-01-24,1.5982728409408924,1.600258565271272
2019-01-25,1.5966049343315358,1.6019545165844677
2019-01-27,1.6011420597278034,0.3651632894404881
2019-01-29,1.2040651750470321,1.332575057764209
2019-01-31,0.025650656363386107,1.5797592278866417
2019-02-02,0.0640284971787464,1.6306056640521498
2019-02-03,0.002229467285920661,1.601391941382504
2019-02-04,1.59847590433143,1.5350724015719968
2019-02-06,0.7998515737408968,1.5994041577404987
2019-02-08,1.6025919397491615,1.5667894483955482
2019-02-09,1.596426568753362,0.7834197495663331
2019-02-10,1.6506277947260302,1.5482766660361875
2019-02-11,-3.2846349341398135e-13,1.59267661474174
2019-02-12,1.6023957452850812,1.587430574502118
2019-02-14,1.3724506414007154,1.4011694566998445
2019-02-15,1.5886744574440168,1.5927274591802512
2019-02-17,0.012776058335383533,1.6019186825777898
2019-02-18,1.5925444723021476,0.0018821457033991764
2019-02-20,1.6049465042378324,1.1152847553983316
2019-02-21,1.596713583833843,1.5607731646471759
2019-02-22,1.6001201243476708,1.4735924680204302
2019-02-25,1.5974076670944155,1.6007646269830602
2019-02-26,1.5996211322898797,1.601711883433813
2019-02-27,-1.3135978891246918,-1.158605659640198
2019-03-01,1.5991769995138734,1.4225995869980053
2019-03-03,1.6026265220604496,1.602631556099774
2019-03-04,1.3960368847218632,-0.7386477674794949
2019-03-07,0.3136546103116008,1.0670885724271848
2019-03-08,0.2537562506767229,1.4696444689002008
2019-03-10,1.6034844716356114,1.478529027350451
2019-03-11,1.1153546976144968,1.5295176762046399
2019-03-12,0.8004940820619646,0.8671528380268043
2019-03-14,0.8003565846453781,1.567600255818288
2019-03-15,1.5998986908542658,0.0006654607368596878
2019-03-16,1.5976868519685608,1.600187662364478
2019-03-17,1.3830039599838164,1.5575179275106636
2019-03-18,1.6022167080248826,1.6035276908295886
2019-03-19,0.0037536679542055254,0.0037549509561913006
2019-03-21,-1.5326754906904971,1.5875530352350549
2019-03-22,1.5992984985004215,1.593120319004342
2019-03-25,1.0269076631594043,0.4959538195330498
2019-03-26,1.5961691578436998,1.5996399387069813
2019-03-29,1.6005971838068194,1.6005148594705134
2019-04-01,-0.01907417200048578,0.9248770625643256
2019-04-02,1.5928303477091554,0.8041906902960062
2019-04-04,0.006820716531936824,1.6067117068128387
2019-04-05,-0.5999050313357593,0.8057552140232612
2019-04-07,1.5996484004253528,1.535123246010508
2019-04-09,1.6005027360033681,1.5362818990276017
2019-04-10,1.5574782160355505,1.6003301533183172
2019-04-11,-1.590826881760777,1.411874557869169
2019-04-12,1.600037611803415,1.6000972158213984
2019-04-15,1.5670144293674153,0.9209541912984021
2019-04-16,0.0005774372114929184,1.4272512705610974
2019-04-20,1.601293300668282,1.602236044570831
2019-04-23,1.5986649342233787,1.5350724015719968
2019-04-24,0.5661139113151329,0.8833500667200177
2019-04-25,1.6005162762202412,1.6006525615764804
2019-04-26,1.5883583010824367,-1.4559765379685152
2019-04-27,1.6010962150426458,1.511096193428623
2019-04-28,1.6018359937175357,1.6015145582181898
2019-05-01,1.5997444213607888,1.5350724015719968
2019-05-02,0.459015544774676,1.4236511794541986
2019-05-05,1.6016326642815064,1.6000888551693055
2019-05-07,1.5447059175793307,1.608748650531497
2019-05-09,0.0,1.5350724015719968
2019-05-10,1.5999050053677588,1.60076007986051
2019-05-14,1.0692299034251953,1.5794403985871905
2019-05-15,1.5993969539738726,0.9296128241959434
2019-05-16,1.5030408330332117,1.601276123126805
2019-05-17,0.024213504788849427,0.7781167131740594
2019-05-18,0.9482777251600147,1.2715344992303217
2019-05-21,1.3030839634169739e-08,1.59267661474174
2019-05-22,1.599922912222836,1.5350724015719968
2019-05-24,0.2279679163551803,1.6017447865245813
2019-05-26,0.0019425731626756134,0.6904758929468802
2019-05-28,1.067268450551041,1.5671114656592249
2019-05-29,-1.5962269569879093,-1.3270590837221716
2019-05-30,1.5967345813182918,0.8278975505980302
2019-06-01,1.6009493270054806,1.6008989427961597
2019-06-02,0.001161283564113158,1.5676097674630327
2019-06-03,1.211506692217463,0.5155895331108699
2019-06-05,0.6388063821039612,1.3960754568971858
2019-06-06,1.538426499705998,1.5863353817975874
2019-06-08,1.5671603173220796,1.5752506825509296
2019-06-09,1.5329387416780809,1.600532047091098
2019-06-11,1.5741220964176197,1.5358176553629828
2019-06-12,0.8153469368616398,1.60015295527037
2019-06-15,1.605543194276075,1.6011670696899383
2019-06-17,0.0017073524674986462,1.6003442632780187
2019-06-18,1.1051417704338986,1.5452131934654363
2019-06-19,1.6001649240522027,1.6001093280297365
2019-06-20,1.285385657472683,0.8832065914178547
2019-06-21,0.8013295905106222,1.5692626364222617
2019-06-22,-0.0789472448749512,1.4736999808061118
2019-06-24,1.1749505944352951,-1.3676011450808065
2019-06-25,1.3697309217248625,1.0617658420453995
2019-06-26,1.6551194474557442,1.632483517466326
2019-06-27,0.24175408708211732,1.4909514601565064
2019-06-28,1.6000388096403475,1.535294327604746
2019-06-29,0.0003708591530773551,1.6005518148335762
2019-06-30,1.5768801650837845,0.012533471147320873
2019-07-01,1.6016963876865669,1.5967126176365598
2019-07-02,0.8150965901956699,1.5572789092356838
2019-07-03,1.6021519433111946,1.602156785887872
2019-07-04,0.8044632979351868,1.4757880412822142
2019-07-06,1.5847749524579706,1.2841036282472944
2019-07-10,1.4769330127465332,1.5706521080118678
2019-07-11,0.0006500221098079607,1.6002230874649885
2019-07-12,1.1551451976475016,1.4444191967491018
2019-07-16,1.4460865957677345,-1.088179809299186
2019-07-17,1.6017989263224255,1.6004194873549302
2019-07-18,0.014600867770720505,1.1650883717287288
2019-07-19,1.6954915114190128,1.6957942246403386
2019-07-21,0.0007346978531077984,1.5933666189734454
2019-07-22,1.6017618848692678,1.1994125498194002
2019-07-23,1.3118325889600022,1.5789578394299033
2019-07-24,0.531421516822132,1.5485580159502288
2019-07-25,0.9986902098393857,1.2341699218853361
2019-07-26,1.5495256872419496,-0.026369171874360386
2019-07-28,1.3914628374271913,1.2147617445966044
2019-07-30,0.5309289986356538,1.3811021551083573
2019-07-31,1.6008651477939246,1.600305289179775
2019-08-01,0.9621580927621667,1.5935541540963551
2019-08-02,1.496668305557346,1.570758909649661
2019-08-03,1.6028934111411701,0.8925376408374958
2019-08-05,1.2491279493218326,1.3360983561417275
2019-08-06,1.0633905961182015,1.5663038848135669
2019-08-07,0.0066265075678739295,1.277712274507238
2019-08-08,1.273794559752378,1.0707928777097184
2019-08-09,1.592127956965728,0.27182504155597614
2019-08-10,1.6011683392852443,1.601186088547982
2019-08-12,1.21485850061851,0.8647925045908796
2019-08-13,1.6014362736480365,0.0014647457602735086
2019-08-14,1.3339778310811998,1.4056409353430288
2019-08-15,1.1178029482223375,0.9407968170879126
2019-08-16,1.4321499637052035,0.002470399720146732
2019-08-17,-0.23894778579105155,1.3687173342692585
2019-08-18,0.4435729990835438,1.3262962223872499
2019-08-19,1.600178783901187,1.0687179952046295
2019-08-20,0.9289511833035773,1.474029151375009
2019-08-21,1.6012412400645473,0.8626528397206646
2019-08-23,0.0011230142952707554,1.6001460462634205
2019-08-24,1.606507360298204,1.6028254005057458
2019-08-25,0.00256436709537441,1.4991108741319012
2019-08-26,1.6007548021334763,1.0480381079209102
2019-08-27,0.6156459606047439,0.002554968696472981
2019-08-28,-0.7971909212922291,0.7991343261135814
2019-08-29,1.6005170946021867,1.5799570222545263
2019-08-30,0.41169899783848435,1.5215445278158706
2019-08-31,0.9947335794289294,1.4634848509625593
2019-09-01,1.646854243342367,1.6299126310906
2019-09-02,0.7782010574578238,1.2008959342371397
2019-09-03,1.3374114821151684,1.291161628116354
2019-09-04,0.12599596858275014,0.958632362661536
2019-09-05,1.5868919168089708,1.5985524084659042
2019-09-07,-0.25280873104257584,0.003329705443733899
2019-09-09,0.13000113563825033,1.293619031889479
2019-09-12,1.5930585183645898,1.535123246010508
2019-09-13,1.1622065144523828,-0.37544394203210896
2019-09-15,0.02237315082333904,1.6200642557613154
2019-09-16,1.5674344692121194,1.5620925768176974
2019-09-17,0.006198869206982427,0.7979139671266335
2019-09-18,7.949991886643002e-07,1.5350724015719968
2019-09-19,0.533636722680113,0.9204905790629412
2019-09-22,1.6003466541452698,1.595707869185526
2019-09-23,0.7415199324920105,1.0490128416890911
2019-09-24,1.6001345882794833,1.5356269395849362
2019-09-25,1.0708476768116557,1.5526824174781337
2019-09-26,0.9472699527831944,1.5573549470107226
2019-09-27,1.2277207239227235,1.5726151468457243
2019-09-28,1.2856421175759114,1.5676891205876462
2019-09-29,0.532378518618298,1.5773105890356647
2019-09-30,1.5995756378331172,1.5352342105733507
2019-10-01,1.0375148681017947,1.568193337325477
2019-10-03,1.142839723201037,1.565992438651317
2019-10-04,0.4107246702813985,1.555703255756034
2019-10-05,1.3715669097481307,1.6005239155462985
2019-10-06,1.6005506836646273,1.5356269395849362
2019-10-07,1.558186714128141,0.006970141241310457
2019-10-08,0.7023350226448944,1.5352342105733507
2019-10-10,0.1499410196544374,1.1343226398250896
2019-10-11,0.8061881712991413,1.6066859590476472
2019-10-12,1.4114904765773324,1.602507263843453
2019-10-14,1.6024479579245832,0.7166276101162128
2019-10-15,1.573563932703448,1.6029876036250588
2019-10-19,0.7786964473854986,1.5585257522282394
2019-10-22,1.5102011616619981,1.594833985669247
2019-10-25,1.6005335760009964,1.6003007688469255
2019-10-28,1.5988623352440148,1.4929063482254796
2019-11-01,1.5960982923352378,1.5947888456607098
2019-11-03,1.603032041629345,1.550977388910674
2019-11-04,0.7958959123212508,1.584944211473865
2019-11-05,1.5993471819083858,1.5966486929543433
2019-11-06,1.6016115085914286,1.536838736846722
2019-11-07,1.5922615368487398,0.9896867683169879
2019-11-08,0.6364713968297704,1.6010026996758324
2019-11-09,1.600378515083648,1.5933419496280408
2019-11-12,1.5831408479487357,1.2756780464614925
2019-11-14,1.5865064214766518,1.4744828568852617
2019-11-15,1.6003792462501423,1.6003636510427497
2019-11-16,-1.5969033355152862,-1.5963967832843184
2019-11-17,1.600822158886311,1.5967072198756656
2019-11-18,-1.2316558133735576,1.535123246010508
2019-11-19,1.5731111793594383,-0.34059257830048717
2019-11-21,1.5138279795182779,1.564895945309884
2019-11-22,0.05341036000222462,1.535123246010508
2019-11-25,0.0022557409797746564,1.3101086848863317
2019-11-27,0.004794102915267029,0.0029335208456595626
2019-11-28,0.8069313959485036,0.01730258415604069
2019-11-29,-0.011244260979376919,1.5692313777276805
2019-12-02,0.3587826333345958,1.2564654183294182
2019-12-03,-1.596941885328373,1.3727280831097666
2019-12-04,1.6013282313944932,1.601258781916188
2019-12-05,1.5838168787178097,1.584138869959646
2019-12-06,1.5212348960516373,0.9890074783960172
2019-12-07,1.5999781074076058,1.535123246010508
2019-12-08,1.5392269101299345,1.032252568942206
2019-12-09,0.9232156253175378,1.0729307003795001
2019-12-10,1.4771361607121145,1.5644354170328754
2019-12-11,0.8794608736700219,1.0771686075705649
2019-12-12,1.588489003679613,1.5354560288314687
2019-12-13,1.601116448412331,1.5995472854701516
2019-12-14,1.60151225289183,1.4365533456828712
2019-12-16,-0.38525381636328804,1.5425714850489098
2019-12-17,0.25812169596120843,0.7962348795998239
2019-12-18,1.0697502650123611,1.5978284155089562
2019-12-19,1.3005724686430484,1.5118410596248104
2019-12-20,1.5999836797739422,1.535123246010508
2019-12-22,1.1443599849892934,1.537201613337665
2019-12-23,5.084443864372072e-05,1.535123246010508
2019-12-24,1.6017053534534855,1.5985939732134922
2019-12-25,1.6004991815724459,1.5797761119174816
2019-12-26,0.7894150198419758,1.162359493612155
2019-12-27,0.16644809256831392,1.3942055528162336
2019-12-28,1.2736523384289096,1.5955821435719972
2019-12-29,1.5996205109174726,1.5933370814731678
2019-12-30,1.0670214220436876,1.5606167217258335
2019-12-31,1.0660519941499234,1.5782872308960787
2020-01-01,1.1833425038579886,1.3471869710881241
2020-01-02,1.5462513460348544,-1.5790087996641382
2020-01-04,1.4758681644405345,1.602079215802474
2020-01-05,1.6011261824846017,1.5644508692489316
2020-01-06,1.212884900895002,1.5843293369357996
2020-01-07,-0.1718416345802717,1.5991963965456544
2020-01-08,0.2613874944120685,0.9750705471412283
2020-01-09,0.014251216206498496,1.55674433169395
2020-01-10,0.8016666871026453,1.5971486388399354
2020-01-11,1.5643362683478568,1.599324105187584
2020-01-12,1.6380095275743698,0.861520127400564
2020-01-13,-0.007352679686082664,1.5787077888173964
2020-01-14,0.0905134421199596,1.5980516535053613
2020-01-15,1.1654853416823616,1.5315593210932028
2020-01-16,0.8446242517360482,0.46946548304382835
2020-01-17,1.5874067593843058,1.5540272060896942
2020-01-19,0.9703523595300536,1.5996092442458247
2020-01-21,1.6000195608566616,1.535123246010508
2020-01-23,1.0896339098692198,1.5355667633964964
2020-01-24,1.6008133524666253,1.6008174090940994
2020-01-25,1.5994571670399709,1.5970190845072036
2020-01-26,1.6034628911241655,1.5854377185255453
2020-01-27,1.5975047539691216,1.6009370313015123
2020-01-28,1.59924944284275,1.535123246010508
2020-01-29,1.281257726060192,1.5945774737859992
2020-01-31,1.600312320113147,1.593853642964256
2020-02-03,1.2140489822397482,0.8077279055853768
2020-02-05,1.6006429672850115,0.004781247512845699
2020-02-06,0.6175179230059618,1.134467199237353
2020-02-07,1.6014870737528013,0.017686707503925425
2020-02-08,1.600347091207306,1.590001541744842
2020-02-09,1.6581411546548346,1.1945239601730633
2020-02-10,0.8021582205107435,1.3099562356624572
2020-02-11,1.0498897894756551,1.5484813848252807
2020-02-13,0.8543623477359908,1.6009890505555762
2020-02-14,1.6005355021171044,1.6013483432439295
2020-02-15,0.8008133095642187,1.4576084259697208
2020-02-16,0.5505458402517965,1.6047831321754027
2020-02-17,1.5541504910054906,1.5421574681645482
2020-02-18,1.5962412897942988,0.5606914714345848
2020-02-19,0.8104017433135577,0.7786977882465493
2020-02-21,1.2809444598926285,0.5998963890241057
2020-02-22,0.976357088917826,1.4751286278087423
2020-02-23,0.8074791622716071,1.585141167621663
2020-02-24,0.9641151811985943,1.3866877661552002
2020-02-25,0.6637764097932614,0.3905170020719887
2020-02-26,0.013588565544000675,0.5640541962763546
2020-02-27,0.3870468416905588,1.240990978613988
2020-02-28,0.7884106202015856,0.6908234224010825
2020-02-29,0.8262247134752063,1.5332413022451987
2020-03-01,0.5101858653725511,0.8026329015989467
2020-03-02,1.5998822214515838,1.535123246010508
2020-03-03,1.576115618557345,1.535123246010508
2020-03-04,0.9311614920299107,1.3574038173663845
2020-03-05,0.7192218111281248,1.3777564143140344
2020-03-06,1.29603305005098,1.5198189655250438
2020-03-07,0.7318590064966921,0.6693468567250751
2020-03-08,0.01750194631461388,1.1933742679843173
2020-03-09,0.3468255159273688,0.9601936659432353
2020-03-10,0.5018658898169698,1.5366383857609025
2020-03-11,1.1357976229508153,1.5617869160928952
2020-03-12,0.498424788147771,0.9102927036234943
2020-03-13,0.6797025671672607,0.4336435918579285
2020-03-14,0.5163857209645794,0.5388320261002141
2020-03-15,1.2009377843588833,0.8849510074813605
2020-03-16,0.7819161933618547,0.9743008894105897
2020-03-17,0.6804164882554844,1.4626390998448846
2020-03-18,0.6034824715709264,1.1438917279221519
2020-03-19,0.6734847511428942,0.837238944056501
2020-03-20,1.0849333532919692,1.005110246825999
2020-03-21,0.9942563632184394,1.0850111522848878
2020-03-22,0.552601641874185,1.2981410402890745
2020-03-23,0.8498317975120043,1.0245567468327217
2020-03-24,0.8831200671107555,0.739672926107563
2020-03-25,1.3359228498713238,0.9044241757930119
2020-03-26,1.597467108972134,1.3708910102350595
2020-03-27,1.6002722354452472,1.134378367764168
2020-03-28,0.6918621889055273,0.7077861467869941
2020-03-29,1.0873846100831732,1.4071352229946104
2020-03-30,1.0954327211480017,0.6498627555274178
2020-03-31,0.34294532843645975,1.170893497318893
2020-04-01,1.3634998114088501,1.3623042271381607
2020-04-02,1.2643489856789136,1.1219693919826417
2020-04-03,0.005595648461711382,0.9510133546805554
2020-04-04,1.2005152138832238,1.567153289112758
2020-04-05,0.8044250489115693,1.3933487750140183
2020-04-06,0.6837138998388792,0.7641820922655461
2020-04-07,1.587693904224026,1.4609478251577876
2020-04-08,1.5928073217163725,0.6396153777987784
2020-04-09,0.6960779359544597,1.118523346935301
2020-04-10,0.9281816601672487,0.8866589888022703
2020-04-11,1.598547124971883,0.8056795432248272
2020-04-12,1.3679201622462593,1.282758084478581
2020-04-13,1.0859621847636824,1.3791476067476816
2020-04-14,1.1187465565936894,1.353292317372184
2020-04-15,1.0091305810705216,0.7681353361146794
2020-04-16,1.1772736032294961,1.1095182722716748
2020-04-17,1.5996995902655728,0.001978823358796178
2020-04-18,1.6018659835147786,0.9195530760540804
2020-04-19,1.6011614636568146,1.4925032315238072
2020-04-20,1.2534445455236274,1.5649715110147813
2020-04-21,1.0602686301920956,1.0475196331985255
2020-04-22,0.5331387862664686,1.4231582809417167
2020-04-23,1.0248374084600629,1.5588624492472094
2020-04-24,0.9586908161758255,1.4787162525444735
2020-04-25,0.005598490592711058,1.6020328706147782
2020-04-26,0.9358940906211565,1.5449341499823936
2020-04-27,1.6069168382240424,0.31315204252502343
2020-04-28,1.5963952531799834,1.5486219086639594
2020-04-29,0.770013568694453,1.4350644019022472
2020-04-30,0.8304586629007776,0.6065862804767234
2020-05-01,1.6006936074508253,1.5579521252460775
2020-05-02,1.6019465818559997,1.0627514504037594
2020-05-03,1.2645853650699936,1.566632254058828
2020-05-05,1.5994208290371181,1.210243167067709
2020-05-06,1.0616150678021636,1.0474074238541602
2020-05-07,1.6097364692399332,1.5448161116235406
2020-05-08,1.6012529474125599,1.5610643836621392
2020-05-09,-0.001579939110021596,1.5530892856978993
2020-05-10,0.5427237782935774,0.82600554621991
2020-05-11,1.6018999209542129,1.5564617563395595
2020-05-12,0.4112461119023327,0.8837613610210799
2020-05-13,0.477908087471433,1.1653163045772048
2020-05-14,1.6000152370280485,1.5357330233806055
2020-05-16,1.599307513314792,0.7693093134214649
2020-05-17,1.579273993487029,-0.4865664019820759
2020-05-18,1.2892603002938385,1.3359922736333631
2020-05-19,0.15598619333420205,1.046915766156909
2020-05-20,0.6476369182154603,1.420905236550379
2020-05-21,1.1269849733606114,1.0030273917659327
2020-05-22,1.0344552891824415,1.5743688981953499
2020-05-23,1.6014320625522913,1.2688901875328495
2020-05-24,0.5026487453810303,1.535818153350169
2020-05-25,1.6006460387272508,1.5369224357230085
2020-05-26,1.5034195787849365,1.3563548008339825
2020-05-27,1.5910102528062087,1.5637022377629266
2020-05-28,1.6012133524494832,1.5363418272323155
2020-05-29,1.6006342914265745,1.5357284515391474
2020-05-31,1.581058973660816,1.5651888134516352
2020-06-01,1.5974648760109627,1.031190808259901
2020-06-02,0.9323853838575537,1.2132807215702546
2020-06-04,1.6010285382550338,1.600922953147189
2020-06-05,1.2600642436463247,0.378755190034347
2020-06-06,0.8020275710415756,0.7739124015463851
2020-06-07,0.7981385150997188,1.3891553148183895
2020-06-08,0.947228412372719,1.3715626283332876
2020-06-09,1.5991012907139939,1.5998658819043925
2020-06-10,1.6012823350740208,1.566410727280488
2020-06-11,-0.05715266237287963,1.251527484048012
2020-06-12,1.5935777195552427,1.5352596204435647
2020-06-13,1.6011489237343,1.5929562231473704
2020-06-14,1.5997090450033167,1.5352342105733507
2020-06-15,1.6100494594394184,1.6010196099825276
2020-06-16,1.370840298059982,1.5542806692145696
2020-06-17,0.7302799559608166,1.5355967151227716
2020-06-18,1.5567004513967315,1.0238711620342362
2020-06-19,0.8411058955298436,1.338323578637647
2020-06-20,0.15792542614339955,1.5352342105733507
2020-06-22,1.5716940534289894,0.3120885642708167
2020-06-23,1.0680214729591513,1.1075824281441498
2020-06-24,1.6012276818393292,0.8745880552630156
2020-06-25,1.1872297046387714,1.3527397117563555
2020-06-26,1.209022046370931,1.3705635892776116
2020-06-28,0.004763463110752381,1.5398358646830097
2020-06-30,1.2888931556976055,1.5364826821515996
2020-07-01,1.596146004216684,0.5106410960839267
2020-07-02,0.7181386506494285,0.8009935079915959
2020-07-03,0.997584845697794,1.5352342105733507
2020-07-04,1.635288484137563,0.8584019002202669
2020-07-06,0.7989811299882948,1.567753184775329
2020-07-07,0.721113470562945,1.4920236527195314
2020-07-09,1.5942048230067423,1.5712869814796195
2020-07-10,1.6009410877072692,0.619725250576179
2020-07-12,1.6110693994733158,1.222791931437033
2020-07-13,1.270958249638706,1.5308390428129508
2020-07-14,1.2542833435688254,1.491554269549598
2020-07-15,1.5993544461809153,1.5668806577863632
2020-07-16,1.5996929689571995,1.5352342105733507
2020-07-17,1.6123020089313342,1.5999603707663013
2020-07-19,1.6025468851201676,1.566500332996668
2020-07-20,0.48980806083942885,0.36221783214513986
2020-07-21,0.34180798994900874,0.5828444726845154
2020-07-22,1.5956013001191025,0.9148530929921957
2020-07-23,1.483944457391664,1.152665190972376
2020-07-24,1.0648976662068244,1.4956069650794346
2020-07-25,1.4778107161952796,1.5546393485183216
2020-07-26,1.2224541364373134,1.1697858262464937
2020-07-27,0.9638257171425715,1.5752252848709578
2020-07-28,0.643120637432764,1.5127003460142883
2020-07-29,1.5380576712504654,0.7305298641284008
2020-07-30,0.41931220889665544,0.9214451265653164
2020-07-31,1.580941055747231,1.5706550934411838
2020-08-01,1.6013491146074692,1.1253552474331208
2020-08-02,1.6146164324468932,1.032846963970355
2020-08-03,1.6351428906093233,1.630255341768622
2020-08-04,0.44930768414537603,1.342621063025011
2020-08-05,0.9700200206043241,1.5556830202921041
2020-08-06,1.1844361400691512,1.1704698417487063
2020-08-07,1.0721291734315228,1.5352342105733507
2020-08-08,-0.09334258775585565,0.5600107430978319
2020-08-09,1.6022817829403828,1.1324775165635077
2020-08-10,0.5331446720716962,1.5489520887360537
2020-08-11,1.6035132892474584,1.598519940582847
2020-08-13,1.4396273420984036,1.5679908722924927
2020-08-14,1.6272474804984725,1.5927980269933046
2020-08-15,1.593000520368627,1.0970952016125997
2020-08-16,1.3043074424934173,1.5714143959415356
2020-08-17,0.9276534208274403,1.304861065053996
2020-08-18,1.3272481765379844,1.5602629170663493
2020-08-19,0.913035757227964,1.5686532795406884
2020-08-20,1.5245036200608197,1.2038083702762437
2020-08-21,1.5777622218913905,1.1734912464555334
2020-08-22,1.6002746965124857,1.5752154516936223
2020-08-23,0.8096338949310075,1.5722394637478105
2020-08-25,1.5719499462443318,1.566552545680639
2020-08-26,1.506885412289254,1.5352342105733507
2020-08-27,-0.5430266398130926,1.5655803165642015
2020-08-28,0.7134427148209823,1.600868520259969
2020-08-29,1.0438200087221867,1.3945507930456478
2020-08-30,0.5844622435791229,1.5654343061285094
2020-08-31,1.4409725742987867,1.0942955086245811
2020-09-02,1.6015587586099773,1.596963343503596
2020-09-05,1.5986842577147669,1.5357376627533958
2020-09-06,0.8046285698816467,1.277812193206918
2020-09-07,0.8134463159378351,0.8094131971926058
2020-09-08,1.5976739207071595,1.5352342105733507
2020-09-09,-0.2962697110073307,0.8070159467458298
2020-09-10,0.49765663662746623,1.063013068131479
2020-09-11,1.610903788051369,1.4511838024613337
2020-09-13,0.8000324179669123,1.5352342105733507
2020-09-15,0.7936363162368116,1.5352642690890483
2020-09-16,0.8017606836008896,1.569192458987509
2020-09-17,-0.26282905723919,0.4222388342381585
2020-09-18,0.2542528247245835,1.5696191977423966
2020-09-19,1.5221338072737929,1.593021697893388
2020-09-20,1.588020951795731,1.5290746610705508
2020-09-21,0.04980560021147423,1.314570150993843
2020-09-22,0.9011774446285075,0.5828427881594266
2020-09-23,1.0010556532411123,0.9935914397752558
2020-09-24,1.6001190497503082,1.5352342105733507
2020-09-26,1.6002156492441006,1.5355114188011476
2020-09-27,0.8380736576497416,-0.010082033419908043
2020-09-28,1.602283054696991,-1.196881513587353
2020-09-29,1.5634178076513228,1.624364484701579
2020-09-30,0.7780130150154922,1.5679378230568177
2020-10-01,0.0007995968320679396,1.5997781008894159
2020-10-02,1.5858180032664813,0.001664291844276606
2020-10-03,1.0673897946373043,1.499790664213238
2020-10-05,1.5971949682482633,1.593120319004342
2020-10-06,1.6002103531015022,1.535294327604746
2020-10-07,0.003421803193092952,1.5678793450788888
2020-10-08,1.0650813159214452,1.5793798623381818
2020-10-09,1.6008223328487996,1.3162460553810011
2020-10-13,0.7079861202168153,1.577399476365188
2020-10-15,1.4804144492683118,1.2441328037958008
2020-10-16,1.5987977257512387,1.5844938724285105
2020-10-18,0.11371453479724651,1.5767320978695791
2020-10-20,0.8043032159203717,1.050137276357587
2020-10-21,0.9710181290181386,1.2675571796869527
2020-10-23,1.604357714413558,1.5666504194791253
2020-10-24,0.0029147614410748846,1.59553993278097
2020-10-25,1.0201983041065203,1.312511134417354
2020-10-26,1.5820142518019114,1.569054049698609
2020-10-27,1.602651131997671,1.570988658686266
2020-10-28,0.7044956292367816,1.6125752778652311
2020-10-29,0.0001618134313969546,1.5352342105733507
2020-10-31,1.6001887438255917,1.5372252756102776
2020-11-01,1.6001064330258297,1.5351833830760453
2020-11-02,-0.7786096310092623,1.5352342105733507
2020-11-03,1.6007544517295105,1.5492337390548263
2020-11-05,1.5853613264933732,1.592838423743094
2020-11-06,1.6032073239641584,0.004644380042108209
2020-11-07,1.6024491113640402,1.6003366825063852
2020-11-09,0.8089239530311688,1.5360343193916126
2020-11-10,1.5811841611461215,1.0450020240618774
2020-11-12,0.8485079285927567,1.590500337760751
2020-11-13,0.8099308764628189,1.60694948422049
2020-11-14,1.6017006877852882,0.40238277268096484
2020-11-15,1.595548183207576,1.1038626878898967
2020-11-16,1.6041136081937566,1.5962200223993843
2020-11-17,1.5968480038035742,-0.6844339395225668
2020-11-18,1.5948455764731555,1.5352342105733507
2020-11-19,1.6186843947459866,1.2941110856100506
2020-11-20,1.597181531637976,1.5635713629845431
2020-11-23,1.6048446591273884,1.5435536514715589
2020-11-24,1.5576416529612296,1.5282540414120107
2020-11-25,1.5562959332203716,0.7795312408233288
2020-11-27,0.7999761129036242,-0.7769967281615839
2020-11-29,1.601741116576394,1.6132158367884906
2020-11-30,0.5321326769562396,1.083722050203003
2020-12-01,1.5971083684083118,1.5684666279302524
2020-12-02,-0.09902759690783691,1.0601354417742053
2020-12-03,1.5835245946746455,1.1322600095525552
2020-12-05,1.6906208860054661,1.6892428297745812
2020-12-06,1.677191082477215,1.6389831277952207
2020-12-07,1.5788164642531233,1.5429255896068947
2020-12-08,0.19611463269809049,-0.0059353487787481285
2020-12-09,-0.731865866770463,0.9876601862295216
2020-12-10,1.6013079961981238,-0.9332312795848063
2020-12-11,1.6005687699564213,1.6002560061779052
2020-12-12,1.6000835581716049,1.5352342105733507
2020-12-13,1.522303962617746,0.568293864398558
2020-12-14,0.8068535783878418,1.5663307864143525
2020-12-15,0.5799077502261716,0.9586311589724584
2020-12-16,1.0905732141165345,1.0173813389734676
2020-12-17,1.624907322684142,1.6249914906051686
2020-12-18,1.5989776090480348,1.6000714837194665
2020-12-20,1.4836835383781461,1.0681940778841623
2020-12-22,1.5991714967994195,1.5352342105733507
2020-12-24,1.5998745287003817,1.5352342105733507
2020-12-25,0.0005545380129395628,1.6003251426980731
2020-12-26,1.5253014415801627,1.5904528297138742
2020-12-28,1.0280694370778514,1.3519993029585244
2020-12-29,0.30049974036422655,1.4125223056384015
2020-12-30,0.7987863917163608,1.5050258253979951
2020-12-31,1.5886367402253152,1.2555108618419506
2021-01-01,0.7102549690465222,1.5791341428554384
2021-01-02,1.5905300658173271,1.5352342105733507
2021-01-03,0.6474714018756461,0.8513685834780544
2021-01-04,1.5152180811309504,1.09873240307213
2021-01-05,1.6038519195446317,0.004348184775608832
2021-01-06,1.2829559920262972,1.5579072159716554
2021-01-07,1.601556672204783,-1.0974243958324437
2021-01-08,0.8014918547473548,1.0340343338807476
2021-01-09,1.3418131461124385,1.081216451540826
2021-01-10,1.6005757668555198,1.5794001626111147
2021-01-11,-0.30828737998368144,1.5646406368374708
2021-01-12,0.05922658727833119,1.2675483601829804
2021-01-13,1.4747742734700435,1.565007943360094
2021-01-14,0.8205161031209594,1.0232323985975011
2021-01-15,0.7908242263624292,1.5596359451052793
2021-01-16,0.37873316109095323,1.5545665246337936
2021-01-17,0.7252301093395365,1.3731296819757877
2021-01-18,1.5933056047995433,1.4322439583638877
2021-01-19,1.6001581116000418,1.5352342105733507
2021-01-20,1.2014124284692662,1.1343688934204357
2021-01-21,0.35549881349593976,1.535315075780578
2021-01-22,1.6001110239995229,1.535848496479214
2021-01-23,0.8113037161985832,1.1819929837131604
2021-01-24,0.5495751038228921,1.3452619568149984
2021-01-25,1.192459934712701,1.015931645402329
2021-01-26,1.2664362614441416,1.593564008457705
2021-01-27,-1.5789977840165295,-0.6158467925563504
2021-01-28,0.687734530329725,1.3473901694035253
2021-01-29,1.6017718551588325,1.3126710783406275
2021-01-30,1.5957807179366297,1.543345865986705
2021-01-31,0.9450083305748587,1.4985202615405422
2021-02-01,1.592856217906844,1.5352342105733507
2021-02-02,0.8151830444527431,1.0431936545130096
2021-02-03,0.8005995901243481,1.5357664819651382
2021-02-04,1.1968379183897102,1.5352342105733507
2021-02-05,1.2005037787641342,1.3671562789172662
2021-02-06,1.0054313309189236,1.528979374666228
2021-02-07,1.5824707769800823,1.5017979122037588
2021-02-08,1.150298317678223,1.2422659041865634
2021-02-09,1.34779061563475,1.3155540219005843
2021-02-10,1.5881491201277136,1.2426611624205084
2021-02-11,0.6575921353817304,1.5615868099130465
2021-02-12,0.5992303814584516,1.355169159326533
2021-02-13,1.5189452248587465,1.5265920057170073
2021-02-14,1.5969365921988754,1.5567098599842755
2021-02-15,0.7397519003807945,1.5688965885203658
2021-02-16,1.2790908807913013,1.535167631835645
2021-02-17,0.5021702816560101,1.2355292209321638
2021-02-18,1.3949042121130828,1.0286347739225816
2021-02-19,0.0027020552776773807,1.3962068154810598
2021-02-20,0.22389683743267003,1.5314735941500381
2021-02-21,0.730526305740475,1.177428617770991
2021-02-22,0.5757840527152002,1.2922834106796155
2021-02-23,1.5632522471177621,1.249401885543747
2021-02-24,0.8902633181236131,1.0917814378812065
2021-02-25,1.5412907821637827,0.8480088533228293
2021-02-26,1.4522198330900098,1.4250553081745794
2021-02-27,1.2794719271680304,1.5352342105733507
2021-02-28,1.5953652644229213,1.5352342105733507
2021-03-01,1.5991566795613619,1.5352342105733507
2021-03-02,0.6365311185510851,1.5379585567625704
2021-03-03,1.6022686429349797,1.3220347943033706
2021-03-04,1.6322022093902078,1.5869360339826457
2021-03-05,0.35061524012282985,1.5363963213214633
2021-03-07,1.6135183333835101,1.5594979609532948
2021-03-08,0.3994643826202051,1.5352342105733507
2021-03-09,1.5998921979903162,1.5352342105733507
2021-03-10,1.5718936857175532,1.5352342105733507
2021-03-11,-1.5988269230451573,1.5352342105733507
2021-03-12,1.597745495438036,1.5572919510335363
2021-03-13,0.7429409563166256,1.55104527041262
2021-03-14,1.5736996272028063,1.5352342105733507
2021-03-15,0.5478282557777924,1.4262798310855096
2021-03-16,1.077760558213122,1.4098962532654324
2021-03-17,0.773541094165626,1.5352342105733507
2021-03-18,1.6000901445982751,1.567489123391265
2021-03-20,0.011796136626841092,1.0662277099026307
2021-03-21,1.5999835767745172,1.5352342105733507
2021-03-22,0.6185692788051994,1.1048980635691146
2021-03-23,0.9907859145005615,1.388387440054969
2021-03-24,0.7997645726694232,1.5352342105733507
2021-03-25,1.451892392837995,1.5352342105733507
2021-03-26,1.5979875449607586,1.5352342105733507
2021-03-27,0.04567821220197843,1.5779678757696094
2021-03-30,1.600026790853825,1.5352342105733507
2021-03-31,1.6090026311212409,1.1666168849284861
2021-04-01,1.6204543808050575,0.2834948423416525
2021-04-03,0.8007339811552624,0.7970433960053164
2021-04-04,1.5987613660622015,1.5352342105733507
2021-04-07,1.5609386380273043,1.5352342105733507
2021-04-09,1.101743305166804,1.5352342105733507
2021-04-10,0.8043399392851817,1.540736023029289
2021-04-12,1.282977417007868,1.5352342105733507
2021-04-13,0.844106285467074,1.2676873658207957
2021-04-14,1.5999749445196088,1.5352342105733507
2021-04-15,1.599613832895829,1.5352342105733507
2021-04-17,1.2376373841281683,1.5352785742249744
2021-04-19,0.7893843279418624,1.5354513117050996
2021-04-22,1.6051324606731792,1.051046291024286
2021-04-24,1.6477934492206914,1.6451468126384348
2021-04-25,1.6000960963400412,1.5352342105733507
2021-04-26,1.602907677741235,1.5605494923736032
2021-04-28,1.6503045340099984,0.4565549475508539
2021-04-29,1.575405990199327,1.5352342105733507
2021-04-30,1.6000123182115065,1.5352342105733507
2021-05-01,1.3689278793832098,1.2435524669661502
2021-05-02,1.5415787577361009,1.4380639345448794
2021-05-03,1.5784490886742624,1.5557132909383056
2021-05-04,1.6006176142363118,1.5681534077081345
2021-05-05,1.6083369091714832,1.5794673405578545
2021-05-06,1.5941259163640318,1.333021560161254
2021-05-07,0.48700776533668755,1.3257065237317571
2021-05-09,1.5779138155844952,0.8017199274863002
2021-05-10,1.5997356141969568,1.548598319140929
2021-05-11,-0.058007956148417916,1.5746728781942665
2021-05-12,1.5628617301721879,0.8084101590820546
2021-05-15,1.4809974833515953,0.57701990584368
2021-05-16,0.10338117734224046,1.5592001363784276
2021-05-17,1.6166673327914391,1.6172867630869332
2021-05-18,1.5871584655841704,1.5355263209096668
2021-05-19,1.3730545454225709,1.62215071817085
2021-05-20,1.5975393794298516,1.5352342105733507
2021-05-21,1.5937874447255025,1.5358899421483718
2021-05-22,1.6000129560801462,1.5352342105733507
2021-05-23,-1.5975707319058992,1.5352342105733507
2021-05-24,1.43677990111461,1.5500311562299018
2021-05-26,0.0028963175974130845,0.21490114198839544
2021-05-27,1.5920663830683912,1.5352342105733507
2021-05-30,1.5855048020682212,1.536580865288671
2021-06-01,0.964161941792247,1.386436301564657
2021-06-04,0.7529349181615947,1.5634250916086752
2021-06-05,1.5965471172715184,-1.5457695131011175
2021-06-07,1.601159630409248,0.5276640991578789
2021-06-08,1.5993657773253587,1.5352342105733507
2021-06-09,0.00017358351522360146,1.5352342105733507
2021-06-10,0.4795560367050051,1.4447396334681932
2021-06-11,1.603191663022058,1.6029836045800523
2021-06-12,1.6001393787498837,1.5352342105733507
2021-06-13,1.6003127985465082,0.7715403657078836
2021-06-14,1.6109992564388624,0.5461421485508406
2021-06-16,0.8037393691150979,0.7712866800675167
2021-06-17,1.5995005514424523,1.5352342105733507
2021-06-18,-1.5998176788166565,1.5352342105733507
2021-06-19,1.595304358060784,1.5744994864194466
2021-06-20,1.408343126481882,1.444824581290661
2021-06-21,0.8205358951550275,0.9648358220497286
2021-06-22,1.6002354591509669,1.5677574833181709
2021-06-24,1.6108281059452774,1.1808513857471388
2021-06-25,1.6010527393698528,1.6009299244462967
2021-06-26,0.812317889050535,1.6029196266479815
2021-06-28,1.5673723853013626,1.5749674990265732
2021-07-01,0.07844415420635865,1.5352342105733507
2021-07-02,1.5980100902317578,1.5573355468683792
2021-07-03,1.107745183202171,1.3007547920722555
2021-07-04,1.603196489398199,1.5173879670635166
2021-07-05,1.6175470178985312,1.5556781803257715
2021-07-06,1.6027977077276143,0.938724332403306
2021-07-07,-0.7937573354391808,1.5352342105733507
2021-07-08,1.5805715137545888,1.603898832094011
2021-07-09,0.5595443331296168,1.5727491069581967
2021-07-10,1.6049271152863047,0.6231534386380416
2021-07-11,0.19965909456563902,1.5352342105733507
2021-07-12,1.0586043893793058,1.5866473739815996
2021-07-13,0.7553959437276581,1.1493050615262785
2021-07-14,1.6001190800100937,1.5352342105733507
2021-07-17,-0.27432837310803915,1.5353451381721315
2021-07-18,1.6001472697572843,1.5352342105733507
2021-07-19,1.5548686325768388,1.5979348723448714
2021-07-20,1.6016367172467056,1.4691141383685409
2021-07-23,-0.6525633654572792,0.9684169759404911
2021-07-26,1.5809769160141718,1.539991120594277
2021-07-27,-1.1832644265805485,0.4351980296107827
2021-07-31,1.3968799081306926,1.5675298732190526
2021-08-01,1.6090867072204238,0.008753092583031223
2021-08-03,0.12308865771187312,0.8049191945997999
2021-08-04,0.5678185233164067,1.4568896034780254
2021-08-07,-1.5971063810911998,1.5352342105733507
2021-08-08,-1.5934308604298113,1.015414539011758
2021-08-09,1.597895436749732,1.5352342105733507
2021-08-10,1.184957364727138,1.5352087968246981
2021-08-11,1.600755527305067,1.552492373890015
2021-08-12,1.6002716693835288,1.5353451381721315
2021-08-13,0.00048529708592815894,1.5612092319327984
2021-08-14,1.2683585328907607,1.5352342105733507
2021-08-15,0.4338719578360109,1.566203591865864
2021-08-16,1.598878482697237,1.5352342105733507
2021-08-17,1.6003299623285647,1.5572761057757536
2021-08-18,1.6195839036252297,1.5771870747844015
2021-08-20,1.5420408022081697,1.535421286940593
2021-08-23,1.6021656496015702,1.015109120766746
2021-08-24,0.014027266672554066,1.549099668242305
2021-08-27,1.5967489900716167,1.6025296247952858
2021-08-28,1.6115937259122188,1.613902230434706
2021-08-30,0.007950957085079736,0.9949066415182918
2021-09-01,1.5991327371756658,1.5352087968246981
2021-09-02,0.0001617499473635723,1.5352342105733507
2021-09-06,1.601970250206266,1.606996638254464
2021-09-10,-1.5890652541277064,1.594955404406436
2021-09-12,0.46421599589522006,1.5352342105733507
2021-09-13,1.6474062365223305,1.5637103835817223
2021-09-14,0.9091376844668937,1.5352342105733507
2021-09-15,1.1688061239112961,1.422128860414855
2021-09-17,1.5966374534467642,1.5352342105733507
2021-09-19,1.2239326251176577,0.015734661506053786
2021-09-20,-0.5864463205513707,1.272747775141962
2021-09-21,1.5644168505366753,1.5352342105733507
2021-09-22,1.601502469869668,0.7395271439186893
2021-09-23,1.5997105845826842,1.5352342105733507
2021-09-28,1.637171568003361,1.6061191700175186
2021-09-29,1.606186787005493,-1.5937335047249073
2021-10-01,0.09991748547889914,1.5352342105733507
2021-10-03,1.5943740706028853,1.491566043531836
2021-10-05,1.5991387353361717,1.535123246010508
2021-10-06,1.5591225040909074,1.4388499524204545
2021-10-07,1.5837322840965438,1.5353451381721315
2021-10-08,1.6013068313339227,1.6015268359794403
2021-10-09,1.599248087952639,1.5352342105733507
2021-10-10,1.6139989920851576,1.4298177605688052
2021-10-11,1.6035899285843216,1.5966790076916406
2021-10-12,0.000168228792364862,1.5352342105733507
2021-10-13,1.596793139148728,1.5352342105733507
2021-10-15,1.4428058301309465,1.5534016789861709
2021-10-16,1.5946873397244206,1.5352087968246981
2021-10-18,1.5998588888652236,1.5352342105733507
2021-10-19,1.2151792337220884,1.5584067787037448
2021-10-22,1.0752530886783618,0.9061968330655444
2021-10-23,1.5971803485000988,1.3680443100899287
2021-10-24,0.5764602421398838,0.41057990144446566
2021-10-25,0.8036125010319647,1.5704614161804882
2021-10-27,1.6146169369230288,1.4920722527089605
2021-10-28,1.0968844483999922,1.5353451381721315
2021-10-29,1.6001466540241998,1.5352342105733507
2021-10-30,0.04187810881456665,1.616768896139287
2021-10-31,1.594857715191753,1.5352342105733507
2021-11-01,1.6114267338737387,0.8132083896934028
2021-11-02,-0.0022602436476398813,1.0270685065807286
2021-11-03,1.6031026409372755,1.5484682572525355
2021-11-05,1.5644442439100754,1.3801297733488789
2021-11-07,0.00016215359102410423,1.5352342105733507
2021-11-09,0.00016181365833944675,1.5352342105733507
2021-11-10,0.8891748899374018,1.5773999849818643
2021-11-11,1.0615976079742342,1.0492705903116268
2021-11-14,1.277607908246638,-1.262960461228578
2021-11-17,1.6200648533341502,1.6104564028009565
2021-11-19,1.6992021749816315,1.728508152257921
2021-11-20,1.5913025086391908,1.5352342105733507
2021-11-22,1.5971654244940587,1.5352342105733507
2021-11-23,0.036270955731059984,1.6261652942148221
2021-11-26,0.71209960442064,1.5352342105733507
2021-11-27,1.598489779843706,1.5352342105733507
2021-11-29,1.6026538157036812,1.2801715534155809
2021-11-30,1.6030993370424063,1.570254798795096
2021-12-02,-0.977538061225234,1.5352342105733507
2021-12-03,1.083685114825567,1.6088944971788715
2021-12-04,0.6391854395274116,1.5910475587556865
2021-12-05,-0.41244954625244146,1.5352342105733507
2021-12-07,-0.7712580083816543,1.6244703118821866
2021-12-10,1.4739224843947638,1.3703673032872954
2021-12-11,1.1870472262459688,0.004671119826970549
2021-12-12,-1.22872625971252,0.038626787176854825
2021-12-14,1.0868154916966932,1.5271587047696782
2021-12-17,0.8020686552525423,1.4196381047710354
2021-12-18,-0.5066379890617131,1.5352342105733507
2021-12-23,1.604413222455014,1.5183198610969846
2021-12-26,0.02718680377828353,1.1648916718202407
2021-12-27,1.186223037686988,1.602224182417108
2021-12-29,1.6367427366475624,1.6313956341383777
2021-12-30,0.00047590357559302746,1.5355483029482027
2021-12-31,1.209159093203553,1.3635061055633657
2022-01-01,1.6522587060948513,-0.46851585111997357
2022-01-04,-0.623157950039082,0.006783860769859615
2022-01-06,1.6556693482662794,1.362388613183402
2022-01-08,1.5882289388102113,1.5352342105733507
2022-01-10,1.627211211140591,0.7235256717833853
2022-01-12,0.4997819697462847,1.5566322736388125
2022-01-13,1.6100560045917138,1.597937598914239
2022-01-16,-1.2845377012754529,1.603006488025982
2022-01-18,1.6024580480229988,1.5706687738172693
2022-01-20,-0.39245122252729703,1.5352342105733507
2022-01-21,1.5679412773987138,1.5352342105733507
2022-01-22,1.5785344180668843,1.5352342105733507
2022-01-25,1.5833588524187892,1.5462172282197113
2022-01-28,1.5844018341858295,1.570136947674817
2022-01-30,1.5931262322002548,1.5352342105733507
2022-02-02,1.5990357833426685,1.5352342105733507
2022-02-04,1.5997500985741864,1.5352342105733507
2022-02-06,1.5996930075680906,1.5352342105733507
2022-02-08,1.6004412442637381,-1.5883912578126897
2022-02-09,1.592575928073789,1.6029618545184012
2022-02-12,0.8076096747781796,0.017301797311693772
2022-02-13,0.01084955886765918,1.5352342105733507
2022-02-14,1.5446952992548244,1.0418752300741534
2022-02-15,1.599975543814616,1.5352342105733507
2022-02-16,1.0412011082340353,1.6144004899965179
2022-02-17,0.0002190364480932542,1.5352342105733507
2022-02-18,0.8588382665638055,1.5351787282919294
2022-02-19,1.6041285986688698,1.5733561702647838
2022-02-21,0.15271709950379408,0.7819148625262404
2022-02-24,0.071928872484975,1.3603484889555748
2022-02-25,-0.4730948294231792,1.5352342105733507
2022-02-26,0.00027274387349750755,1.5353451381721315
2022-02-27,1.600090748502414,1.5352342105733507
2022-02-28,0.4396137757620237,1.5541336930754799
2022-03-01,0.9453664936738231,1.5691852920312406
2022-03-02,1.3465059019089287,-0.38260499167512685
2022-03-04,0.6542074115175399,1.5824700027631244
2022-03-07,1.4589123820077006,1.5351972223857366
2022-03-08,0.6851922989495789,1.103017030835262
2022-03-09,0.0023798826758211294,0.950435548716316
2022-03-10,1.5988299594309459,1.5352342105733507
2022-03-11,0.004510584668700173,1.575287919798272
2022-03-13,1.3848381670773078,1.375037297994575
2022-03-14,1.4904456339157106,0.5274568574935399
2022-03-15,1.313121778024826,1.5316394905993722
2022-03-16,1.5999828588765717,1.5352342105733507
2022-03-18,1.0965823105121688,1.5352342105733507
2022-03-19,1.60164501031484,1.1536396382049334
2022-03-20,1.59651595679418,1.5352342105733507
2022-03-24,1.5975883967497149,1.5639554211281483
2022-03-25,1.5899025503754562,1.535123246010508
2022-03-28,1.518544837571343,1.5659156306941613
2022-04-01,0.5342042099758902,1.569521407013819
2022-04-02,1.6006421086794067,1.5932137808792048
2022-04-03,0.7594667981518007,1.563842989274933
2022-04-04,1.2003131790997725,1.3014628615280472
2022-04-05,1.6000546500163142,1.5352342105733507
2022-04-06,-1.5466655100825657,1.6015749778510724
2022-04-08,0.14354257115874441,1.0579452987096793
2022-04-10,1.6100394743208195,1.6098368207893843
2022-04-12,1.067439144007895,1.5380501742439143
2022-04-14,1.173990489965717,1.5676949844392067
2022-04-15,1.6004917906352614,1.5931710957456997
2022-04-18,1.181940531763617,1.203175095575955
2022-04-19,1.6007857615125407,1.5684600020996569
2022-04-20,0.8841621060324264,1.60659228201961
2022-04-21,1.6030461433079097,0.006805364899233157
2022-04-22,1.6110307096323058,0.5608222535309033
2022-04-23,-1.478076606167769,0.11866486367534612
2022-04-27,1.6070605565065803,0.663444500396349
2022-04-28,1.0732696106016604,1.3615191526354469
2022-04-29,1.6000075123010464,1.6006953575768468
2022-04-30,1.5113734111382264,1.5352342105733507
2022-05-02,1.6012986144728403,1.6013080230566554
2022-05-03,1.600418350299539,1.535526094093517
2022-05-04,1.6014418828811638,1.5944892175122358
2022-05-05,1.6000866722059568,1.5352342105733507
2022-05-06,0.8868794802408804,1.5851947580508037
2022-05-08,1.602166967328374,1.5179696623906835
2022-05-09,0.8221694322466716,1.3020569702030138
2022-05-10,1.0095453515444817,1.535345082787554
2022-05-12,0.4470103573326565,1.305175259581046
2022-05-13,-0.7166331107666352,-1.2526359285875757
2022-05-14,0.5437729300646591,1.0767497463636186
2022-05-16,1.598849727731703,1.5352342105733507
2022-05-17,1.604132357389495,1.5477502651623267
2022-05-20,1.31125327218505,1.1876139446842235
2022-05-23,1.6021929599614828,1.5863362761264985
2022-05-24,0.0007668130928923099,-0.39596758794441334
2022-05-25,1.6000065766938014,1.535123246010508
2022-05-26,0.7551871005348327,1.6024771339403527
2022-05-27,-1.174278369722536,0.5314391700673576
2022-05-28,0.00963761322701979,1.4622640968356213
2022-05-29,1.603184730233282,1.6045380702918877
2022-05-31,0.0007762206915615787,1.535848496479214
2022-06-02,1.6000965669498186,1.5351787282919294
2022-06-03,1.5962158121334455,1.5538978747085777
2022-06-05,1.599495879841496,1.5352342105733507
2022-06-06,1.5764893956310977,1.5684490232220383
2022-06-07,1.121750709931792,1.5925406254742038
2022-06-08,1.5214435073599097,1.535123246010508
2022-06-09,1.6018058850109655,-1.2066052122166642
2022-06-11,1.6007062899513795,0.224419296765461
2022-06-13,1.6022005000243151,-1.0998453960940726
2022-06-14,0.8523748974081911,1.6235878845966134
2022-06-15,1.5703808600540092,1.5579063305681675
2022-06-16,0.8124724685926099,1.5454445112709578
2022-06-17,1.6320990703284675,1.3867101453286008
2022-06-18,1.5899493811697467,1.5352342105733507
2022-06-20,1.513779895534714,1.5748985251857581
2022-06-21,0.7721977099125138,-1.5585316013508304
2022-06-22,0.959744687057642,1.5351787282919294
2022-06-23,1.4858644497444096,-1.5040037549515284
2022-06-25,1.5786858362408704,1.5351602341981223
2022-06-26,0.7982046334612568,1.5849488396496905
2022-06-27,0.8289799962101627,1.491240977312298
2022-07-05,1.2015298111111863,1.5507306191724815
2022-07-07,1.4703407107328417,1.5352342105733507
2022-07-11,0.6308673262766562,1.4541569012139917
2022-07-12,1.555859580621587,1.15012459188195
2022-07-14,-0.7758586153021395,-1.4103756608174196
2022-07-15,6.721137703652164e-05,1.59267661474174
2022-07-17,1.6068251512502476,1.0381463904546329
2022-07-19,-1.1159667163418736,1.1243816461800342
2022-07-21,1.5871311278763256,1.6014036333094992
2022-07-27,1.6008501875862517,0.033821848793595066
2022-07-29,1.597803310472646,0.8536774987793245
2022-07-30,1.5895833638059222,1.5352342105733507
2022-07-31,0.00016279929617366956,1.5352342105733507
2022-08-03,0.8020847987409341,1.5789134708378434
2022-08-04,0.5658911389612538,0.5448231035794554
2022-08-05,1.6206925442762272,1.6185503925559714
2022-08-06,0.0016613685432989897,0.004805986094750923
2022-08-07,1.549584839241009,1.5352342105733507
2022-08-11,0.03408673231883208,1.4161706423674176
2022-08-12,-1.5633859658299014,1.491291802601304
2022-08-14,1.6000691256262625,1.5352342105733507
2022-08-15,0.7471406428350666,1.5449443522976896
2022-08-16,1.5903143375360242,0.7184397712906084
2022-08-17,1.3255453689527261,1.5352342105733507
2022-08-18,1.59945147062151,1.535200325575147
2022-08-21,1.1896903082447288,-0.08149700245833763
2022-08-23,1.6017491670894546,1.0878661633510742
2022-08-29,1.0656092716739585,1.2985982982328186
2022-08-30,1.5999739374126138,1.535123246010508
2022-08-31,0.7967937734267291,0.12203920808603974
2022-09-01,0.001955126407941343,-1.0727315422817427
2022-09-03,0.23340502842081412,1.59267661474174
2022-09-04,0.1689490725719002,0.9146634819633488
2022-09-07,1.6161589369503868,1.5784620510140492
2022-09-09,1.6046840125298243,1.3157623800889977
2022-09-10,0.0001635865550355567,1.5352342105733507
2022-09-15,-1.5177720347331471,0.7949746187163756
2022-09-16,1.601540759992086,1.604118591662901
2022-09-19,1.595546504881106,1.5990564199317572
2022-09-21,1.600456681528408,1.5932218647456629
2022-09-22,1.4918630748161619,0.8626400748998325
2022-09-23,1.5124757561743924,1.5433752410501056
2022-09-24,1.448967895669852,1.5352342105733507
2022-09-25,1.601258985042113,1.4822945359520434
2022-09-26,1.6025014370762638,1.6009038743440418
2022-09-29,1.4793610320309143,1.5904973696320375
2022-09-30,0.05188106994087993,1.4753595337418552
2022-10-01,1.5918985342648304,1.5352342105733507
2022-10-04,1.5788323105949036,1.4545033285841473
2022-10-06,0.00016180900186892443,1.5352342105733507
2022-10-07,1.6029418609544561,1.6030362474023383
2022-10-08,0.02152526473340354,-0.4390143550472
2022-10-10,-1.4370669428531884,1.5352342105733507
2022-10-12,1.5994849820492367,1.5352342105733507
2022-10-16,1.6034601846678107,1.6033513027637325
2022-10-17,-0.46808302536286356,0.9092487835942311
2022-10-21,1.6000419534918466,1.5352342105733507
2022-10-22,0.0069917901489074535,1.5957148085595418
2022-10-23,1.6033994059018222,0.7530570838734928
2022-10-24,1.5993922541591843,1.5990589923473404
2022-10-25,1.61568484925502,1.0872385150774917
2022-10-26,1.3037713069111927,1.2512198456753159
2022-10-27,0.8530880016905823,0.9942546370504518
2022-10-29,1.5740161682097324,0.004053217181410829
2022-11-02,1.60796382502676,1.6073008936447664
2022-11-03,1.5800328524928775,1.564248875362735
2022-11-04,1.06690610560978,1.5353651515266937
2022-11-05,1.215087019999805,1.6009121022456665
2022-11-07,1.6149438872268451,0.021472672743226506
2022-11-09,1.6001569095923436,1.5352342105733507
2022-11-11,-0.21583692618623768,1.6001904307728532
2022-11-12,1.0224049372912727,1.556883479721984
2022-11-13,1.6026657681926415,1.5641496926263805
2022-11-14,0.994710694005078,1.5352342105733507
2022-11-15,1.2969858742399487,1.5652876427152012
2022-11-16,0.7987134300222952,1.5352342105733507
2022-11-17,1.6021234429424527,1.299281406519416
2022-11-19,0.0016103414121076964,1.5045846355551924
2022-11-21,0.8027952528140131,1.5987374624356767
2022-11-22,1.5958302952834889,1.5510169923626171
2022-11-23,0.3745765870446677,1.3349011210151989
2022-11-24,1.2539369197774584,1.5352342105733507
2022-11-25,1.5984034656593322,-0.8606587966205836
2022-11-26,1.5990924256649413,1.4228789913143924
2022-11-27,1.5997124082191967,1.5352342105733507
2022-12-01,1.6066655223091986,1.5702834629169824
2022-12-03,0.9964728362479847,1.582977237965321
2022-12-04,1.599661972420987,1.5352596204435647
2022-12-10,0.8060283483579764,1.5728114224248564
2022-12-12,1.007053717123072,1.2283084019426656
2022-12-13,1.6000945971994958,1.535271186439611
2022-12-14,1.5998710927987156,1.5352342105733507
2022-12-15,1.6032163750289092,1.5811941163314476
2022-12-16,1.5998710928219968,1.5352342105733507
2022-12-19,0.8370388075985509,0.2910856206163843
2022-12-20,1.6043202068483753,1.5994358628859082
2022-12-28,1.6033008962462139,1.5925005648052928
2022-12-29,1.6001492586242023,1.5352342105733507
2022-12-30,1.5947036623516657,1.5352342105733507
2023-01-02,1.5999544682605444,1.5352342105733507
2023-01-03,1.5983426919463035,1.5352342105733507
2023-01-04,1.0668216915383468,1.5352342105733507
2023-01-05,0.009722257190106947,1.5352342105733507
2023-01-06,0.0010576627480468614,1.5679979466819267
2023-01-07,1.6029118351033456,1.486311785443742
2023-01-09,1.2014715925575663,1.5476424327133103
2023-01-10,1.1987429869494406,1.5679939272342895
2023-01-13,1.6000641193466865,1.5352342105733507
2023-01-14,-1.5899087327885448,-0.5624173730690217
2023-01-15,1.631440813403372,0.9304473478084389
2023-01-17,1.0401406891571388,1.394176254100308
2023-01-18,1.6002592709976673,1.567733814128008
2023-01-19,0.7582278568881146,1.5352342105733507
2023-01-21,1.3414439752290075,1.5858549604441334
2023-01-22,1.593730195977823,1.5605334453737765
2023-01-25,1.599522563935447,1.5352342105733507
2023-01-26,1.4352163674748424,1.1171187251159411
2023-01-27,1.586675847060954,1.5352342105733507
2023-01-29,1.598275768091061,1.5352342105733507
2023-01-30,1.5990314180544731,1.5352342105733507
2023-01-31,1.5930274634454566,1.5576004719178524
2023-02-01,1.5996939976138582,1.5352342105733507
2023-02-03,0.9047006600463747,1.185297473134629
2023-02-04,-1.5947940160897143,1.5659415197055164
2023-02-06,1.599257736554938,1.6003627308014003
2023-02-07,1.599742509232207,1.5352342105733507
2023-02-08,1.6020039361612515,1.6057191704187628
2023-02-10,1.6016595222942205,1.5390170353975008
2023-02-12,1.5999035892778006,1.5353197228780397
2023-02-13,1.6024980714631005,1.461583013927407
2023-02-14,1.5962255856730514,1.5672457452091533
2023-02-15,1.5706137216333635,1.5680013424140276
2023-02-18,1.6038845311310561,0.6448687357626177
2023-02-19,1.5986309614671463,1.5999294745867207
2023-02-20,1.3083245582583176,1.6018685722924912
2023-02-21,1.3055565993626022,1.576352501660646
2023-02-23,1.6003791067079032,1.5682839751779432
2023-02-25,1.6004362009094901,1.6000478352236098
2023-02-26,1.5998806960469794,1.5351787282919294
2023-02-27,1.6124313597825968,1.5989251551364356
2023-03-01,1.5949141952829695,0.9131769338305997
2023-03-04,1.3751140250005902,1.600404563578437
2023-03-05,1.3390339393221662,1.6012553325276129
2023-03-06,1.5893788760477878,0.620069672240592
2023-03-08,1.5998598337797016,1.0087821812569133
2023-03-10,0.010553975788160606,1.5682458365071255
2023-03-11,1.5999252166601916,1.5352342105733507
2023-03-14,0.5865935999680975,1.5688271880185092
2023-03-15,1.0676539644634435,1.551208310775816
2023-03-16,1.5687555154905009,1.603749943228292
2023-03-17,0.03652276808545176,1.6093834178982933
2023-03-18,1.6354452245152906,1.6350240320514007
2023-03-19,0.8358356768246219,1.5920065110063906
2023-03-20,1.6000130303500255,1.5352342105733507
2023-03-21,0.5464380465924168,0.6280363513945354
2023-03-23,1.5990718965496582,1.5352342105733507
2023-03-24,1.5981820626571623,1.5352342105733507
2023-03-25,1.5988673213579179,1.5352342105733507
2023-03-26,1.0720422261035345,1.6034809611237364
2023-03-29,1.4055379628591445,0.5032778931042685
2023-03-30,1.6108755093603575,1.600870538839589
2023-03-31,0.7956603872861556,1.5352342105733507
2023-04-01,1.5973711667677015,1.5352342105733507
2023-04-02,1.5253850041499197,1.5352342105733507
2023-04-03,1.6001412723628892,1.5352342105733507
2023-04-05,0.5428351905890176,1.5683590942053964
2023-04-06,1.600823251908673,1.1502392659934624
2023-04-08,1.6039148390990678,1.426534551184387
2023-04-09,1.6015930526468816,1.6017441104485617
2023-04-10,1.2760707672967735,1.5352342105733507
2023-04-11,1.6006271632025684,-1.0598643169289386
2023-04-13,1.6000540796530542,1.5352342105733507
2023-04-14,1.5981383943698746,1.5976807933528088
2023-04-15,1.6000914629926264,1.5352342105733507
2023-04-17,1.5991083080833506,0.5678734110029011
2023-04-19,1.6003077272874386,1.5355620763608613
2023-04-20,1.5932101040205349,-1.595367513389406
2023-04-21,0.0013424086821202108,0.7187736076371936
2023-04-23,1.6029840465835081,1.5894515190620981
2023-04-24,1.5704971547414028,-1.1515995987510292
2023-04-27,0.15092449409661135,1.535123246010508
2023-04-28,1.6000850604429666,1.5352342105733507
2023-04-29,1.6113065158671944,1.6095412405855887
2023-04-30,1.599650946383724,1.5352342105733507
2023-05-03,-1.5323726376452649,1.405398818624485
2023-05-04,1.0032608707931285,1.559218741572713
2023-05-05,1.5756704666279886,1.5592584890148036
2023-05-06,0.7669656682903474,1.5529905588115056
2023-05-08,1.160911177203842,1.545760141191304
2023-05-10,1.5995275331063077,1.6002711814089363
2023-05-12,1.5998404254690253,1.535123246010508
2023-05-13,1.5997747030915805,1.5351787282919294
2023-05-15,1.562545992601174,1.5522615471406975
2023-05-16,0.7996154436101499,0.5978014348819832
2023-05-17,1.5238165956700982,1.5965067211004897
2023-05-18,1.2245845845118375,1.2562498596544187
2023-05-19,1.5982942459927925,1.5352342105733507
2023-05-20,1.5874521848328274,1.5352342105733507
2023-05-21,1.599934611973004,0.779353923542248
2023-05-23,1.5476453283713019,0.13021926704527076
2023-05-24,1.53668228729669,1.5586264646335912
2023-05-26,1.6042788378883157,1.6013046934620454
2023-05-29,1.5913458251387886,1.60120554198046
2023-05-31,0.8434989830645457,0.0047439426595538015
2023-06-02,1.6001267593741324,1.5352342105733507
2023-06-03,-1.5909481327014396,1.535294327604746
2023-06-05,0.09775292537360314,1.5901947116145188
2023-06-06,1.090641005120326,1.5352342105733507
2023-06-08,0.5421063916305299,1.2406076318711805
2023-06-12,0.00017179430603356366,1.5352342105733507
2023-06-14,1.4652658599550552,1.3830262773022735
2023-06-15,1.5410054330615102,1.5352342105733507
2023-06-17,1.6016153765793408,1.6018835586836968
2023-06-19,1.41116524408413,1.5352342105733507
2023-06-20,0.7001723822862252,1.3955328628042025
2023-06-22,1.6038830136406284,1.5855351467175978
2023-06-26,1.6000585300899102,1.5352342105733507
2023-06-27,1.6001551187206307,1.5974252363363723
2023-07-01,1.0878448155670726,1.5718353176637692
2023-07-04,0.8001486146546446,0.7617709964329143
2023-07-05,-1.5976844898691407,1.600916319780225
2023-07-06,0.8003850289570869,1.0975228233149619
2023-07-08,1.3064866868000289,1.5560243534018752
2023-07-09,1.6151373918791845,1.6142074809744895
2023-07-10,1.5977885612311225,1.5352342105733507
2023-07-11,1.5999036509571687,1.5352342105733507
2023-07-13,1.5110909793502252,1.597515884203133
2023-07-14,1.6016393227289154,1.601700021102967
2023-07-17,1.5973037861907957,1.5352342105733507
2023-07-18,0.6322467731729394,1.5352342105733507
2023-07-19,1.602177395851219,1.5684053456098836
2023-07-20,1.5943681075548781,1.5680361110557528
2023-07-21,5.0844465997523626e-05,1.5996843609542915
2023-07-22,1.600169662429301,1.6017238808584071
2023-07-23,1.5937829771153182,1.5352342105733507
2023-07-24,1.600119349351817,1.0848477495795863
2023-07-25,0.0001618090013665342,1.5352342105733507
2023-07-26,-0.8334354662816927,1.535123246010508
2023-07-28,1.600156517662537,1.5352342105733507
2023-07-29,1.3565525794028428,1.473655385728806
2023-07-31,0.001163027282348473,0.9924446319217738
2023-08-02,0.6768745913445994,1.4608197480583727
2023-08-03,1.6004511488164304,1.2414983766169896
2023-08-04,1.6005019067512956,1.5020503461366579
2023-08-05,1.5989132529107313,1.5352342105733507
2023-08-09,1.5995996719150078,1.5676919545317984
2023-08-10,1.5995353907685501,1.5352342105733507
2023-08-11,1.599899882795365,1.535123246010508
2023-08-12,1.6016342577648817,1.5896009601880137
2023-08-13,-0.11452885769584659,1.607136215810491
2023-08-15,1.6012607317747036,1.5983173677239102
2023-08-16,1.5964047015152554,1.172125471276328
2023-08-17,1.6038927669087186,1.5827505250348104
2023-08-19,1.4886611843368758,1.5517453942732007
2023-08-21,1.601179009325391,1.3953617341060893
2023-08-22,1.600249649028473,1.601699666976404
2023-08-23,0.8700528298980528,1.5848464038545436
2023-08-26,1.2433423229944807,1.2026389439322598
2023-08-27,-1.599714589974092,1.535123246010508
2023-08-28,1.600026282628475,1.535123246010508
2023-08-30,1.5524302892838895,1.5352342105733507
2023-08-31,1.6026744948499385,1.580833227558912
2023-09-02,1.600368363325014,1.5251941220269658
2023-09-03,1.5999041515446422,1.5999580824165363
2023-09-04,1.5997367805943434,1.5537949958793353
2023-09-05,-1.456286205888212,1.6051198237079274
2023-09-06,1.6006505637560726,1.6008160861474308
2023-09-07,1.6008214676195958,1.5986254993776932
2023-09-08,0.800766356652568,1.570751562492438
2023-09-10,1.6359993155397599,1.6330304909518103
2023-09-12,1.1969160709709643,1.3509499254510615
2023-09-13,0.9923677214440184,1.5515437622796733
2023-09-14,1.600213600846771,1.6000882210342893
2023-09-15,1.005622660902181,0.6966959214944973
2023-09-17,1.4798820528125898,0.947192402384047
2023-09-18,0.07035216639442751,0.8135530329440442
2023-09-19,1.5335629725088549,1.6011401796001858
2023-09-20,1.4616328283395583,1.5987484833452765
2023-09-22,0.004501333387164994,1.5352342105733507
2023-09-23,1.599004046284187,1.6006705824886984
2023-09-25,1.06651933501903,1.5565216936351565
2023-09-26,1.599846995635777,1.4677059402274872
2023-09-27,0.39282174315909396,1.459152849722778
2023-09-30,1.3574310342926759,1.4614991571331322
2023-10-01,0.0032654461413535005,1.602865681148313
2023-10-02,1.599729325534229,1.5352342105733507
2023-10-04,1.3074694079963747,1.4268483534348286
2023-10-05,-0.1631678488969141,1.0621309873302758
2023-10-07,1.4475655687659303,1.5996724133163513
2023-10-08,0.006101167277077758,0.5642841839728958
2023-10-10,1.6021766498359986,1.5368024900898551
2023-10-11,1.169972564921753,1.577444154249605
2023-10-13,1.6013973339410599,1.6017827164769332
2023-10-14,1.5949076513470417,1.5352342105733507
2023-10-18,1.5703579462337998,1.569014764181827
2023-10-19,0.5790911548510114,0.7704673236381601
2023-10-21,0.00010632671993254323,0.27437054999762367
2023-10-22,0.9706162708923076,1.5482587684264453
2023-10-23,1.02097709335296,1.066444713357632
2023-10-24,0.2777623308259756,-0.020421130745582827
2023-10-25,1.0826180314261946,0.9871907030111766
2023-10-26,1.5575623546778048,1.3693575318795883
2023-10-27,1.5997007447850375,1.5352342105733507
2023-10-28,1.6040495827827859,1.541849218226553
2023-11-01,1.598784118481418,1.5570281875267502
2023-11-03,-0.004261942835555921,0.7747870902131334
2023-11-04,1.5991531435261,1.5352342105733507
2023-11-06,1.269429696505633,1.5352342105733507
2023-11-07,1.6077408760540597,1.5976375625298995
2023-11-08,1.5944555175054207,1.535123246010508
2023-11-09,1.6017253606378168,1.6018354436848297
2023-11-11,1.0678790399677665,1.560740855636679
2023-11-13,1.534196390007254,1.5352342105733507
2023-11-14,-1.5354258502117355,5.0844409408586395e-05
2023-11-19,1.4496555241931057,1.601839227282192
2023-11-21,1.3612205124120125,1.4527233021398496
2023-11-22,1.597037492961019,1.5688512478760632
2023-11-25,1.5980415458045443,1.5352342105733507
2023-11-26,0.10192479625469586,1.5352342105733507
2023-11-27,1.5998033301450096,1.5849417223070377
2023-11-29,1.5947651859210972,1.6028190691278728
2023-11-30,1.4525455907254974,0.9631179789584299
2023-12-01,0.8792197875156194,1.4753692307906472
2023-12-02,0.7991967101304207,1.1613827025856625
2023-12-04,1.5945955992721623,1.5352342105733507
2023-12-05,1.6033764678657927,1.2399361318875082
2023-12-06,1.0672399290480798,1.557507000569003
2023-12-07,1.5991661380946367,1.5352342105733507
2023-12-08,1.6017381094048266,1.56824155517666
2023-12-09,1.599182199944551,1.5352342105733507
2023-12-12,1.4694738687306588,1.5828668522583222
2023-12-14,0.003814560086015681,0.00035718225185532614
2023-12-15,0.885389206703095,0.7751638190070224
2023-12-16,1.5977705725954523,1.5352342105733507
2023-12-17,1.603319217827667,1.486979253559133
2023-12-18,1.3052725478233216,1.604449238037135
2023-12-19,0.37072503559271497,1.5937316209747798
2023-12-21,0.11314941645158155,0.390322752300758
2023-12-22,1.5955663565865197,1.5999170417057673
2023-12-23,1.5979978289435044,1.6088725503635546
2023-12-26,0.33532090444380613,1.5999653154900122
2023-12-28,1.2854230739370935,1.451450280908628
2023-12-29,1.0685154658910392,1.601336422850056
2023-12-30,1.5984789948515528,1.5352342105733507
2023-12-31,1.601451177963238,1.601488873686645
2024-01-01,0.7997292816802976,0.3946571799515306
2024-01-03,1.1972827903420642,1.5515737618382857
2024-01-04,1.1786431033268907,1.0347645827583416
2024-01-05,1.601299893264366,1.5967154652077233
2024-01-07,-0.5071182318545373,1.5148478211913579
2024-01-08,1.6098052902352569,1.6054875921473073
2024-01-09,0.8010955811501865,1.600246170214582
2024-01-10,1.5986408902796148,1.5352342105733507
2024-01-11,1.62045672246705,1.2042434655912828
2024-01-13,1.603288306453239,1.589042230136446
2024-01-17,0.27967690171996346,1.5586084790876917
2024-01-18,0.006571821472059471,0.0020015380720559083
2024-01-19,1.6037049451553846,1.1118995875843851
2024-01-20,1.3851763078666135,1.5352342105733507
2024-01-21,1.5022960780925847,1.5748774146805107
2024-01-24,0.2126706763527587,-1.5965019519355026
2024-01-25,-1.5779042252565867,1.5352342105733507
2024-01-26,1.5989836768233583,1.5679611903967021
2024-01-27,0.8594707078308371,1.5959523439327157
2024-01-28,1.529497747792657,1.5098119562845576
2024-01-29,1.0680996383490937,1.5535640445660068
2024-01-30,1.2457460227308457,1.564514953188192
2024-01-31,5.084443851118299e-05,5.10026697185482e-05
2024-02-01,1.6036174777574297,1.6048048091772695
2024-02-02,1.5989656192037447,1.5352342105733507
2024-02-03,0.5138321096670181,1.5954646850200147
2024-02-05,1.5994517925424057,1.5992950789491487
2024-02-06,1.6017218405632687,1.6002789571266904
2024-02-10,-0.23694485057242154,0.6344954498184782
2024-02-11,0.00024476056148320635,1.5352342105733507
2024-02-12,1.6001197834108818,1.5352342105733507
2024-02-13,1.5339167801012346,1.5526037530948829
2024-02-16,1.6029370512629624,1.6034251003902185
2024-02-18,1.5995954230933715,1.5352342105733507
2024-02-19,1.5718767087719643,1.56745596250173
2024-02-20,1.6001229151285457,1.5997834070496038
2024-02-21,1.601694723648821,1.5943689500952092
2024-02-22,1.6031416165245491,1.565064435887289
2024-02-23,1.5996501718087017,1.5675638923989283
2024-02-24,0.8443041321790206,1.3886660304761105
2024-02-25,1.0758979452326263,1.53016773960557
2024-02-27,1.5436096569242406,1.600243443674413
2024-02-28,1.1179701663190944,1.5772104801848346
2024-02-29,1.6009124529249075,1.5325301763007424
2024-03-01,1.5870616656483074,1.5994774300160417
2024-03-03,1.5848246506435184,1.5682999941608222
2024-03-04,1.6000079468257171,1.5839700765557727
2024-03-05,1.2940826721276313,0.0385513270759518
2024-03-06,1.5919711351411683,1.5506617858165204
2024-03-07,1.5990207556352263,-0.35857089763327227
2024-03-08,1.6005772356202719,1.600280535267403
2024-03-09,1.6002080643976686,1.576588392476955
2024-03-12,1.583218101997816,1.5352342105733507
2024-03-13,1.5118366296408732,1.5564291776056012
2024-03-15,0.10942702771104973,1.5695028775450433
2024-03-16,1.572263265642252,1.60023983100922
2024-03-18,1.4516497190158053,1.1846595446702348
2024-03-19,0.603378471043145,-1.5315642508221652
2024-03-20,0.7992889340934927,1.5670817630185416
2024-03-21,1.3797616887290909,0.4550880485834863
2024-03-22,0.6008793162309559,0.6087983158391089
2024-03-24,1.3907568847307878,1.4553841872286295
2024-03-25,1.6156618437758206,1.4405391889310342
2024-03-27,1.5947957151311316,1.5458211801853954
2024-03-28,1.3752234088734003,0.9502182552282946
2024-03-29,1.5975330044010447,1.5509672086067736
2024-03-30,1.208656002168765,1.1088468312555075
2024-03-31,1.6008601568219551,1.6051304293464455
2024-04-01,1.6052127298175611,0.4444534840448275
2024-04-02,1.5876313427320623,1.147858652995322
2024-04-03,0.8034559627574539,1.5352342105733507
2024-04-04,1.6029166269595856,1.4874273585349367
2024-04-05,0.5239904576881043,0.014035406553464913
2024-04-06,1.6011985997477578,1.5493144258628555
2024-04-07,1.5999667497051409,1.5971060980386915
2024-04-08,1.6001072221972097,1.5352342105733507
2024-04-09,1.592470262036888,1.2803527903706855
2024-04-10,0.5343785964896569,0.009965684029188404
2024-04-11,0.5182523854086188,1.549695984288335
2024-04-12,1.6109627988671649,1.5789855530078203
2024-04-14,1.5627536237328994,1.0497162013009063
2024-04-15,1.5754243703742639,0.9062688144222055
2024-04-16,1.6014637358200674,0.7699871751112616
2024-04-17,1.5997646992523313,1.5352342105733507
2024-04-18,1.225030656664963,1.44195126245482
2024-04-19,-1.5969484433461363,1.5677440577725061
2024-04-21,1.589295947048808,1.6092635782316085
2024-04-22,1.07356145608752,1.2247205958570062
2024-04-25,1.1987279984045038,0.6106067476710532
2024-04-26,1.5998482154928402,0.17886285730538387
2024-04-27,0.534004759935436,1.0454464546635724
2024-04-28,1.579161025833725,1.5307597654343603
2024-04-29,0.5258179036619305,1.2396896309818453
2024-05-01,1.0550731747081004,0.630230494550989
2024-05-03,0.0054431838888537865,1.487697229297599
2024-05-04,1.6018076640047068,1.6020246990916016
2024-05-06,0.8001043764416303,1.5695759948778172
2024-05-07,1.4975122993621948,1.0318824847407078
2024-05-08,0.7967954921115012,1.396454129811946
2024-05-10,0.7996408330585065,1.2748770899419504
2024-05-11,1.6001476942073667,1.5352342105733507
2024-05-12,1.2261953681186295,1.5571334811556863
2024-05-13,1.5999136692940439,1.6005633798004135
2024-05-14,1.3827624666741531,1.606585976435435
2024-05-17,1.5925484052576282,1.5659399020645146
2024-05-18,0.8024072204697382,1.00204202587105
2024-05-19,0.00017005415473351782,1.5352342105733507
2024-05-20,1.5666662407685958,1.0855006086300938
2024-05-21,-0.19264673691437761,1.5788718473076833
2024-05-22,1.5537088115264388,1.5693145936319646
2024-05-23,1.3020606089540232,-0.029448511066224925
2024-05-26,1.5905532770535842,1.5681099096279203
2024-05-28,0.7474138886248748,1.5974520409056208
2024-05-31,1.5999375546327737,1.5352342105733507
2024-06-01,0.005967479245881357,1.605942565295854
2024-06-02,1.6001575541533297,1.6007548209840388
2024-06-03,1.1354339835287244,1.557631528356118
2024-06-04,1.596375897308511,1.6002947336285607
2024-06-05,1.6088008818563055,1.610131153670835
2024-06-06,1.4436824057548994,-1.5936313122869565
2024-06-07,1.5841188410917868,1.0755849991701063
2024-06-08,1.6000564580026184,1.5677521108165127
2024-06-10,-0.0022219907481554335,1.5352342105733507
2024-06-11,0.5515519316195345,1.57791967252557
2024-06-14,1.60057366049349,1.6018219803445508
2024-06-15,0.03321931774467796,1.0431294430285776
2024-06-17,1.5997839705419363,1.600647429406287
2024-06-19,1.5802103564554544,1.5263188620424464
2024-06-21,-0.7040249788934377,1.6026180512629762
2024-06-22,1.5964350393263511,1.5993161883183473
2024-06-23,1.5974867188343989,1.5352342105733507
2024-06-24,1.600120318536043,1.5672178336926503
2024-06-25,1.55343337940092,1.593230037601297
2024-06-26,0.9355614476957841,1.5948961678215392
2024-06-27,1.576810457856401,1.0682189856491593
2024-06-28,0.0603086042106829,1.5352342105733507
2024-06-30,1.6012149953636703,1.580126814367585
2024-07-01,1.5843138781321133,0.800088762880181
2024-07-02,1.6027800581898195,1.559603537577079
2024-07-03,1.6022357309493,1.4784295947020551
2024-07-04,0.8106770447826668,0.8380236016127153
2024-07-06,1.5733024043003079,1.5072215757515168
2024-07-07,1.6014417250839525,1.5694608142285698
2024-07-08,1.599352985236984,1.5352342105733507
2024-07-09,0.8778679977323827,1.566413294505977
2024-07-10,1.5073220271883714,0.8142459185089725
2024-07-11,-0.0277319308388303,0.7686341081096469
2024-07-12,0.5345517749476423,1.5562853356897763
2024-07-13,1.5958338102746763,1.0912200716291702
2024-07-14,1.6021929776348955,1.602462914878815
2024-07-15,1.6120136533542886,1.5792896239691392
2024-07-16,1.5997518474344183,1.5352342105733507
2024-07-17,1.600061434531669,1.6002675109762114
2024-07-18,1.598296362293408,1.5982031783397934
2024-07-19,1.600515591105005,0.19423545619488763
2024-07-20,1.5939870987340312,1.5983236567414758
2024-07-21,0.8153949125211692,1.1746778316597621
2024-07-22,1.5928345415203875,1.5991469362584088
2024-07-23,1.2956961407435854,0.7692575438762558
2024-07-25,1.5829987967340746,1.5617158226487313
2024-07-26,1.2780372199128744,1.5835986248718055
2024-07-27,0.8501648323777633,1.5352342105733507
2024-07-30,1.6003447235939228,1.5518801035084797
2024-08-01,0.03795154587578706,1.535123246010508
2024-08-02,1.5969141420227588,1.5994744810085368
2024-08-03,1.59643432008866,1.5364383124187633
2024-08-04,1.5933222443890094,1.5484975875108435
2024-08-05,0.5191194666395018,-0.3092812829728282
2024-08-06,1.5849700263757425,1.5352342105733507
2024-08-07,0.7905564082224651,0.9520447493078685
2024-08-08,0.8851554595306524,1.5407539006833542
2024-08-09,-1.050175566782876,1.5052886946730923
2024-08-10,1.6004793811463054,1.5968517541993414
2024-08-11,1.326061484817044,1.448126049011078
2024-08-12,0.006761927870756788,1.580534764072337
2024-08-13,1.5871981207001855,1.5735703203883509
2024-08-14,1.6014802450104682,1.601327523836545
2024-08-16,1.5983713589863455,1.5779994797353967
2024-08-17,1.320439742812675,1.4753982286731788
2024-08-18,1.6087332984379799,1.4699573150456533
2024-08-19,1.5991152488206042,1.5352342105733507
2024-08-20,1.5809621113569134,1.5352342105733507
2024-08-21,1.602469900476978,1.5629028053775271
2024-08-22,1.565378583362867,1.5327284042246727
2024-08-23,1.523132693437427,0.593552332069989
2024-08-24,1.4745334467223183,1.558972170824672
2024-08-25,1.5769194965793296,1.5352342105733507
2024-08-26,1.5998758318285893,1.5352342105733507
2024-08-29,0.7976386979862267,1.5352342105733507
2024-08-30,1.599962690452301,1.5998334649053936
2024-08-31,1.599424849850807,1.456730896297354
2024-09-01,1.6122996778561833,1.6136200444656872
2024-09-02,1.6068015496642942,1.606161614796394
2024-09-03,1.6003297663892317,1.6003681061976602
2024-09-04,1.6036993973810347,1.4614440272931815
2024-09-06,0.8681204873073775,1.5686947548411543
2024-09-07,1.6001035503497814,1.5352342105733507
2024-09-08,1.5999684811779618,1.5352342105733507
2024-09-09,1.196677152003231,1.53520646943264
2024-09-10,0.002608668185973717,1.4810557363703134
2024-09-11,1.3303046792096491,0.7803582271909574
2024-09-12,1.6178568214966311,1.586898337173583
2024-09-13,1.5982216822650315,1.501587404655869
2024-09-15,1.1382635334033966,1.3420433407838708
2024-09-16,1.5996121685376918,1.5352342105733507
2024-09-18,1.3050173398390748,1.5545294832306373
2024-09-19,1.5978625633768242,1.5617980839991887
2024-09-22,1.5995447228693742,1.5352342105733507
2024-09-23,1.565772129706422,1.5352342105733507
2024-09-25,0.7228947277839421,1.2225396204136043
2024-09-27,1.3108376287966312,1.3859289432347506
2024-09-28,0.8003136217219637,0.15030706118877812
2024-09-30,1.5901253316819455,1.5667479149893118
2024-10-01,0.40869599675464846,1.5520524176222663
2024-10-03,1.0572276071377473,1.5352342105733507
2024-10-04,1.6000485522587737,1.6000061051738108
2024-10-06,1.5938092048185422,1.6097306802500866
2024-10-07,1.4622487255850318,1.5677452093109705
2024-10-08,1.5814190223894036,1.5352342105733507
2024-10-09,0.00016180900135390346,0.00016590689021121898
2024-10-11,1.0676875976441356,1.4119098011336841
2024-10-12,1.6027939960460464,1.5923746303381925
2024-10-13,1.5976082557744207,1.600260446112723
2024-10-14,1.221733990350529,1.5805624196374166
2024-10-15,1.431779975077072,1.557682212810122
2024-10-16,0.5220131685546844,1.5683082544801774
2024-10-17,1.6052761796621717,0.8033263134031868
2024-10-18,0.3896990473584302,1.191872606494876
2024-10-19,0.27099506866598544,1.5688085066410133
2024-10-20,0.9570442702724813,1.5475578792133122
2024-10-21,1.400309535793701,1.2235118911204874
2024-10-22,0.7580339351697801,1.5995695587715972
2024-10-23,1.311571675969921,0.9326127889101377
2024-10-24,0.8037745097155188,1.520134988618378
2024-10-25,0.7978506844377395,0.12660619734209255
2024-10-26,1.5856289720659418,1.5842413741014947
2024-10-27,-1.59349825675109,-1.5640599323415407
2024-10-28,1.068469143458471,1.5596303866028614
2024-10-29,1.6007353383023233,1.557476413020073
2024-10-30,0.8019539028835773,0.8019830504211475
2024-10-31,1.582870268181896,1.5618420736146126
2024-11-01,1.5941749178429465,1.045616813187616
2024-11-02,0.005835912173856483,-0.025451305300997262
2024-11-03,1.4981547188508255,1.1019733107099656
2024-11-04,1.5988110180415924,1.5352342105733507
2024-11-05,1.0697903134123357,0.7610374494289331
2024-11-06,0.7007053071174212,0.7769229414109395
2024-11-07,1.5991458527116036,1.56571494890337
2024-11-08,0.7990114762193211,0.8017432293334992
2024-11-09,-1.5973159189131994,1.5568316218726073
2024-11-10,1.5717685747397727,1.6008471327445977
2024-11-11,0.6547623140187897,1.2036201102671462
2024-11-12,1.5683176709480697,1.1821886569014755
2024-11-13,0.44651347375035805,1.5728467211202317
2024-11-14,1.0028109471090119,1.548302021366474
2024-11-16,1.5387738211844626,1.6000565444891035
2024-11-17,1.6001057077525251,1.599178104623065
2024-11-18,1.6010448867713931,1.5658217827646181
2024-11-19,1.586243044343891,-0.007097141985464628
2024-11-20,1.5695776316605428,1.6310219283726488
2024-11-21,1.600134790421619,1.5352342105733507
2024-11-22,1.0774337486566894,1.0452359505720692
2024-11-23,1.5996291505751827,1.5528925989065323
2024-11-24,1.5968869138036066,1.213261158228556
2024-11-25,1.5990159429934745,1.5352342105733507
2024-11-26,1.4539126208161584,1.235846955204596
2024-11-27,1.5739795546001256,1.5467954725385562
2024-11-28,1.1182849419627827,1.5346875663598079
2024-11-29,1.5936639675576547,1.3707698522818574
2024-12-01,1.593286853310994,0.7875729212237089
2024-12-02,1.0431038814548894,1.5352342105733507
2024-12-05,1.5858029141809735,0.5302697107603626
2024-12-06,1.590291552744043,0.40754333824565403
2024-12-07,1.2958117326706322,1.5640006610279515
2024-12-08,1.137658307965515,1.2079000681211831
2024-12-09,1.1235777433077658,1.5282541798538916
2024-12-10,1.5515708665044599,1.5752290353560046
2024-12-11,0.4730743312967733,1.5385513764870387
2024-12-12,0.7480274456808343,0.15672160655634326
2024-12-13,1.600328269465994,0.0010661005951044
2024-12-14,1.5915487319670103,1.5662607085133342
2024-12-15,1.4999308698187637,1.5633713705103562
2024-12-16,1.604089616160653,1.599455453166591
2024-12-17,0.5029983811314519,1.5990966641770776
2024-12-18,1.600072836787909,1.5352342105733507
2024-12-19,1.1445373127749878,0.5193694025530772
2024-12-20,1.5966666808121832,1.5787291293882422
2024-12-23,1.5685667796513993,1.1421216376251446
2024-12-24,0.5382575279780251,1.6001232902813212
2024-12-27,1.4791538953022303,1.2284223944492652
2024-12-29,1.2040906760106624,1.1467487170044013
2024-12-30,1.586576342113296,1.5816085805571392
2024-12-31,0.00016180900592869296,0.531526708963831
