date,gold_wallstreetbets_title_score,gold_wallstreetbets_selftexts_score
2019-01-02,0.7116355206055265,1.5999309888044992
2019-01-03,0.7962487650497097,0.38398276713814444
2019-01-04,-1.4607272023796427,0.2686888175284843
2019-01-08,-0.8017378091587217,1.1565990794889753
2019-01-09,0.8001911317929851,1.4992391100519087
2019-01-10,1.5999618826225153,1.4972326872509805
2019-01-11,1.5258307509342441,1.5588887434944685
2019-01-12,4.623408800718449e-06,1.5926801014722118
2019-01-13,1.5972681131657482,0.7559394098234644
2019-01-14,1.5972006289694682,1.3808196138643116
2019-01-18,0.7940069704947637,1.5192200658468984
2019-01-21,1.426257449198212,1.5161553121710738
2019-01-22,1.59857131397674,1.5350758883024687
2019-01-23,1.5998927680528785,0.7042609182764712
2019-01-26,0.14926199902750678,1.5351689734402285
2019-01-28,1.597936242404348,1.5669216024915915
2019-01-31,1.5367799518250944,1.5341264358686693
2019-02-01,0.8001432386087296,1.4973853983560366
2019-02-02,1.601167481032928,1.4984957785035855
2019-02-05,1.6001082523616397,0.7111375997758009
2019-02-06,1.582189158829846,1.463905628573002
2019-02-08,0.9578364844963247,1.5665440783176892
2019-02-09,1.5955005199256698,1.3165758012010997
2019-02-11,1.6001909118876483,1.4823767396194623
2019-02-12,1.600136416392709,1.3196341671367093
2019-02-13,0.5328325021988115,1.480384387922281
2019-02-14,1.5999835578123518,1.592685636948478
2019-02-15,1.5998688569140689,1.5962982136164703
2019-02-17,1.5988285547695091,1.5926801014722118
2019-02-18,1.5926440127545907,1.5449740248361699
2019-02-19,1.577572920017393,0.7967775036932657
2019-02-20,0.8001391431388369,1.295266982131123
2019-02-21,1.599408691371188,1.4497668327320232
2019-02-22,1.599083822006363,1.1022286800619459
2019-02-23,1.600258320983186,1.1289157852161051
2019-02-25,1.598260788666138,1.5672503909223947
2019-03-01,1.5987531187425095,1.4972472446895466
2019-03-05,1.6001709599472185,1.1104894389042121
2019-03-06,1.599978921574235,1.2641047160608574
2019-03-07,-0.003164040519996192,1.5457811034672555
2019-03-13,1.5980166210124007,1.5350846940694607
2019-03-14,1.5974777670173337,1.5350902296640438
2019-03-17,1.59990075291825,1.535082645571977
2019-03-20,0.7998718797484607,0.7486331469311084
2019-03-21,1.6009117603018646,1.5945613844343298
2019-03-25,0.003307006188258012,0.7675544423628439
2019-03-28,1.5763870084726617,1.5638889573947647
2019-03-30,1.5876988649698256,1.5350937161653673
2019-04-01,1.5913523820180446,1.497717776400128
2019-04-02,1.5815687484783738,1.4972326872509805
2019-04-05,1.5972648388659858,1.4972326872509805
2019-04-07,-0.7927424960398394,1.5250414974866722
2019-04-08,1.3575983839980184,1.567456307630294
2019-04-10,0.851613372559201,1.4071398029442412
2019-04-11,1.5497732243293167,1.532458672075264
2019-04-12,0.8019028981479622,1.5350789614891927
2019-04-15,1.4821396737587174,1.5539084466481916
2019-04-17,-1.5990618796600404,1.497301371330879
2019-04-18,1.600024043405207,1.1017693515880569
2019-04-25,0.40914388597142765,1.4972402714509374
2019-04-26,1.597172593358677,1.4972455907692162
2019-04-27,1.5997620849238792,1.5350957649019203
2019-04-29,1.6000780201166724,1.5450751864519676
2019-04-30,1.0609414616432453,1.5451060553314522
2019-05-06,0.9695387363953595,1.551273828160659
2019-05-10,0.2038553085275895,1.5987533848618598
2019-05-11,1.6012184382836778,1.5751690858182734
2019-05-12,0.7615100480656004,1.5449563943615963
2019-05-14,1.5957341711446325,1.5350724015719968
2019-05-15,1.4143698950844692,1.4972956208587815
2019-05-20,1.6002640885134363,1.5511564502890212
2019-05-22,1.6021947471651268,0.7849743494699426
2019-05-24,1.597188451971476,1.5987232465379988
2019-05-25,1.6002078553722001,1.2059112486339822
2019-05-27,1.5862856659725764,0.803304763317424
2019-05-31,1.0665594936319935,1.5438270377857315
2019-06-01,4.097744719128482e-06,1.535076499209805
2019-06-02,0.0018049460470442127,1.5484977458206255
2019-06-03,-4.77919385235559e-05,1.544975443384917
2019-06-05,0.7522941832313162,1.497548635023703
2019-06-07,1.5493049678587603,1.5192226187225366
2019-06-08,1.596960740905796,1.535096375772793
2019-06-10,1.6000314704653367,1.5351127648415628
2019-06-11,1.599230762563649,1.4972326872509805
2019-06-12,1.0031390613057116,1.4169108001693465
2019-06-13,1.5995002443869726,0.0001092357634804142
2019-06-14,1.5933602386811412,1.5997573140610404
2019-06-15,-1.5259383620667522,1.3750149303680055
2019-06-16,1.5999738112418773,1.4972361739449442
2019-06-17,1.600347034528151,1.3430446767120825
2019-06-18,1.5865580807063744,1.5351072298862602
2019-06-19,1.5223213067243846,1.5283420346579784
2019-06-20,1.0486680996352142,1.1404104043172814
2019-06-21,0.8038482740599153,1.440045797143131
2019-06-22,1.2728343824919293,1.417070553142611
2019-06-23,1.5984466990857529,1.5449574187634734
2019-06-24,1.5961152774730945,1.5431729909089877
2019-06-25,1.5466757948203431,1.5351383964872853
2019-06-26,0.8228425951867652,1.5567385686476027
2019-06-27,0.5792940824379649,1.1462401166238563
2019-06-28,1.5998760276760768,1.5926801014722118
2019-06-29,1.3852002257373428,1.1904105567732106
2019-06-30,1.600047234744277,1.5351349037428266
2019-07-01,1.595895446040988,0.34901394604104624
2019-07-02,0.8443622350653797,1.5161553121786018
2019-07-03,0.9713209645233295,1.5523329726252055
2019-07-04,1.5350651295932771,-1.5758368794573914
2019-07-05,1.1277302978006238,1.1657438358867
2019-07-06,1.6006493577832976,0.9973011160963767
2019-07-11,-0.07075423224391209,1.228737665388726
2019-07-12,1.5999171556999054,1.5988069935813947
2019-07-14,1.59258493194762,1.5675864627724927
2019-07-15,1.5989347274804808,1.4972326872509805
2019-07-16,1.5998152003838413,1.535087570050013
2019-07-17,0.0056981587083702046,1.5668465810442718
2019-07-18,0.5508611866757276,1.5522153206834417
2019-07-19,1.5880677668622423,1.5161573609760537
2019-07-20,1.604508163815362,1.5728078213854075
2019-07-21,1.5835216889455228,1.597782318259611
2019-07-23,1.599686294586454,1.59994858180457
2019-07-24,1.6001042814645619,1.5998296017361917
2019-07-25,1.5999768202097935,1.4972326872509805
2019-07-26,1.599745595573187,1.5926801014722118
2019-07-27,1.6001227490049168,0.7053691511033946
2019-07-31,-0.5526689239350339,0.7726431801830093
2019-08-01,1.5735781707697583,0.38134822186395434
2019-08-02,0.7981440954602337,1.1822105430721184
2019-08-03,1.6001045324293748,1.2720185072287196
2019-08-04,1.6001727852512826,1.5923474559998316
2019-08-05,1.3122334876143624,1.459002947110987
2019-08-06,1.089471282763023,1.5450029182600928
2019-08-07,1.242385595253889,1.5803621348348422
2019-08-08,1.521758198016235,1.196065815704884
2019-08-09,1.5823170370808648,1.303229044281703
2019-08-10,1.4772122680774784,1.4056232926350756
2019-08-11,1.595412310146072,1.0375484068383878
2019-08-12,0.9871684646611498,0.9417164965982237
2019-08-13,1.2281970268157103,1.5298200648235647
2019-08-14,1.2577339509938894,1.427997314261994
2019-08-15,0.8830259813969872,1.4042530372415838
2019-08-16,0.5286035412271289,1.3205683010029534
2019-08-17,1.4491810132627692,1.5504966635360846
2019-08-18,1.5885117139319906,1.5756555112238553
2019-08-19,1.5993943684800316,1.0126044147835151
2019-08-20,1.483979112960289,1.2781219604885268
2019-08-21,1.0462322794271415,1.5542772926923831
2019-08-22,1.591458830257105,1.0919756405451186
2019-08-23,1.2954073646535649,1.0906824105445379
2019-08-24,0.7539697760287171,1.5439566198170622
2019-08-25,1.5822070135583268,1.4742900382715418
2019-08-26,1.0680896547473187,1.5504064723846869
2019-08-27,0.9128926072206897,1.1441003873855293
2019-08-28,1.6000170922882255,0.5079114169949508
2019-08-29,1.59516341700811,1.1700670288118566
2019-08-30,1.5927647292209959,1.0425949145978337
2019-09-01,1.5999985247795807,1.4972326872509805
2019-09-02,-1.5997424581688522,1.4972326872509805
2019-09-03,0.9956773699388962,1.5224633331107278
2019-09-04,0.9632679268332842,1.1374478261555812
2019-09-05,1.473680347737154,1.318358684503957
2019-09-06,1.0875400886097428,1.4851390367465345
2019-09-07,1.5987760532948627,1.221694659599747
2019-09-08,1.6007975469784235,1.5999301469810105
2019-09-09,-1.5955971100453565,1.4179612093547518
2019-09-10,2.5628083774299766e-05,1.5999719239124428
2019-09-11,1.5721927526162307,1.5029970286268235
2019-09-12,0.7979883393383166,1.5449895855111584
2019-09-14,1.5996105958224118,1.3712390306791222
2019-09-15,1.6034317746155962,0.47867783138170555
2019-09-16,1.5150718091520012,1.546348938570918
2019-09-17,0.8447496673472941,1.2510345419288353
2019-09-18,1.5429486165502768,1.5350943270824808
2019-09-19,-1.592796488618179,1.5967368411318943
2019-09-20,1.6054410274329705,1.5935915723497214
2019-09-21,1.6001903150656744,1.598224369119679
2019-09-22,0.7848555508150828,1.5955109758378274
2019-09-23,0.7634879457242455,1.4994151378670824
2019-09-24,0.5453790269054641,1.5608642967318014
2019-09-25,1.604899672612206,-1.5335322096650512
2019-09-26,0.7995138930701184,1.582664699199512
2019-09-27,1.5353763001066951,1.4974710988668747
2019-09-29,1.5998366288433816,1.5720332640865873
2019-09-30,0.5290336887088992,1.007534903172651
2019-10-01,0.4330511986708789,0.964123845952332
2019-10-02,1.086265531594194,1.5542691729561673
2019-10-07,1.416066736604037,1.497234736054735
2019-10-08,-0.004784198825225183,0.8015187346974281
2019-10-09,1.599692459739775,1.5804984648599234
2019-10-11,1.5815568566437515,1.57439118672638
2019-10-20,1.5984240584488247,0.10564099877584136
2019-10-22,0.8018844487690665,0.7333837844926783
2019-10-24,1.5798522660404302,0.969170748417329
2019-10-25,1.599717879694431,1.595458664224767
2019-10-26,1.6001741822415465,1.13774151244121
2019-10-27,0.0027994071380332023,0.4448970188907286
2019-10-28,1.5868982929869984,1.04242070347659
2019-10-30,1.5999371327269443,0.8000630915581609
2019-10-31,1.5971000253048373,0.00013819653565480395
2019-11-01,1.5988570572387797,1.1434948129753837
2019-11-02,1.6002031538939663,0.7255880186708245
2019-11-04,0.0006221225315586358,1.5941132406229201
2019-11-05,1.599945416140624,1.4972326872509805
2019-11-06,1.4104335838265314,1.441308707352297
2019-11-07,1.4141730566839936,1.2421879954330635
2019-11-08,-1.5771625762964963,1.4972326872509805
2019-11-09,1.0213696755093444,1.5975552517365883
2019-11-10,0.001530849183436555,1.6002236233436102
2019-11-11,1.4405447038725812,1.592726826003794
2019-11-15,1.5998918423437334,1.5963934779082143
2019-11-16,1.5999995148975774,1.0257676967867795
2019-11-17,0.022146352546622117,1.6055765206473167
2019-11-19,-0.01769653714937836,1.540090201508224
2019-11-20,1.162273375703703,1.5878164986958658
2019-11-21,0.4172772077793254,-1.594735241919368
2019-11-23,-1.597967729044718,-0.696769742614603
2019-11-25,1.6004729328881369,1.5962925817057871
2019-11-26,1.5808635834426,1.1493330786063864
2019-11-27,0.7915525515088639,0.03875838129700726
2019-11-28,1.596624621181445,1.4974444076797055
2019-11-29,-0.33989861140851113,1.5963626313255732
2019-11-30,1.544174684241713,1.5233398915272742
2019-12-01,1.5379815594182709,1.57834755673994
2019-12-02,1.5999784404511912,1.5350758883024687
2019-12-03,0.0014684199329044354,1.4972326872509805
2019-12-04,1.5998181954819872,1.5350785480098008
2019-12-05,1.5964224618270013,1.6124192883886963
2019-12-06,1.5983579959772334,1.5412763708849389
2019-12-07,1.596312580294777,1.5996207195607166
2019-12-09,1.0568533323167835,1.5249155885870849
2019-12-11,0.8000885682512852,1.5400299499547172
2019-12-12,1.1977884747172,1.1487499563560626
2019-12-13,1.5726366589016485,1.5860365211834824
2019-12-14,1.5609229042066293,1.5926801014722118
2019-12-16,1.0635383844442934,0.9496323058699646
2019-12-17,1.5567925740558612,1.1580262292230852
2019-12-18,0.7998201770075833,0.7963728515653334
2019-12-19,1.3821089969243259,1.537456847154813
2019-12-20,1.59361077183465,1.5997743164280014
2019-12-23,0.5370344638355176,1.4566112350706535
2019-12-24,1.0772306891943515,0.8878579827304638
2019-12-26,1.5948244381341279,0.7803228035705546
2019-12-27,1.5948081464416104,1.5926801014722118
2019-12-28,1.6140132079939116,1.6140470724077967
2019-12-29,1.5987132733460094,1.4904757639656825
2019-12-30,0.8346842386057298,1.5350758883024687
2019-12-31,1.6000300982927937,1.6000596965539517
2020-01-01,2.4585070548411042e-05,1.5966249358439797
2020-01-02,1.188353650700357,0.8026835102046341
2020-01-03,1.0087060147764888,1.4304709337028756
2020-01-04,0.800198151410101,1.1175114445139576
2020-01-05,0.9518135139431265,1.5495633172437924
2020-01-06,1.0664957055511504,0.49912213474482736
2020-01-07,1.5777628481363921,1.558697208489718
2020-01-08,0.9906096152097521,1.5363435705387611
2020-01-09,1.361792759849221,1.6000318462958976
2020-01-10,0.89352640115792,1.2172798186374592
2020-01-11,-0.022453410050985667,1.5591439285923026
2020-01-13,1.5300776462388956,1.3180579143682667
2020-01-15,1.4975993451920009,1.5964026513480054
2020-01-16,0.7340063716007319,1.4160504788955055
2020-01-17,1.5968896197057576,1.5968096909839695
2020-01-18,1.5999538477900366,1.5926801014722118
2020-01-19,1.2044676771774525,0.6549534026096576
2020-01-20,0.7429440727002542,1.5350758883024687
2020-01-21,1.485860117150639,1.53507952766211
2020-01-22,1.5581948756655655,0.7025297315604467
2020-01-24,1.5309968417663955,1.16585818853341
2020-01-25,0.6639365097143467,1.4554226284368683
2020-01-26,1.598991767506259,0.7685229232324015
2020-01-27,1.3960828445199238,0.9228545018609998
2020-01-28,1.5912963077138393,1.5949234274387833
2020-01-29,1.5935305156266204,1.5675527124032973
2020-01-30,0.9391628930784088,1.5465967309364173
2020-01-31,1.127245529102835,1.2684591259659113
2020-02-01,0.8995736386430413,1.5666671065433022
2020-02-02,1.1998030978571337,1.573128132725936
2020-02-03,1.503310507709874,0.9704145736534334
2020-02-04,0.7974222865139386,1.5487776409547847
2020-02-05,0.8001095566794101,1.590743025813845
2020-02-06,1.238633023513899,0.40447193921659863
2020-02-07,1.5901483941144177,0.8073973857678693
2020-02-09,1.5850572066433326,1.4972326872509805
2020-02-10,1.4694112008604487,1.535076912704346
2020-02-11,0.7997537835483051,1.5676693796653962
2020-02-12,1.5988515807275934,1.596148802130986
2020-02-13,1.552082114577639,1.1298530660366457
2020-02-14,1.5858297515286477,1.5701193388966488
2020-02-15,1.5997396579664183,1.5449574187634734
2020-02-16,1.5668933498678717,1.5350758883024687
2020-02-17,1.5992113676966537,1.59121749199439
2020-02-19,1.138328679605718,1.3629032177329823
2020-02-20,1.1762589298030541,0.8326927936103519
2020-02-21,1.283227458525247,1.4952761072051584
2020-02-22,0.7447272791201046,1.5575665765144744
2020-02-23,0.9466662042570155,1.3584968154982846
2020-02-24,1.178360164968964,1.2019323984361336
2020-02-25,1.1321930266973792,1.4038207302481238
2020-02-26,0.8746918577891458,1.422542074352453
2020-02-27,1.2870601613980537,1.5060749306741454
2020-02-28,0.8844244331749138,1.4024139710695984
2020-02-29,1.1814864896877597,1.591849263031925
2020-03-01,0.3470212104863616,1.503547008297926
2020-03-02,1.1453111573112997,1.5296874562005311
2020-03-03,1.3579232248778352,1.4879697788206034
2020-03-04,1.1196105405707664,1.4826593178956367
2020-03-05,1.110182536061883,1.355667076254927
2020-03-06,0.9122337011862744,1.5541864082645855
2020-03-07,1.1461922034933767,1.3513711539425652
2020-03-08,0.8767287000372935,1.3978587504029432
2020-03-09,0.5085811695357747,1.5263732639505432
2020-03-10,0.6412291520631908,1.530098298694242
2020-03-11,1.0403710315730865,1.3433625019885265
2020-03-12,0.7770202246813822,1.520112401540945
2020-03-13,0.8385663679636916,1.4231812257126677
2020-03-14,1.4836040811109465,1.3409271417915136
2020-03-15,1.0593719075832977,1.2977018728104832
2020-03-16,0.9262917203457481,1.5409061789463279
2020-03-17,0.6533666039802742,1.283716150650926
2020-03-18,1.0665705783653918,1.2583872622234602
2020-03-19,1.2587593219282331,1.4677603409012634
2020-03-20,0.6930299934449334,1.2729199477726734
2020-03-21,0.8738922259164503,1.4742654138210058
2020-03-22,0.8004236023334945,1.5421201840026473
2020-03-23,1.1249858787299427,1.5477492063848461
2020-03-24,1.1659941481693028,1.4621524098815648
2020-03-25,1.348033795829725,1.4070646468281856
2020-03-26,1.3769171363704709,1.5494952762104117
2020-03-27,1.3074363468334342,1.2637470130622135
2020-03-28,0.75942003618557,1.542315486413485
2020-03-29,1.6057048780186214,1.5444922779213366
2020-03-30,1.230645031737273,0.8722427423198155
2020-03-31,1.0955090303868755,1.5575266684426892
2020-04-01,1.5951609000436298,1.5584084648084768
2020-04-02,1.249566089080461,0.6833572201522035
2020-04-03,0.9868778915172989,1.5526853472539361
2020-04-04,1.107474530421207,1.4978685845009725
2020-04-05,1.1162872442628784,1.5424962385890737
2020-04-06,1.59886807184979,1.6000056594753105
2020-04-07,1.1931250000087403,1.3842193571225336
2020-04-08,1.143479215295452,1.2218365843138597
2020-04-09,1.0411479480540649,1.391483076796008
2020-04-10,1.214309895923569,1.3780594026752133
2020-04-11,1.544148720721596,1.5542128343725459
2020-04-12,1.5328126243529803,1.5350758883024687
2020-04-13,0.9420236591748309,1.5177197940960747
2020-04-14,0.7482585815010748,1.3708795628016062
2020-04-15,1.0658808492282863,1.5151575010055705
2020-04-16,1.1126968553507055,1.3898407109763158
2020-04-17,1.254120059793338,1.3178484234818078
2020-04-18,1.0140909319022036,1.5335952667348784
2020-04-19,1.4446151646014858,1.4388346773094973
2020-04-20,1.0903900588340079,1.5547052379072877
2020-04-21,0.5537443593649504,1.2476435445395921
2020-04-22,1.1617009319947071,1.5416652705932823
2020-04-23,1.434670373240567,1.3140517805102108
2020-04-24,1.5735665478755272,1.2464290742353354
2020-04-25,0.8915450854543604,1.3933912330201965
2020-04-26,1.1374158936703245,1.1232854129588463
2020-04-27,1.5890451064377098,1.521559815370856
2020-04-28,1.593739063100073,1.4971229080608344
2020-04-29,1.3142005421334106,1.330259235357197
2020-04-30,0.9942177387724799,1.5463333720438759
2020-05-01,1.1872676836706029,1.3946152946635761
2020-05-02,1.56802701210282,1.4935513798170719
2020-05-03,1.3257205560635874,1.3282302769461587
2020-05-04,1.568497802165006,1.5350965918457957
2020-05-05,0.799078909062025,0.536337494845282
2020-05-06,0.803822128326027,1.3479121228282376
2020-05-07,1.332716602906229,1.4351859034336134
2020-05-08,0.9330848715289545,1.577035267347787
2020-05-09,0.7861349062219125,0.9906949945536034
2020-05-10,1.4905248713855261,1.5169662045488197
2020-05-11,0.80009376983174,1.3456170854735277
2020-05-12,1.249355492517395,1.1122911756883724
2020-05-13,1.188422226226938,1.5536696937269383
2020-05-14,1.5933070068446935,1.5140403525815525
2020-05-15,1.580614737123367,1.5493933102522965
2020-05-16,1.315285281559054,1.4429706576224457
2020-05-17,0.32656969057946245,1.556635518796093
2020-05-18,0.7438735005920527,1.1503929711771868
2020-05-19,1.5957582533198233,1.5828795389984198
2020-05-20,1.3188343233541213,1.5354490250573296
2020-05-21,1.2364291574645883,1.5294950736914037
2020-05-22,1.0302462786143374,1.535243139935126
2020-05-23,1.6009254477445527,1.600989135171557
2020-05-25,1.5999228763562467,1.5991572200180975
2020-05-26,0.9806245846786233,1.527257497053691
2020-05-27,1.5888676897237866,1.58945218882274
2020-05-28,0.8031043297257039,1.5485733602018228
2020-05-29,1.0538034583236566,1.0418764879954494
2020-05-30,1.2000029155774126,1.4237415402635523
2020-05-31,1.517283110231419,-0.05647340827622982
2020-06-01,1.101138274511485,0.9524409733143061
2020-06-02,0.43014400254148877,1.553201723318021
2020-06-03,1.587491095211004,1.5350758883024687
2020-06-04,1.5979479302021886,1.5350758883024687
2020-06-05,1.575346163492035,1.5350758883024687
2020-06-06,0.5369429369697335,1.5622761286095048
2020-06-07,1.5952107102503263,0.6535105189886069
2020-06-08,1.1650961373124842,1.380551042322446
2020-06-09,-0.855856178586462,1.5389172139059186
2020-06-10,1.178474359428974,1.5591604796555378
2020-06-11,1.1268487370982243,1.5190744499196638
2020-06-12,1.597572580573445,1.5734998066594574
2020-06-13,1.5610733386684865,1.5185312369898096
2020-06-14,1.601817750696483,0.8468507648182096
2020-06-15,1.3322213822486055,1.1814246919466427
2020-06-16,1.5283247734287149,1.224387944482814
2020-06-17,1.5991269496177933,1.1402685945290727
2020-06-18,1.599577673217281,1.4777552480677016
2020-06-19,1.583694651523653,1.5161553121786018
2020-06-20,1.6010466730622817,1.5934337817798236
2020-06-21,1.6000615864731391,1.59871965945053
2020-06-22,1.597135778837482,1.5782805847825918
2020-06-23,0.9295501768883375,1.5494671665108157
2020-06-24,1.5766912147505117,1.5851825626433815
2020-06-25,0.8145182424768477,1.556194347644425
2020-06-26,-0.6265495478895468,0.0180632140736603
2020-06-27,1.588840766345162,1.5749295190180301
2020-06-28,1.5984381914162413,1.6001661761916408
2020-06-29,1.0163546059530013,1.5401208157758162
2020-06-30,0.533361177042336,1.5763826162916519
2020-07-01,1.6000818487137713,0.00013077941059944854
2020-07-02,0.5425621577805603,1.3672193428838426
2020-07-03,1.3020926866037053,1.5359804196936755
2020-07-04,1.6005190345258251,1.5406616283048318
2020-07-05,1.5999974297373556,1.535077937106223
2020-07-06,1.3991704515361068,1.5328454033072545
2020-07-07,1.5441786669452628,1.2868109522333873
2020-07-08,1.3634447821686604,1.3350698977047113
2020-07-09,1.513265191300072,1.5445707189123563
2020-07-10,0.8193167297312803,1.2481233000199314
2020-07-11,1.0030040431629437,1.58267399175506
2020-07-12,0.3692950608841003,1.5551158722279537
2020-07-13,1.0772487684145222,1.5895732069059458
2020-07-14,0.8216795178180828,1.4918470370631596
2020-07-15,1.5802063869359315,1.2448494352711046
2020-07-16,0.035933036908559764,1.5953774232422013
2020-07-17,0.8738841788789435,1.5438674507784071
2020-07-18,1.6000053380180053,1.563151151522679
2020-07-19,0.1956447923399872,1.5640213881410912
2020-07-20,1.2427420442833392,1.5890481852889764
2020-07-21,0.7793136024311587,1.007808923531539
2020-07-22,1.5443126261705855,1.3548449807989154
2020-07-23,1.4089825563775298,1.2069425651610255
2020-07-24,1.112661547382777,1.3485388674795176
2020-07-25,1.4208451182040205,1.317328956326111
2020-07-26,0.7532265303250316,1.5504232498169952
2020-07-27,1.177079147800649,1.399668509577888
2020-07-28,1.0867429277389498,1.4858261279648741
2020-07-29,1.3132353901611697,1.4828073489040907
2020-07-30,1.2656002880220332,1.1263801845716586
2020-07-31,1.4160569260815377,1.4673634342742203
2020-08-01,1.5997404117112801,1.116314892941333
2020-08-02,0.8604863124970481,1.2825615711545528
2020-08-03,0.8043849329718321,1.3429583623397245
2020-08-04,1.2481364722042012,1.4458325883406196
2020-08-05,1.101205390213253,1.412576090277233
2020-08-06,1.2443864553522335,1.4767842465649823
2020-08-07,0.9787232233920872,1.2956632012558673
2020-08-08,1.0931995545777746,1.5492623881858874
2020-08-09,1.5634395897631184,1.5458855600273547
2020-08-10,1.507156031130646,0.9156467739083031
2020-08-11,1.2172243054393521,1.3746528776901468
2020-08-12,1.0600881437340226,1.2862434856441933
2020-08-13,0.9943858288585613,1.4712072459774592
2020-08-14,0.9657509467740748,1.304778486792191
2020-08-15,1.4095463239085717,1.4412499743004166
2020-08-16,1.59678382920249,1.387580716009251
2020-08-17,1.5380554190113576,1.3904722100497622
2020-08-18,1.2719777202848621,1.4338532154026338
2020-08-19,1.0864462987507049,0.9691077578060602
2020-08-20,1.2882099772773847,1.3041266957714486
2020-08-21,1.2192742849443936,1.257930699468192
2020-08-22,1.5950786119007625,1.482297620976074
2020-08-23,1.5997513705349178,1.5883006942213165
2020-08-24,1.5960832953801602,0.8471513197524857
2020-08-25,1.5997097256409645,0.7680289052615347
2020-08-26,1.371895383615352,1.4756001608868397
2020-08-27,0.8273703728349565,1.423140055563241
2020-08-28,1.1631707957964343,0.6306764603598555
2020-08-29,-0.0824109681916015,1.5568622495670443
2020-08-30,0.019188266630195017,1.5350926915292216
2020-08-31,0.2161547867231525,1.1391245198166247
2020-09-01,1.1804733782055186,1.4004829376579615
2020-09-02,1.5498180290451002,1.5740679692842185
2020-09-03,1.219140757579309,1.2723184360358024
2020-09-04,1.0666030901400976,0.77003064473974
2020-09-05,1.3574396366355244,1.3513112090661206
2020-09-06,1.3325937697908352,1.5420587175252136
2020-09-07,1.5999637223932994,1.4972326872509805
2020-09-08,0.9865546447155762,1.3746730474321651
2020-09-09,1.1990292273144454,0.11685158834699405
2020-09-10,1.3206489880658387,1.381212595116502
2020-09-11,1.6000779588059524,0.9611705316981637
2020-09-12,1.5929184949435147,1.516156642024086
2020-09-13,1.598810451950957,0.6592925094438558
2020-09-14,1.6000021468149312,0.7483059393222107
2020-09-15,1.2279947395372233,0.8802900416163144
2020-09-16,1.4066683598276832,1.038488720883705
2020-09-17,1.5981980735050516,1.3929037253493735
2020-09-18,1.3333015940656436,1.268468604196318
2020-09-19,1.6014820574629955,1.6014133882972146
2020-09-21,0.8749364799670035,1.2177531917663713
2020-09-22,1.1750079213661133,1.5818282918832587
2020-09-23,1.289268331498243,1.4309614709342338
2020-09-24,1.5379363155753154,1.336987115710906
2020-09-25,1.5680270183659903,1.1594908172187062
2020-09-26,-0.7993745829320142,1.543291125439372
2020-09-27,0.0022513577015894058,0.9606306711492074
2020-09-28,1.5559481552795278,1.156045803246398
2020-09-29,1.5877353259863256,1.1634724161094905
2020-09-30,0.0662822067128831,1.551414747523575
2020-10-01,0.8205284255405868,1.1476865979829654
2020-10-02,1.5999429630192858,1.3968031250994828
2020-10-03,1.5994618285881392,1.0051464768054934
2020-10-05,1.6001071008417227,0.3561464840936938
2020-10-06,1.6000391649540657,1.0090198973939548
2020-10-07,1.5937624155196894,1.5665162475560224
2020-10-08,0.3853106306164296,1.5675252460270381
2020-10-09,1.4439749088074882,1.1828861222520755
2020-10-10,1.598199758080652,1.2989009808642085
2020-10-11,0.3994303610161917,1.5062306035232633
2020-10-12,0.6018768256707197,1.182664768293363
2020-10-13,1.5939472251976776,1.3046739086400612
2020-10-14,1.590034281298138,1.4441886869839071
2020-10-15,1.4191691088551108,1.1676625142027308
2020-10-16,1.599932052920551,1.271864173406588
2020-10-17,1.307164163112759,1.4500234488864943
2020-10-18,1.5825670701478156,1.5414806259897709
2020-10-19,1.576801915315776,1.4972326872509805
2020-10-20,1.5587498776818471,1.5977053649697281
2020-10-21,0.3021771177620097,0.9611248253839557
2020-10-22,0.0006490077020692536,1.592778861881172
2020-10-23,1.5252402168845314,1.5675419296554005
2020-10-24,1.5996829461006565,1.5926801014722118
2020-10-25,1.5994416659738644,1.5764961912012925
2020-10-26,1.0470156077409472,1.594686419901626
2020-10-27,1.5970849131769074,1.3697495825714074
2020-10-28,0.7779718890981993,1.5433323194645434
2020-10-29,1.436541662005321,1.5021957581413679
2020-10-30,0.976671871284226,1.1995072225750232
2020-10-31,0.5632959205430287,1.317749520509851
2020-11-01,1.6001310348014572,1.5920086758998195
2020-11-02,1.6003017659179046,1.2308625615975752
2020-11-03,0.00017122278934984878,1.40250701466303
2020-11-05,1.5729223374858416,1.5986922130249868
2020-11-06,1.599454259299281,1.2072743249989428
2020-11-07,1.6092525517239258,0.5430127561229076
2020-11-08,1.4725132950187636,1.5634767255690354
2020-11-09,1.5974621162623563,1.599865636499251
2020-11-10,1.5799476032568225,1.0693912480569985
2020-11-11,1.57042999887965,1.5976693440000644
2020-11-12,1.1365472504932066,0.6524475115129534
2020-11-13,1.1827627642477407,1.586340153231002
2020-11-14,-1.453938524217965,1.6002763258453492
2020-11-16,1.6000675082178093,1.235778490738064
2020-11-17,1.439361512528625,0.004050937307706277
2020-11-18,0.8425154211510137,0.7947655395120162
2020-11-19,1.6019592514185679,1.3434317354882281
2020-11-20,1.5991616469546528,1.5891494109464575
2020-11-21,0.002241273570402935,1.5161573609634484
2020-11-23,-0.5036911465596716,1.0389523741344728
2020-11-24,1.5954410014681812,0.9230236690104875
2020-11-25,0.7148217466467762,1.3046837633349166
2020-11-26,1.574276520949271,0.9374494255953947
2020-11-27,1.5927296076964255,1.5606284226810245
2020-11-28,1.330485359980995,1.3147759177695908
2020-11-29,1.571704641339731,1.001833101226031
2020-11-30,1.5993429226268632,1.5390387608377598
2020-12-01,0.6684612875855143,1.5369751474487845
2020-12-02,1.3037062460212658,1.574424879442369
2020-12-03,0.7608569876765118,1.5224614879519727
2020-12-04,0.8364538991419707,1.5571668899952396
2020-12-05,1.5990561478170935,1.1771916241830183
2020-12-06,1.5993760579515583,1.50992375676569
2020-12-07,1.599941142142595,1.5517847236318612
2020-12-08,1.600155531799318,1.5709638182172911
2020-12-09,1.5931377455033289,0.833130405013614
2020-12-10,1.6000510165053763,1.2797067352578548
2020-12-11,1.0936609648789684,1.5481037030078864
2020-12-12,1.5987285167998295,1.5571739531798428
2020-12-13,1.5750627772446733,1.5437205615545937
2020-12-14,1.1976260677457002,1.5767930381588569
2020-12-15,0.8201441316284916,1.5520101590650117
2020-12-16,1.2355619626095045,1.470986201157111
2020-12-17,1.3335481835885983,1.4868063444355
2020-12-18,1.5892306987317664,1.3463045245398082
2020-12-20,0.8006339973228433,1.5091365131625245
2020-12-21,1.3821553084235476,1.45264527906307
2020-12-22,1.490794914900894,1.3929615811593667
2020-12-23,1.2866054977556685,1.421380032267234
2020-12-24,1.5719864240795907,1.5588132439037095
2020-12-25,1.5961257231941657,1.565637053413976
2020-12-26,1.5997526060988947,1.5350744503972036
2020-12-27,1.237831613788079,1.5512081827309108
2020-12-28,1.1899901726644533,1.5746784661274547
2020-12-29,1.6201759552342758,1.610995182848908
2020-12-30,1.603193931342349,1.3206028610618707
2020-12-31,1.315558297394748,1.5975370494904186
2021-01-01,1.2814263979382539,1.5772140740348333
2021-01-02,1.1659196801449216,1.3513926469541178
2021-01-03,1.2067100619465414,0.9986594280350957
2021-01-04,1.6065082796526737,1.6039076530119813
2021-01-05,1.3695765994618332,1.48347772471162
2021-01-06,1.2978294472857708,1.6045502653722448
2021-01-07,0.964613433531955,1.569275361575208
2021-01-08,1.542095951824478,0.6679212108040173
2021-01-09,1.470770519683218,1.2078363859070902
2021-01-10,1.1987124215295395,1.5316132016371635
2021-01-11,1.5863063673669957,1.3840583367568087
2021-01-12,1.495810588915234,1.5588602369861555
2021-01-13,1.2556930591303581,1.4426054887207058
2021-01-14,1.1133309936820008,1.0089037716591653
2021-01-15,0.696297015985341,1.5725802616961362
2021-01-16,0.5104887272257476,1.5570401796191913
2021-01-17,1.6268530164479909,1.5779139528222457
2021-01-18,1.5909794279383798,1.541621665057034
2021-01-19,1.1951684999145882,1.5704456096507098
2021-01-20,0.9607234023848804,1.5402571261475908
2021-01-21,1.4816220247655465,1.534388427415443
2021-01-22,1.5766450443662074,1.5350758883024687
2021-01-23,1.0977360246995158,1.3072658779543034
2021-01-24,0.8378180905688281,1.4375711898043295
2021-01-25,1.2597933706271123,1.3873936792920498
2021-01-26,1.0632724696256601,1.5808048650447262
2021-01-27,1.2312421643582698,1.482847932556841
2021-01-28,1.2833939509819554,1.5034501677182701
2021-01-29,1.1674111206096012,1.5291828101852427
2021-01-30,1.1884581018890303,1.5110976956032944
2021-01-31,1.1617050312550186,1.5316662184586132
2021-02-01,1.1325196781589462,1.5268112535632266
2021-02-02,1.120231960433039,1.5275483504097516
2021-02-03,1.2241639943750164,1.5191758685612535
2021-02-04,1.3070035016694501,1.4924941752193366
2021-02-05,1.2024894144175262,1.5266029690620861
2021-02-06,1.304871693060138,1.5073883987636099
2021-02-07,1.4008034359592016,1.4856586794984221
2021-02-08,1.150516618542264,1.5399042207657632
2021-02-09,1.426105446476273,1.4940675995907715
2021-02-10,1.034699816644436,1.4906133143041111
2021-02-11,0.9819903176108351,1.5012642021046594
2021-02-12,1.3086797130006165,1.4786672910428582
2021-02-13,1.5070138198995389,1.509724043011714
2021-02-14,1.1402752939335523,1.119834463390729
2021-02-15,1.4809006304607153,1.5025613829582158
2021-02-16,1.28952584644234,1.490775356708208
2021-02-17,1.1800731073428132,1.504543428432251
2021-02-18,1.502142800621894,1.5123255637609168
2021-02-19,1.4113683473892553,1.5392431923809773
2021-02-20,1.0870349553768213,1.4148260605484195
2021-02-21,1.1551084787139845,1.3243663628768134
2021-02-22,1.1686898259321636,1.3780306557497193
2021-02-23,1.128677337732287,1.4295846081752055
2021-02-24,1.3754316456827325,1.3349233991714253
2021-02-25,1.3984281144160502,1.4632090028729476
2021-02-26,1.305240868412568,1.5336106223303994
2021-02-27,1.3995892709297655,1.528090210762428
2021-02-28,1.5675193242435148,1.4576429545566654
2021-03-01,1.2912815584427972,1.449992483122399
2021-03-02,1.0171095487745136,1.423573793911649
2021-03-03,1.393210159879248,1.3651236044502901
2021-03-04,0.8424320141520751,1.2097798649805227
2021-03-05,0.9813579380196367,1.4677732549951676
2021-03-06,1.164483146626147,1.5492199377470965
2021-03-07,1.0868118096251436,1.425092999453824
2021-03-08,1.3496765181063535,1.5511030802879355
2021-03-09,1.283521691544472,1.5240641866611242
2021-03-10,1.3107576856533893,1.5289531123572102
2021-03-11,1.3356497824268674,1.549030232918875
2021-03-12,1.447331004033805,1.5414356907773124
2021-03-13,1.4011159298455524,1.5284878690256298
2021-03-14,1.3888721209456116,1.4406118745872794
2021-03-15,1.2771289148568032,1.5335730255108548
2021-03-16,1.1010754153321984,1.4474157456878867
2021-03-17,1.4243519758940242,1.5321507543740356
2021-03-18,1.4175955190788145,1.5421681943175727
2021-03-19,0.8856059323021572,1.5350343526176504
2021-03-20,0.7434771620459929,1.533166751501911
2021-03-21,1.5828469952160682,1.5515353183909697
2021-03-22,1.5892594933919144,1.4958636337240987
2021-03-23,1.3174247221863353,1.3373464277328067
2021-03-24,1.6251286142931478,1.5526501014989134
2021-03-25,1.598113407851006,1.5562619019742996
2021-03-26,1.5962739130405703,1.51615869079666
2021-03-27,1.3151610965427192,1.5350916675011752
2021-03-28,1.5231642902950329,1.527417255563939
2021-03-29,0.9602180315127837,1.3639276061600067
2021-03-30,1.4113317550388524,1.532494166608613
2021-03-31,0.9639391202348856,1.1727202586058623
2021-04-01,0.8061410182311022,1.5249037215182164
2021-04-02,1.5764074678504616,1.563881068074064
2021-04-03,1.2402430999492111,1.5479758973401412
2021-04-04,1.598761311830857,1.4972326872509805
2021-04-05,1.2433721225122356,1.5243119594969445
2021-04-06,1.2014656436336244,1.282916148202028
2021-04-07,1.599962420427522,1.5161769498638167
2021-04-08,1.0658474344413402,1.4148868865958228
2021-04-09,1.5902003014694677,1.345858635851075
2021-04-11,1.6068349802796504,1.5390862398448482
2021-04-12,1.276233617210154,1.5427386706122428
2021-04-13,1.5952585487034179,1.4734444129794146
2021-04-14,1.595325146858178,1.535077937106223
2021-04-15,1.0167207695038825,1.5429396653913023
2021-04-16,1.5904380548970358,1.4972326872509805
2021-04-17,1.5767504293497305,1.1796591883598193
2021-04-18,1.0599696028663095,0.9414777287569848
2021-04-19,0.6168690365827098,1.376482130321888
2021-04-20,1.5811420072575455,1.5211245950504597
2021-04-21,1.0683574809973397,1.5224740910603807
2021-04-22,1.4819205807066769,1.5429652772993319
2021-04-23,1.5979701952208465,1.5350772541716384
2021-04-24,0.8013766517098097,1.540493446186825
2021-04-25,1.272163291021488,1.5031755753303415
2021-04-26,1.3965057093554205,1.5337344487855926
2021-04-27,1.2453322844220065,1.5412364873410853
2021-04-28,-0.358522529940915,1.5465975504553982
2021-04-29,0.8054538214353378,1.2193050473786549
2021-04-30,1.3794830400595417,1.5639069355968738
2021-05-01,1.1413448041290633,1.3697207844677561
2021-05-02,1.582824620274626,1.5156945270571909
2021-05-03,1.4055748619634507,1.541664258206855
2021-05-04,1.2165421514081174,1.5375182955422146
2021-05-05,1.19211532084008,1.4905739511206137
2021-05-06,1.0305725379231294,1.358056220996777
2021-05-07,0.7252864121934836,1.3969966787084394
2021-05-08,1.2971759263872344,1.3987672932161652
2021-05-09,1.587513155306046,1.5984238057535798
2021-05-10,1.0053579997142992,1.448383751967911
2021-05-11,1.3855354329725151,1.4479843377364214
2021-05-12,1.4844720544880936,1.3325410806183597
2021-05-13,0.6074464246000615,1.5235115577233775
2021-05-14,1.2275651937588528,1.5400220362487207
2021-05-15,1.061525391865936,1.55428282810649
2021-05-16,1.5690585552361522,1.6002110291459652
2021-05-17,1.2470076008693929,1.4790124079283449
2021-05-18,1.2515672428493607,1.5415312696810237
2021-05-19,1.3662702915280025,1.543250965680177
2021-05-20,0.670686216301129,1.419432093583811
2021-05-21,1.5738168333939064,1.2512977178421973
2021-05-22,1.2710083473062697,1.4555687327691302
2021-05-23,1.1844789694359816,1.234695807538084
2021-05-24,1.420298494341849,1.5622943894396306
2021-05-25,0.7857993153200054,1.5068327082874577
2021-05-26,0.9045973850551505,1.5559626487846636
2021-05-27,0.8770218476013315,1.133294089692902
2021-05-28,1.4856817995313945,1.5224741279900489
2021-05-29,0.5620828191461056,1.5759876960652868
2021-05-30,1.3600190827116474,1.5635895560890012
2021-05-31,1.0531269390654832,1.5224635367515251
2021-06-01,1.3144927190129145,1.2872926793061892
2021-06-02,1.2786609254022505,1.5445421131030783
2021-06-03,1.1595340366557876,1.4987048786348003
2021-06-04,1.1460696770629824,1.5415251097924616
2021-06-05,-0.31472914639912114,1.2442848373502255
2021-06-06,1.0544613676155399,1.4592008285027112
2021-06-07,1.211481918999544,1.4446575217893034
2021-06-08,1.2886884037684103,1.5423732693296293
2021-06-09,1.389254386510624,1.4269126721354761
2021-06-10,0.7942430566692341,1.4156872802211895
2021-06-11,0.9686094948269108,1.5027762234042767
2021-06-12,1.4206249704049843,1.1864204134280734
2021-06-13,1.598980191294338,1.3587795545657395
2021-06-14,1.2728442757780247,1.5297808883926172
2021-06-15,1.3543152586555094,1.3261786099996402
2021-06-16,1.0082079873973118,1.4291901565856115
2021-06-17,1.2315452480696143,1.4062740558989388
2021-06-18,1.1669333650947573,1.5241277818749
2021-06-19,1.2768339377509461,1.5275143792898795
2021-06-20,0.5326639303935728,1.3213987164455572
2021-06-21,1.0602255477078775,1.5352953656874364
2021-06-22,1.3295567201946317,1.2272286220860535
2021-06-23,1.3525948006961022,1.382371948949898
2021-06-24,0.26478744307700075,1.2772405854883317
2021-06-25,1.0749384960404582,1.163100723961717
2021-06-26,0.7982703695971543,1.1314712776310318
2021-06-27,1.5988009922600137,1.2101976318746626
2021-06-28,1.0762823416722542,1.1418699742816911
2021-06-29,1.25254405093375,1.569318950701209
2021-06-30,1.5986882618346816,1.476654709597197
2021-07-01,0.9532284724895415,1.5434013852673523
2021-07-02,0.010590769703802239,1.0106407922191083
2021-07-03,0.6065951236223712,1.547634449147585
2021-07-04,0.8048420035509009,1.283198880715973
2021-07-05,1.5993847055427504,1.5680616213310161
2021-07-06,1.5423084050969678,1.175664895431989
2021-07-07,1.5980510310596363,0.8143562624036546
2021-07-08,0.7705110376423308,1.2879297789839321
2021-07-09,1.5731263300399707,1.5161658614009377
2021-07-10,1.5864278803224634,1.497270606753567
2021-07-11,1.5999620035769606,1.5742648435201931
2021-07-12,1.269697854348636,1.5449802595613067
2021-07-13,0.7996829251207064,1.5211878921365312
2021-07-14,0.373544210989838,1.1097487083887287
2021-07-15,1.3301539919974537,1.3239798630933883
2021-07-16,1.3858004476967214,1.560852434646155
2021-07-18,1.599790585785322,1.5351609122505239
2021-07-19,1.5942747899256116,1.5927098265669055
2021-07-20,1.5997544899392473,1.5224715280231553
2021-07-21,0.794952070121625,1.525617136843351
2021-07-22,0.31285516978196654,1.522499918675419
2021-07-23,0.7939767354992218,1.3750665711444519
2021-07-24,0.8117182145549787,1.5503846020446188
2021-07-25,1.580011609272109,1.2622519447385259
2021-07-26,1.187939759642552,1.1723959607210772
2021-07-27,1.5979969628250068,1.5542793414919356
2021-07-28,1.601015358493853,1.0311142317898156
2021-07-29,0.9217529517465326,1.5759757327246564
2021-07-30,1.5958664273729561,1.3313204311609188
2021-07-31,1.596329470685005,1.6000253930407937
2021-08-01,1.5997359682327892,1.5831491413085024
2021-08-02,1.5991461688794084,1.5778113113329906
2021-08-03,1.5747944183381768,1.5161889182144632
2021-08-04,1.3322692001877148,1.4676693974147321
2021-08-05,1.5835216588869867,1.497234736054735
2021-08-06,3.936389192224751e-06,1.4972326872509805
2021-08-08,1.257692452533504,1.0597261526555661
2021-08-09,1.5985779869372543,1.5161583853716283
2021-08-10,1.5805779186221296,1.1291310093207547
2021-08-11,1.5928513787590572,1.535103348695203
2021-08-12,0.877615274137115,1.1783231932445257
2021-08-13,1.5993732933760223,1.5287725820794442
2021-08-14,0.8698184656036774,0.9788541627797274
2021-08-15,1.598123909318112,1.567915145237714
2021-08-16,1.5762347712645752,1.4972394445204888
2021-08-17,1.6000573522230501,1.5433435199447096
2021-08-18,1.6001035574356939,1.2632397730739886
2021-08-19,3.69174810957723e-05,0.4901610046176231
2021-08-20,1.0652650075723862,0.9580363581956988
2021-08-21,1.564653552880855,1.5595139821054702
2021-08-22,0.9431354247165451,1.277601770638008
2021-08-23,0.7999742495446176,1.4972517552425304
2021-08-24,0.8003639734454328,1.4913866939516296
2021-08-25,0.8652808728316675,1.2759020640113719
2021-08-27,1.4351162954534022,1.5926841990671154
2021-08-28,1.6048882989515802,1.6040643266575683
2021-08-30,1.5996885946677672,1.5416745738658468
2021-09-01,1.1999358395842623,1.1525191573307012
2021-09-04,0.7654946257102749,1.558188327734563
2021-09-05,1.5177705654227402,1.5290629052364517
2021-09-06,0.9657677641245525,1.2084135356607828
2021-09-07,1.0702166620135307,1.5257986408489133
2021-09-08,0.0011280020026450486,0.9194520853583509
2021-09-09,1.2877034704780546,1.5284988292974935
2021-09-10,1.3254580942081446,1.5551629633278308
2021-09-12,1.5877296756136547,1.566738456741398
2021-09-13,0.32082551828268663,1.5828517895598804
2021-09-14,1.5428354662431008,1.5576743153293
2021-09-15,0.3814883661288515,1.4539418131112254
2021-09-16,0.7995971117307505,1.095301330302594
2021-09-17,0.7548264377032738,1.5027198525271017
2021-09-18,1.5796721097061162,0.9980149732380696
2021-09-19,1.5993055037146788,0.606973561601844
2021-09-20,1.6023221037116218,1.5467569132472363
2021-09-21,1.0366695066741178,1.5098498193356142
2021-09-22,1.5996120040341335,1.535554716852547
2021-09-23,1.5859479400310574,0.7398480354583196
2021-09-24,0.8956453413330258,1.5384372181817376
2021-09-26,1.6003288622124026,0.750879083194985
2021-09-27,1.6000511312594057,1.3718114129082395
2021-09-28,1.4601016809509784,1.497234736054735
2021-09-29,0.8387195371837752,0.4181945604338316
2021-09-30,0.5335498928937426,0.8210961834516405
2021-10-01,0.3545482580867545,1.5679287526187977
2021-10-02,1.6000701818014376,1.59097356506599
2021-10-03,1.599765324309587,1.4976723335470181
2021-10-04,0.05602932795824733,0.5909921768848071
2021-10-05,1.41698517572721,1.2633947899854987
2021-10-06,1.597473846504858,1.3889752025204827
2021-10-07,0.353654987497468,1.4224579215414463
2021-10-08,1.6003689734801418,0.5154222062277594
2021-10-09,1.3961066810393694,0.9652476827437653
2021-10-11,0.5334482850981178,0.8607766422670213
2021-10-12,0.46096357686041084,1.509863824875051
2021-10-13,1.4712816503375201,1.5381199592063246
2021-10-14,-1.3172988976692956,1.4972505151563615
2021-10-15,1.5991598512949656,1.5256253857286568
2021-10-16,0.0006828355393741752,1.4979120360598828
2021-10-18,1.5557466936510542,1.5459963986092407
2021-10-19,1.5999182195495734,1.5350910566216653
2021-10-20,1.4097769709396268,1.3956997241032294
2021-10-22,1.5183783224277425,1.5161534381040782
2021-10-25,0.0007117694638804438,1.600545538093193
2021-10-26,-0.4989607486563792,1.5350789615017977
2021-10-27,1.5871837914882407,1.29855375338235
2021-10-28,1.1507185260990689,1.2247026706348771
2021-10-29,0.7743548462234522,1.5161573609760537
2021-10-30,1.6003295251403924,1.600340883304518
2021-10-31,-1.0113888039146641,0.40070900863452086
2021-11-01,1.5977615187728063,1.5447437620666762
2021-11-02,-1.5999311940939855,1.5990035328863017
2021-11-03,1.59965548110804,1.5596336661486738
2021-11-04,1.5883615377858578,1.5365339479498494
2021-11-05,1.5541913511369023,1.5783195733600415
2021-11-06,1.5959381859455544,1.46458419744412
2021-11-07,1.6003482462748082,1.1950722557289772
2021-11-09,1.202520415525946,1.5436725074866993
2021-11-10,1.2367524711477373,1.245522066797395
2021-11-11,1.5997108817952466,1.573086463683678
2021-11-13,1.5951184574218988,1.5336762009694913
2021-11-14,0.31739054938475786,1.512396971225538
2021-11-15,0.7983045941751855,1.4974144738689232
2021-11-16,1.1996054963593008,1.525617649037987
2021-11-17,1.5984435988215386,0.0412267258254097
2021-11-18,0.7999052482452205,1.5350841914558058
2021-11-19,1.2476385573017388,1.5161594097609004
2021-11-20,1.5219369299774785,1.5926841990671154
2021-11-22,1.6002850272673574,1.5955918498426822
2021-11-23,1.03379300938442,1.6035785373662157
2021-11-24,1.590049493114721,1.551382553362586
2021-11-25,1.5009267687645087,1.384711463953986
2021-11-26,1.5832372799118812,1.4298070855476106
2021-11-27,0.10446403001919817,1.6455017551924955
2021-11-28,1.5996047562055593,1.5350799858973723
2021-11-29,1.621519695490127,1.62122413342803
2021-11-30,0.241599751626752,1.3403847156701763
2021-12-01,1.5998591674295024,1.4972375037758396
2021-12-02,1.599224898291069,1.497234736054735
2021-12-03,1.0666481658883316,1.597903815360224
2021-12-04,1.5980172029868984,1.5926868587417202
2021-12-06,1.527102084709284,1.4400731049898101
2021-12-07,1.5990152233322918,1.535077937106223
2021-12-08,0.8000290632151801,1.4972663108750641
2021-12-09,1.5947089049526655,0.7263402555734384
2021-12-10,1.5238905778748806,1.5995412606629347
2021-12-11,1.5787689877389532,1.5161563365741764
2021-12-12,0.8716371272873025,1.5256176490411384
2021-12-13,1.5030181158177782,1.4715987615432773
2021-12-14,1.5962298364438643,1.5350758883024687
2021-12-15,0.0007474806230908155,1.4979766780622477
2021-12-16,1.5712664743279452,1.5128632772684534
2021-12-17,1.55566625870257,0.8288968390570898
2021-12-18,1.5777708770225392,1.4972467230233226
2021-12-19,-0.481445343483607,1.1731388320366847
2021-12-20,1.574756833250643,0.06823863274365327
2021-12-23,1.5999041038607618,1.5277312611598277
2021-12-25,0.6913886914771719,1.6045778392183963
2021-12-26,1.597110251887993,1.497234736054735
2021-12-28,0.8015019594132556,0.9629120328826771
2021-12-29,0.08713200103890074,0.41501400566972035
2021-12-30,0.798145604814532,1.0075812467734864
2021-12-31,-0.12749492254910494,0.4934911482239839
2022-01-02,1.3576906385735668,1.567572836544429
2022-01-03,0.8044751566418609,1.540020903842436
2022-01-04,0.8000904192085889,1.0052653877744513
2022-01-05,0.05939049470294858,0.6138577747520174
2022-01-06,-0.44106918014334223,1.1908087460098886
2022-01-07,0.18709442498326653,1.234277763906203
2022-01-08,1.4645181222520933,1.5325787429535178
2022-01-09,0.005573860279409093,1.4910391902306146
2022-01-11,1.5871843722192498,1.353177367256211
2022-01-12,1.076141532051899,1.084111922578338
2022-01-13,-0.03483367780330671,0.8815663413129545
2022-01-14,-0.003490763086019144,-0.012259315232991397
2022-01-15,0.9473691527871404,1.524527224633334
2022-01-16,1.0663203706895956,1.0077015440240584
2022-01-17,1.599868835943189,1.0633807333575405
2022-01-18,0.011733183263884728,0.9239924981290537
2022-01-19,1.3689013305869764,1.423158344528632
2022-01-20,0.5435505110179369,1.5963551734404202
2022-01-21,1.5933268171223292,0.6464938272743296
2022-01-22,1.5983882832079752,0.39149977403658087
2022-01-23,1.5966857156274075,1.5107022265185075
2022-01-24,1.2896242682443344,1.5475071949161512
2022-01-25,0.7958288593201117,1.2630697576996461
2022-01-26,1.5964965003373304,1.1156835753069068
2022-01-27,1.594710938589537,1.5161618720044352
2022-01-29,1.5810741782914526,1.5565995002046942
2022-01-30,1.6009224822655472,-0.20084302710335228
2022-01-31,1.055413488080761,1.0259718530666875
2022-02-01,1.5940598518404596,1.599900038777027
2022-02-02,0.5539817973036864,1.5125077017880226
2022-02-03,0.6851891858359497,1.5511586672243687
2022-02-04,0.7992882032232722,1.274415677480235
2022-02-06,1.5985098387115528,1.535077937106223
2022-02-07,1.4325509291026075,1.1919242379163395
2022-02-08,1.5994012723368116,1.567454119999732
2022-02-09,1.599938836677567,1.535077937106223
2022-02-10,0.8038444844873361,1.5244810736605026
2022-02-11,0.7949442870389684,1.3325173232213279
2022-02-12,0.7531725114705384,1.0792813888153385
2022-02-13,0.40677072627195887,1.5456457540364534
2022-02-14,0.016667743093674692,1.6007607475570897
2022-02-15,0.8565077847010282,1.4816084189899383
2022-02-16,1.4731113281100825,1.5383358384640518
2022-02-17,1.3586024746798349,1.408676922529327
2022-02-18,1.5737149419340457,1.4611414260791913
2022-02-19,1.1384249526501877,1.5718008797184064
2022-02-20,1.496984947191012,1.5224722108468065
2022-02-21,0.547177776425294,1.1100534193975982
2022-02-22,-0.07364272471751751,1.4640417614915453
2022-02-23,0.39786529669533505,1.4987632034569056
2022-02-24,0.6539718961130778,1.1490638011254712
2022-02-25,1.0616195516692177,0.853984262984533
2022-02-26,1.0470492732750065,1.0999506849188838
2022-02-27,1.5259158679443658,1.5994221284356007
2022-02-28,1.5068451897965853,1.5255773962478891
2022-03-01,0.5321401155260088,1.4013572492505748
2022-03-02,0.899476977613479,1.1505391794532236
2022-03-03,0.7963180069896232,1.5913023380984357
2022-03-04,0.7120204034701437,1.5758605443933575
2022-03-05,1.1660903049887448,1.4248260979311898
2022-03-06,1.0986187836005727,1.160657073781111
2022-03-07,0.9935844174869527,1.4214277817894556
2022-03-08,0.8109273974329921,1.3143441606349557
2022-03-09,0.7135579025208008,1.331420439207403
2022-03-10,0.6145480502341616,1.1042258343840692
2022-03-11,0.765417968133547,1.5649996224639549
2022-03-12,1.0793994955557267,1.520237993876416
2022-03-13,0.9974366042721691,1.5603898704434205
2022-03-14,0.6357679757207202,1.395750561911595
2022-03-15,1.4957431666870717,1.4729519849463328
2022-03-16,0.44399667095562667,1.2925776427193736
2022-03-17,1.599547628751444,1.0208323188680202
2022-03-18,1.0517554745985878,1.5751425013124052
2022-03-19,1.592669010099768,1.5350758883024687
2022-03-20,0.5707674513844004,1.5468472831877396
2022-03-21,1.0989363223010373,1.5496254634055402
2022-03-22,1.1502364917076788,1.3549381506210532
2022-03-23,1.587033183082078,1.5350793749964324
2022-03-25,1.5522954874498172,1.526877821954845
2022-03-26,1.5401031706475756,1.2646422070020218
2022-03-28,1.595112648338139,1.599280019269917
2022-03-29,0.7018572872810598,1.572640800631144
2022-03-30,0.282802512566318,1.5481464395784856
2022-03-31,1.5953378065195458,1.5392717424424815
2022-04-01,1.0299571976327218,1.4058861354709808
2022-04-02,1.2695058405419763,1.5378533457810737
2022-04-03,1.597267168250207,1.5421293513579168
2022-04-04,0.36568899872167143,1.3053325150871107
2022-04-05,1.5815193288085874,1.535077937106223
2022-04-06,0.39999660045120117,1.5256193383481218
2022-04-07,1.5998621155483257,1.3840447042849071
2022-04-08,1.5950952404210272,1.5350820346759164
2022-04-10,1.5999824385504384,1.497236784845884
2022-04-11,0.7998090344548053,0.8920246687180782
2022-04-12,1.6004291093252347,1.5632454990877536
2022-04-13,1.6001421338680504,1.5993582229212657
2022-04-14,1.3639582942029727,0.5730010895301515
2022-04-15,0.3998827526905457,1.554456313143579
2022-04-16,0.5321480149126069,1.561550398906624
2022-04-18,0.2100757205719742,1.0060549854659677
2022-04-19,1.0289847856744805,1.5683002154889594
2022-04-20,1.5990515618821821,0.8534660259038409
2022-04-21,1.4421088693693611,1.5412900571367112
2022-04-23,1.2103963869665342,1.5640343640624172
2022-04-24,1.5999940843481086,1.535077937106223
2022-04-25,0.8048617765916843,1.5413519393959014
2022-04-26,1.14001447986641,0.9076700429842314
2022-04-27,1.6000349470458182,0.7253851817076002
2022-04-28,1.5454860874736016,0.9908293449845537
2022-04-29,1.2771715728151203,1.3878010996695214
2022-04-30,-0.374812221108027,1.137390391299394
2022-05-01,1.4018609612735253,1.5350939059424562
2022-05-02,0.9836286354592706,1.5693432222866812
2022-05-03,1.5999469295614013,1.5927052072812442
2022-05-04,1.1421001199351155,1.207416680067434
2022-05-05,1.5975611033498665,1.3933312314097515
2022-05-07,1.5835387056871153,0.07277029985578021
2022-05-08,-1.5804978552220923,1.5987995142633824
2022-05-09,1.3709309746682061,1.561265954179464
2022-05-10,1.3307720870091668,1.3518257042945552
2022-05-11,1.1602846262430873,1.5291199678207985
2022-05-12,1.5864401929322784,1.5224726903713004
2022-05-13,1.0666727152370725,1.5350815553763006
2022-05-14,1.6004262365301898,1.600005082718179
2022-05-15,1.5996461184361916,1.5350810102740393
2022-05-16,0.9482420626327821,1.1926673771808622
2022-05-17,1.5604409369323633,1.3013537395672123
2022-05-18,0.0006314748201047657,1.497234736054735
2022-05-19,0.9590590632372994,1.2753419006558107
2022-05-20,1.5253895297066213,1.600195572351346
2022-05-21,1.5735764155696088,0.6799492664067428
2022-05-22,0.001087700229273847,0.8750306775132555
2022-05-23,0.8002137010947247,1.594392725758894
2022-05-24,1.1084295094307803,1.2447997435679818
2022-05-25,1.599803276080043,1.5653115476696073
2022-05-26,1.5927704914443825,1.318710539460603
2022-05-29,1.593819009189004,1.5009489632213122
2022-05-30,1.5980923709811652,1.497236784845884
2022-05-31,0.5114129982237018,1.5225602116952899
2022-06-01,-1.2371022276862769,1.5902786675350717
2022-06-03,1.600003192957053,1.5926869667819177
2022-06-06,-0.6811878246542848,0.23025642863585727
2022-06-08,0.9034114870054659,1.6002144426922316
2022-06-09,0.7955637312417112,1.2281189541640751
2022-06-10,1.5950153257932072,1.5619694113083398
2022-06-11,0.7816490573426019,1.5017684388864099
2022-06-12,0.769826733831033,1.530264693783237
2022-06-13,1.1883219625843622,0.6816024755974542
2022-06-14,1.571435900980367,1.1945491645363535
2022-06-15,1.034134609345906,1.1161168237112815
2022-06-16,0.8319131118296582,1.0514611213048433
2022-06-17,1.0586604582814692,1.3561140935596991
2022-06-18,0.484348898246436,1.4569747288826442
2022-06-19,0.7825874969249271,0.7759701639444277
2022-06-20,1.589368373071123,1.5847891880194784
2022-06-21,1.583703574196856,1.599947699682789
2022-06-22,0.5124570956030409,0.8977677744741112
2022-06-23,1.139129578453035,1.5437731148933143
2022-06-24,1.5997190649880086,1.5671255637966297
2022-06-25,1.4635203867685544,1.5528669130259452
2022-06-26,1.3069190705443943,1.5545699833392679
2022-06-27,1.5691666068765506,1.5926841990671154
2022-06-28,0.22059570108289753,0.6834037664942555
2022-06-30,1.6007366638930551,1.5933496825389684
2022-07-01,0.32884276800954226,1.5482603493628757
2022-07-02,0.8037667747208302,1.5724679444010743
2022-07-03,-0.7952149287082986,1.5593734202886969
2022-07-04,0.03434464368888834,1.4796241020430498
2022-07-05,0.9193962375651891,1.1014543402117998
2022-07-06,1.5576957179142934,0.814499821538681
2022-07-07,1.4698706097042435,1.132323789330682
2022-07-08,1.3515044106374503,1.283664334121164
2022-07-09,0.788266278303908,1.5461194914233627
2022-07-10,1.5954577922250064,1.4972360659020985
2022-07-11,1.5994367733928958,0.10119515175559504
2022-07-12,0.6753426933967404,1.4980669335701104
2022-07-13,1.1399783222492004,0.8387583286365003
2022-07-14,0.8554179326892273,1.426832002223018
2022-07-15,1.0063703048709187,1.5576957415191024
2022-07-16,1.5853936865744265,1.570634046048692
2022-07-17,1.5956874672949755,1.558007328286616
2022-07-18,0.9360536369831756,1.2478677754386513
2022-07-19,1.6003405924488674,1.4975731305306919
2022-07-20,0.9065993515572015,1.49115322761037
2022-07-21,0.8655015009930216,1.5687997587273097
2022-07-22,1.599438024320598,1.054094878706853
2022-07-24,0.07766340831037973,1.401136323066773
2022-07-25,1.4228129859569194,0.11396840788893126
2022-07-26,1.5824511844399363,1.6000055644518472
2022-07-27,0.8741497271086951,1.5427299352555142
2022-07-28,0.3467352630441656,1.2505532490201794
2022-07-29,1.2051696253953454,1.3683824570479564
2022-07-30,9.670488031000497e-05,1.4770223528422135
2022-07-31,0.8008216379737523,1.5350789615017977
2022-08-01,1.0811347570035006,1.3580205703437367
2022-08-02,0.0981761637603767,1.5766190133508058
2022-08-03,0.80107774321699,1.4472502434431564
2022-08-04,1.5883595677451903,1.5454382706560836
2022-08-05,1.4777550084962117,1.5564287918184958
2022-08-06,0.8986548924828313,1.5446024888998493
2022-08-07,1.066711045294592,1.5323148413765626
2022-08-08,1.0317943887034553,1.0000691846108052
2022-08-09,1.1850388366434839,1.1611210393877733
2022-08-10,0.9807600146206206,1.2157492622137236
2022-08-11,1.0236221009453808,1.5478072473525237
2022-08-12,1.6008821579857284,1.5997907716422857
2022-08-13,0.822615724048184,1.5470619168198854
2022-08-14,1.5989123645315724,1.5998501902645175
2022-08-15,1.5997481204105075,1.535076499209805
2022-08-16,1.56768010499352,1.066911927534984
2022-08-17,1.5772010319579242,1.5693938495675965
2022-08-18,1.2704403600332084,1.3301645564736393
2022-08-19,1.559819671902228,1.5831258461929312
2022-08-21,1.5901612448574336,1.5802351960030352
2022-08-22,1.1906328189207152,1.2145494979808884
2022-08-23,1.599294479178423,1.5981692790896735
2022-08-24,1.2617609461047359,1.5650524487391406
2022-08-25,1.5597673025838674,0.21331276117022077
2022-08-26,0.8496431491037226,1.3369143462260729
2022-08-27,1.600007184157158,1.5989311998096436
2022-08-29,1.5973358810047875,1.5675008687392449
2022-08-30,1.592968600899637,1.4114278996412788
2022-08-31,0.7985431511203914,1.2883254744944257
2022-09-01,0.5325978032735116,1.2546171864937234
2022-09-02,1.5141717477433434,1.55187572286864
2022-09-03,0.35828963414858406,1.5893113871487494
2022-09-05,0.0007925954706623495,-0.7883045388991121
2022-09-06,1.017555620377869,0.9277677041690154
2022-09-07,0.8719619661466973,1.2163789374579816
2022-09-08,1.4097548289101247,1.5559649840363072
2022-09-09,1.6004494462786132,1.5993647995654832
2022-09-12,0.7994505072603745,1.4976645150904668
2022-09-13,1.5998000849908456,1.5475006037999735
2022-09-14,1.5958847592223748,1.0660647008853392
2022-09-15,0.6015186266970147,1.5383710976565388
2022-09-16,1.4471678988886556,1.5274954031988612
2022-09-17,1.5884588999121998,1.4167335937167826
2022-09-18,1.6005449212514642,1.5455237851314116
2022-09-19,0.08122926290674164,1.5416975730503006
2022-09-20,1.6000431136547941,1.2474512315555049
2022-09-21,1.0841322600251948,1.503789977136927
2022-09-22,1.386655982099672,1.3961685988493902
2022-09-23,0.7542397318922861,1.2777659661046201
2022-09-24,0.5299154340225019,1.0785746532327387
2022-09-26,0.7871177952769501,1.1681289745212644
2022-09-28,0.6223084811842768,0.9539353288820003
2022-09-29,1.0708382102114637,1.5629613744590871
2022-09-30,1.501459853515267,1.5325177098113978
2022-10-02,1.5824318615407913,0.4223670387243044
2022-10-03,1.594342405261592,1.5277065961267091
2022-10-04,1.198452985997002,1.434160496999191
2022-10-05,1.1941715334225287,1.1114027488885891
2022-10-06,1.3630728741573577,0.7104869323020012
2022-10-07,1.3380232911335546,1.4920640335418829
2022-10-08,1.512086399656565,0.9234717066292625
2022-10-09,-0.36242291228571016,1.529870869980102
2022-10-10,1.269930067715458,1.2652872620077489
2022-10-11,0.7147282306203391,1.241093196857247
2022-10-12,0.9973157649718989,1.2629973756402568
2022-10-13,1.5923101957996515,1.509848453470646
2022-10-14,0.8059533069523823,1.448424108485466
2022-10-15,1.1052789404378487,1.1252416925623463
2022-10-16,1.5142906589257354,1.2797081969902038
2022-10-17,0.5781103783233823,0.9585275397506481
2022-10-18,1.6000192684832804,0.88147864160092
2022-10-19,1.1792180337178184,1.4972443689985249
2022-10-20,1.5876277825803298,1.548666558406751
2022-10-21,1.5992942967695027,1.5061832510821904
2022-10-22,1.5879449603408646,1.5350895105420324
2022-10-23,1.559391532887185,1.535077937106223
2022-10-24,1.6000091573234319,1.4972402714969444
2022-10-25,1.1150221914192473,1.5650556123378483
2022-10-26,1.0664125415981482,1.0109517242849309
2022-10-27,1.5996797024620129,1.592682761179544
2022-10-28,1.599967554932769,1.548097775543357
2022-10-29,1.5871019239486184,0.4901609170790173
2022-10-30,0.8003432864573798,0.8656445162534656
2022-10-31,1.239151742783876,1.497236784845884
2022-11-01,0.5293160385041147,1.599744726157713
2022-11-02,1.2980693708481563,1.5224984581605303
2022-11-03,1.590316633492742,1.0668564425352192
2022-11-04,1.2539368111515619,1.5257926452281685
2022-11-05,1.5875118639576147,1.509849136405231
2022-11-06,1.0662930926896836,1.5781405339493293
2022-11-07,0.3956634561994505,1.3476676079390242
2022-11-08,-0.19097563619148228,0.7699249705802381
2022-11-09,0.6844675589996724,1.3176887421261678
2022-11-10,0.9557316735864264,1.5315669853029024
2022-11-11,1.5996296388441498,1.5702544579712387
2022-11-12,1.5996013471860082,1.1464473342942385
2022-11-14,1.5994325185547957,1.5771829524776368
2022-11-15,1.5733492096277275,1.4123722568909947
2022-11-16,0.7922615489563121,1.3722424084388158
2022-11-17,1.5974220484950117,1.5752437693406172
2022-11-18,1.6000847978849102,1.598400295309618
2022-11-19,1.598821107957056,-1.599245010276104
2022-11-21,1.1999933907103653,1.183577438925464
2022-11-22,1.1998371547224524,1.552279352934324
2022-11-23,1.5999794786354888,1.564614230735281
2022-11-24,1.5994249913008496,1.5949641885166213
2022-11-25,0.958357404210763,1.5500186090281178
2022-11-26,1.595288786814929,0.9243742747371608
2022-11-28,1.597230442882499,1.3928829424573792
2022-11-29,1.6000722279297928,1.599635098578192
2022-11-30,0.5871566821407362,0.39773677292505
2022-12-01,1.545428993867761,1.5066975851056048
2022-12-02,1.5932086173860447,1.5781443894433842
2022-12-03,0.0005119960728297013,0.789472062145605
2022-12-04,1.5859686094874903,1.4808442996166964
2022-12-05,0.8734786508355179,1.5071721102465228
2022-12-06,0.9285738540787687,1.5224637403789005
2022-12-07,1.2277604371135908,1.2213265271569704
2022-12-08,1.5655613449514882,1.4425467645792214
2022-12-09,1.3719051552083439,1.538448287585845
2022-12-10,1.5996964225351142,1.535094281806463
2022-12-11,1.5672136113872823,1.5863010989965716
2022-12-12,1.5999570449872218,1.3268481813121689
2022-12-13,1.599950714442762,0.9604176426573816
2022-12-14,1.5999822699257134,0.6319125919083269
2022-12-15,1.3975574947580118,-0.03865287895686731
2022-12-16,1.454247346881647,1.33163653752024
2022-12-19,1.4228836836415868,1.5240097020154146
2022-12-20,1.0672583964922084,1.1412890089768901
2022-12-21,1.4141609125273078,1.1580983687970552
2022-12-22,0.5660762040604619,1.2527815165803742
2022-12-23,1.5998966657654095,1.0447365163505253
2022-12-25,1.066479305878889,1.5350822381953027
2022-12-26,1.5990726164609463,1.497234736054735
2022-12-27,0.38905573613815475,1.3944963321067587
2022-12-29,1.1924489723854248,1.5581281913773934
2022-12-30,1.5981068644005543,1.156416173369466
2023-01-01,1.1991497410060956,1.525617289567034
2023-01-02,0.8000018264700743,1.525621387075027
2023-01-03,0.8914995817692462,0.8208190126598593
2023-01-04,1.5994980400073713,1.1910294386208706
2023-01-05,1.0662032034662507,1.5391402996933932
2023-01-06,1.389308867779288,0.8573597072965928
2023-01-07,1.582697384900968,1.5350789615017977
2023-01-08,1.599337369034252,1.5350836040868094
2023-01-09,1.2949566315304586,1.2037230369268253
2023-01-10,1.5996146948492125,1.5561046285344233
2023-01-11,0.533344522690761,1.3539516189198475
2023-01-12,1.5947643409519285,1.5656441388228852
2023-01-13,1.2042117503633378,1.3643939796215192
2023-01-14,1.5834263644545052,1.5366863916025881
2023-01-15,0.035841129254343816,1.535077937106223
2023-01-16,0.7863867054019278,1.5350858266992737
2023-01-17,1.5997747086694245,1.3380498377408645
2023-01-18,1.5998892394383954,1.5495428215197493
2023-01-19,1.0725082691935868,1.4490116262434294
2023-01-20,0.6337822439771134,0.7995076440510477
2023-01-21,1.5997616132784693,1.497236784845884
2023-01-22,1.6001450612901134,1.5426248509638376
2023-01-23,1.5994915127127691,1.0519775360060197
2023-01-24,1.5912242378316763,1.1371367669145422
2023-01-25,0.577081421976121,1.5543160839718464
2023-01-27,1.5995880743506357,0.7751918453587995
2023-01-28,-0.2821442003573208,1.4972464177304081
2023-01-30,1.5897612784166713,1.5417645622530032
2023-01-31,1.5821843901899548,0.8740889763743649
2023-02-01,1.599225253782236,0.9866652550702115
2023-02-02,1.1329710291489774,1.2288048472460775
2023-02-03,1.0969581922616152,1.0485188821626659
2023-02-04,1.4204064603116784,1.5340574801496591
2023-02-06,1.4639760173921157,1.0834580201498367
2023-02-07,1.5951247823239751,1.538766706228556
2023-02-08,1.5616195909205177,0.7487456187850356
2023-02-09,1.59852765117867,1.5486670878625564
2023-02-10,1.6000517570066533,1.5989315270024405
2023-02-11,1.1446508828269513,1.4608266813099628
2023-02-12,0.9432166021762286,1.1402666339643759
2023-02-15,0.799826181626437,1.6000287344519388
2023-02-16,1.5885085048950471,1.497236784845884
2023-02-17,1.599808255959863,1.5670089369178841
2023-02-18,1.5989343339429685,1.4972333701855653
2023-02-19,-1.5998642385757127,1.5279914386608076
2023-02-20,-1.5763534109153492,1.5778945790211218
2023-02-21,0.7996957770433877,1.5675071528159013
2023-02-22,1.5987331084891463,1.5315445008710913
2023-02-23,-1.0492042058050413,1.5162681412392836
2023-02-24,1.5971940687425856,1.5982372903037843
2023-03-01,0.017867966997668534,0.6850500623671113
2023-03-02,0.7985120348468178,1.1531365582469206
2023-03-03,0.8003352192884425,1.523835737488009
2023-03-04,1.6053171389759298,0.6954152041274173
2023-03-05,1.5910284600659268,1.5246759006462982
2023-03-07,1.590917044161592,-1.1077157969634845
2023-03-08,1.5965006455666892,1.497234736054735
2023-03-09,-0.0006097430206435384,1.5667283766028461
2023-03-10,1.0540914211875685,0.9685642884700594
2023-03-12,1.5994800335804134,1.497236784845884
2023-03-13,0.6188737860180492,1.4045107111555446
2023-03-14,1.598886656971205,1.42500413814266
2023-03-15,1.572501807687019,1.5315554164368628
2023-03-16,1.5866709871587636,1.5350896187818963
2023-03-17,1.1734219213079888,1.528635500731988
2023-03-18,0.8506720307089317,1.5213797384149603
2023-03-19,0.09038080330493319,0.7757535701242662
2023-03-20,0.659778964258852,1.5640498639121951
2023-03-21,1.2669321471785122,1.1286813055363627
2023-03-22,0.8005684615960066,0.838827155062743
2023-03-23,1.123641441767207,1.2875168567531912
2023-03-24,-0.0015516160993127581,0.3809934034869401
2023-03-25,0.2724516639328795,1.3599960393677286
2023-03-26,1.5306120592049635,1.5474908172961332
2023-03-27,4.916832613489544e-05,0.01346648582376618
2023-03-28,0.5315030742634075,1.5350786200366062
2023-03-29,1.370262828888953,1.5728973114285982
2023-03-30,-0.41610160838312144,1.4326338108379009
2023-03-31,1.591903940892499,1.5515542812067293
2023-04-02,1.5998558088078525,1.550731330646097
2023-04-03,-0.5047088284957922,-0.00612284583513271
2023-04-04,1.5953330352618569,1.525886988033546
2023-04-05,1.5980918374925712,1.5224712225861445
2023-04-06,1.0013701443039749,1.1143248601252893
2023-04-09,0.7814534612384896,1.5161681261523967
2023-04-10,1.364963988747221,1.1418941355395567
2023-04-11,0.6382994561835696,1.485703351113542
2023-04-12,1.4548923275513224,1.5610397914740581
2023-04-13,0.9025092935226929,1.3310028587929914
2023-04-14,1.5998917840590439,0.8001298494575543
2023-04-16,1.599036260387602,1.5530219641008172
2023-04-17,1.2249029475287856,0.8903534484175112
2023-04-18,0.6220729043433131,1.1581889203219469
2023-04-19,1.5732461888484806,1.4894301933324607
2023-04-20,0.9860885795270045,1.5593023931577972
2023-04-21,1.5542191655413218,1.535077937106223
2023-04-22,1.599079786902549,1.212081040271489
2023-04-23,0.5314424154337477,1.5510103505809836
2023-04-24,1.200029827494221,1.5403698218017914
2023-04-25,1.581868457216804,0.5690166177157214
2023-04-26,0.1667602465779014,0.3409824571834347
2023-04-27,-6.7861348723867e-05,1.2006729445100084
2023-04-28,1.6000120515573666,1.5926930049904475
2023-04-30,1.2716659183518586,1.5350792669535864
2023-05-01,1.183388061313539,0.8478263075797084
2023-05-02,1.5991821980327976,1.497234736054735
2023-05-03,0.9196921552777614,1.3861053025046122
2023-05-04,1.5728093805812033,1.5224655855426745
2023-05-05,1.0099095794562676,1.5224980977186646
2023-05-06,1.597216968177767,1.535087570050013
2023-05-07,1.5992801649952664,1.1318427717349462
2023-05-08,1.5761812703892466,1.5275493487313365
2023-05-09,-1.5987063455489856,1.5992674802073765
2023-05-10,1.5969406344026384,1.5350820346759164
2023-05-13,1.599844934136553,1.535077937106223
2023-05-14,1.5985102296802747,1.5662847547619156
2023-05-15,1.5794307669163905,0.01689068432495075
2023-05-16,1.599688645298233,1.5350815553443835
2023-05-18,0.791761171031787,0.8787510113209578
2023-05-19,1.5997623947155957,1.5351140238667473
2023-05-20,0.7999991987518978,1.5638854710754244
2023-05-21,1.5669789305700128,1.535076499209805
2023-05-23,1.5957546177311261,0.4465351679354653
2023-05-24,0.9643471155442093,1.1546371309967625
2023-05-25,1.5987235300433025,0.17752639528361291
2023-05-26,1.5995844013021057,1.0951857095003215
2023-05-27,7.110989981888214e-05,1.5976583592301474
2023-05-28,1.4372051587375645,1.1152787788660388
2023-05-29,-0.42759696036985195,1.497234736054735
2023-05-31,1.3784654577572464,1.3176809704251486
2023-06-01,1.5929417498743703,1.5161573609760537
2023-06-02,0.5524797789303011,1.5999658978406555
2023-06-03,-0.5350649957779379,0.00018934059249127544
2023-06-04,1.5992757781587459,0.7675535259348487
2023-06-05,1.0665869616098929,1.5350788236698794
2023-06-06,0.36162565441500655,1.0201187854784852
2023-06-07,1.5639469336753549,1.4037656815539306
2023-06-08,5.535534226325925e-06,1.535077937106223
2023-06-09,1.0604632627641715,1.5350799858847672
2023-06-11,1.5998204935541,1.4864132363623488
2023-06-13,0.8021895281754343,1.5161643341686566
2023-06-14,1.588783431990371,1.497234736054735
2023-06-16,1.5973276928240916,1.296605155153187
2023-06-17,1.5206929661836786,1.18500578471189
2023-06-19,0.9787974399828088,-0.7204147585074971
2023-06-20,1.5593935816783342,1.5350799858973723
2023-06-21,1.5999800574247212,1.5161583853653258
2023-06-23,-0.14067732860054036,1.1741692374720727
2023-06-26,-1.599714573224529,-1.5998674309417775
2023-06-27,-0.7273416231383572,1.5324281511267666
2023-06-28,1.5661605220233392,1.5350775956389306
2023-06-29,1.5999966174907385,1.497245195962751
2023-07-02,1.5865287879263372,1.535077937106223
2023-07-03,1.5949309835637846,0.0005153723678769685
2023-07-04,1.5995292844978226,1.4945238463737787
2023-07-05,1.279172379945979,0.23259001965442744
2023-07-06,1.5999298010369116,1.0324869203987714
2023-07-07,1.6000635026464938,1.5676591445709143
2023-07-08,0.0073120788408364,1.4972337116528576
2023-07-10,-1.5735445424472807,1.5996694793844075
2023-07-11,0.7999745307777769,1.523667579140736
2023-07-12,1.4891282643692554,1.5312256093419652
2023-07-13,1.521772278661089,1.5996021462954533
2023-07-14,1.5828144799827446,0.3956750138438407
2023-07-15,1.5963062686432912,0.08841505041782001
2023-07-16,1.59971763968237,1.5514537304121234
2023-07-17,1.5899181172840222,-0.005588471605449619
2023-07-18,1.5982592296099056,1.5625913103401274
2023-07-20,1.5972467345446908,1.535077937106223
2023-07-21,1.5903459559278768,1.535077937106223
2023-07-22,1.4803628120869665,1.545823645090515
2023-07-24,1.5988460594524392,1.5997585215537617
2023-07-27,1.599705232706994,1.1622932717315075
2023-07-30,0.8724299912020521,1.1630121919314953
2023-07-31,1.5982886478698284,1.5857167032795096
2023-08-01,1.5102986787095907,-0.3310368580005679
2023-08-02,1.1844378252512386,1.5942218324206483
2023-08-03,1.5989358408818652,-1.4912324193552198
2023-08-04,1.5990918591065673,1.497234736054735
2023-08-05,1.5998632917671751,1.535077937106223
2023-08-08,1.5927980972161087,1.535076912704346
2023-08-09,0.19848375388659828,0.5214877037343306
2023-08-10,1.5610254799927388,1.557799260742914
2023-08-11,1.5159404901239737,1.5996709874502286
2023-08-12,0.37130035257065064,0.8489036648690944
2023-08-13,1.484019357610243,0.777906082362133
2023-08-14,1.5747965555344132,1.5999968930190085
2023-08-15,1.1994821405285587,0.8169964979790969
2023-08-18,-0.00459478525660173,1.2338728424313072
2023-08-19,0.5337255898104251,1.577875868783959
2023-08-20,0.8173479728191099,1.041514729527661
2023-08-21,1.0396476291113066,1.5450447146506294
2023-08-23,1.599108521527473,1.510020846192275
2023-08-24,1.59209658278097,1.5527855718914325
2023-08-25,1.5473730396397043,1.5161573609760537
2023-08-26,1.5999979249142906,1.54678340672557
2023-08-27,1.5967842679754387,1.569620720583689
2023-08-28,0.7512800400614482,0.013126735476937204
2023-08-29,0.3652089728280858,1.5531408091939838
2023-08-30,5.535534226325925e-06,1.497234736054735
2023-08-31,1.5994256178716533,1.535077937106223
2023-09-01,1.5999227208190065,1.535077937106223
2023-09-02,1.5999883779799622,1.535077937106223
2023-09-04,0.4227452054547638,0.9348058336409862
2023-09-06,1.5760478864331624,1.5995612303780262
2023-09-07,6.919727971018802e-06,0.9486223995449649
2023-09-08,1.5993293290358772,1.5951714528530914
2023-09-09,-1.0873480267484907,1.5938534729895415
2023-09-10,1.554420744200373,1.555934666947711
2023-09-11,1.5756802726087147,1.5346156632665662
2023-09-12,0.0007647206273696527,1.4940350602478036
2023-09-13,1.5970268352163828,1.5713324130645496
2023-09-14,-0.5337775201819605,0.5028696843111337
2023-09-15,1.423287695175783,1.5994895028924947
2023-09-16,1.5992787911910515,1.5438921665231014
2023-09-18,1.5878307449854472,1.5982807266138048
2023-09-19,1.5764824549548833,1.1781581158612298
2023-09-21,1.597945273072277,1.4292112991193815
2023-09-22,1.5999094073314022,1.535077937106223
2023-09-23,1.5994127070507367,1.535077937106223
2023-09-24,1.5091854773494944,1.5898775214672425
2023-09-25,1.5829150717113127,1.599408208433939
2023-09-26,1.3290223548869782,1.5793267474448287
2023-09-27,0.49860705984741727,1.497236784845884
2023-09-28,-0.43147046582940923,1.5772188250133938
2023-09-29,1.580831419068709,0.8221545170145423
2023-09-30,1.4547457404432,1.5449584431653505
2023-10-01,1.5505446915538625,1.576736873024731
2023-10-03,1.1194918494254624,1.5574444213383951
2023-10-04,1.5973605278343663,0.9634170507841534
2023-10-05,1.573567291307819,1.4342622770132796
2023-10-06,1.362209496934293,1.5998328501385246
2023-10-07,1.5812063799636924,-0.546363978620519
2023-10-08,6.631784881481361e-06,1.5485234069970732
2023-10-09,1.3674188046614948,1.2452928272886212
2023-10-11,1.5453865243804106,1.526183750209399
2023-10-12,0.3325078993022318,0.2416757490744904
2023-10-13,0.7977674900975917,0.2326298014744293
2023-10-14,1.598491240062132,1.5419380399781553
2023-10-15,1.595624226437552,0.22855141867208906
2023-10-16,1.5958259942166197,1.5486082129791747
2023-10-17,1.5999711583122127,1.5756086060088506
2023-10-18,0.5282503817598835,1.5987980875779113
2023-10-19,1.59653960732772,1.5990001051828349
2023-10-20,1.5901739059583728,1.5161542877767245
2023-10-21,1.5127855089381792,1.497234736054735
2023-10-22,1.5998180467090013,1.5564688325364766
2023-10-23,0.9642713583425809,1.3836875347659041
2023-10-24,1.175745265414534,1.1883724228841337
2023-10-25,1.592915999259621,0.9423441256717974
2023-10-26,0.5494589548146604,1.5971681331389809
2023-10-27,1.207824842550337,1.31987938259057
2023-10-28,0.05627812035580365,1.5536482553474165
2023-10-29,1.0389486938545884,1.3232196519926434
2023-10-30,1.0553850121235384,0.528664726877664
2023-10-31,0.7999760782447294,1.5433725528626492
2023-11-02,1.5952438660089057,0.9645862504709383
2023-11-03,1.0356099777858945,-0.009082532477867278
2023-11-04,1.5422394431773987,1.5340643089883406
2023-11-05,1.5998112289026913,1.5855504913551548
2023-11-06,1.0838860214521668,1.0392232743598013
2023-11-07,1.5985112299408861,1.56704390792864
2023-11-08,1.5991877207411076,0.8775191326218676
2023-11-09,1.6002008066511233,1.4917367232483074
2023-11-10,0.9602243688435724,1.5623301937227287
2023-11-11,1.5994500306111912,1.5999722118108288
2023-11-12,1.5963088756955246,1.535077937106223
2023-11-13,1.5997228061855557,1.535077937106223
2023-11-14,1.4573805903500974,1.5673940300657851
2023-11-15,1.5979773241723678,1.567269758976947
2023-11-16,1.599721414354751,1.598424354822438
2023-11-18,-0.1422902198281256,1.522463536755727
2023-11-21,1.0667308542453802,0.8496973468792096
2023-11-23,1.5436817979752515,1.535077937106223
2023-11-24,1.5989446756779637,1.423834366088143
2023-11-26,1.5981297930542637,0.9862710112806665
2023-11-27,0.2043562155804515,1.0986549986676366
2023-11-28,1.5703944565862487,1.5472638305760444
2023-11-29,1.3304683670086075,1.5161563365783781
2023-12-01,1.4155706823445064,1.5499030236377067
2023-12-02,1.598109491103567,1.535077937106223
2023-12-04,1.4277393073703082,1.5528683365676328
2023-12-05,1.0666800014119908,1.5098629382492963
2023-12-06,0.8008251983257288,0.7152867441970462
2023-12-07,1.6000039133566293,1.5791702610267617e-05
2023-12-08,3.4869934657729584e-06,1.5350758883024687
2023-12-11,1.5991566119865466,1.5988417807347404
2023-12-12,1.5418593980021607,-0.16245854168645812
2023-12-13,1.434381133462639,1.1005183202050417
2023-12-14,1.4587899228774797,1.5442813531693884
2023-12-15,0.8072803684511699,0.7675566786120015
2023-12-17,1.5994037397832013,1.535077937106223
2023-12-18,1.5830477672265688,1.5566748405841466
2023-12-20,1.141402829774161,0.07312816294460733
2023-12-21,1.5985039068120057,1.5992602476535782
2023-12-22,0.9748996905610282,1.5857369167342639
2023-12-23,-0.8282126699549448,1.5994916380083501
2023-12-24,0.3933885076555323,0.9866727420246052
2023-12-25,1.5838640265029251,1.583479623442023
2023-12-26,1.571160952109372,1.5350799858973723
2023-12-28,1.5971282627053387,1.5999347473944336
2023-12-29,0.650733093391479,1.5402564626950512
2023-12-30,1.6016711251155091,1.5192008682921023
2024-01-01,1.584774803109675,1.5994346358817957
2024-01-02,-1.5016204644980469,1.497234736054735
2024-01-03,1.5766224877936157,0.748672246014496
2024-01-04,1.4898616078043532,1.5350758883024687
2024-01-05,1.5999192244223763,1.598856420815407
2024-01-08,1.6001721495538737,1.5615148433699224
2024-01-09,1.588165687022508,1.3568698767399463
2024-01-10,1.5048531539593668,0.8240205757338203
2024-01-11,0.8041934725199722,1.4057158457367636
2024-01-12,0.7322123122883698,1.1867106598352573
2024-01-13,0.00017879169887677858,1.5942927782810743
2024-01-14,1.597108211289964,1.5981115993101147
2024-01-15,1.5999032790195793,1.4973290047440122
2024-01-17,1.0705563792431434,0.7576407757207185
2024-01-18,1.5177557275096416,1.548603001987828
2024-01-19,1.5974222849879354,0.8000128011356185
2024-01-20,1.5956052868458726,1.5706673974202916
2024-01-21,1.5996324332718521,1.5161778475641066
2024-01-22,1.2712315660369162,1.5994857787589885
2024-01-23,1.0175944543026196,1.5567214506327813
2024-01-25,1.597507131492244,4.609591264948069e-05
2024-01-26,1.5987628307102284,1.5350758883024687
2024-01-27,1.6000530500754064,-1.5994255797690116
2024-01-29,1.573211236445826,0.7646116685459864
2024-01-31,-0.39295767764699113,0.44213092014215516
2024-02-01,1.5977152212047891,1.5673515234172233
2024-02-02,0.2759949503384082,1.555097445718193
2024-02-03,1.597630799768299,0.06895937830014787
2024-02-04,1.59985441772024,1.5999946989882703
2024-02-05,0.7662154042674499,1.5773279757598597
2024-02-06,1.5663818184560552,1.4897693176719766
2024-02-07,1.5988021209630325,1.3493607262685263
2024-02-08,1.0412485523977106,1.3685448195573906
2024-02-09,1.5957621107779192,1.049295660282459
2024-02-10,0.8097146764633117,1.3730414339237977
2024-02-11,0.7742792185840803,0.8988315485767837
2024-02-12,1.600956057183813,0.7685107673198464
2024-02-13,0.8078191802578985,0.4841036371675692
2024-02-14,1.3520702181570552,1.3257065881606807
2024-02-15,1.091255530092728,0.8557936929023195
2024-02-16,1.57050717166004,1.5478933429664241
2024-02-18,0.5365623556239908,1.4420530470190063
2024-02-19,0.3266610956947443,1.578706095572432
2024-02-20,1.31920449540061,0.5917676038384162
2024-02-21,1.2928870757862634,1.5869241185129845
2024-02-22,1.2103541572090193,1.5949355982769529
2024-02-23,1.0153061928032496,1.4803017853621738
2024-02-25,0.6702386966699607,1.5987072187704787
2024-02-26,1.590899796187812,1.023412596570276
2024-02-27,1.6000084484568717,0.6439119732005549
2024-02-28,1.1468372119237247,1.1260698206865725
2024-02-29,1.5940000235094585,1.0553825265090004
2024-03-02,1.0757957015682238,1.53983591411057
2024-03-03,0.6879087518327306,1.334385412012784
2024-03-04,1.3694853050853586,1.2015270210822562
2024-03-05,1.3570922836490908,1.5402305324479832
2024-03-06,0.9080085647006831,1.3421229011907765
2024-03-07,1.2736266022441165,0.8152243994199623
2024-03-08,1.1959411627597816,1.568593667030608
2024-03-09,1.4120931020758236,0.8823929506539048
2024-03-10,1.598694132292238,1.3031244791978471
2024-03-11,1.010879455124446,1.2152972693298432
2024-03-12,1.5976495918754008,0.8097954397001867
2024-03-13,1.593152074179048,1.5552943953768583
2024-03-14,1.267173117567574,1.4715436166225193
2024-03-15,1.598479115736871,1.1957613260025346
2024-03-16,3.5187659571876463e-06,1.4972326872509805
2024-03-17,0.7793965106481114,1.5281623905323454
2024-03-18,1.0661740390389407,1.4929400061683784
2024-03-19,0.18448832299545068,1.0064816546209394
2024-03-20,1.0000812600699969,1.5199440210981283
2024-03-21,0.9583468013351355,1.4733380871692319
2024-03-22,1.239931844568558,0.9369637752909735
2024-03-23,1.6004469860268797,1.1983243226012168
2024-03-25,1.5927464569021748,0.08099150554476355
2024-03-26,0.33425292458596234,1.5622918807730168
2024-03-27,1.4633235244817395,1.3530281013049894
2024-03-28,1.2726131873721207,1.557163697484391
2024-03-29,0.7068647378335858,1.546650711626326
2024-03-30,0.39983573753770907,1.567440949573108
2024-04-01,1.1443064170988073,1.3214510472410261
2024-04-02,1.5997280119373933,1.0234044172986951
2024-04-03,0.9068477125922413,1.1758300080321311
2024-04-04,1.3801718883949834,1.5565596818671557
2024-04-05,0.9786699078582376,1.3274458837735128
2024-04-06,1.0682341482883262,1.5560679537701594
2024-04-07,1.4016906228763777,1.3243749598421923
2024-04-08,0.7719102284224034,0.9846380901902843
2024-04-09,1.383797405468903,1.2003485897221964
2024-04-10,1.5996637154188755,0.9685256297749028
2024-04-11,1.1000954616388265,0.9506737678947057
2024-04-12,0.6625605095064953,1.3383182630278683
2024-04-13,1.5714961629143949,1.2467159892115562
2024-04-14,1.3909280693512247,1.1199574833961963
2024-04-15,0.814909660261844,1.4646552051718562
2024-04-16,1.593250091087466,1.0449709649230097
2024-04-17,0.018794743513712818,1.5999231872982844
2024-04-18,1.369056309073242,1.3852416094489615
2024-04-19,0.5725101270680655,0.6460556612859936
2024-04-20,0.34737009043950845,1.213904724942713
2024-04-21,0.9535978699002288,0.5951336897462418
2024-04-22,0.5234413709808793,0.04675842012336739
2024-04-23,0.4958448616203609,0.21193534744219505
2024-04-24,1.578201098953582,0.7995453157030107
2024-04-25,0.40451800508424207,0.8962273661986032
2024-04-26,0.00039089551196818084,1.5472174155139906
2024-04-28,1.5999174849721547,1.516161458495327
2024-04-29,0.4007876139746789,-0.4117584325517137
2024-04-30,1.5935048985961495,-0.05355634236985803
2024-05-01,0.8004979208387144,0.7022043518087437
2024-05-02,0.2022709493679845,-0.11757588467656795
2024-05-04,1.597441808106652,1.5350820346759164
2024-05-05,1.599927423651196,1.5350799858973723
2024-05-06,1.598592737831673,1.5983409979273397
2024-05-07,1.5982873768324493,1.4296906050825962
2024-05-08,1.5204472767685184,0.7531253725639536
2024-05-09,1.5999588142935874,1.5993171612061219
2024-05-10,1.5932601922007472,1.5998807206953178
2024-05-11,1.5564159015552728,0.285990212350682
2024-05-12,1.4052499184144553,1.5161563365773276
2024-05-13,1.599560605368947,1.4972486825257447
2024-05-14,1.0648700269823064,1.3573682991702363
2024-05-15,1.401755079789238,1.070136789593151
2024-05-16,1.4686157624983587,1.5435283101856196
2024-05-17,1.3473629948266581,1.338389548585401
2024-05-18,1.2090681102254182,1.3426312675595198
2024-05-19,1.5919491450610577,1.550200978867822
2024-05-20,1.2421621956734958,0.6438896966656591
2024-05-21,1.555328974520026,1.0449690225431514
2024-05-22,1.17477610358485,1.2397286062493549
2024-05-23,1.0646683581851624,0.4585660787361708
2024-05-24,1.599406026249762,1.599299309340083
2024-05-25,1.5890894864241483,1.5350799858973723
2024-05-26,1.5917140316162541,1.2816444648959788
2024-05-27,1.5958901511629489,1.20858780065773
2024-05-28,0.8000348053945977,0.7645107745717276
2024-05-29,1.566274476227369,0.01850841258976798
2024-05-30,3.033876680312893e-05,1.3847316107428076
2024-05-31,-0.013644051714408833,1.5959811182425563
2024-06-01,1.5995534262505005,1.5912130043336625
2024-06-02,0.799127116839864,1.5947656437503925
2024-06-03,0.9667143302318528,1.3704684073978934
2024-06-04,1.346307408380827,1.2354097547990543
2024-06-05,0.24274747224442794,-0.7926044992030014
2024-06-06,0.7124363841045084,0.9346883841401029
2024-06-07,1.3548638440793432,1.1515713517711121
2024-06-08,0.1135370783465729,1.4742450194976735
2024-06-09,1.5997931111917174,1.597526151761022
2024-06-11,1.600048544913968,0.8007342859893244
2024-06-12,0.00011726967863449004,0.0021094714375700916
2024-06-13,1.5980758227197223,1.085230386635442
2024-06-14,1.0855596419030662,1.1987825783455983
2024-06-15,1.5980427738713499,1.5350758883024687
2024-06-16,1.5776255356755178,0.7676244987060267
2024-06-17,1.590600088920704,1.0612889827916643
2024-06-18,0.49071644117794805,0.6305399066677719
2024-06-19,1.5987121516374263,0.9828511269134914
2024-06-20,1.0418021572095284,0.7321099539155757
2024-06-21,1.5904347923953088,1.5350758883024687
2024-06-22,1.589807702244972,1.548451172231524
2024-06-24,1.5984659000366706,1.516156336580479
2024-06-25,0.7996075595896126,0.6826879985501175
2024-06-26,1.5996920104831076,1.5983928107455863
2024-06-27,1.2800938669978277,0.6907426155070239
2024-06-28,1.5999544849915053,0.8924709404795848
2024-06-29,1.42874023004684,0.38937616371899153
2024-06-30,1.59985200160732,1.497242320254037
2024-07-02,1.570798009281099,1.5676557953339691
2024-07-03,1.591527743704785,0.7893692086246333
2024-07-04,0.5334017212099019,0.5203540500769143
2024-07-05,1.5999599763019756,0.799969363447
2024-07-06,1.5998970415920473,1.5868999105336663
2024-07-07,1.2960519928296752,1.5648218431355247
2024-07-08,1.5924100995403214,1.5256243072279374
2024-07-09,1.5993322032510076,1.0447111968129323
2024-07-10,1.585107519453407,1.535077937106223
2024-07-11,1.5953272565002508,0.3730310382490362
2024-07-12,1.056847556613928,1.5632935722793069
2024-07-14,1.5996310810916419,1.5999463643842513
2024-07-15,1.2483187709415218,1.5491794730035888
2024-07-16,1.531719728772048,1.2485723394612356
2024-07-17,0.9728012161837049,1.2509186576938618
2024-07-18,1.532294098397965,0.7966907391033384
2024-07-19,0.031993460512938776,0.7640216104705506
2024-07-21,0.07132369133950024,1.3456219900852258
2024-07-23,1.5993060239151455,0.7999556768334111
2024-07-24,0.017416002083545535,1.0307786322038892
2024-07-25,1.5999979015423573,6.354506505771069e-05
2024-07-26,0.533410014481909,1.0666105050908674
2024-07-27,1.0717522344141,1.0712945800592477
2024-07-28,1.4579913122683847,7.756850062656825e-06
2024-07-29,1.5980697150595309,1.5976827726359262
2024-07-30,1.5935101534861236,1.0182182502768928
2024-07-31,1.0109786568510997,1.5313036291367113
2024-08-01,1.0624975528500435,0.42580927904682553
2024-08-02,1.596281137121674,1.5773035025063387
2024-08-03,1.599474293660407,1.4684626619904668
2024-08-04,0.000438026256277424,0.2150519374893637
2024-08-05,1.1052322293807297,0.7990899844604008
2024-08-06,0.9082149866986414,1.1474339359116115
2024-08-07,1.4419021679661705,0.005338824523008782
2024-08-08,1.065577961166572,1.5626288274478377
2024-08-09,1.5942697429426507,1.5012581281418937
2024-08-10,1.4809400599543192,0.5760445308719304
2024-08-11,1.1980554343652543,0.6855504261096694
2024-08-12,1.0313583943876035,0.7644986915480979
2024-08-13,0.4275422210434843,1.17486040719486
2024-08-14,1.599593751178635,1.599774361731149
2024-08-15,1.17455926052895,1.5468195750642515
2024-08-16,0.5335009209044562,0.533474649563888
2024-08-17,0.34933495847229196,1.4972951880855099
2024-08-18,1.3291483890464946,1.0538590865606567
2024-08-19,0.9224007649082085,1.2821844214429805
2024-08-20,0.9932217562527379,1.1261346608039997
2024-08-21,1.5906657079513893,0.9240610384843074
2024-08-22,1.2164114346964758,1.5485419026457437
2024-08-23,1.5911480602285486,0.9989734478175004
2024-08-24,1.5988125508374822,1.0109695120388906
2024-08-25,1.5954474156663587,0.8848416717640811
2024-08-26,-0.00013038118888342165,1.5567891235953661
2024-08-27,1.0905106929824226,1.5540022461249254
2024-08-28,1.095011777611268,1.1829004774309546
2024-08-29,1.5040939699650293,0.4719961702129029
2024-08-30,1.5980030184317944,1.2799418350976308
2024-08-31,1.5911408825840385,1.599355522554248
2024-09-01,1.5987000354767829,1.5161563365741764
2024-09-02,-0.14743139961743412,0.22107038223175635
2024-09-03,1.5991309267840166,1.5438069086991886
2024-09-04,1.4142943841887403,1.5350758883024687
2024-09-05,1.319730358478241,1.5369050936859812
2024-09-06,1.0657556337357785,0.13959213577176888
2024-09-08,1.5907692321112792,1.510122394739448
2024-09-09,0.5015196816539746,0.35537109057344135
2024-09-10,0.3661189282227715,1.5485331765007673
2024-09-11,0.00019582700750056626,1.4974386970052547
2024-09-12,1.5998853924743317,1.4972427336429126
2024-09-13,0.5257582827632843,1.209628813401997
2024-09-14,1.6003634231091721,1.6003607662151587
2024-09-16,1.5997321236764712,1.5752758925720372
2024-09-17,1.5990272988490306,0.5117205916987818
2024-09-18,0.9840640271546992,1.2643786559469987
2024-09-19,1.1150398700430346,1.4704170229749007
2024-09-20,1.4224785126582313,1.5439423887481176
2024-09-21,1.599248624723704,1.5670806545487055
2024-09-23,0.6394448569678554,0.02030386998278539
2024-09-24,1.0636422075568372,1.0323987261090024
2024-09-25,0.9929127133770765,1.5635835392508972
2024-09-26,1.5455111532394468,0.41204337741280694
2024-09-27,1.598286543646834,-0.46394737087659227
2024-09-28,1.052515407859632,0.7743838674931779
2024-09-29,1.600140518576085,0.8136286300894671
2024-09-30,1.3974980431583095,1.497234736054735
2024-10-01,1.5925601733761077,1.4803336540841545
2024-10-02,1.232083538246864,1.1324290487668778
2024-10-03,0.5572087816105359,1.2085830480119457
2024-10-04,0.6348438356386032,0.2562296585106204
2024-10-05,1.5935137413227831,1.5350799858973723
2024-10-06,1.5988407784149157,1.573206461795582
2024-10-07,1.3571887074245441,1.3877898945211244
2024-10-08,0.7837815929030318,0.37433936737483986
2024-10-09,0.4778644174167744,1.5581586979382769
2024-10-10,0.40334724101306535,1.1026597853240905
2024-10-11,0.8002662760137679,1.588433990393748
2024-10-12,1.5908484289363736,1.5949370286703624
2024-10-13,1.2759960284594707,1.5665642094826804
2024-10-15,1.061294663889267,1.5887457839232955
2024-10-16,1.370294462547284,1.2512240514736244
2024-10-17,1.5993839906650402,1.5488795525091967
2024-10-18,1.58622845027271,1.5312926297173919
2024-10-19,1.5889265884438752,1.5660523591366136
2024-10-20,1.1849277742001505,0.9854800159904646
2024-10-21,1.1050186172955507,1.253463058355907
2024-10-22,0.7482961981423873,1.0365625271988699
2024-10-23,0.643599840452277,0.7823989289253863
2024-10-24,1.166095072798855,1.412717965300533
2024-10-25,-8.92579814267562e-06,-0.021629586147965618
2024-10-26,0.7994680665529866,1.599934247206829
2024-10-27,1.577852913103942,5.5354597156203765e-06
2024-10-28,1.584148232566858,0.677209895833361
2024-10-29,0.000123197979093478,1.5232925892357965
2024-10-30,1.0636170398045086,0.8521795289819868
2024-10-31,1.5843743490202697,1.5759873391740709
2024-11-01,1.5790491463032543,1.5669887106991685
2024-11-02,0.793246721616973,1.3655029623237804
2024-11-03,0.8560908404213907,1.2036623264887547
2024-11-04,1.5999935589220518,1.5350758883024687
2024-11-05,1.5995650491903806,0.545315302839669
2024-11-06,1.0438951610645435,0.16545514458047583
2024-11-07,0.7856619366326826,1.5775172481659556
2024-11-08,1.3529603093986793,0.9828419087484711
2024-11-09,1.3795558620788728,0.4898228821448475
2024-11-10,1.5995757547273552,1.5989750627300863
2024-11-11,1.584919387609572,1.5566416492038815
2024-11-12,0.9042554560995087,1.5633859814094435
2024-11-13,1.065693397674597,1.5557846877950945
2024-11-14,1.599926466571053,2.4801146619944845e-05
2024-11-15,0.533726659500137,0.22888710305453638
2024-11-16,1.5990981799277098,-1.546306200279857
2024-11-17,1.278852490733091,0.736308537420723
2024-11-18,0.7862251706040998,1.5350758883024687
2024-11-19,0.7759868877927465,0.7796876970802705
2024-11-21,1.5235252940055077,1.233638057519389
2024-11-22,1.5887677426829712,1.5440506461922947
2024-11-23,1.2757386527150996,1.565723572241288
2024-11-24,1.5980889205617494,1.5512180776447797
2024-11-25,1.3725676792799493,1.2695183099333984
2024-11-26,-1.5992281532802557,1.5873686460634142
2024-11-27,1.5990731681194164,1.5668043763467656
2024-11-29,-1.418395334718048,1.4799668576217506
2024-11-30,1.5742550723446176,1.2483995070714275
2024-12-01,1.5939306397940998,1.5350758883024687
2024-12-02,1.5992280421566298,1.1697087873328258
2024-12-03,1.2664635833696474,0.03308226292230269
2024-12-04,0.8698534237385263,0.873749906287434
2024-12-05,1.1935229336994002,0.8796259556774582
2024-12-06,1.0652126868114922,1.5224138950536268
2024-12-07,1.5988040687903389,1.5780789534924569
2024-12-08,1.4593262102120272,0.8000029453108216
2024-12-09,1.0543547403334508,1.2689696874729457
2024-12-10,1.5958496053981983,1.1204966627400335
2024-12-11,0.24850330536358844,1.528204700405299
2024-12-12,1.5977247067859541,1.4941888871938873
2024-12-13,1.5970179354797422,1.5350758883024687
2024-12-14,1.5999005174040375,1.4016899205362223
2024-12-16,1.5449285201241962,1.3669121647302225
2024-12-17,1.5991674473346074,1.040112585973111
2024-12-18,0.2824080309301995,1.55689780143556
2024-12-19,1.597875547625751,1.435116291778294
2024-12-20,1.2796911513725973,1.5812479018172596
2024-12-21,1.5958420925132444,1.5673307206192164
2024-12-23,-0.30931839726459975,0.023403282131702664
2024-12-24,0.5340906775371146,1.044930916996469
2024-12-26,1.5970174958756813,0.6833112497611775
2024-12-27,1.5984796051531132,0.7486319252213326
2024-12-28,1.5996652569682963,-1.5971652151112208
2024-12-29,1.5992546921799824,1.5997890660634446
2024-12-30,1.254165868209793,1.3772938484135113
2024-12-31,1.5984593439164905,1.5977682351591174
