date,gold_pennystocks_title_score,gold_pennystocks_selftexts_score
2019-01-16,1.5998352467083885,1.599936668700429
2019-01-19,1.60001762069655,1.535172153607225
2019-01-22,1.4999977802060984,1.6023043991408181
2019-01-23,1.6003451230485815,0.0005321085931705387
2019-01-30,1.6010778231792924,1.595348555277441
2019-01-31,-1.4097394660652975,0.005088784189629268
2019-02-02,0.8032743156976045,1.2783139821341738
2019-02-04,1.5999973589156569,1.5990616132466071
2019-02-06,0.853904423498354,0.7817713858935585
2019-02-07,0.0007312644529996664,1.5976705009494572
2019-02-08,1.4460120228763536,1.5936741192303527
2019-02-09,1.6135311502414926,1.613553726060784
2019-02-12,1.6002060588707485,1.5971780076154087
2019-02-18,1.6071591596665427,0.5465799689688702
2019-02-19,1.5975872832596039,1.5983926820603314
2019-02-21,0.000398829035148449,1.464552112831756
2019-02-26,1.5999223656842192,1.535172153607225
2019-02-28,1.5999785954198684,1.5984353413670238
2019-03-02,1.6000074680316836,0.08053256889830238
2019-03-04,0.016149560420682683,0.508307658020723
2019-03-05,1.5980820660164645,1.5894626504885672
2019-03-08,1.5896184167737946,0.7804575123591838
2019-03-09,1.60662698008491,0.7848486369812296
2019-03-10,1.6009494449857242,1.593640519262741
2019-03-11,1.600513486398379,1.5873529577557828
2019-03-19,1.6052848682598717,0.005381388837989764
2019-03-20,1.5986809303097753,1.6008523667889827
2019-04-03,1.6006379951604428,1.6006267370238567
2019-04-08,1.59777753054132,0.003922357301203105
2019-04-11,1.6003590606394282,0.6931801320240727
2019-04-17,1.3672943024101503,1.535172153607225
2019-04-19,1.6316566880357488,1.620338719453923
2019-04-29,1.6023577548977053,0.006664789345127937
2019-05-08,1.6018978926627907,0.7764309372691044
2019-05-15,1.600662605519883,1.6007202048622051
2019-05-17,1.0668539823843985,0.5285833533974919
2019-06-04,0.8001466763201979,0.8005249477817497
2019-06-05,-0.7950502545955845,1.60130921006342
2019-06-06,1.5985113888432896,1.601312395510598
2019-06-11,1.599927947628859,1.5995193721929761
2019-06-26,1.5999704093346374,1.535172153607225
2019-07-02,1.5931208652999094,1.5830501090104354
2019-07-03,0.00488887756218763,0.004888877562394447
2019-07-09,1.581124219969493,0.006887822576723207
2019-07-10,1.5998128244967962,1.6001754050548638
2019-07-11,1.535313996189074,1.535172153607225
2019-07-14,0.8072039382624464,1.5745819645604968
2019-07-22,1.5996627920262727,0.47956345400379324
2019-07-24,1.600059708876677,1.535172153607225
2019-07-25,0.00039883812616890507,1.6003583496219214
2019-07-29,0.991692650941034,1.5968876078389855
2019-08-03,1.6064083631522488,1.605911916441386
2019-08-07,1.576249992510224,0.8044378723292351
2019-08-09,1.6029169423810457,0.8041994632811996
2019-08-12,1.5879618244443248,0.9363824690183031
2019-08-15,0.5351397421958073,1.214986826528757
2019-08-16,1.5986353016856483,1.535172153607225
2019-08-18,1.6051654668559736,0.937739093657383
2019-08-19,0.6524256799768978,0.804160170679131
2019-08-20,1.5878955900035154,1.1129195194929635
2019-08-25,1.6039978674265003,1.603986653842458
2019-08-29,1.6016220238873893,0.0047850216404560835
2019-08-30,1.5456097898408894,1.588650557250682
2019-09-04,1.5991902688123014,0.40009121089997945
2019-09-06,9.975203522811047e-05,1.535172153607225
2019-09-09,1.6012030697643294,1.6004307736066115
2019-09-10,1.5996915619963907,0.06948924909665113
2019-09-11,0.2940239850891022,1.5893446653946168
2019-09-12,1.5994494512499302,1.600000778269831
2019-09-14,1.5807024029331957,0.8501849735760989
2019-09-16,-1.5208876752535936,1.6004796770671292
2019-09-17,0.005283206697450064,0.4119561990160346
2019-09-25,1.5997806786345443,1.6000752623772703
2019-09-26,1.5990971298985515,1.6006626301701719
2019-10-01,0.807018147446114,1.6014463281731222
2019-10-03,2.270381819070681e-09,1.5999801522869477
2019-10-08,1.5996961768141982,1.535172153607225
2019-10-09,0.0006317013833339175,0.0006317013833552308
2019-10-18,1.5993754322783724,0.00019949085037808905
2019-10-19,1.6041792867100655,1.601422580306092
2019-11-02,1.6025589847942465,1.6009538438409718
2019-11-11,1.46028157500353,1.599923443759078
2019-11-16,1.5947467681459662,1.5995363278768135
2019-11-20,0.00010130140272284495,9.97520503823755e-05
2019-11-26,1.6079227573539345,1.607983102188533
2019-11-27,1.6019121207920153,1.4973700676742694
2019-12-04,1.5887010557146173,1.599422591527962
2019-12-05,1.601639480728993,1.6016387111563188
2019-12-13,0.17817114576497706,1.5928918268714836
2019-12-19,0.00019947420452323236,1.5928760889398574
2019-12-20,1.0241932498222115,1.6001785210972934
2019-12-22,1.5979261104462328,1.535172153607225
2019-12-23,1.600088314427534,1.6000012769929388
2019-12-26,1.59820685662564,0.0002991722531433277
2019-12-30,0.8020235881332195,0.7480106556204239
2019-12-31,0.0007880018371397366,0.0007648886822963225
2020-01-02,1.586224749562708,1.535172153607225
2020-01-03,1.0667239094503798,1.535172153607225
2020-01-05,1.6102416070745198,1.6093851235148224
2020-01-06,1.5991768291576223,1.5974291809450267
2020-01-07,0.002923154184777942,1.5936260843645922
2020-01-08,1.6004306939772401,1.571907629695394
2020-01-15,1.5947455557999721,0.0016608519205501715
2020-01-20,0.004676081344836784,1.604519930083442
2020-01-21,1.0693068058330788,1.557547825355381
2020-01-25,0.0026855117075698224,0.002685510887635045
2020-01-26,1.6073014354072184,0.028944907617546027
2020-01-28,1.6022253748913102,1.6001088212767969
2020-01-30,1.6005965368835136,1.5951537268386229
2020-01-31,1.600171626871243,1.6001875309130333
2020-02-01,-0.026601063022925947,0.0066339221246433065
2020-02-05,1.6000508269626859,1.5812140211192962
2020-02-07,0.002520972870912958,1.095179791495705
2020-02-10,0.0009961765419458405,0.648369172886626
2020-02-11,1.601535309681886,1.6006702234273815
2020-02-12,1.598366166267839,1.057869874813707
2020-02-19,1.6007607641055084,1.6002144311344684
2020-02-20,1.5947857391454314,0.00012614359376992372
2020-02-23,1.6001594029997765,0.6114352910637677
2020-02-24,1.5978647956463146,1.213958596567263
2020-02-26,1.5506411492621615,1.5959946548648372
2020-02-28,1.5970017091697057,1.535172153607225
2020-03-02,1.4891159410088828,0.8820602523340036
2020-03-03,1.5864484723499812,1.5965667162574473
2020-03-04,1.60212655260497,1.2054482510592586
2020-03-05,1.6030731160681926,0.7303538181999002
2020-03-06,1.6016900458646306,1.602296108050513
2020-03-07,1.5794789726364205,1.535172153607225
2020-03-08,1.6017872539651654,1.6016893472404088
2020-03-09,-0.4765949268619292,1.2921551411967616
2020-03-11,1.6025367825439254,1.5122482213356176
2020-03-13,1.6076088777395805,1.1555582666192112
2020-03-19,1.5716341602526531,0.006590224013857892
2020-03-20,1.5887500787831481,0.9655057600907118
2020-03-25,1.6129334387901204,-0.18715243570365914
2020-03-26,1.5899990932697885,0.8394692069382933
2020-03-29,0.8595975962110298,1.6028998222559283
2020-03-30,0.19488949516169327,0.0002991665995860822
2020-03-31,1.3695818434462421,0.70422833594075
2020-04-01,1.6006006141890212,0.001295777171932327
2020-04-02,1.469751758179145,1.4901320861904361
2020-04-07,1.602012134668393,0.7954579954167539
2020-04-08,1.5976175321144919,1.5999852740285312
2020-04-09,1.6088549372073793,1.5938368191927896
2020-04-13,1.5991915050315113,0.0007648878446912059
2020-04-14,1.603174133899298,0.003246743309381456
2020-04-15,1.600541851388014,1.6013404523446715
2020-04-16,1.587026716018944,0.6099464213695456
2020-04-20,1.6015194561983928,1.6015469796618171
2020-04-21,1.5900349682253503,0.5745404415288206
2020-04-23,1.6081670340521783,1.5968157448507079
2020-04-24,1.067584393508579,1.0682671082434763
2020-04-27,1.6009191298486827,0.001528051002044173
2020-04-29,1.599295277243849,9.975203783677048e-05
2020-04-30,1.2000157887405805,0.9431621757380905
2020-05-01,1.6011308285016406,0.04416295633984991
2020-05-04,1.5946873360085143,1.5456511028956834
2020-05-05,1.5254785472158532,0.44876724389937095
2020-05-06,1.2005038431703372,0.506641935951456
2020-05-07,1.0656266725284051,0.7164659090664413
2020-05-11,9.975203543314724e-05,1.535172153607225
2020-05-12,1.0669504927108944,1.3495329114931762
2020-05-13,0.6773847321376323,1.6074794685086373
2020-05-14,0.07416395109626824,1.5953078018637818
2020-05-16,1.5984903169178115,1.535172153607225
2020-05-17,1.6052573582419762,1.5768301884290263
2020-05-20,0.5606049653605908,1.1306892132604844
2020-05-21,1.6121787798123475,1.6114322324424726
2020-05-22,1.3976803831496314,1.577466334030487
2020-05-25,1.5999189645688587,1.5722673867432744
2020-05-26,0.7318675133281679,1.5442640756848698
2020-05-27,0.8000986093488034,1.516250553081481
2020-05-28,1.589887893383754,0.8110048133784098
2020-05-29,1.6254166457567047,1.5871091862914086
2020-05-30,1.600489876605992,1.5934078791382278
2020-05-31,1.6110282172559223,1.6177089404944782
2020-06-04,1.602710407202533,0.0039097270407510674
2020-06-05,1.149401339151734,1.570813580125272
2020-06-06,1.6089207213335845,1.4526782372673082
2020-06-07,1.546246295494116,1.607729745662207
2020-06-08,0.43583397164162413,1.2759380925152364
2020-06-09,1.2440790955512544,1.1022771119753878
2020-06-10,1.3170173344491152,1.180714482632381
2020-06-11,1.617736182531959,1.3434607214456205
2020-06-12,1.0661533506079397,0.491598004470935
2020-06-13,1.5975765676085654,0.04413451973082967
2020-06-15,1.604262278212176,0.24423355078462436
2020-06-16,1.6088448890352467,1.570462914093489
2020-06-17,1.5995594724973916,0.0021726228066254647
2020-06-18,1.181669619646438,1.4759823979193598
2020-06-19,1.5913924117470126,0.004129616710372716
2020-06-20,1.6038443929606356,1.603867292150283
2020-06-21,1.5038410463536096,1.4461334162502573
2020-06-22,0.5348006615606368,1.0221526684553859
2020-06-23,1.0722154043676002,1.1934791436463819
2020-06-24,1.5900686460669289,1.565979037451211
2020-06-25,0.7970215970263912,1.1325841323557142
2020-06-26,1.601159728505554,1.0660708410853585
2020-06-27,1.5992689825909538,0.16861003128170005
2020-06-28,1.6008194676226548,1.5573075856071823
2020-06-29,1.5651874220935702,1.576552360055263
2020-06-30,1.2047373832678676,1.5881010213996671
2020-07-01,0.03406190462552261,1.597188572716834
2020-07-02,1.5903760710455632,1.3838596953228846
2020-07-03,1.6016495428034925,1.2390107441184752
2020-07-05,1.5846494337112265,1.6027560865255344
2020-07-06,1.2837542447744936,0.8256817842279685
2020-07-07,1.5956862830329792,1.5557642633458377
2020-07-08,1.2201827257255293,0.761822321919247
2020-07-09,1.2082143376209058,0.8005716563291067
2020-07-10,1.6073130556659845,1.6069880763947395
2020-07-12,1.5992952239131415,1.4974953195421812
2020-07-13,1.6010968026776915,1.5627174867598412
2020-07-14,1.6153051652803296,1.1589434142329418
2020-07-15,1.614970191348555,0.9950803970443095
2020-07-16,1.0793085141637766,1.4596319589520135
2020-07-17,1.6044417729027745,1.1175700783801708
2020-07-18,1.6043592615617432,1.4659357776913142
2020-07-19,1.6004203209876593,1.0545078880908623
2020-07-20,1.1568174732971328,1.1030588201241738
2020-07-21,1.2448908371093617,1.0366057981562273
2020-07-22,1.4568193973646535,1.1502973707369124
2020-07-23,1.5952971911309244,1.5667743456213452
2020-07-24,0.7655236716415273,1.1784296429016237
2020-07-25,1.4439404112716752,1.4749519231005557
2020-07-26,1.2093878329281447,1.124061474653747
2020-07-27,1.2889817787997082,1.2335155536001148
2020-07-28,1.5979538128314075,1.3513904545020021
2020-07-29,0.6863258400845424,0.797017395432269
2020-07-30,1.6063035186911903,0.5952248689538956
2020-07-31,1.003396773584265,1.5390968792713848
2020-08-01,1.599469360342344,1.535172153607225
2020-08-02,1.6081604010204607,0.8996516530036709
2020-08-03,0.7936021280214365,-0.38338612167244
2020-08-04,1.1742063924166468,1.0303416223606139
2020-08-05,1.5933347601674124,1.3760175479460208
2020-08-06,0.7144703416877929,0.8174135714401802
2020-08-07,1.6107188123192064,1.3680200552433144
2020-08-08,0.8006297657649921,0.7556336812743497
2020-08-09,1.6116437608632797,0.778148123236939
2020-08-10,1.4197047125054605,1.4169097411483491
2020-08-11,0.328449134992232,0.49130998638342793
2020-08-12,1.5122822888898517,1.07859505398387
2020-08-13,1.593523344282303,1.592849777720975
2020-08-14,1.584086882268233,1.5302730892613514
2020-08-15,1.6050608576668048,1.5565315311778138
2020-08-16,1.6222309319038928,1.4419810771816968
2020-08-17,0.9190897571967545,1.4228108010808544
2020-08-18,0.7798627682894994,0.9753347459984165
2020-08-19,1.599036292311469,1.5480079194066898
2020-08-20,1.605240401269286,1.3512409835240424
2020-08-21,1.468662976259524,0.769220317108519
2020-08-22,1.6052359518947503,1.5025800469029154
2020-08-23,1.6013548648338152,1.5305824119758686
2020-08-24,1.5532690360854118,0.8203496721773865
2020-08-26,1.5406040142207655,1.4205061027142993
2020-08-28,0.005282470801583474,1.5992764811213942
2020-08-29,1.3112231191781203,1.6007411796923237
2020-08-30,1.6266902052993744,1.0400925516477026
2020-08-31,0.8007508182628865,1.5967802347343292
2020-09-01,1.4778878707517418,1.5417314426128472
2020-09-03,1.5844735217517312,0.8317118681262203
2020-09-04,1.0464520337396137,1.5995379514861472
2020-09-05,0.9146495145978667,1.6038654954223226
2020-09-06,1.606249221520837,0.29045522349514363
2020-09-07,1.6024287978032277,1.5664918933056948
2020-09-08,1.5976252190409126,1.6009683260419805
2020-09-09,1.60074358445217,1.0693943188688473
2020-09-14,1.2415812264943127,1.6018861634976727
2020-09-15,1.6003653133288904,1.5907241042727496
2020-09-16,1.6091507953567363,1.6080620773893046
2020-09-17,1.6038157293821331,1.3905523326048475
2020-09-18,1.4593589933545226,1.6026018593444051
2020-09-21,0.8055270229197647,1.1126989609796876
2020-09-22,1.0737378950326542,1.0619200757742089
2020-09-23,1.5962807419348561,1.1247201604873378
2020-09-24,0.004267905339228046,0.004267835037704902
2020-09-26,0.004168010006798653,1.6035225264402844
2020-09-28,1.6164127934012478,1.6143813107682154
2020-09-29,1.600013894047577,1.5990515423397635
2020-10-01,1.6012191983160506,0.17080237693499775
2020-10-05,0.001196417993503428,0.0011976074987088779
2020-10-06,1.6005621617562444,1.549097696047573
2020-10-07,0.007408801392964687,0.007445080048365184
2020-10-08,1.602131179404986,1.6021377804556027
2020-10-09,1.6010653862806787,1.4320036229013064
2020-10-10,1.6113336568223398,1.5986544934251246
2020-10-11,1.5981538039884162,0.0033463629967311324
2020-10-12,1.5996886636749863,1.5930094483521022
2020-10-13,0.8021607979834205,1.5985126401155978
2020-10-14,1.6003727839317279,0.0007786712566267894
2020-10-15,1.5912863397107242,1.592776366776968
2020-10-17,1.4715242768673302,1.4973289525557367
2020-10-19,0.9342122881991813,1.0291802494874376
2020-10-20,1.6014708174337253,0.129418895754173
2020-10-21,1.6014560161503304,1.5994090901968503
2020-10-22,1.5991303501739478,0.8005626435624671
2020-10-23,1.5993533204582557,1.4980599981708775
2020-10-25,1.606053450968609,1.6046379999054543
2020-10-26,1.3119218710947154,1.6006492664517762
2020-10-27,0.9687514492514658,1.5627412274690216
2020-10-30,1.4576807171240633,1.5962985564449506
2020-11-03,0.5339670027088911,1.5030897031460941
2020-11-04,1.584248568991651,1.5785650923451164
2020-11-05,1.6072704167697296,1.6063456454739369
2020-11-06,1.6001703697924239,0.0001994928985708773
2020-11-08,1.607421812311261,1.5777592738971142
2020-11-09,1.6085543269917415,1.5863756387286494
2020-11-12,1.6017122221716977,0.7507365990626187
2020-11-16,1.6029585627628535,1.5431753333450136
2020-11-18,1.6009835363123286,0.016408322763735498
2020-11-19,1.600402642358651,1.545385227571084
2020-11-20,1.5988986898937527,0.5735582310674707
2020-11-21,-0.47360012834349235,0.34115371179489723
2020-11-22,1.6000807923063456,1.50185886793412
2020-11-23,1.6288850784716935,1.627985894259034
2020-11-24,1.5761551902735287,1.499980242201458
2020-11-25,1.5993903148723818,1.3301204302141931
2020-11-27,1.6148612201435946,1.2882669296778508
2020-11-28,1.6154179745089094,1.6180685224488773
2020-12-01,1.6013632990035007,0.8111077173598372
2020-12-03,0.3831932299132471,1.4975620341308709
2020-12-04,1.600552219064351,1.6030128895942668
2020-12-05,1.5999344680209742,1.5531291219105214
2020-12-07,1.5491253015827084,1.5545813604317642
2020-12-08,1.6009308757374456,1.5701684426280589
2020-12-09,1.3843618655695593,0.6604518788340841
2020-12-10,0.819998175676385,0.8110799924682155
2020-12-14,1.2037844327554987,1.1501266942585695
2020-12-15,1.6475876339817572,1.4746617625310854
2020-12-16,1.2829759168829962,0.9425801986837149
2020-12-17,1.5802549765571061,1.5636112215469866
2020-12-18,1.6015243637747691,1.432898263998731
2020-12-19,1.6000732354799099,1.4973289525557367
2020-12-20,1.6068337333585507,1.0504789428987305
2020-12-21,0.8375384620130515,1.5525056471993504
2020-12-23,1.6002339369970866,1.3864482044118729
2020-12-24,1.0645957544827158,0.5360212095055293
2020-12-27,1.2058696796372042,0.7707018688243845
2020-12-28,0.15359379033645248,0.9717081889284097
2020-12-29,1.6034588137124124,1.598673172716433
2020-12-30,1.32962346644553,1.3638459996357433
2020-12-31,1.1210358487573242,0.9939412489343812
2021-01-03,1.6048009801483663,0.8037990085081752
2021-01-04,1.603664418154187,0.003741670648452391
2021-01-05,1.6034151578886664,1.5657006552784882
2021-01-06,1.5989200315413628,1.552025283665154
2021-01-07,1.1620452862650072,1.3840737513495485
2021-01-08,1.2827430475790345,1.0027724516993888
2021-01-10,1.5962806868357644,1.6130354610211146
2021-01-11,1.1985851327593213,1.576697348337947
2021-01-12,1.6047431969316628,1.0672181135851755
2021-01-13,1.088330169539829,1.344104087432412
2021-01-14,1.4555912143287946,0.9548792092687326
2021-01-15,9.975203523512922e-05,1.535172153607225
2021-01-16,0.8126023414893273,1.5876326925643172
2021-01-17,1.597716132113216,1.4333723070849684
2021-01-18,1.5997448797030707,1.535172153607225
2021-01-19,0.9669193809851991,1.5581578636418651
2021-01-20,1.6067528895290233,1.5868014946702713
2021-01-21,0.6542235671198962,1.3870582315635838
2021-01-22,0.00010066310348903133,1.535172153607225
2021-01-23,0.9371841515999491,1.1285250832917895
2021-01-24,1.5965032406904445,1.535172153607225
2021-01-25,0.806744125590325,1.592031467292882
2021-01-26,1.3361982994405996,1.3971877552843723
2021-01-27,0.5650233910349266,1.0293304774250729
2021-01-28,1.0560432148807681,1.2389169668239315
2021-01-29,1.3255956421980266,1.1192804926016606
2021-01-30,1.6001295800236655,1.4974454435245672
2021-01-31,0.8020174759619276,1.5509147893229462
2021-02-01,1.3175982349422262,1.2510888574784755
2021-02-02,1.2279735501665296,1.3486466883202946
2021-02-03,0.7018131991807595,1.3465631858052667
2021-02-04,1.369774320065508,1.4677040363162017
2021-02-05,1.3281025246873788,1.3022284016775552
2021-02-06,1.2886115291883304,1.5679799240473211
2021-02-07,1.081297400206125,1.5922066488117839
2021-02-08,0.6912327493538458,1.5934368873624387
2021-02-09,1.0524268081146286,1.463347318387856
2021-02-10,1.3816702084932697,1.3549848941470404
2021-02-11,1.0300907585631167,1.4346815976644196
2021-02-12,1.2032000103462013,1.568939847178762
2021-02-13,1.1094290270993112,1.5676630212970146
2021-02-14,0.6485558401657504,1.4883598785101237
2021-02-15,1.3468041609764003,1.364994521547694
2021-02-16,1.2391667130836075,1.1709692184472025
2021-02-17,1.4075570911861799,1.2713581677014578
2021-02-18,1.1284569736728276,1.4362780519636333
2021-02-19,0.19791310413804045,0.9475836106628427
2021-02-20,1.6046247132179243,1.4478540746143096
2021-02-21,1.1381329859684601,1.394750404796056
2021-02-22,1.3302807258535787,1.3173067111278343
2021-02-23,0.8047602664555861,1.143498274128869
2021-02-24,1.3207211808133297,1.3709671596541881
2021-02-25,1.3290035434631677,0.904684619616412
2021-02-26,1.284679528005158,1.2486113152552807
2021-02-27,1.605636467197745,0.7427395015715722
2021-02-28,1.1221429511942516,1.5186039759702086
2021-03-01,0.813089443382422,1.1903833137841386
2021-03-02,0.8012881733212711,1.039210943171839
2021-03-03,1.3844503528078118,1.365949819165289
2021-03-04,1.495111213811027,1.346952860857137
2021-03-05,1.5933069493246625,0.37537867309345824
2021-03-06,1.5943966489528991,1.4973289525557367
2021-03-07,1.6006714589047528,1.5986126202411188
2021-03-08,1.0645294047671947,1.186098599475988
2021-03-09,0.6869296247139227,1.2186684135683667
2021-03-10,1.2310706398659543,0.775498662760285
2021-03-11,0.6742600698427615,1.2596085627817801
2021-03-12,1.6047908420937245,1.5723647383128658
2021-03-13,1.609799865916455,1.3937231916560509
2021-03-14,1.0686980352753332,1.4015050432159513
2021-03-15,1.2022103658744652,1.4652606050072157
2021-03-16,1.5843278288830747,1.5484287348346366
2021-03-17,1.5979329687247004,1.5235297267277073
2021-03-18,1.0729828859115862,1.3939017007907168
2021-03-19,1.601235685428827,1.4127218843200875
2021-03-20,1.602239232605966,1.3625743616461417
2021-03-21,1.600083350818968,1.4009720495120128
2021-03-22,1.367271691808985,1.0808514698566325
2021-03-23,1.6004268816991196,1.5355048875801138
2021-03-24,1.1282503458635202,1.385717527214797
2021-03-25,1.3383621524003229,1.3739181740723732
2021-03-26,1.6113837754430378,0.2583935325920135
2021-03-27,1.6136533368298556,1.6165443092011327
2021-03-28,1.6024389583923355,0.8213863671230831
2021-03-29,1.2805077423125881,1.535330211665042
2021-03-30,1.5993570557893297,1.516250553081481
2021-03-31,0.8363708262098497,1.2635316998639303
2021-04-01,1.6018547325791805,1.510713071227654
2021-04-03,1.596908057174586,1.535172153607225
2021-04-04,1.6010513169116565,1.6015559352109607
2021-04-05,1.191244383017154,1.30476566737802
2021-04-06,1.3735475412941,1.5216624062170816
2021-04-07,1.6047478630463081,1.604717509752959
2021-04-08,1.599957484047055,1.5190119991226991
2021-04-09,1.3614211984043554,1.3778346701000546
2021-04-10,0.009965636070764899,1.6026402123833858
2021-04-11,1.599410956643735,1.535172153607225
2021-04-12,0.807747732176984,0.6709295926635748
2021-04-13,1.6012119360936827,1.5184710533039225
2021-04-14,1.2973363916014846,1.4074940652936738
2021-04-15,0.9087863390757278,1.463564900737185
2021-04-16,0.7649643716661929,1.4290422911057703
2021-04-17,1.0375590959533112,1.440013770900361
2021-04-18,1.6023426917491959,0.9090807700089
2021-04-19,1.6179596593634469,1.61270867360935
2021-04-20,1.6038317082960203,1.495938593408174
2021-04-21,1.0728403010145433,1.5878403704427626
2021-04-23,1.6243530982890206,1.5729000910842261
2021-04-25,0.5342196555231866,1.5318532710276729
2021-04-26,9.975205298825643e-05,1.4973289525557367
2021-04-27,0.12595555547468618,1.551642161426171
2021-04-28,1.1817572147157809,1.5454759966657239
2021-04-30,0.8099672001943141,1.304543376045447
2021-05-01,1.6064705286368552,1.6070936577590673
2021-05-03,1.6025331079075094,1.3819092934102013
2021-05-04,0.9971606405435184,1.1618825167990876
2021-05-05,0.015819814850688382,1.541906212936146
2021-05-06,1.2911579391755021,0.6623842001303046
2021-05-07,0.7992240198233375,1.5355047215119564
2021-05-10,0.9621361543487673,1.1667516890675897
2021-05-11,1.3966247573467285,1.2183746433557543
2021-05-12,1.2134500264359938,0.9364019925322508
2021-05-13,1.19716197452877,0.9141659840317957
2021-05-14,1.6017610886365379,1.2023162183950946
2021-05-15,1.6009035145176693,0.002635376778820254
2021-05-17,0.9851924507637942,1.3338413443499229
2021-05-18,1.0667467248706415,1.4705803783457423
2021-05-19,1.1950412929652845,1.0612891834509643
2021-05-20,0.9384682442490089,1.2425173152956692
2021-05-21,1.6005512629232628,0.00086441106435361
2021-05-22,0.7096321580103954,1.5305133161287576
2021-05-24,1.6043803423191367,1.22673050252089
2021-05-25,0.922302931252803,1.04579421766137
2021-05-26,1.0705766699221846,0.5569173548268935
2021-05-27,1.200701913392149,1.2870257927543283
2021-05-28,1.608777991450623,1.1121882063548985
2021-05-29,1.6114753975159652,1.5796525053669979
2021-05-30,1.6015547854640078,1.549971776496974
2021-05-31,1.5970348087261652,1.2326066027509208
2021-06-01,1.6002091204771716,1.5654061241697752
2021-06-02,1.0671985761446794,1.2807768203031944
2021-06-03,0.916265198088014,1.4069855129632134
2021-06-04,1.5768814714815838,1.5586185595891096
2021-06-05,1.5861563667869374,1.5688349038029554
2021-06-06,1.612141105507035,1.2933590640371921
2021-06-07,1.5997516799093243,1.5353385205936694
2021-06-08,0.3986658821743845,1.5520417658287498
2021-06-09,0.9659622185540815,1.4474344274620607
2021-06-10,1.1711022153411195,1.20766757356263
2021-06-11,0.4636504913828038,1.4124285453524876
2021-06-12,1.6003365728014,1.590875986414473
2021-06-13,1.6470083906955486,1.0591125271504471
2021-06-14,1.0702182675508694,1.0503392268135399
2021-06-15,1.1351412027497698,0.8809942538557249
2021-06-16,1.601339597384482,1.5464633000573558
2021-06-17,1.6014147281432667,1.590662720116531
2021-06-18,1.5851658703607485,1.0444699629815022
2021-06-21,0.9242032302786681,1.560860576143191
2021-06-22,1.493604413585127,1.2688723086103066
2021-06-24,0.8253308814350615,1.5573431707569345
2021-06-25,1.1449382479200574,1.3671926664585448
2021-06-27,0.10266503578695382,0.5864344378295342
2021-06-28,1.2252748671764877,1.390327866829813
2021-06-29,0.9166536358388276,0.05979797256038808
2021-06-30,1.5895597786006639,1.5501118526641882
2021-07-01,1.200735574135627,1.1524006295655098
2021-07-02,1.4987197251133118,1.0528803938133846
2021-07-03,1.6038820856352738,1.6041268845265826
2021-07-05,1.5977837375307145,1.535172153607225
2021-07-06,1.6084361227640112,0.6720380231409242
2021-07-07,1.0716912609538047,1.5700789734472977
2021-07-08,1.0395163613938032,0.9380045838269138
2021-07-09,1.5939740929458115,1.4973289525557367
2021-07-12,1.6370365932044528,0.5706834727624143
2021-07-13,1.5956546193196366,1.3980470020909748
2021-07-14,0.0017265840470162893,1.601367624553203
2021-07-15,1.3199032267912547,1.5259606548873879
2021-07-17,1.600388180470068,1.5355048875801138
2021-07-18,0.8015357486059663,-0.12534861048083237
2021-07-20,1.083851055428428,1.3852570880521113
2021-07-21,0.8266300860104777,1.1828525463028974
2021-07-23,1.5998025136837466,1.497428674718626
2021-07-24,0.02666636398156765,1.523895564501268
2021-07-25,1.569776932373225,1.4973289525557367
2021-07-26,1.187451897539776,1.5601318166253195
2021-07-27,1.5967593902922481,1.5043836455118684
2021-07-28,1.6010908821359304,1.5998298097883146
2021-07-29,1.6008236172798087,1.600509602147061
2021-07-30,0.003046075569323875,0.3764320554806937
2021-08-01,0.0037413476242656803,1.5009686976567402
2021-08-03,1.1208610735019877,0.9565523254690471
2021-08-04,1.601124868171987,1.601108389571647
2021-08-05,1.6058259865805693,1.5683156175850623
2021-08-06,1.599693838178019,1.535172153607225
2021-08-09,1.5993224506872898,1.5762634334790466
2021-08-10,1.6080571061743953,1.4113016697529641
2021-08-11,0.007238767133167749,0.08231520578779726
2021-08-12,1.5988805617040611,1.4973289525557367
2021-08-13,1.3485365784109362,1.0567650053640438
2021-08-14,0.9383621769971504,0.10677788990701167
2021-08-15,0.011423776874964804,1.6111966941696543
2021-08-16,1.6008444281343084,1.4980936115710861
2021-08-17,1.1088167823936985,1.3575532028784014
2021-08-18,1.5930812339948701,1.5881935960960678
2021-08-19,1.600738325835044,1.1692449182614095
2021-08-20,1.2799645075913975,0.9077699395076987
2021-08-23,1.604937132914282,1.5290077521169845
2021-08-24,1.5945692000201623,0.5905308730917528
2021-08-25,1.6053453720259256,1.1696751367851188
2021-08-26,0.8002970878211108,1.534851265060434
2021-08-27,1.6480751774220033,1.6487026349826768
2021-08-30,1.6045586677500825,1.5402918834772077
2021-08-31,0.5570230322306107,1.0558888212860047
2021-09-01,1.6021357412091073,1.6036903555988475
2021-09-02,1.598364312756651,1.5939706143707655
2021-09-03,0.08090246847232199,0.08090246847297773
2021-09-04,1.6038679157099391,1.5249367278646815
2021-09-06,1.0741232245696433,1.569890279572743
2021-09-07,0.8022268227267668,1.3568368130841808
2021-09-08,1.6001023176693576,0.40063959225721485
2021-09-09,1.6049696470374923,1.4855026029083387
2021-09-12,1.6000711271065435,1.4973289525557367
2021-09-13,1.5941434401351355,0.7684003320818215
2021-09-14,1.5925907943411048,1.551975750294373
2021-09-15,1.6176790550108897,0.8134825956287842
2021-09-16,1.1553869632998148,0.9304662964826955
2021-09-17,1.600521905658175,1.545096197990629
2021-09-22,1.6050398405810267,1.592734946505102
2021-09-23,1.0677669043554827,1.3847517996857224
2021-09-26,1.6044176963205494,0.8965151125335015
2021-09-27,0.9936458883816843,1.5495893361201762
2021-09-28,0.800427422290992,0.9976274635787072
2021-09-29,1.5696140128872236,1.4973289525557367
2021-10-01,0.8014548981782652,0.9665560151040463
2021-10-02,-1.5950478137060835,0.003983713896501712
2021-10-03,1.5972474675100679,1.4973289525557367
2021-10-04,0.06783077321173102,1.6100859098354676
2021-10-06,1.5979276418711006,1.535172153607225
2021-10-07,0.001452134607997402,1.550042514548981
2021-10-08,-0.7879490650968377,1.3265929990417449
2021-10-14,1.6005364211953477,1.0241040697966302
2021-10-16,1.6000662055035533,1.535172153607225
2021-10-18,1.6011586669987976,1.5977715839029059
2021-10-19,1.203903484007777,1.5091989972893451
2021-10-20,0.5383290293097177,1.0351889968440757
2021-10-21,1.5978860482606907,1.144660369789621
2021-10-22,1.595699508873965,1.065259663222438
2021-10-23,1.6003963841198419,0.016313402934199597
2021-10-25,1.5957967053957627,1.6026180123779412
2021-10-27,1.6029102322007351,1.570680085657874
2021-10-28,0.9380211710235675,0.5387053651230146
2021-11-03,1.6002579940315838,1.1556171839212608
2021-11-04,0.7849847395259192,1.535388331886196
2021-11-05,1.2010774738207544,1.600545578272665
2021-11-07,1.5980441450892113,1.1082341128955522
2021-11-08,1.0627004727207057,1.1488838453015764
2021-11-09,1.546290223494186,1.535172153607225
2021-11-10,1.60184217322696,1.5796683506785476
2021-11-11,1.433335773534479,1.4013272001617052
2021-11-13,1.6008656776260504,1.5581813611935809
2021-11-14,1.6074382457323484,1.6054490302952915
2021-11-15,1.5999679335742554,1.5680047555016616
2021-11-16,1.602630577229658,0.8253813175645597
2021-11-17,0.004027881933720433,1.535172153607225
2021-11-18,1.5897042422256809,0.9620127099412924
2021-11-19,1.598989790829613,1.164203544162222
2021-11-22,1.054871595506245,0.6999717521381646
2021-11-23,0.41579700288365556,1.0805083267530966
2021-11-24,1.6011617034225714,0.001844894277913281
2021-11-26,1.5835726960288343,1.5671936252743657
2021-11-27,1.6094507607747162,1.2226946677403578
2021-11-28,9.975629197645492e-05,1.4973289525557367
2021-11-29,1.599933724390284,1.112933688203893
2021-11-30,0.37670251354935297,1.5355048875801138
2021-12-01,1.5983858979400944,1.6007429791591494
2021-12-02,0.0009801715913216739,1.5360363060929978
2021-12-03,1.6000822046031238,1.535172153607225
2021-12-06,0.0024631822963973233,0.01774302280670901
2021-12-08,0.8006558983124894,0.9200869186552729
2021-12-09,1.611259964147822,0.9767520958937039
2021-12-12,1.599991025503227,1.4973289525557367
2021-12-13,1.5723472284741822,1.04169358494316
2021-12-14,1.561118596720976,1.5019572429257289
2021-12-15,1.6013519666670697,0.0025329384694564583
2021-12-16,0.8011861931981538,1.412313728810988
2021-12-17,1.6165922445407488,0.6441892093115106
2021-12-20,1.6061030526977724,1.6042493749920306
2021-12-21,1.6027084063951003,0.4025880163575152
2021-12-22,1.6123206436242334,1.6122230991959858
2021-12-23,1.6068701007568698,0.8016918015658594
2021-12-28,0.8286886062072067,0.8286261480571909
2021-12-29,1.6186984723067854,1.6185595380361553
2021-12-30,1.6071296753022963,1.6067744483580497
2021-12-31,1.6048391423160153,1.6047395648700093
2022-01-03,1.606989675330631,1.6033322851171468
2022-01-04,1.6065573887374807,1.6055754894251084
2022-01-05,1.60450581527534,1.603564228249794
2022-01-06,1.6067013315646723,1.6062522871567781
2022-01-07,1.6121801256587796,1.5610410348566413
2022-01-10,1.6055547260211334,1.6046982592888255
2022-01-11,1.3388572499870441,1.1098848513703676
2022-01-12,1.610247529435473,0.8841654089009717
2022-01-13,1.6001975422889099,1.593067018086321
2022-01-14,1.6021621750586716,1.5850055689373952
2022-01-16,1.5919128577377126,1.5164169200679254
2022-01-17,0.38377406754175863,1.550050382682885
2022-01-18,1.2367133473260212,1.5716278046427503
2022-01-19,1.0445071445651728,1.5649340940432703
2022-01-20,1.06054528478597,0.6781575782046633
2022-01-21,1.0748126066409471,1.5712766003616376
2022-01-24,1.6002774219464337,1.6006092713673241
2022-01-25,1.6021694201941035,1.3841115847728596
2022-01-26,1.6038375255216264,1.6035122454302448
2022-01-27,0.8024349466700295,1.2285704031525504
2022-01-28,1.613379386147673,1.6133500531294642
2022-01-29,-1.4423378447368527,1.568094446895023
2022-01-31,1.5974621830898676,1.2022343832858036
2022-02-02,0.8105653384331875,1.2097734373154656
2022-02-03,1.6065712856891203,1.606665837399588
2022-02-04,1.6220269411197363,0.8226402654076397
2022-02-07,0.8057000206241978,1.6057574512933357
2022-02-08,0.4841022234524587,0.00268419134490592
2022-02-09,1.6038119344443855,1.6039214991579824
2022-02-10,0.6806484115393459,1.5569225274022174
2022-02-11,1.5719267933398953,1.5966588947310412
2022-02-12,1.6004293530926124,1.4976616865286256
2022-02-14,1.6207891556080993,1.5197595304259806
2022-02-15,0.6805920266216212,1.556770639316978
2022-02-16,0.8002118409446152,0.7965553420912428
2022-02-17,0.22076796550503033,1.535172153607225
2022-02-18,1.5611310973076256,1.5791863025595425
2022-02-20,1.6000964113504612,1.4973289525557367
2022-02-22,1.598255778008654,1.0099922619286996
2022-02-23,1.6009231134705069,1.4982267050091214
2022-02-24,0.22076793008682122,1.535172153607225
2022-02-27,1.6018971439470047,0.0019259329620410295
2022-02-28,0.80246787186699,1.5453393773074657
2022-03-01,1.594709516920814,0.8015347262881614
2022-03-02,0.7722084294668599,1.1383820899647046
2022-03-03,0.0382871141974909,0.0382871141975117
2022-03-04,1.0110886134863621,1.0678096535095694
2022-03-05,1.6300898489761189,1.5273410518370765
2022-03-07,1.3719270409511137,1.4198474989002157
2022-03-08,0.07200306997252495,1.551793588760253
2022-03-09,0.40239368185996205,1.2665581108498587
2022-03-10,0.02129478841189969,1.5689400363536632
2022-03-11,0.8014354324938742,1.5499811116924265
2022-03-12,1.489462865054062,1.503823475399254
2022-03-13,1.6250582656325183,1.5810401497302076
2022-03-14,1.5899414485734187,1.6032255287209836
2022-03-15,1.5993290340002724,1.1138396290830586
2022-03-16,1.5803181084779325,1.2406763672594123
2022-03-17,1.1692447936355495,1.255406572383174
2022-03-18,1.450632261358401,1.4973289525557367
2022-03-20,0.001395141270757805,0.16077839593901128
2022-03-21,0.8667520198714137,0.7742567875392173
2022-03-22,1.5994883687831183,1.0575085543835392
2022-03-23,0.7832956920278094,0.7532932516993456
2022-03-24,1.5971051236716542,1.5555645448695588
2022-03-25,1.0891811640407851,1.593349178729016
2022-03-27,1.5535526127166568,0.8132761010363717
2022-03-29,1.6083267121831843,1.607071683876741
2022-03-30,1.1533838609769642,0.8250586067184115
2022-03-31,1.5700562153058473,1.4609869220739193
2022-04-01,0.834710070988944,1.601916919372557
2022-04-04,1.6000664708358951,1.6003496676807352
2022-04-05,1.248565071338624,1.5511712532767257
2022-04-06,0.9604241816279435,1.306599661795191
2022-04-07,1.4720764144309677,1.4973289525557367
2022-04-08,-1.1426923255652648,1.535172153607225
2022-04-09,0.012328889792110678,0.9060532325227866
2022-04-10,1.6323535136527347,1.5056041040676515
2022-04-11,0.004728383260621372,1.6046978288503375
2022-04-12,1.6003385258899183,1.6001700036419624
2022-04-13,1.596922519435046,1.0342903517512365
2022-04-18,1.5895350097076202,0.8077841009324246
2022-04-20,1.6789002380996063,0.8898667197630457
2022-04-21,0.8021096552082512,0.852760744259461
2022-04-25,1.5292348058357688,1.4973289525557367
2022-04-26,1.611585461191314,1.5468706318413694
2022-04-27,1.594123176488055,1.0383531453590127
2022-04-28,0.0029641634514324397,0.8020076678360721
2022-04-30,1.3461461723584032,1.600456415453162
2022-05-06,1.6007972385315663,1.6009844344338335
2022-05-08,1.6068014441118408,1.6072715703960578
2022-05-12,1.6221194695654286,1.5953384093123124
2022-05-16,1.5333097926239048,0.8053928494569581
2022-05-17,1.6032192986693874,1.603239257519374
2022-05-19,0.8102710476382559,1.5586473231816829
2022-05-23,0.00216914977041476,1.5345568615698841
2022-05-24,1.6024170562611333,1.5847522894146409
2022-05-25,9.975203522811047e-05,1.6000940494148774
2022-05-26,1.6118500063962857,1.5834070759134469
2022-05-27,1.6092043533265163,1.5443221642662541
2022-05-30,1.6004197517274077,1.5355048875801138
2022-05-31,-0.04146073021135421,0.7704489006395587
2022-06-01,1.6005276444244283,1.5961512823787414
2022-06-03,9.989080041683441e-05,1.4973289525557367
2022-06-06,1.628031838683381,1.5268505530133696
2022-06-10,0.017000569518083486,0.802596779922958
2022-06-13,0.005803024750003235,0.005820171781046366
2022-06-14,1.5969999575196492,1.4990178828682417
2022-06-15,1.6032497775491474,1.5971044676445347
2022-06-16,1.5237843584270239,0.7293663816206454
2022-06-20,0.8284993256344803,0.26614749485243144
2022-06-21,1.5980090393598294,1.5853773616800517
2022-06-22,1.5689153372490212,0.768022222448121
2022-06-24,1.6005687545714196,1.0315710153494697
2022-06-27,1.602614935615582,1.0502027555519908
2022-06-29,1.6005304191301077,1.0272046922325448
2022-07-02,0.003655497206592407,1.6005417686592485
2022-07-03,1.60456397147448,1.4369806372222855
2022-07-04,1.5800073656872762,0.8030463617514102
2022-07-05,1.3903137147678657,1.3122580452868762
2022-07-06,1.0033445653093267,0.8993061519535243
2022-07-07,1.5951835623687776,0.9787684302845712
2022-07-08,1.5993763366079998,1.5999133482731485
2022-07-12,0.3206746188607338,1.2303211054820014
2022-07-13,-1.3864665882166631,1.397305900810857
2022-07-14,1.6012051192420826,0.7499789186781474
2022-07-18,1.6003596787972687,0.0104186104483349
2022-07-19,0.8009669318166952,1.5782632810388106
2022-07-20,1.5997372251565978,1.6000921747416292
2022-07-21,0.0013754024091139972,0.63564301451228
2022-07-24,1.6098389344433732,1.2966383759967672
2022-07-25,0.00033283361296698716,0.000332833610362371
2022-07-26,0.8018587832727371,-0.7964168681630579
2022-07-28,1.5980015781823442,1.5885373852318205
2022-07-29,1.600977181351771,1.4846872263681676
2022-08-02,0.8006261735943799,1.316692502622425
2022-08-03,1.5986887345329397,1.600646687382586
2022-08-04,1.6023663685200389,1.6023498600707131
2022-08-05,1.602216116481773,1.5372935499857976
2022-08-09,1.604641244505978,0.40465790950293284
2022-08-11,1.5700603844177718,0.0009731921959848797
2022-08-15,0.0004324860081171233,-1.5972576242957504
2022-08-16,0.0027176181904680174,0.0027176181978130543
2022-08-19,1.067904275137551,1.1342248519550924
2022-08-20,0.8041735843300718,1.6041680139611807
2022-08-22,0.05174517711401303,1.5489743776277693
2022-08-23,0.996440199483373,1.2585159034452722
2022-08-24,0.013997385763311219,1.4973289525557367
2022-08-25,1.600273040618457,1.2174515509176154
2022-08-26,1.6044334714878823,1.6043652647651017
2022-08-28,1.6269586045217468,1.6267635356719437
2022-08-29,0.002388978226685298,0.402597538028998
2022-08-31,0.8007626098727374,1.0480992760051864
2022-09-01,1.6019168236598236,0.40183674465875646
2022-09-02,1.6029091405416058,1.6028554113183628
2022-09-06,0.8004052989634192,1.5165831209862124
2022-09-07,0.4104097773722152,1.6238736333067578
2022-09-08,1.6014630204927944,1.5253068111204175
2022-09-12,1.3956975333494654,0.03381875957636655
2022-09-13,1.6033348206978175,1.6034468382504297
2022-09-15,1.5165977497209189,0.40513524011927515
2022-09-16,0.010060175910097448,0.0009976019075121766
2022-09-18,9.97521627309906e-05,1.535172153607225
2022-09-19,1.6005265260859511,0.7680682944821058
2022-09-22,0.5514442872787685,0.8005298056333897
2022-09-23,0.000332833610362371,0.0003328367371896526
2022-09-26,1.6073696336525238,-1.5386231657622964
2022-09-27,0.4002134812471292,1.4973289525557367
2022-09-29,1.6005114564189011,1.5947912378401734
2022-09-30,0.8048898820855185,1.4623209028981345
2022-10-03,1.601556025863755,1.6015956177942974
2022-10-04,1.511333552401891,0.8005008881117951
2022-10-05,0.802823589678252,1.551481902247299
2022-10-06,1.6011307070699874,0.8009209958023465
2022-10-07,9.975203522811047e-05,1.535172153607225
2022-10-08,1.145308517012026,1.5885270382974255
2022-10-10,1.6030866290454866,0.008000606352418345
2022-10-11,1.60118788769563,1.60112564533527
2022-10-12,9.975203755195897e-05,1.535172153607225
2022-10-17,1.5992032672728802,0.022717726669293465
2022-10-18,0.00010063198339063684,1.535172153607225
2022-10-19,0.8106781423769862,1.546899199859221
2022-10-20,0.3173180112690305,0.38050404249752057
2022-10-21,1.0761281865628782,1.4617663946622914
2022-10-22,9.975203522811047e-05,1.535172153607225
2022-10-26,1.6050016945922783,0.6796798178841229
2022-10-27,1.6015461596947456,1.6014133966971074
2022-10-28,0.8061522779199001,0.7738238819544453
2022-11-01,0.8011451145403599,0.558408761443672
2022-11-02,1.6006370593211934,0.5376520266914806
2022-11-06,0.8089766210717159,0.7765836850129264
2022-11-08,1.6003321230061538,1.5355048875801138
2022-11-10,1.600334730546366,0.7323015353061222
2022-11-14,0.9101588374128666,1.6003764587160108
2022-11-15,1.1979657736510407,1.598545879176693
2022-11-16,1.6096063255864068,0.4138499903857397
2022-11-18,1.6003519571697238,0.07541596389227498
2022-11-20,0.0293535028444257,0.9282342046685567
2022-11-23,0.003806952327450648,1.4313247861851834
2022-11-24,0.8571455293926833,0.4041820859893629
2022-11-25,0.0024875207833462247,1.58976704808882
2022-11-29,1.2285022166846082,1.5968976932729297
2022-12-01,0.800132648122294,0.7684997270577297
2022-12-02,1.5714746121052972,1.4973289525557367
2022-12-05,1.600363996646968,0.40004785591176145
2022-12-07,1.6016469382615168,0.18810700469648436
2022-12-08,1.405169451134764,0.8021117880769506
2022-12-12,1.6032876619878196,1.5401591571012296
2022-12-14,-0.7982055798531749,0.16506109563834398
2022-12-18,1.5995089555501618,0.0018593453895807683
2022-12-21,0.002421938098010199,1.595121590394605
2022-12-27,1.601326636769672,0.0014277483267428176
2022-12-30,1.5905337111830848,0.003047820444816927
2022-12-31,1.6011261822968992,1.6009127596623012
2023-01-03,1.3361965586054771,0.3397656413739313
2023-01-04,1.4475440894454965,0.0006541774596955137
2023-01-05,1.6003023070710498,0.957176427916409
2023-01-06,0.31933838544731386,1.5160681190579548
2023-01-07,1.5892319467298517,1.535172153607225
2023-01-09,0.8040651569122788,0.8462103455870398
2023-01-10,1.6006306625816356,0.0006321440677836941
2023-01-11,1.1919124320234493,1.1710829287089266
2023-01-13,1.6002590355733144,1.6006230834500144
2023-01-18,1.6012469861562404,1.6008831887007229
2023-01-19,1.4834491772295184,1.5916611287858973
2023-01-23,1.6000860137060262,1.535172153607225
2023-01-24,1.603559958168352,1.5614438549607303
2023-01-25,0.9179362790909121,1.1752162298000577
2023-01-27,0.9487920900460365,1.1961337333869204
2023-01-29,1.5875988971844366,1.5990943315920643
2023-01-30,0.7394332745939483,1.6010187061214647
2023-01-31,1.600824428876375,1.5359368126225743
2023-02-01,-0.7949400767391599,0.9384690745757139
2023-02-06,1.5975229829467397,1.5682312788356825
2023-02-07,1.1994258877204478,0.8208095799421307
2023-02-08,1.5510519514066328,0.6733737309304958
2023-02-09,1.5999639056249237,0.0011966927083027943
2023-02-10,1.6033909998586695,1.6025531686582624
2023-02-11,1.5978385129884645,1.4973289525557367
2023-02-13,9.9901620268166e-05,1.535172153607225
2023-02-14,1.0663722734939436,1.2385848124748289
2023-02-15,0.003571501042218013,1.535172153607225
2023-02-16,0.8006466730621297,0.1316378781334066
2023-02-18,1.6018842902059511,1.6008792072434133
2023-02-20,1.5983984659291364,1.6003425856808902
2023-02-21,0.8005487923166448,1.5681018508459679
2023-02-22,1.6003568627912597,1.41844359158146
2023-02-23,1.5989597915550842,1.6003326892190222
2023-02-27,0.5554425922840082,0.803087743200758
2023-03-02,1.0671849738902026,1.5756923142795103
2023-03-04,-0.5658977976731677,1.4973289525557367
2023-03-05,1.6000830225063924,1.535172153607225
2023-03-07,1.6023577102957456,1.2446398782664256
2023-03-08,1.5989833264397937,1.6008561655289428
2023-03-10,1.601350661411405,1.5548682351997474
2023-03-13,0.8100334597896242,1.6075506331401632
2023-03-14,1.0713132323793715,1.0370565890048293
2023-03-15,1.1965496666813773,0.6781705958949164
2023-03-18,1.5547149652327812,1.6005836255678612
2023-03-20,1.602493459611547,0.4388814172129568
2023-03-21,1.6008325127235195,0.7958980065852758
2023-03-22,1.5810165796984181,1.512879438584368
2023-03-23,1.0863048532095676,1.3748180221181
2023-03-24,0.0006317013833552308,0.0006317013844610357
2023-03-25,1.6027656683391311,0.00298227550967529
2023-03-26,1.2079089725315286,0.8374812872030912
2023-03-27,1.1883385518725738,0.8613427754151995
2023-03-28,1.0602627448143778,1.3185242742483039
2023-03-30,0.27585694415821427,1.0586140941390312
2023-03-31,1.4454666686885869,0.5012431797266595
2023-04-01,0.002487551596629094,1.4997167212958686
2023-04-02,0.00010061797928421949,1.4973289525557367
2023-04-03,1.6006340836274804,0.5869413316216637
2023-04-04,1.0674609687841838,1.0511141310673524
2023-04-05,9.975203710457495e-05,1.535172153607225
2023-04-06,1.184537583870753,-0.287754402871587
2023-04-11,1.600444733454418,1.5887290616807672
2023-04-12,0.813318052554622,0.800528098386495
2023-04-13,1.069690948433835,1.0834377368084083
2023-04-14,1.3483397074033114,1.5730018941238537
2023-04-17,1.5669328089192023,1.548994700969951
2023-04-18,0.7963483662906647,1.4232333274760127
2023-04-19,1.4008849750594503,1.0656123964095678
2023-04-20,0.017265390908128193,0.053271284696582606
2023-04-21,1.599962504410449,1.6003797213389725
2023-04-24,1.1578587228100405,1.0166858586485457
2023-04-25,0.0005344429727010177,0.4005265556240894
2023-04-26,1.1930108256981284,0.5543608012006569
2023-04-27,1.600464540689841,1.4218843632059952
2023-04-28,1.5987694019480556,1.0577029187660634
2023-05-01,1.492963967016368,0.1254466243172457
2023-05-02,1.5870644625608363,0.8339009331507428
2023-05-04,0.5334250335880906,0.8412699270032281
2023-05-05,0.7993229625806949,0.09507605933400255
2023-05-08,1.5721652832383828,1.5703013373258137
2023-05-10,1.5989623613887558,1.567915918413712
2023-05-11,1.4078319566063167,1.4913140776369014
2023-05-12,0.381341973497374,1.535172153607225
2023-05-13,0.0003328543247450499,1.6002186030104588
2023-05-16,0.9061356932405364,0.8897596622858605
2023-05-17,1.5984641056463633,1.6010714369090395
2023-05-18,0.8005877524493592,0.8006317915758587
2023-05-19,0.00043248600812887213,1.5355048875801138
2023-05-24,0.8419687534602678,1.315007720825594
2023-05-25,1.599529636947085,0.4005955583838469
2023-05-26,1.5968525855195606,0.000561533295970964
2023-05-29,1.0677016340610797,1.2011966711006845
2023-05-31,1.5719746186999883,1.600492608254214
2023-06-01,1.600080159430484,1.6005255575733637
2023-06-02,0.8003385859982173,1.5491230675399408
2023-06-03,0.0017252607012893124,0.0017252607300308935
2023-06-05,0.42465980337070186,1.2385981345825243
2023-06-06,0.5311478132286803,0.6177959336895592
2023-06-07,0.9567587534736897,0.835566074841674
2023-06-08,0.007011002115213874,0.4548851773567301
2023-06-09,0.5345333995174675,1.1615371311433489
2023-06-16,0.001295610272608483,0.0012617840978937942
2023-06-20,1.0681159736799721,1.0451499907566058
2023-06-21,0.15288082256957694,1.535172153607225
2023-06-22,0.0005818752039409797,0.8005776525505421
2023-06-23,0.014164629152893139,1.6130066423983347
2023-06-24,1.409096539130812,0.0156405805762125
2023-06-26,1.5709808106258376,0.23325808325869268
2023-06-28,0.0309789867473812,1.59980247059071
2023-06-29,1.5995419400929338,1.2574677525841291
2023-06-30,0.0008973372050340116,0.8366588265142111
2023-07-01,1.5827445791200634,0.6464089093918306
2023-07-04,1.598718999135423,0.000532115747832145
2023-07-05,1.5957424973502656,1.6006286857061107
2023-07-06,1.3838612881295784,0.922109500355441
2023-07-07,1.5999491193664948,1.4973289525557367
2023-07-08,1.5989647267776248,1.6024252996284556
2023-07-11,0.0004325002942575391,0.9004269748778185
2023-07-12,0.7228041636250816,1.6003986046132732
2023-07-13,1.200320044460159,1.5740639334432747
2023-07-14,0.0004325002942720225,0.8242262599378062
2023-07-17,1.5933491042038301,0.9203493332553698
2023-07-18,1.562314883502525,1.600419553796085
2023-07-19,1.1123318611311304,1.0042471621339035
2023-07-20,1.2249307319353417,1.216648992951288
2023-07-21,1.218288327177229,1.020315521986824
2023-07-24,1.6000419848193845,0.7744954782810468
2023-07-25,1.6000840709225526,0.6567902557081129
2023-07-26,0.038317875126606275,0.2249805578324739
2023-07-27,1.0201908813792764,0.10415198591455893
2023-07-28,1.5992123181208873,1.4973289525557367
2023-07-29,0.00043248607940311645,0.0004331801750706429
2023-07-30,1.5989316353003826,0.8644259369324716
2023-07-31,1.5143797068298013,1.5993363503731397
2023-08-01,0.5255972200174032,0.8215502425196543
2023-08-02,1.5199018961180928,0.5528914150001712
2023-08-03,0.800849381777584,0.8013317900560704
2023-08-05,0.0004324860081138724,0.40187951680688777
2023-08-07,0.4259762697859325,1.5699753205647045
2023-08-08,0.5141581893655206,0.4797505989273582
2023-08-09,1.460720153390115,1.60040102695889
2023-08-10,1.5982283860899293,1.5638980715189055
2023-08-15,1.6005084345744947,1.6003061276648705
2023-08-17,0.5333215582330276,1.3224707252481858
2023-08-18,1.3779805117614108,1.4976616865286256
2023-08-22,1.5750248471159805,1.5484713694821135
2023-08-23,1.3585022946876129,1.0327059554462117
2023-08-24,1.5963401390255605,1.5501059262505463
2023-08-25,0.7998391564488546,0.7972814688571493
2023-08-28,1.6010500659878726,1.6009068343751152
2023-08-30,0.5457444417548846,1.1682334786839337
2023-09-01,0.004132100663904067,0.0014569188319945036
2023-09-04,0.0004324860436340534,0.00043248608280096524
2023-09-05,1.60028006759219,1.1014159180133682
2023-09-06,1.5997438962531103,1.5997532799359067
2023-09-07,0.8002650185410735,1.1227088608406948
2023-09-08,1.600393477564,1.6003823569416282
2023-09-12,1.597254202631731,1.6004150290518486
2023-09-13,0.00010140655676509961,1.5604623937041295
2023-09-15,0.8048269912992299,1.5999738475732297
2023-09-16,1.6003877582896568,0.815268063005161
2023-09-18,1.1956969233284378,1.3564381758692843
2023-09-19,1.5832772030602669,0.5942805664167797
2023-09-21,1.6003887333423954,1.6000140552583744
2023-09-22,1.599478207688218,1.5920779293607419
2023-09-24,1.5990639849920687,1.4973289525557367
2023-09-25,-0.0956447483481411,0.8041611744534363
2023-09-26,0.5337583598076365,0.7319761326023936
2023-09-27,1.600427330048463,1.3106651379584913
2023-09-28,1.5999534409632106,1.5965012010611006
2023-09-29,0.0005423248269276159,0.00043248600814045445
2023-10-04,1.6033187535652147,0.8932738095450781
2023-10-05,1.5990239532424348,0.4266661381942726
2023-10-06,1.4122817623131874,1.600417926995623
2023-10-12,1.6002215099569423,1.6002556979111313
2023-10-13,0.8651526281676937,1.4122343243642703
2023-10-16,1.5983539029200549,0.8054694357951239
2023-10-17,1.6002481722060595,0.9569386035168783
2023-10-19,0.008570150681598531,1.6003796013773945
2023-10-20,0.00043248972452740843,0.4143110803620146
2023-10-22,0.000432486008466777,0.6755781382120813
2023-10-23,0.0004324860081014784,0.08931368534794662
2023-10-24,1.5755591768670205,1.600005513272502
2023-10-25,0.7996099033649965,1.0739107212980916
2023-10-26,1.5980215480607871,0.00043997002874221036
2023-10-27,1.5999467171753659,1.4973289525557367
2023-10-30,1.5717087997435923,0.8033173128763151
2023-10-31,1.066811673545139,1.226943177585902
2023-11-01,1.501605410332085,1.1697853585297555
2023-11-03,1.6013264827550977,0.0017901975098299013
2023-11-07,1.1399911223650459,0.34023474053856473
2023-11-08,1.5638551987898586,1.420850844437395
2023-11-09,1.5961888437111091,1.1546414303682726
2023-11-10,1.6005053827138562,1.5993868167995497
2023-11-13,1.6001062707803912,0.9489999091769679
2023-11-15,0.0026507611435895376,0.002651812311784901
2023-11-16,1.6002963415531255,0.604504296085018
2023-11-17,1.6004283687821839,1.0802311818206198
2023-11-20,0.8078612586844034,1.0011137471373364
2023-11-21,0.6434667273727687,1.2961953115098594
2023-11-22,0.0005323649174492725,0.7169752628821585
2023-11-23,1.6010032647778087,1.2875165892644294
2023-11-24,1.6006701488221202,1.5985682591384012
2023-11-27,0.0006317016337855658,1.598948716998758
2023-11-28,1.60032051239809,1.5824618609134067
2023-11-29,0.7999704181682339,0.18798539097873818
2023-11-30,1.26853396421607,0.9290573423539801
2023-12-03,1.5951301225496413,1.568959282542023
2023-12-04,0.7371090655193984,0.7679115068956923
2023-12-05,1.5984183634808429,1.598737718822611
2023-12-06,1.2027037708828403,0.9289797459620674
2023-12-08,1.5988624034207137,1.5851971535156864
2023-12-11,0.007172818078808319,0.40774925838109244
2023-12-13,1.5247604698423887,1.1787472868524542
2023-12-14,1.2350214481178794,0.7855738687527687
2023-12-15,1.479984034824443,1.5934496947342887
2023-12-18,1.5994290656942827,1.0692422887484005
2023-12-19,1.5803893285013175,1.2938463950693297
2023-12-20,1.6004267396093101,1.5856911338835733
2023-12-21,0.11544685594722255,0.0035504866335627668
2023-12-22,0.8007290848296823,0.8007240215797448
2023-12-27,0.5253512944378592,0.1932420229078612
2023-12-28,1.5992919187493806,0.7510438255164567
2023-12-29,0.70791009151054,1.0879385406436193
2024-01-01,1.6009666415558144,1.59643603135215
2024-01-02,1.6004240684521225,1.6004045025881226
2024-01-04,0.7999998726307237,1.5869872608040392
2024-01-08,0.806223942258155,0.8246112249956267
2024-01-09,0.8006618174742623,0.0009434737622251009
2024-01-10,0.4007739832484838,0.9811320236330323
2024-01-11,1.5999696178784875,1.535172153607225
2024-01-12,1.6002360878175583,1.6004200070803374
2024-01-13,1.5965337263531987,1.4973289525557367
2024-01-15,9.975217613525908e-05,1.5635747377750124
2024-01-16,1.0677169127541575,0.8013948983147917
2024-01-17,1.1000521975599349,1.2828421540713992
2024-01-18,1.6012898409950589,1.6008008067663826
2024-01-19,1.5998788032731506,0.0004324873846666027
2024-01-20,1.6011241123164885,0.41247449305923867
2024-01-22,0.5371997214773666,1.0616207444361674
2024-01-23,1.0318275560937316,0.901108977296548
2024-01-24,1.6003027745219591,1.5983406602079857
2024-01-25,1.5984027129392302,1.538446891818838
2024-01-27,1.6027191913014027,1.6040279010600456
2024-01-30,1.6003615694033988,0.9409398845714113
2024-01-31,0.7970117908774578,1.5269821932922791
2024-02-01,1.2807033819963176,1.3011730321580453
2024-02-02,0.0014567892229794908,0.6495098223114655
2024-02-04,1.602411997737457,1.480341552498693
2024-02-05,0.800903139758529,0.20103190662870773
2024-02-06,1.600299117022013,1.29687092537313
2024-02-07,0.8010099052255346,1.0522834561192718
2024-02-09,0.5314242965781318,1.3735747286140156
2024-02-10,0.5236901484907112,0.24895877674257424
2024-02-12,0.8015692997783892,0.5537467058256873
2024-02-13,1.1141547195882846,1.2018081094148498
2024-02-14,1.4290801241282953,1.0784454617603305
2024-02-15,-0.7694475873985437,0.8033589054063788
2024-02-18,0.0014286977565879967,0.17919952576941367
2024-02-20,1.587324920508469,1.5421753936530642
2024-02-21,1.597372466260784,1.0674725097994942
2024-02-22,0.8017516179062616,0.6604127315166923
2024-02-23,1.5962425115219923,1.0726415035295778
2024-02-24,0.001398349319248511,1.2761787772806037
2024-02-25,0.8733591390680154,0.44290146512240414
2024-02-26,0.9305452677276784,0.1801324762271072
2024-02-27,1.0686119294327792,0.8037502977143166
2024-02-28,1.5935168545789749,1.0670911615264433
2024-02-29,0.7089175238693568,0.0012620708937642888
2024-03-01,1.2314236094639817,0.6977985961469231
2024-03-02,0.005587948072650693,1.6003726022111218
2024-03-03,-0.04019714846763397,1.1842420137544374
2024-03-04,1.2278418955692993,1.0228053483003479
2024-03-05,0.6764540446036318,0.9535226008982971
2024-03-06,1.5766414277825702,0.7320938266353527
2024-03-07,0.001328018152909178,0.1790373711903582
2024-03-08,0.748174087189936,0.9020824693460816
2024-03-09,1.5977262903004572,1.6005198838097972
2024-03-11,1.2918712810888768,1.1677594304917687
2024-03-12,0.0015285262848191163,0.41944824988578333
2024-03-13,1.3718980599109254,1.5448203779634428
2024-03-14,1.2568082568624195,0.853854359913303
2024-03-15,0.6435174813725332,1.0027061664001378
2024-03-18,1.0674385780729014,0.6459314211421173
2024-03-19,1.5620653348646818,1.155547742560584
2024-03-22,0.00043248609633407157,0.40005861720583746
2024-03-25,1.6004240840295756,1.6004212725063292
2024-03-26,1.5965671932116514,1.046494904029405
2024-03-27,1.1997833714892516,0.9048860207809294
2024-03-28,1.3307990073296807,1.0669481672415595
2024-04-01,1.5994530404653469,1.598530424636937
2024-04-02,1.0662031277218034,1.2217952855381278
2024-04-03,0.006982562733019385,0.521661836294698
2024-04-04,1.5994816994928915,1.394947232530631
2024-04-05,1.6003585246761853,1.2107595083641087
2024-04-06,1.5981544261083687,1.535172153607225
2024-04-07,0.07846254219616688,0.7486781895502896
2024-04-08,1.5987968740660554,1.5624370261946725
2024-04-09,0.9545900118678728,1.4452569324622517
2024-04-10,1.236685710501687,1.4905693463027638
2024-04-11,0.7998283301022898,0.7082264877750115
2024-04-12,0.10803685680634442,0.0004324862713615337
2024-04-14,1.5970281001865163,0.7625619864168492
2024-04-15,0.002894626092299785,0.8028911359977141
2024-04-16,0.8561035052465525,1.0960845222986662
2024-04-17,0.00012022665888000716,1.5112723985148246
2024-04-18,0.8023129873615726,0.16722549759013522
2024-04-19,1.5561756058380487,0.8022321509993833
2024-04-20,0.8037310524428339,0.21502635595287242
2024-04-21,1.585636042314955,-0.03110148501457782
2024-04-22,1.1249497196773548,0.32669691948763735
2024-04-24,1.227362359574667,1.023740854400704
2024-04-25,1.6069306387439461,0.8928508427046125
2024-04-26,0.10002846629602968,1.108068103358235
2024-04-29,1.604433119725726,1.6007755543865607
2024-05-01,0.8019906412784243,0.7643344764207083
2024-05-02,0.8004745340911926,0.9444859719800349
2024-05-03,1.586183628023023,1.0682857068593736
2024-05-06,0.8002522332764912,0.8526374646714084
2024-05-07,1.4878729150860588,0.7512739749072611
2024-05-08,1.6000925705226035,1.6001154252863226
2024-05-09,1.6029113728434559,1.5967690309819782
2024-05-12,0.2711497423904165,0.40267138438968686
2024-05-13,1.6024332141159447,1.5991595338677045
2024-05-14,0.5355401388825304,0.688704824657319
2024-05-15,0.6509863674999147,1.3557717348469558
2024-05-16,0.7683511268885903,0.8020511877035229
2024-05-17,1.6004289429092042,0.22869209666778545
2024-05-21,1.5554427868507152,1.1510437705562906
2024-05-22,1.200380290296639,0.8036106741624712
2024-05-23,0.230070756767262,1.1808761643179064
2024-05-24,1.6001490855493758,-0.5029122260985258
2024-05-29,-1.5627271799876552,0.0036321746900719754
2024-05-30,0.7498473507962726,0.42430369606978074
2024-05-31,1.0692000452670243,1.5220680965313285
2024-06-03,1.2646884671776797,1.258161635359071
2024-06-04,-0.008193948106770248,0.0007648878452542792
2024-06-05,0.0004324859875005419,0.45631859298506156
2024-06-09,0.0010969878967195478,0.0010972266416221863
2024-06-10,1.599722188707493,0.20854409837298965
2024-06-11,1.5972609690246986,1.600172424432814
2024-06-12,0.8004120900327218,1.6002244619967019
2024-06-13,0.0005047577443490841,0.00043248600811745505
2024-06-14,0.000432486010277119,0.0004324861182268087
2024-06-15,1.5797012738405267,1.535172153607225
2024-06-17,0.00043248601798571317,1.6004146924529075
2024-06-19,1.600714421698193,1.6007091434709915
2024-06-24,0.8004261772852876,0.7902689240509952
2024-06-25,0.8014385776745592,0.4014313598429834
2024-06-26,0.000847594578311671,0.12225758927513776
2024-06-27,1.5778748536361495,0.37348659926777045
2024-07-01,1.6003836817981294,1.5990102726674094
2024-07-04,1.2028255672060169,1.2516148550845116
2024-07-05,1.6030009879588287,1.598669156934948
2024-07-06,1.600403971065695,0.4218277397814213
2024-07-08,0.582454621403905,0.010993072476166987
2024-07-09,0.7806374541955897,0.8860503995811808
2024-07-10,1.5940566550628166,0.7693946965044947
2024-07-11,1.6051630398007324,0.005894330560921512
2024-07-12,0.5344383376325843,0.6018851336014964
2024-07-15,1.48223767753094,0.40105167056616675
2024-07-16,1.1982432040488469,1.1996746188289664
2024-07-18,0.5901303486351251,0.12922137419823457
2024-07-19,0.8049983591823073,1.589064346421433
2024-07-22,0.0004324860039956836,0.0004324860092740982
2024-07-23,0.7943834372902036,1.1666209180071216
2024-07-24,0.6595413714631605,0.6710846806081809
2024-07-25,1.5458763696196656,0.9559628693845925
2024-07-30,1.5956766028907832,1.5674382917700012
2024-07-31,-0.529728459266604,0.4571832822623208
2024-08-01,1.5048439893480152,0.6444748897259281
2024-08-05,1.5997312430971984,1.599426887847567
2024-08-07,1.39444387274676,1.5050789821526078
2024-08-08,-1.5946563816055608,0.016662556123409188
2024-08-09,0.0011628043234569996,0.8701134821363059
2024-08-11,1.60052836944022,1.3382313873248566
2024-08-12,1.569074555651936,1.6003346647247843
2024-08-13,1.5908535872710274,0.29112611558631507
2024-08-14,1.6017076090677227,0.8591486916894222
2024-08-15,1.191327141442721,0.7686522562708725
2024-08-16,1.3286355450100216,1.083811817873176
2024-08-17,0.10728546203994913,0.002684191629387977
2024-08-20,1.598774016504857,1.5355048875801138
2024-08-21,1.1956350700571028,0.39488789951194603
2024-08-22,0.8100389533493771,0.010058765335811262
2024-08-23,1.5854217425071866,1.5175368204269204
2024-08-24,1.5979650739826008,0.5016209106700138
2024-08-26,1.5959814903244063,1.600418746426615
2024-08-28,0.0007648878446912059,0.7600129967448566
2024-08-29,1.4148035387842017,0.7119013127247636
2024-09-03,1.6005401504133172,0.6685217248395007
2024-09-04,1.6005803787834407,1.600487533891897
2024-09-06,1.5935121621251909,0.000764887844763756
2024-09-10,1.5936290015585584,1.0708749098316428
2024-09-11,1.6002579854368861,0.8957666379742505
2024-09-12,1.614161845265663,0.06778322418489224
2024-09-18,1.574772665555024,1.5869622564176775
2024-09-19,0.8173365950114354,0.19267552836595675
2024-09-20,1.6000096744751622,1.535172153607225
2024-09-22,0.0033121431277855344,1.3102587522230353
2024-09-23,1.0930102747942214,0.8465304211454341
2024-09-24,1.6010367387486515,1.5979687774202849
2024-09-25,0.0030101640048792247,0.1788253427747241
2024-09-26,0.8090560503586568,0.8090553485974562
2024-09-27,0.0009310676497491381,1.5152486804118956
2024-09-28,1.590499286321931,0.0005321085931705387
2024-09-29,1.6009578363997372,1.5665830638781941
2024-09-30,1.5966384164571548,0.7171948405628957
2024-10-01,1.2378012626201373,0.4005254399830544
2024-10-02,0.008382239961778226,0.47764494228522686
2024-10-04,1.593803571405453,0.0008644110528896416
2024-10-07,0.802459394324014,0.8755670029416098
2024-10-08,0.0010633682737246142,0.0010633682727697225
2024-10-09,1.0670635351045246,1.0403031136778245
2024-10-10,1.5955700340866024,0.4126629344036185
2024-10-11,1.5995640948601328,1.3840561620404865
2024-10-12,1.5968423682820931,0.40044872900317996
2024-10-14,0.5388349063943388,1.514348680983881
2024-10-15,1.6010768072800756,0.0011861652846617769
2024-10-17,0.9894730286141556,0.5332528434021131
2024-10-18,1.066449920366779,1.0060753299712235
2024-10-20,0.0013067139395319433,0.0012622066981709326
2024-10-21,1.600199122654964,1.5473514336272411
2024-10-22,1.60039501573735,0.09994089108592515
2024-10-23,1.6000599235749302,0.0029801305857524185
2024-10-24,0.9919802579531651,0.6672449181444005
2024-10-25,1.5987306762956186,0.00043248641513122615
2024-10-28,1.6037583465385958,1.584122290644757
2024-10-29,0.0012974044726949542,1.5974864097196495
2024-10-30,1.6035726807233033,1.605426775475794
2024-10-31,1.04568025069761,0.48482854879193177
2024-11-01,1.6044387177073178,0.17613603537067965
2024-11-04,1.5999654548019633,1.535172153607225
2024-11-05,0.018227988033372975,0.6442313033504521
2024-11-07,1.5269047918083727,1.3322146283983634
2024-11-08,0.5342128408774748,0.3377811440239751
2024-11-09,1.599911476191298,1.4976616865286256
2024-11-12,0.9008873130520912,0.0035027519253516695
2024-11-13,0.0008307978581137481,1.5982049455528888
2024-11-14,1.5876932415748202,1.372946677824012
2024-11-18,0.8014180991725449,0.15292423917368908
2024-11-19,0.7783186013671876,0.535210106197056
2024-11-20,1.6021188274137395,0.7780922917703137
2024-11-21,1.6067739661475455,0.6248114871671481
2024-11-23,0.0004324860081171233,0.4004308675274624
2024-11-25,0.7809025652738724,0.8007506769848027
2024-11-26,0.7581617381625714,0.8009976544024562
2024-11-27,1.6428909230985078,0.4450172001172497
2024-11-28,1.1966182421682512,1.146298740650776
2024-11-29,1.5991320879111721,0.10594121499719002
2024-11-30,0.9263735618255707,0.8273053039848008
2024-12-02,0.9892196570288745,0.8096644090124372
2024-12-03,0.9577636184700522,0.4790255717087731
2024-12-04,1.5189243667506496,1.0269193919976218
2024-12-05,1.1215318781055477,1.1419175666796268
2024-12-06,0.8092639172784813,0.8877168394295507
2024-12-07,1.5958988710061817,0.8012463163071599
2024-12-08,1.4201898538060242,1.6254914418294273
2024-12-09,1.0566815777570218,0.6338941976262776
2024-12-10,0.0004324860081171233,0.0004324860084523787
2024-12-11,0.9714072198417849,0.7937262898274028
2024-12-12,1.113212078326344,0.38908053429237427
2024-12-13,1.5849087741106096,0.6516753734286508
2024-12-16,0.5344631757405681,1.5990883021036904
2024-12-18,1.6351270978405974,-1.5588707043648633
2024-12-20,0.4097347150514736,0.9704030932104233
2024-12-23,0.8022407708534701,1.2436206511940977
2024-12-24,1.5988333039349572,1.5448957393122904
2024-12-25,0.8055321225139515,0.7332709707794711
2024-12-26,1.6132875671812585,0.01617786121676089
2024-12-27,1.5991642357185163,1.5699350501124152
2024-12-28,0.015866470321255613,0.11640899857990258
2024-12-30,1.0403691043858267,0.7628516751715063
2024-12-31,0.8020478910207868,0.7760349211749467
