,Den,Zlato: (Celosvětově)
0,2019-01-01,46.75409836065574
1,2019-01-02,50.40676229508197
2,2019-01-03,51.13729508196722
3,2019-01-04,48.94569672131148
4,2019-01-05,50.40676229508197
5,2019-01-06,46.02356557377049
6,2019-01-07,47.48463114754099
7,2019-01-08,46.02356557377049
8,2019-01-09,46.02356557377049
9,2019-01-10,46.75409836065574
10,2019-01-11,43.83196721311476
11,2019-01-12,46.02356557377049
12,2019-01-13,44.5625
13,2019-01-14,45.29303278688525
14,2019-01-15,45.29303278688525
15,2019-01-16,46.75409836065574
16,2019-01-17,43.83196721311476
17,2019-01-18,46.02356557377049
18,2019-01-19,45.29303278688525
19,2019-01-20,43.83196721311476
20,2019-01-21,43.83196721311476
21,2019-01-22,44.5625
22,2019-01-23,43.83196721311476
23,2019-01-24,43.83196721311476
24,2019-01-25,42.37090163934426
25,2019-01-26,45.29303278688525
26,2019-01-27,46.75409836065574
27,2019-01-28,46.02356557377049
28,2019-01-29,45.29303278688525
29,2019-01-30,46.75409836065574
30,2019-01-31,46.75409836065574
31,2019-02-01,44.898950855880734
32,2019-02-02,44.21866372170072
33,2019-02-03,43.53837658752071
34,2019-02-04,41.49751518498068
35,2019-02-05,43.53837658752071
36,2019-02-06,41.49751518498068
37,2019-02-07,42.858089453340696
38,2019-02-08,42.17780231916068
39,2019-02-09,43.53837658752071
40,2019-02-10,40.817228050800665
41,2019-02-11,42.858089453340696
42,2019-02-12,43.53837658752071
43,2019-02-13,44.898950855880734
44,2019-02-14,46.25952512424075
45,2019-02-15,44.21866372170072
46,2019-02-16,42.858089453340696
47,2019-02-17,42.858089453340696
48,2019-02-18,47.62009939260078
49,2019-02-19,47.62009939260078
50,2019-02-20,49.66096079514081
51,2019-02-21,47.62009939260078
52,2019-02-22,44.21866372170072
53,2019-02-23,46.25952512424075
54,2019-02-24,42.17780231916068
55,2019-02-25,45.57923799006074
56,2019-02-26,41.49751518498068
57,2019-02-27,43.53837658752071
58,2019-02-28,40.13694091662065
59,2019-03-01,45.021144920061886
60,2019-03-02,48.53842186694172
61,2019-03-03,45.021144920061886
62,2019-03-04,47.83496647756576
63,2019-03-05,48.53842186694172
64,2019-03-06,45.724600309437854
65,2019-03-07,45.021144920061886
66,2019-03-08,45.021144920061886
67,2019-03-09,44.31768953068592
68,2019-03-10,40.09695719443012
69,2019-03-11,42.91077875193398
70,2019-03-12,42.91077875193398
71,2019-03-13,42.207323362558014
72,2019-03-14,42.207323362558014
73,2019-03-15,41.503867973182054
74,2019-03-16,42.91077875193398
75,2019-03-17,39.39350180505415
76,2019-03-18,42.207323362558014
77,2019-03-19,45.021144920061886
78,2019-03-20,40.800412583806086
79,2019-03-21,40.800412583806086
80,2019-03-22,49.241877256317686
81,2019-03-23,45.724600309437854
82,2019-03-24,42.207323362558014
83,2019-03-25,45.724600309437854
84,2019-03-26,45.021144920061886
85,2019-03-27,46.42805569881382
86,2019-03-28,43.61423414130995
87,2019-03-29,44.31768953068592
88,2019-03-30,42.91077875193398
89,2019-03-31,40.800412583806086
90,2019-04-01,43.81379697139653
91,2019-04-02,40.280426247896806
92,2019-04-03,41.69377453729669
93,2019-04-04,40.98710039259675
94,2019-04-05,40.98710039259675
95,2019-04-06,41.69377453729669
96,2019-04-07,39.57375210319686
97,2019-04-08,42.400448681996636
98,2019-04-09,46.6404935501963
99,2019-04-10,43.81379697139653
100,2019-04-11,42.400448681996636
101,2019-04-12,42.400448681996636
102,2019-04-13,42.400448681996636
103,2019-04-14,41.69377453729669
104,2019-04-15,40.98710039259675
105,2019-04-16,43.10712282669658
106,2019-04-17,45.22714526079641
107,2019-04-18,41.69377453729669
108,2019-04-19,41.69377453729669
109,2019-04-20,40.280426247896806
110,2019-04-21,38.867077958496914
111,2019-04-22,42.400448681996636
112,2019-04-23,41.69377453729669
113,2019-04-24,43.10712282669658
114,2019-04-25,42.400448681996636
115,2019-04-26,38.867077958496914
116,2019-04-27,42.400448681996636
117,2019-04-28,40.98710039259675
118,2019-04-29,42.400448681996636
119,2019-04-30,43.10712282669658
120,2019-05-01,41.09714285714286
121,2019-05-02,41.09714285714286
122,2019-05-03,41.09714285714286
123,2019-05-04,41.09714285714286
124,2019-05-05,41.09714285714286
125,2019-05-06,48.182857142857145
126,2019-05-07,51.72571428571429
127,2019-05-08,46.76571428571429
128,2019-05-09,44.64
129,2019-05-10,43.222857142857144
130,2019-05-11,44.64
131,2019-05-12,41.80571428571429
132,2019-05-13,45.34857142857143
133,2019-05-14,42.51428571428572
134,2019-05-15,43.222857142857144
135,2019-05-16,42.51428571428572
136,2019-05-17,40.38857142857143
137,2019-05-18,43.222857142857144
138,2019-05-19,40.38857142857143
139,2019-05-20,43.931428571428576
140,2019-05-21,44.64
141,2019-05-22,43.931428571428576
142,2019-05-23,44.64
143,2019-05-24,41.09714285714286
144,2019-05-25,45.34857142857143
145,2019-05-26,42.51428571428572
146,2019-05-27,42.51428571428572
147,2019-05-28,44.64
148,2019-05-29,48.89142857142858
149,2019-05-30,50.30857142857143
150,2019-05-31,47.47428571428572
151,2019-06-01,48.50480109739369
152,2019-06-02,47.078189300411516
153,2019-06-03,46.36488340192044
154,2019-06-04,43.5116598079561
155,2019-06-05,43.5116598079561
156,2019-06-06,46.36488340192044
157,2019-06-07,48.50480109739369
158,2019-06-08,49.93141289437585
159,2019-06-09,49.21810699588477
160,2019-06-10,52.071330589849104
161,2019-06-11,48.50480109739369
162,2019-06-12,48.50480109739369
163,2019-06-13,47.7914951989026
164,2019-06-14,51.35802469135802
165,2019-06-15,50.64471879286694
166,2019-06-16,49.21810699588477
167,2019-06-17,53.49794238683127
168,2019-06-18,52.071330589849104
169,2019-06-19,50.64471879286694
170,2019-06-20,59.20438957475994
171,2019-06-21,60.63100137174211
172,2019-06-22,57.77777777777777
173,2019-06-23,53.49794238683127
174,2019-06-24,59.91769547325102
175,2019-06-25,61.34430727023319
176,2019-06-26,58.49108367626886
177,2019-06-27,56.35116598079561
178,2019-06-28,54.211248285322355
179,2019-06-29,56.35116598079561
180,2019-06-30,54.92455418381344
181,2019-07-01,54.55160744500845
182,2019-07-02,53.18781725888324
183,2019-07-03,52.505922165820635
184,2019-07-04,52.505922165820635
185,2019-07-05,51.82402707275803
186,2019-07-06,51.82402707275803
187,2019-07-07,48.414551607445
188,2019-07-08,51.82402707275803
189,2019-07-09,49.77834179357021
190,2019-07-10,49.77834179357021
191,2019-07-11,53.18781725888324
192,2019-07-12,48.414551607445
193,2019-07-13,50.46023688663282
194,2019-07-14,47.7326565143824
195,2019-07-15,51.14213197969542
196,2019-07-16,51.14213197969542
197,2019-07-17,53.18781725888324
198,2019-07-18,53.18781725888324
199,2019-07-19,54.55160744500845
200,2019-07-20,55.915397631133665
201,2019-07-21,51.14213197969542
202,2019-07-22,52.505922165820635
203,2019-07-23,51.82402707275803
204,2019-07-24,50.46023688663282
205,2019-07-25,54.55160744500845
206,2019-07-26,55.23350253807106
207,2019-07-27,51.82402707275803
208,2019-07-28,49.77834179357021
209,2019-07-29,52.505922165820635
210,2019-07-30,52.505922165820635
211,2019-07-31,54.55160744500845
212,2019-08-01,53.421983089930826
213,2019-08-02,56.2336664104535
214,2019-08-03,52.01614142966949
215,2019-08-04,48.50153727901614
216,2019-08-05,58.342428900845505
217,2019-08-06,59.74827056110684
218,2019-08-07,65.3716372021522
219,2019-08-08,63.965795541890856
220,2019-08-09,61.85703305149885
221,2019-08-10,56.93658724058417
222,2019-08-11,52.719062259800154
223,2019-08-12,55.53074558032283
224,2019-08-13,61.85703305149885
225,2019-08-14,61.85703305149885
226,2019-08-15,60.451191391237515
227,2019-08-16,61.85703305149885
228,2019-08-17,58.342428900845505
229,2019-08-18,55.53074558032283
230,2019-08-19,59.74827056110684
231,2019-08-20,61.85703305149885
232,2019-08-21,59.04534973097618
233,2019-08-22,58.342428900845505
234,2019-08-23,56.93658724058417
235,2019-08-24,55.53074558032283
236,2019-08-25,56.2336664104535
237,2019-08-26,70.29208301306687
238,2019-08-27,63.965795541890856
239,2019-08-28,63.26287471176019
240,2019-08-29,62.55995388162952
241,2019-08-30,59.04534973097618
242,2019-08-31,57.63950807071484
243,2019-09-01,58.06689734717417
244,2019-09-01,53.919261822376015
245,2019-09-02,59.103806228373706
246,2019-09-03,58.06689734717417
247,2019-09-04,61.17762399077279
248,2019-09-05,58.06689734717417
249,2019-09-06,62.214532871972324
250,2019-09-07,60.14071510957324
251,2019-09-08,54.95617070357555
252,2019-09-09,58.06689734717417
253,2019-09-10,57.02998846597463
254,2019-09-11,60.14071510957324
255,2019-09-12,62.214532871972324
256,2019-09-13,61.17762399077279
257,2019-09-14,61.17762399077279
258,2019-09-15,60.14071510957324
259,2019-09-16,63.25144175317186
260,2019-09-17,58.06689734717417
261,2019-09-18,59.103806228373706
262,2019-09-19,57.02998846597463
263,2019-09-20,58.06689734717417
264,2019-09-21,60.14071510957324
265,2019-09-22,51.845444059976934
266,2019-09-23,57.02998846597463
267,2019-09-24,54.95617070357555
268,2019-09-25,51.845444059976934
269,2019-09-26,58.06689734717417
270,2019-09-27,54.95617070357555
271,2019-09-28,58.06689734717417
272,2019-09-29,52.88235294117647
273,2019-09-30,57.02998846597463
274,2019-10-01,58.93638048177887
275,2019-10-02,54.800494132180354
276,2019-10-03,55.83446571957998
277,2019-10-04,54.800494132180354
278,2019-10-05,52.73255095738109
279,2019-10-06,50.66460778258184
280,2019-10-07,54.800494132180354
281,2019-10-08,58.93638048177887
282,2019-10-09,55.83446571957998
283,2019-10-10,57.90240889437924
284,2019-10-11,55.83446571957998
285,2019-10-12,52.73255095738109
286,2019-10-13,53.76652254478073
287,2019-10-14,55.83446571957998
288,2019-10-15,53.76652254478073
289,2019-10-16,53.76652254478073
290,2019-10-17,54.800494132180354
291,2019-10-18,54.800494132180354
292,2019-10-19,50.66460778258184
293,2019-10-20,53.76652254478073
294,2019-10-21,53.76652254478073
295,2019-10-22,54.800494132180354
296,2019-10-23,55.83446571957998
297,2019-10-24,51.698579369981466
298,2019-10-25,61.00432365657813
299,2019-10-26,50.66460778258184
300,2019-10-27,47.56269302038295
301,2019-10-28,48.59666460778258
302,2019-10-29,51.698579369981466
303,2019-10-30,49.630636195182205
304,2019-10-31,53.76652254478073
305,2019-11-01,50.2628120893561
306,2019-11-02,52.27332457293035
307,2019-11-03,48.252299605781864
308,2019-11-04,52.27332457293035
309,2019-11-05,48.252299605781864
310,2019-11-06,48.252299605781864
311,2019-11-07,51.268068331143226
312,2019-11-08,52.27332457293035
313,2019-11-09,52.27332457293035
314,2019-11-10,50.2628120893561
315,2019-11-11,51.268068331143226
316,2019-11-12,53.27858081471747
317,2019-11-13,54.283837056504595
318,2019-11-14,50.2628120893561
319,2019-11-15,51.268068331143226
320,2019-11-16,51.268068331143226
321,2019-11-17,50.2628120893561
322,2019-11-18,50.2628120893561
323,2019-11-19,50.2628120893561
324,2019-11-20,50.2628120893561
325,2019-11-21,51.268068331143226
326,2019-11-22,49.25755584756899
327,2019-11-23,48.252299605781864
328,2019-11-24,48.252299605781864
329,2019-11-25,51.268068331143226
330,2019-11-26,54.283837056504595
331,2019-11-27,50.2628120893561
332,2019-11-28,49.25755584756899
333,2019-11-29,52.27332457293035
334,2019-11-30,57.299605781865964
335,2019-12-01,54.03535651149087
336,2019-12-02,55.09487330583383
337,2019-12-03,56.154390100176784
338,2019-12-04,57.213906894519745
339,2019-12-05,56.154390100176784
340,2019-12-06,52.97583971714791
341,2019-12-07,58.2734236888627
342,2019-12-08,57.213906894519745
343,2019-12-09,60.392457277548615
344,2019-12-10,62.51149086623453
345,2019-12-11,58.2734236888627
346,2019-12-12,58.2734236888627
347,2019-12-13,56.154390100176784
348,2019-12-14,58.2734236888627
349,2019-12-15,57.213906894519745
350,2019-12-16,57.213906894519745
351,2019-12-17,61.45197407189158
352,2019-12-18,58.2734236888627
353,2019-12-19,58.2734236888627
354,2019-12-20,55.09487330583383
355,2019-12-21,55.09487330583383
356,2019-12-22,52.97583971714791
357,2019-12-23,57.213906894519745
358,2019-12-24,60.392457277548615
359,2019-12-25,65.69004124926342
360,2019-12-26,61.45197407189158
361,2019-12-27,61.45197407189158
362,2019-12-28,58.2734236888627
363,2019-12-29,55.09487330583383
364,2019-12-30,63.57100766057749
365,2019-12-31,58.2734236888627
366,2020-01-01,55.177033492822964
367,2020-01-02,58.24242424242424
368,2020-01-03,66.41679957469431
369,2020-01-04,66.41679957469431
370,2020-01-05,66.41679957469431
371,2020-01-06,79.70015948963317
372,2020-01-07,77.65656565656565
373,2020-01-08,85.83094098883572
374,2020-01-09,75.61297182349814
375,2020-01-10,69.48219032429559
376,2020-01-11,65.39500265816055
377,2020-01-12,61.30781499202551
378,2020-01-13,62.32961190855927
379,2020-01-14,61.30781499202551
380,2020-01-15,60.286018075491754
381,2020-01-16,60.286018075491754
382,2020-01-17,60.286018075491754
383,2020-01-18,60.286018075491754
384,2020-01-19,55.177033492822964
385,2020-01-20,58.24242424242424
386,2020-01-21,57.22062732589048
387,2020-01-22,56.198830409356724
388,2020-01-23,53.133439659755446
389,2020-01-24,55.177033492822964
390,2020-01-25,61.30781499202551
391,2020-01-26,50.06804891015417
392,2020-01-27,57.22062732589048
393,2020-01-28,56.198830409356724
394,2020-01-29,56.198830409356724
395,2020-01-30,57.22062732589048
396,2020-01-31,56.198830409356724
397,2020-02-01,60.15806626833243
398,2020-02-02,58.04725692558393
399,2020-02-03,64.37968495382945
400,2020-02-04,60.15806626833243
401,2020-02-05,59.10266159695818
402,2020-02-06,60.15806626833243
403,2020-02-07,59.10266159695818
404,2020-02-08,59.10266159695818
405,2020-02-09,55.93644758283542
406,2020-02-10,58.04725692558393
407,2020-02-11,56.991852254209675
408,2020-02-12,60.15806626833243
409,2020-02-13,58.04725692558393
410,2020-02-14,59.10266159695818
411,2020-02-15,58.04725692558393
412,2020-02-16,58.04725692558393
413,2020-02-17,66.49049429657795
414,2020-02-18,62.268875611080944
415,2020-02-19,69.65670831070071
416,2020-02-20,69.65670831070071
417,2020-02-21,78.09994568169473
418,2020-02-22,81.26615969581749
419,2020-02-23,70.71211298207497
420,2020-02-24,97.0972297664313
421,2020-02-25,89.70939706681152
422,2020-02-26,80.21075502444324
423,2020-02-27,73.87832699619773
424,2020-02-28,79.155350353069
425,2020-02-29,80.21075502444324
426,2020-03-01,75.15151515151514
427,2020-03-02,82.77558190601668
428,2020-03-03,75.15151515151514
429,2020-03-04,74.06236275801493
430,2020-03-05,74.06236275801493
431,2020-03-06,79.50812472551603
432,2020-03-07,74.06236275801493
433,2020-03-08,65.34914361001317
434,2020-03-09,91.48880105401844
435,2020-03-10,76.24066754501537
436,2020-03-11,72.97321036451471
437,2020-03-12,81.68642951251647
438,2020-03-13,88.22134387351778
439,2020-03-14,84.95388669301713
440,2020-03-15,78.41897233201581
441,2020-03-16,104.55862977602108
442,2020-03-17,108.91523935002195
443,2020-03-18,104.55862977602108
444,2020-03-19,99.11286780851998
445,2020-03-20,90.39964866051822
446,2020-03-21,76.24066754501537
447,2020-03-22,67.52744839701361
448,2020-03-23,84.95388669301713
449,2020-03-24,86.04303908651734
450,2020-03-25,79.50812472551603
451,2020-03-26,70.79490557751427
452,2020-03-27,68.61660079051383
453,2020-03-28,65.34914361001317
454,2020-03-29,62.081686429512516
455,2020-03-30,69.70575318401404
456,2020-03-31,67.52744839701361
457,2020-04-01,61.841019733174775
458,2020-04-02,58.748968746516034
459,2020-04-03,59.779652408735615
460,2020-04-04,57.718285084296454
461,2020-04-05,52.56486677319856
462,2020-04-06,63.902387057613936
463,2020-04-07,60.810336070955195
464,2020-04-08,58.748968746516034
465,2020-04-09,59.779652408735615
466,2020-04-10,61.841019733174775
467,2020-04-11,54.62623409763772
468,2020-04-12,54.62623409763772
469,2020-04-13,65.9637543820531
470,2020-04-14,63.902387057613936
471,2020-04-15,63.902387057613936
472,2020-04-16,63.902387057613936
473,2020-04-17,65.9637543820531
474,2020-04-18,59.779652408735615
475,2020-04-19,58.748968746516034
476,2020-04-20,64.93307071983351
477,2020-04-21,65.9637543820531
478,2020-04-22,64.93307071983351
479,2020-04-23,62.871703395394356
480,2020-04-24,62.871703395394356
481,2020-04-25,61.841019733174775
482,2020-04-26,63.902387057613936
483,2020-04-27,61.841019733174775
484,2020-04-28,58.748968746516034
485,2020-04-29,59.779652408735615
486,2020-04-30,58.748968746516034
487,2020-04-30,57.41376491136794
488,2020-05-01,59.09025270758123
489,2020-05-02,57.74729241877257
490,2020-05-03,59.09025270758123
491,2020-05-04,63.11913357400722
492,2020-05-05,60.43321299638989
493,2020-05-06,61.77617328519855
494,2020-05-07,64.46209386281589
495,2020-05-08,63.11913357400722
496,2020-05-09,59.09025270758123
497,2020-05-10,55.061371841155236
498,2020-05-11,61.77617328519855
499,2020-05-12,61.77617328519855
500,2020-05-13,60.43321299638989
501,2020-05-14,57.74729241877257
502,2020-05-15,63.11913357400722
503,2020-05-16,61.77617328519855
504,2020-05-17,59.09025270758123
505,2020-05-18,64.46209386281589
506,2020-05-19,60.43321299638989
507,2020-05-20,59.09025270758123
508,2020-05-21,61.77617328519855
509,2020-05-22,59.09025270758123
510,2020-05-23,53.71841155234657
511,2020-05-24,55.061371841155236
512,2020-05-25,57.74729241877257
513,2020-05-26,60.43321299638989
514,2020-05-27,63.11913357400722
515,2020-05-28,61.77617328519855
516,2020-05-29,60.43321299638989
517,2020-05-30,59.09025270758123
518,2020-05-31,55.061371841155236
519,2020-06-01,62.55272727272727
520,2020-06-02,58.559999999999995
521,2020-06-03,63.88363636363636
522,2020-06-04,59.89090909090909
523,2020-06-05,61.22181818181818
524,2020-06-06,58.559999999999995
525,2020-06-07,62.55272727272727
526,2020-06-08,63.88363636363636
527,2020-06-09,66.54545454545455
528,2020-06-10,58.559999999999995
529,2020-06-11,59.89090909090909
530,2020-06-12,58.559999999999995
531,2020-06-13,58.559999999999995
532,2020-06-14,55.89818181818182
533,2020-06-15,58.559999999999995
534,2020-06-16,59.89090909090909
535,2020-06-17,55.89818181818182
536,2020-06-18,59.89090909090909
537,2020-06-19,57.22909090909091
538,2020-06-20,59.89090909090909
539,2020-06-21,57.22909090909091
540,2020-06-22,69.20727272727272
541,2020-06-23,62.55272727272727
542,2020-06-24,65.21454545454546
543,2020-06-25,62.55272727272727
544,2020-06-26,62.55272727272727
545,2020-06-27,65.21454545454546
546,2020-06-28,59.89090909090909
547,2020-06-29,59.89090909090909
548,2020-06-30,65.21454545454546
549,2020-07-01,66.31997607655502
550,2020-07-02,64.96650717703349
551,2020-07-03,62.25956937799043
552,2020-07-04,67.67344497607655
553,2020-07-05,62.25956937799043
554,2020-07-06,64.96650717703349
555,2020-07-07,64.96650717703349
556,2020-07-08,73.08732057416267
557,2020-07-09,70.38038277511961
558,2020-07-10,69.02691387559808
559,2020-07-11,69.02691387559808
560,2020-07-12,60.9061004784689
561,2020-07-13,64.96650717703349
562,2020-07-14,60.9061004784689
563,2020-07-15,63.61303827751196
564,2020-07-16,64.96650717703349
565,2020-07-17,64.96650717703349
566,2020-07-18,62.25956937799043
567,2020-07-19,63.61303827751196
568,2020-07-20,69.02691387559808
569,2020-07-21,75.79425837320574
570,2020-07-22,81.20813397129186
571,2020-07-23,78.5011961722488
572,2020-07-24,82.56160287081339
573,2020-07-25,85.26854066985646
574,2020-07-26,77.14772727272727
575,2020-07-27,100.1566985645933
576,2020-07-28,101.51016746411483
577,2020-07-29,98.80322966507177
578,2020-07-30,90.68241626794259
579,2020-07-31,81.20813397129186
580,2020-08-01,76.6842105263158
581,2020-08-02,74.0399274047187
582,2020-08-03,78.00635208711434
583,2020-08-04,85.93920145190563
584,2020-08-05,101.80490018148821
585,2020-08-06,129.56987295825772
586,2020-08-07,120.31488203266788
587,2020-08-08,99.16061705989111
588,2020-08-09,89.90562613430127
589,2020-08-10,100.48275862068965
590,2020-08-11,116.34845735027224
591,2020-08-12,132.2141560798548
592,2020-08-13,120.31488203266788
593,2020-08-14,108.41560798548095
594,2020-08-15,92.54990925589837
595,2020-08-16,85.93920145190563
596,2020-08-17,100.48275862068965
597,2020-08-18,99.16061705989111
598,2020-08-19,95.19419237749547
599,2020-08-20,97.83847549909257
600,2020-08-21,93.87205081669691
601,2020-08-22,81.97277676950998
602,2020-08-23,78.00635208711434
603,2020-08-24,89.90562613430127
604,2020-08-25,88.58348457350273
605,2020-08-26,89.90562613430127
606,2020-08-27,85.93920145190563
607,2020-08-28,80.65063520871144
608,2020-08-29,72.71778584392014
609,2020-08-30,70.07350272232306
610,2020-08-31,78.00635208711434
611,2020-09-01,78.44776119402985
612,2020-09-02,78.44776119402985
613,2020-09-03,75.83283582089553
614,2020-09-04,81.06268656716418
615,2020-09-05,71.91044776119404
616,2020-09-06,69.2955223880597
617,2020-09-07,74.52537313432836
618,2020-09-08,71.91044776119404
619,2020-09-09,71.91044776119404
620,2020-09-10,70.60298507462687
621,2020-09-11,70.60298507462687
622,2020-09-12,67.98805970149253
623,2020-09-13,65.3731343283582
624,2020-09-14,74.52537313432836
625,2020-09-15,69.2955223880597
626,2020-09-16,70.60298507462687
627,2020-09-17,67.98805970149253
628,2020-09-18,69.2955223880597
629,2020-09-19,62.75820895522388
630,2020-09-20,62.75820895522388
631,2020-09-21,71.91044776119404
632,2020-09-22,73.2179104477612
633,2020-09-23,77.14029850746269
634,2020-09-24,82.37014925373134
635,2020-09-25,81.06268656716418
636,2020-09-26,75.83283582089553
637,2020-09-27,66.68059701492537
638,2020-09-28,81.06268656716418
639,2020-09-29,79.75522388059701
640,2020-09-30,75.83283582089553
641,2020-10-01,75.01189060642093
642,2020-10-02,76.37574316290132
643,2020-10-03,72.28418549346017
644,2020-10-04,66.82877526753865
645,2020-10-05,76.37574316290132
646,2020-10-06,76.37574316290132
647,2020-10-07,73.64803804994055
648,2020-10-08,76.37574316290132
649,2020-10-09,77.7395957193817
650,2020-10-10,73.64803804994055
651,2020-10-11,70.92033293697979
652,2020-10-12,76.37574316290132
653,2020-10-13,75.01189060642093
654,2020-10-14,75.01189060642093
655,2020-10-15,75.01189060642093
656,2020-10-16,68.19262782401903
657,2020-10-17,68.19262782401903
658,2020-10-18,68.19262782401903
659,2020-10-19,75.01189060642093
660,2020-10-20,77.7395957193817
661,2020-10-21,77.7395957193817
662,2020-10-22,72.28418549346017
663,2020-10-23,70.92033293697979
664,2020-10-24,69.55648038049941
665,2020-10-25,61.37336504161713
666,2020-10-26,79.10344827586208
667,2020-10-27,85.92271105826397
668,2020-10-28,81.83115338882284
669,2020-10-29,76.37574316290132
670,2020-10-30,73.64803804994055
671,2020-10-31,70.92033293697979
672,2020-11-01,63.98173025255239
673,2020-11-02,78.3449758194519
674,2020-11-03,75.73347662547017
675,2020-11-04,67.89897904352497
676,2020-11-05,69.20472864051585
677,2020-11-06,77.03922622246104
678,2020-11-07,82.2622246104245
679,2020-11-08,78.3449758194519
680,2020-11-09,110.98871574422353
681,2020-11-10,101.84846856528748
682,2020-11-11,99.23696937130575
683,2020-11-12,95.31972058033314
684,2020-11-13,92.70822138635141
685,2020-11-14,77.03922622246104
686,2020-11-15,69.20472864051585
687,2020-11-16,83.56797420741536
688,2020-11-17,74.42772702847931
689,2020-11-18,74.42772702847931
690,2020-11-19,87.48522299838795
691,2020-11-20,75.73347662547017
692,2020-11-21,70.51047823750672
693,2020-11-22,67.89897904352497
694,2020-11-23,77.03922622246104
695,2020-11-24,83.56797420741536
696,2020-11-25,83.56797420741536
697,2020-11-26,80.95647501343363
698,2020-11-27,80.95647501343363
699,2020-11-28,82.2622246104245
700,2020-11-29,75.73347662547017
701,2020-11-30,92.70822138635141
702,2020-12-01,102.31211296800103
703,2020-12-02,89.34297188755019
704,2020-12-03,90.78398756315585
705,2020-12-04,86.4609405363389
706,2020-12-05,83.5789091851276
707,2020-12-06,79.25586215831066
708,2020-12-07,87.90195621194455
709,2020-12-08,85.01992486073325
710,2020-12-09,80.6968778339163
711,2020-12-10,82.13789350952196
712,2020-12-11,80.6968778339163
713,2020-12-12,79.25586215831066
714,2020-12-13,72.05078378028242
715,2020-12-14,80.6968778339163
716,2020-12-15,80.6968778339163
717,2020-12-16,74.93281513149371
718,2020-12-17,73.49179945588807
719,2020-12-18,74.93281513149371
720,2020-12-19,72.05078378028242
721,2020-12-20,70.60976810467676
722,2020-12-21,79.25586215831066
723,2020-12-22,77.81484648270501
724,2020-12-23,74.93281513149371
725,2020-12-24,80.6968778339163
726,2020-12-25,80.6968778339163
727,2020-12-26,74.93281513149371
728,2020-12-27,72.05078378028242
729,2020-12-28,86.4609405363389
730,2020-12-29,76.37383080709937
731,2020-12-29,68.27357602452821
732,2020-12-30,63.64485900591613
733,2020-12-31,65.95921751522218
734,2021-01-01,65.66469639978506
735,2021-01-02,69.312735088662
736,2021-01-03,68.0967221923697
737,2021-01-04,80.25685115529285
738,2021-01-05,75.39279957012359
739,2021-01-06,75.39279957012359
740,2021-01-07,74.17678667383126
741,2021-01-08,72.96077377753895
742,2021-01-09,77.82482536270821
743,2021-01-10,75.39279957012359
744,2021-01-11,80.25685115529285
745,2021-01-12,75.39279957012359
746,2021-01-13,74.17678667383126
747,2021-01-14,74.17678667383126
748,2021-01-15,72.96077377753895
749,2021-01-16,72.96077377753895
750,2021-01-17,66.88070929607737
751,2021-01-18,81.47286405158516
752,2021-01-19,74.17678667383126
753,2021-01-20,75.39279957012359
754,2021-01-21,74.17678667383126
755,2021-01-22,71.74476088124663
756,2021-01-23,72.96077377753895
757,2021-01-24,64.44868350349275
758,2021-01-25,70.52874798495432
759,2021-01-26,70.52874798495432
760,2021-01-27,75.39279957012359
761,2021-01-28,72.96077377753895
762,2021-01-29,71.74476088124663
763,2021-01-30,70.52874798495432
764,2021-01-31,65.66469639978506
765,2021-02-01,88.97091273821465
766,2021-02-02,92.67803410230694
767,2021-02-03,85.26379137412238
768,2021-02-04,92.67803410230694
769,2021-02-05,93.91374122367102
770,2021-02-06,91.44232698094284
771,2021-02-07,76.61384152457373
772,2021-02-08,91.44232698094284
773,2021-02-09,87.73520561685056
774,2021-02-10,84.02808425275828
775,2021-02-11,82.79237713139419
776,2021-02-12,82.79237713139419
777,2021-02-13,76.61384152457373
778,2021-02-14,72.90672016048146
779,2021-02-15,86.49949849548646
780,2021-02-16,81.5566700100301
781,2021-02-17,88.97091273821465
782,2021-02-18,93.91374122367102
783,2021-02-19,90.20661985957875
784,2021-02-20,95.14944834503511
785,2021-02-21,92.67803410230694
786,2021-02-22,97.6208625877633
787,2021-02-23,90.20661985957875
788,2021-02-24,87.73520561685056
789,2021-02-25,91.44232698094284
790,2021-02-26,96.38515546639921
791,2021-02-27,86.49949849548646
792,2021-02-28,85.26379137412238
793,2021-03-01,102.59772535804548
794,2021-03-02,105.13100252737993
795,2021-03-03,106.39764111204717
796,2021-03-04,106.39764111204717
797,2021-03-05,108.93091828138162
798,2021-03-06,107.66427969671439
799,2021-03-07,100.06444818871103
800,2021-03-08,112.73083403538331
801,2021-03-09,111.46419545071608
802,2021-03-10,106.39764111204717
803,2021-03-11,96.26453243470935
804,2021-03-12,93.73125526537488
805,2021-03-13,94.99789385004212
806,2021-03-14,84.86478517270429
807,2021-03-15,87.39806234203874
808,2021-03-16,88.66470092670598
809,2021-03-17,93.73125526537488
810,2021-03-18,92.46461668070766
811,2021-03-19,86.13142375737151
812,2021-03-20,86.13142375737151
813,2021-03-21,92.46461668070766
814,2021-03-22,126.66385846672281
815,2021-03-23,94.99789385004212
816,2021-03-24,91.19797809604043
817,2021-03-25,89.93133951137321
818,2021-03-26,88.66470092670598
819,2021-03-27,89.93133951137321
820,2021-03-28,78.53159224936815
821,2021-03-29,83.59814658803705
822,2021-03-30,102.59772535804548
823,2021-03-31,96.26453243470935
824,2021-04-01,88.70538092701118
825,2021-04-02,85.1092168353756
826,2021-04-03,74.32072456046883
827,2021-04-04,75.51944592434735
828,2021-04-05,87.50665956313266
829,2021-04-06,79.11561001598295
830,2021-04-07,76.71816728822589
831,2021-04-08,77.91688865210443
832,2021-04-09,75.51944592434735
833,2021-04-10,73.1220031965903
834,2021-04-11,69.52583910495471
835,2021-04-12,77.91688865210443
836,2021-04-13,71.92328183271178
837,2021-04-14,70.72456046883325
838,2021-04-15,76.71816728822589
839,2021-04-16,74.32072456046883
840,2021-04-17,70.72456046883325
841,2021-04-18,68.32711774107618
842,2021-04-19,76.71816728822589
843,2021-04-20,74.32072456046883
844,2021-04-21,77.91688865210443
845,2021-04-22,81.51305274374
846,2021-04-23,73.1220031965903
847,2021-04-24,74.32072456046883
848,2021-04-25,63.53223228556207
849,2021-04-26,77.91688865210443
850,2021-04-27,69.52583910495471
851,2021-04-28,70.72456046883325
852,2021-04-29,67.12839637719766
853,2021-04-30,69.52583910495471
854,2021-05-01,65.36741214057508
855,2021-05-02,65.36741214057508
856,2021-05-03,68.93290734824282
857,2021-05-04,68.93290734824282
858,2021-05-05,71.30990415335464
859,2021-05-06,73.68690095846645
860,2021-05-07,71.30990415335464
861,2021-05-08,76.06389776357828
862,2021-05-09,68.93290734824282
863,2021-05-10,74.87539936102236
864,2021-05-11,72.49840255591054
865,2021-05-12,68.93290734824282
866,2021-05-13,68.93290734824282
867,2021-05-14,73.68690095846645
868,2021-05-15,71.30990415335464
869,2021-05-16,70.12140575079873
870,2021-05-17,82.00638977635784
871,2021-05-18,74.87539936102236
872,2021-05-19,74.87539936102236
873,2021-05-20,73.68690095846645
874,2021-05-21,71.30990415335464
875,2021-05-22,67.7444089456869
876,2021-05-23,62.99041533546326
877,2021-05-24,76.06389776357828
878,2021-05-25,70.12140575079873
879,2021-05-26,78.4408945686901
880,2021-05-27,72.49840255591054
881,2021-05-28,78.4408945686901
882,2021-05-29,70.12140575079873
883,2021-05-30,67.7444089456869
884,2021-05-31,80.81789137380191
885,2021-06-01,80.88565022421525
886,2021-06-02,79.64125560538116
887,2021-06-03,75.90807174887892
888,2021-06-04,74.66367713004485
889,2021-06-05,68.44170403587444
890,2021-06-06,64.70852017937219
891,2021-06-07,74.66367713004485
892,2021-06-08,73.41928251121075
893,2021-06-09,73.41928251121075
894,2021-06-10,74.66367713004485
895,2021-06-11,73.41928251121075
896,2021-06-12,72.17488789237669
897,2021-06-13,65.95291479820628
898,2021-06-14,77.152466367713
899,2021-06-15,75.90807174887892
900,2021-06-16,74.66367713004485
901,2021-06-17,80.88565022421525
902,2021-06-18,78.39686098654708
903,2021-06-19,75.90807174887892
904,2021-06-20,73.41928251121075
905,2021-06-21,83.37443946188341
906,2021-06-22,78.39686098654708
907,2021-06-23,72.17488789237669
908,2021-06-24,68.44170403587444
909,2021-06-25,70.9304932735426
910,2021-06-26,73.41928251121075
911,2021-06-27,65.95291479820628
912,2021-06-28,73.41928251121075
913,2021-06-29,69.68609865470853
914,2021-06-30,75.90807174887892
915,2021-07-01,74.58874210224009
916,2021-07-02,70.79609419873637
917,2021-07-03,67.00344629523264
918,2021-07-04,67.00344629523264
919,2021-07-05,73.32452613440553
920,2021-07-06,72.06031016657094
921,2021-07-07,69.53187823090178
922,2021-07-08,72.06031016657094
923,2021-07-09,68.26766226306721
924,2021-07-10,73.32452613440553
925,2021-07-11,63.21079839172889
926,2021-07-12,73.32452613440553
927,2021-07-13,73.32452613440553
928,2021-07-14,65.73923032739805
929,2021-07-15,68.26766226306721
930,2021-07-16,68.26766226306721
931,2021-07-17,67.00344629523264
932,2021-07-18,61.94658242389432
933,2021-07-19,65.73923032739805
934,2021-07-20,61.94658242389432
935,2021-07-21,63.21079839172889
936,2021-07-22,61.94658242389432
937,2021-07-23,64.47501435956347
938,2021-07-24,74.58874210224009
939,2021-07-25,77.11717403790925
940,2021-07-26,80.90982194141299
941,2021-07-27,83.43825387708215
942,2021-07-28,78.38139000574384
943,2021-07-29,84.70246984491672
944,2021-07-30,78.38139000574384
945,2021-07-31,77.11717403790925
946,2021-08-01,82.14668094218416
947,2021-08-02,87.12526766595289
948,2021-08-03,79.65738758029978
949,2021-08-04,78.4127408993576
950,2021-08-05,80.90203426124198
951,2021-08-06,80.90203426124198
952,2021-08-07,99.57173447537474
953,2021-08-08,87.12526766595289
954,2021-08-09,92.10385438972162
955,2021-08-10,88.36991434689507
956,2021-08-11,82.14668094218416
957,2021-08-12,79.65738758029978
958,2021-08-13,73.43415417558886
959,2021-08-14,73.43415417558886
960,2021-08-15,64.72162740899357
961,2021-08-16,73.43415417558886
962,2021-08-17,69.70021413276231
963,2021-08-18,72.18950749464669
964,2021-08-19,68.45556745182013
965,2021-08-20,70.9448608137045
966,2021-08-21,65.96627408993577
967,2021-08-22,62.232334047109205
968,2021-08-23,70.9448608137045
969,2021-08-24,60.98768736616703
970,2021-08-25,73.43415417558886
971,2021-08-26,70.9448608137045
972,2021-08-27,68.45556745182013
973,2021-08-28,65.96627408993577
974,2021-08-28,70.22216274089938
975,2021-08-29,63.83832976445397
976,2021-08-30,72.35010706638117
977,2021-08-31,70.22216274089938
978,2021-09-01,67.29463307776561
979,2021-09-02,63.088718510405265
980,2021-09-03,65.19167579408543
981,2021-09-04,65.19167579408543
982,2021-09-05,60.98576122672508
983,2021-09-06,65.19167579408543
984,2021-09-07,65.19167579408543
985,2021-09-08,65.19167579408543
986,2021-09-09,65.19167579408543
987,2021-09-10,60.98576122672508
988,2021-09-11,60.98576122672508
989,2021-09-12,63.088718510405265
990,2021-09-13,67.29463307776561
991,2021-09-14,63.088718510405265
992,2021-09-15,60.98576122672508
993,2021-09-16,63.088718510405265
994,2021-09-17,65.19167579408543
995,2021-09-18,65.19167579408543
996,2021-09-19,60.98576122672508
997,2021-09-20,63.088718510405265
998,2021-09-21,65.19167579408543
999,2021-09-22,63.088718510405265
1000,2021-09-23,67.29463307776561
1001,2021-09-24,67.29463307776561
1002,2021-09-25,63.088718510405265
1003,2021-09-26,60.98576122672508
1004,2021-09-27,65.19167579408543
1005,2021-09-28,65.19167579408543
1006,2021-09-29,63.088718510405265
1007,2021-09-30,63.088718510405265
1008,2021-10-01,63.97330595482546
1009,2021-10-02,59.70841889117043
1010,2021-10-03,55.4435318275154
1011,2021-10-04,63.97330595482546
1012,2021-10-05,61.84086242299794
1013,2021-10-06,61.84086242299794
1014,2021-10-07,59.70841889117043
1015,2021-10-08,61.84086242299794
1016,2021-10-09,63.97330595482546
1017,2021-10-10,57.57597535934291
1018,2021-10-11,63.97330595482546
1019,2021-10-12,68.23819301848049
1020,2021-10-13,72.50308008213553
1021,2021-10-14,81.03285420944557
1022,2021-10-15,74.63552361396304
1023,2021-10-16,66.10574948665297
1024,2021-10-17,59.70841889117043
1025,2021-10-18,70.370636550308
1026,2021-10-19,66.10574948665297
1027,2021-10-20,66.10574948665297
1028,2021-10-21,74.63552361396304
1029,2021-10-22,87.43018480492813
1030,2021-10-23,70.370636550308
1031,2021-10-24,59.70841889117043
1032,2021-10-25,83.16529774127311
1033,2021-10-26,72.50308008213553
1034,2021-10-27,70.370636550308
1035,2021-10-28,70.370636550308
1036,2021-10-29,63.97330595482546
1037,2021-10-30,63.97330595482546
1038,2021-10-31,61.84086242299794
1039,2021-11-01,68.03149606299212
1040,2021-11-02,70.15748031496064
1041,2021-11-03,65.90551181102362
1042,2021-11-04,65.90551181102362
1043,2021-11-05,70.15748031496064
1044,2021-11-06,59.52755905511811
1045,2021-11-07,61.65354330708661
1046,2021-11-08,76.53543307086613
1047,2021-11-09,72.28346456692913
1048,2021-11-10,78.66141732283465
1049,2021-11-11,82.91338582677166
1050,2021-11-12,85.03937007874015
1051,2021-11-13,80.78740157480314
1052,2021-11-14,68.03149606299212
1053,2021-11-15,80.78740157480314
1054,2021-11-16,89.29133858267716
1055,2021-11-17,91.41732283464567
1056,2021-11-18,106.2992125984252
1057,2021-11-19,87.16535433070867
1058,2021-11-20,74.40944881889764
1059,2021-11-21,68.03149606299212
1060,2021-11-22,82.91338582677166
1061,2021-11-23,127.55905511811024
1062,2021-11-24,114.8031496062992
1063,2021-11-25,91.41732283464567
1064,2021-11-26,87.16535433070867
1065,2021-11-27,76.53543307086613
1066,2021-11-28,68.03149606299212
1067,2021-11-29,85.03937007874015
1068,2021-11-30,93.54330708661416
1069,2021-12-01,98.5487214927436
1070,2021-12-02,89.97926744989633
1071,2021-12-03,92.12163096060816
1072,2021-12-04,79.26744989633725
1073,2021-12-05,72.84035936420179
1074,2021-12-06,87.83690393918452
1075,2021-12-07,81.40981340704906
1076,2021-12-08,81.40981340704906
1077,2021-12-09,77.12508638562542
1078,2021-12-10,81.40981340704906
1079,2021-12-11,72.84035936420179
1080,2021-12-12,70.69799585348999
1081,2021-12-13,94.26399447131996
1082,2021-12-14,83.55217691776089
1083,2021-12-15,89.97926744989633
1084,2021-12-16,115.68762957843813
1085,2021-12-17,130.68417415342088
1086,2021-12-18,89.97926744989633
1087,2021-12-19,74.98272287491362
1088,2021-12-20,177.81617138908086
1089,2021-12-21,197.0974429854872
1090,2021-12-22,119.97235659986178
1091,2021-12-23,130.68417415342088
1092,2021-12-24,126.39944713199722
1093,2021-12-25,98.5487214927436
1094,2021-12-26,79.26744989633725
1095,2021-12-27,104.97581202487905
1096,2021-12-28,98.5487214927436
1097,2021-12-29,98.5487214927436
1098,2021-12-30,100.69108500345541
1099,2021-12-31,102.83344851416724
1100,2022-01-01,67.03553299492384
1101,2022-01-02,65.17343485617597
1102,2022-01-03,81.93231810490693
1103,2022-01-04,186.20981387478847
1104,2022-01-05,61.449238578680195
1105,2022-01-06,63.31133671742808
1106,2022-01-07,74.48392554991538
1107,2022-01-08,63.31133671742808
1108,2022-01-09,59.587140439932305
1109,2022-01-10,72.6218274111675
1110,2022-01-11,67.03553299492384
1111,2022-01-12,68.89763113367174
1112,2022-01-13,134.07106598984768
1113,2022-01-14,50.27664974619288
1114,2022-01-15,55.86294416243654
1115,2022-01-16,100.55329949238576
1116,2022-01-17,54.00084602368865
1117,2022-01-18,54.00084602368865
1118,2022-01-19,55.86294416243654
1119,2022-01-20,61.449238578680195
1120,2022-01-21,57.725042301184416
1121,2022-01-22,57.725042301184416
1122,2022-01-23,54.00084602368865
1123,2022-01-24,122.89847715736039
1124,2022-01-25,52.13874788494077
1125,2022-01-26,55.86294416243654
1126,2022-01-27,57.725042301184416
1127,2022-01-28,61.449238578680195
1128,2022-01-29,63.31133671742808
1129,2022-01-30,54.00084602368865
1130,2022-01-31,67.03553299492384
1131,2022-02-01,68.25
1132,2022-02-02,70.31818181818181
1133,2022-02-03,68.25
1134,2022-02-04,64.11363636363636
1135,2022-02-05,64.11363636363636
1136,2022-02-06,64.11363636363636
1137,2022-02-07,72.38636363636364
1138,2022-02-08,68.25
1139,2022-02-09,72.38636363636364
1140,2022-02-10,62.04545454545455
1141,2022-02-11,70.31818181818181
1142,2022-02-12,72.38636363636364
1143,2022-02-13,66.18181818181817
1144,2022-02-14,80.6590909090909
1145,2022-02-15,80.6590909090909
1146,2022-02-16,76.52272727272728
1147,2022-02-17,80.6590909090909
1148,2022-02-18,76.52272727272728
1149,2022-02-19,74.45454545454545
1150,2022-02-20,66.18181818181817
1151,2022-02-21,80.6590909090909
1152,2022-02-22,84.79545454545455
1153,2022-02-23,80.6590909090909
1154,2022-02-24,153.04545454545456
1155,2022-02-25,109.61363636363637
1156,2022-02-26,84.79545454545455
1157,2022-02-27,76.52272727272728
1158,2022-02-28,95.13636363636363
1159,2022-03-01,84.05178979436405
1160,2022-03-02,92.45696877380045
1161,2022-03-03,88.25437928408225
1162,2022-03-04,94.55826351865956
1163,2022-03-05,81.95049504950495
1164,2022-03-06,79.84920030464585
1165,2022-03-07,126.07768469154608
1166,2022-03-08,119.77380045696879
1167,2022-03-09,123.97638994668698
1168,2022-03-10,113.46991622239146
1169,2022-03-11,107.16603198781416
1170,2022-03-12,88.25437928408225
1171,2022-03-13,77.74790555978676
1172,2022-03-14,92.45696877380045
1173,2022-03-15,96.65955826351866
1174,2022-03-16,94.55826351865956
1175,2022-03-17,92.45696877380045
1176,2022-03-18,81.95049504950495
1177,2022-03-19,75.64661081492766
1178,2022-03-20,69.34272658035034
1179,2022-03-21,86.15308453922316
1180,2022-03-22,94.55826351865956
1181,2022-03-23,86.15308453922316
1182,2022-03-24,81.95049504950495
1183,2022-03-25,77.74790555978676
1184,2022-03-26,75.64661081492766
1185,2022-03-27,69.34272658035034
1186,2022-03-28,77.74790555978676
1187,2022-03-29,79.84920030464585
1188,2022-03-30,77.74790555978676
1189,2022-03-31,71.44402132520945
1190,2022-04-01,70.24734835437626
1191,2022-04-02,60.212012875179646
1192,2022-04-03,64.22614706685829
1193,2022-04-04,74.26148254605489
1194,2022-04-05,64.22614706685829
1195,2022-04-06,66.23321416269762
1196,2022-04-07,64.22614706685829
1197,2022-04-08,68.24028125853692
1198,2022-04-09,66.23321416269762
1199,2022-04-10,60.212012875179646
1200,2022-04-11,74.26148254605489
1201,2022-04-12,72.25441545021557
1202,2022-04-13,72.25441545021557
1203,2022-04-14,68.24028125853692
1204,2022-04-15,72.25441545021557
1205,2022-04-16,66.23321416269762
1206,2022-04-17,62.219079971018964
1207,2022-04-18,76.26854964189421
1208,2022-04-19,68.24028125853692
1209,2022-04-20,68.24028125853692
1210,2022-04-21,72.25441545021557
1211,2022-04-22,66.23321416269762
1212,2022-04-23,66.23321416269762
1213,2022-04-24,62.219079971018964
1214,2022-04-25,76.26854964189421
1215,2022-04-26,70.24734835437626
1216,2022-04-27,72.25441545021557
1217,2022-04-27,74.08364115781596
1218,2022-04-28,73.16902830401577
1219,2022-04-29,75.91286686541636
1220,2022-04-30,71.33980259641538
1221,2022-05-01,63.94726638231874
1222,2022-05-02,71.25552539744088
1223,2022-05-03,83.13144629701435
1224,2022-05-04,73.99612252811167
1225,2022-05-05,84.04497867390462
1226,2022-05-06,76.73671965878248
1227,2022-05-07,76.73671965878248
1228,2022-05-08,62.12020162853819
1229,2022-05-09,75.82318728189222
1230,2022-05-10,73.08259015122141
1231,2022-05-11,74.90965490500194
1232,2022-05-12,79.47731678945328
1233,2022-05-13,74.90965490500194
1234,2022-05-14,73.99612252811167
1235,2022-05-15,67.6013958898798
1236,2022-05-16,81.30438154323382
1237,2022-05-17,85.87204342768516
1238,2022-05-18,78.56378441256301
1239,2022-05-19,77.65025203567275
1240,2022-05-20,79.47731678945328
1241,2022-05-21,69.42846064366033
1242,2022-05-22,69.42846064366033
1243,2022-05-23,84.9585110507949
1244,2022-05-24,83.13144629701435
1245,2022-05-25,83.13144629701435
1246,2022-05-26,81.30438154323382
1247,2022-05-27,81.30438154323382
1248,2022-05-28,67.6013958898798
1249,2022-05-29,66.68786351298952
1250,2022-05-30,79.47731678945328
1251,2022-05-31,74.90965490500194
1252,2022-06-01,72.32142857142857
1253,2022-06-02,75.89285714285714
1254,2022-06-03,78.57142857142857
1255,2022-06-04,65.17857142857142
1256,2022-06-05,59.82142857142857
1257,2022-06-06,78.57142857142857
1258,2022-06-07,79.46428571428571
1259,2022-06-08,88.39285714285714
1260,2022-06-09,84.82142857142857
1261,2022-06-10,83.92857142857142
1262,2022-06-11,79.46428571428571
1263,2022-06-12,70.53571428571428
1264,2022-06-13,83.03571428571429
1265,2022-06-14,78.57142857142857
1266,2022-06-15,82.14285714285714
1267,2022-06-16,81.24999999999999
1268,2022-06-17,73.21428571428571
1269,2022-06-18,68.75
1270,2022-06-19,65.17857142857142
1271,2022-06-20,70.53571428571428
1272,2022-06-21,71.42857142857143
1273,2022-06-22,69.64285714285714
1274,2022-06-23,66.07142857142857
1275,2022-06-24,71.42857142857143
1276,2022-06-25,73.21428571428571
1277,2022-06-26,68.75
1278,2022-06-27,86.60714285714285
1279,2022-06-28,75.89285714285714
1280,2022-06-29,70.53571428571428
1281,2022-06-30,76.78571428571428
1282,2022-07-01,77.23059096176128
1283,2022-07-02,72.74044032444958
1284,2022-07-03,65.55619930475086
1285,2022-07-04,78.12862108922363
1286,2022-07-05,79.92468134414831
1287,2022-07-06,82.61877172653533
1288,2022-07-07,81.720741599073
1289,2022-07-08,71.84241019698725
1290,2022-07-09,69.14831981460023
1291,2022-07-10,61.964078794901496
1292,2022-07-11,71.84241019698725
1293,2022-07-12,71.84241019698725
1294,2022-07-13,77.23059096176128
1295,2022-07-14,79.92468134414831
1296,2022-07-15,77.23059096176128
1297,2022-07-16,74.53650057937428
1298,2022-07-17,67.35225955967555
1299,2022-07-18,80.82271147161066
1300,2022-07-19,80.82271147161066
1301,2022-07-20,79.02665121668598
1302,2022-07-21,79.92468134414831
1303,2022-07-22,79.02665121668598
1304,2022-07-23,71.84241019698725
1305,2022-07-24,64.65816917728853
1306,2022-07-25,75.43453070683661
1307,2022-07-26,77.23059096176128
1308,2022-07-27,77.23059096176128
1309,2022-07-28,79.02665121668598
1310,2022-07-29,77.23059096176128
1311,2022-07-30,72.74044032444958
1312,2022-07-31,69.14831981460023
1313,2022-08-01,81.34241089307169
1314,2022-08-02,75.97917501001201
1315,2022-08-03,77.76692030436524
1316,2022-08-04,75.97917501001201
1317,2022-08-05,75.97917501001201
1318,2022-08-06,69.72206647977573
1319,2022-08-07,63.464957949539446
1320,2022-08-08,75.0853023628354
1321,2022-08-09,74.1914297156588
1322,2022-08-10,71.50981177412896
1323,2022-08-11,67.9343211854225
1324,2022-08-12,67.0404485382459
1325,2022-08-13,67.0404485382459
1326,2022-08-14,65.25270324389267
1327,2022-08-15,73.29755706848218
1328,2022-08-16,70.61593912695234
1329,2022-08-17,74.1914297156588
1330,2022-08-18,78.66079295154185
1331,2022-08-19,72.40368442130557
1332,2022-08-20,72.40368442130557
1333,2022-08-21,72.40368442130557
1334,2022-08-22,80.44853824589508
1335,2022-08-23,74.1914297156588
1336,2022-08-24,72.40368442130557
1337,2022-08-25,72.40368442130557
1338,2022-08-26,68.82819383259913
1339,2022-08-27,67.9343211854225
1340,2022-08-28,63.464957949539446
1341,2022-08-29,70.61593912695234
1342,2022-08-30,69.72206647977573
1343,2022-08-31,69.72206647977573
1344,2022-09-01,74.925
1345,2022-09-02,75.85
1346,2022-09-03,70.3
1347,2022-09-04,61.975
1348,2022-09-05,74.925
1349,2022-09-06,66.6
1350,2022-09-07,69.375
1351,2022-09-08,66.6
1352,2022-09-09,65.675
1353,2022-09-10,65.675
1354,2022-09-11,63.824999999999996
1355,2022-09-12,69.375
1356,2022-09-13,71.225
1357,2022-09-14,74.0
1358,2022-09-15,76.775
1359,2022-09-16,85.1
1360,2022-09-17,77.69999999999999
1361,2022-09-18,71.225
1362,2022-09-19,79.55
1363,2022-09-20,79.55
1364,2022-09-21,80.475
1365,2022-09-22,80.475
1366,2022-09-23,78.625
1367,2022-09-24,76.775
1368,2022-09-25,64.75
1369,2022-09-26,81.4
1370,2022-09-27,77.69999999999999
1371,2022-09-28,82.32499999999999
1372,2022-09-29,79.55
1373,2022-09-30,77.69999999999999
1374,2022-10-01,70.58069815195071
1375,2022-10-02,65.99753593429158
1376,2022-10-03,78.83039014373716
1377,2022-10-04,80.66365503080083
1378,2022-10-05,78.83039014373716
1379,2022-10-06,75.16386036960985
1380,2022-10-07,73.3305954825462
1381,2022-10-08,71.49733059548255
1382,2022-10-09,65.08090349075975
1383,2022-10-10,76.08049281314169
1384,2022-10-11,75.16386036960985
1385,2022-10-12,75.16386036960985
1386,2022-10-13,74.24722792607803
1387,2022-10-14,72.41396303901438
1388,2022-10-15,68.74743326488706
1389,2022-10-16,60.497741273100615
1390,2022-10-17,74.24722792607803
1391,2022-10-18,71.49733059548255
1392,2022-10-19,72.41396303901438
1393,2022-10-20,72.41396303901438
1394,2022-10-21,76.08049281314169
1395,2022-10-22,80.66365503080083
1396,2022-10-23,65.99753593429158
1397,2022-10-24,66.9141683778234
1398,2022-10-25,68.74743326488706
1399,2022-10-26,70.58069815195071
1400,2022-10-27,75.16386036960985
1401,2022-10-28,70.58069815195071
1402,2022-10-29,68.74743326488706
1403,2022-10-30,65.99753593429158
1404,2022-10-31,69.66406570841889
1405,2022-11-01,69.90871369294605
1406,2022-11-02,71.70124481327801
1407,2022-11-03,69.01244813278008
1408,2022-11-04,73.49377593360995
1409,2022-11-05,69.01244813278008
1410,2022-11-06,65.42738589211616
1411,2022-11-07,73.49377593360995
1412,2022-11-08,73.49377593360995
1413,2022-11-09,70.80497925311202
1414,2022-11-10,74.39004149377593
1415,2022-11-11,81.56016597510371
1416,2022-11-12,73.49377593360995
1417,2022-11-13,66.32365145228215
1418,2022-11-14,79.76763485477177
1419,2022-11-15,83.35269709543567
1420,2022-11-16,84.24896265560164
1421,2022-11-17,77.97510373443983
1422,2022-11-18,73.49377593360995
1423,2022-11-19,72.59751037344397
1424,2022-11-20,66.32365145228215
1425,2022-11-21,71.70124481327801
1426,2022-11-22,69.01244813278008
1427,2022-11-23,68.1161825726141
1428,2022-11-24,69.01244813278008
1429,2022-11-25,66.32365145228215
1430,2022-11-26,66.32365145228215
1431,2022-11-27,65.42738589211616
1432,2022-11-28,70.80497925311202
1433,2022-11-29,72.59751037344397
1434,2022-11-30,70.80497925311202
1435,2022-12-01,78.35307287156942
1436,2022-12-02,77.4727012662709
1437,2022-12-03,73.07084323977823
1438,2022-12-04,69.5493568185841
1439,2022-12-05,85.39604571395769
1440,2022-12-06,80.99418768746503
1441,2022-12-07,75.71195805567382
1442,2022-12-08,77.4727012662709
1443,2022-12-09,70.42972842388264
1444,2022-12-10,69.5493568185841
1445,2022-12-11,70.42972842388264
1446,2022-12-12,81.87455929276356
1447,2022-12-13,80.1138160821665
1448,2022-12-14,78.35307287156942
1449,2022-12-15,82.75493089806209
1450,2022-12-16,77.4727012662709
1451,2022-12-17,75.71195805567382
1452,2022-12-18,73.07084323977823
1453,2022-12-19,80.99418768746503
1454,2022-12-20,79.23344447686796
1455,2022-12-21,81.87455929276356
1456,2022-12-22,85.39604571395769
1457,2022-12-23,80.99418768746503
1458,2022-12-24,80.1138160821665
1459,2022-12-25,78.35307287156942
1460,2022-12-26,88.0371605298533
1461,2022-12-26,99.19680059701778
1462,2022-12-27,90.51708054477874
1463,2022-12-28,97.95684058955507
1464,2022-12-29,91.75704055224145
1465,2022-12-30,85.55724051492786
1466,2022-12-31,94.23696056716689
1467,2023-01-01,83.80369718309859
1468,2023-01-02,89.46610915492958
1469,2023-01-03,84.9361795774648
1470,2023-01-04,93.99603873239438
1471,2023-01-05,86.06866197183099
1472,2023-01-06,82.6712147887324
1473,2023-01-07,80.40625
1474,2023-01-08,78.14128521126761
1475,2023-01-09,87.20114436619718
1476,2023-01-10,80.40625
1477,2023-01-11,93.99603873239438
1478,2023-01-12,84.9361795774648
1479,2023-01-13,83.80369718309859
1480,2023-01-14,80.40625
1481,2023-01-15,71.34639084507042
1482,2023-01-16,87.20114436619718
1483,2023-01-17,84.9361795774648
1484,2023-01-18,79.27376760563381
1485,2023-01-19,83.80369718309859
1486,2023-01-20,74.74383802816901
1487,2023-01-21,81.5387323943662
1488,2023-01-22,74.74383802816901
1489,2023-01-23,83.80369718309859
1490,2023-01-24,84.9361795774648
1491,2023-01-25,83.80369718309859
1492,2023-01-26,87.20114436619718
1493,2023-01-27,74.74383802816901
1494,2023-01-28,82.6712147887324
1495,2023-01-29,75.87632042253522
1496,2023-01-30,81.5387323943662
1497,2023-01-31,90.59859154929578
1498,2023-02-01,86.10968733982574
1499,2023-02-02,92.9984623270118
1500,2023-02-03,87.25781650435674
1501,2023-02-04,86.10968733982574
1502,2023-02-05,82.66529984623271
1503,2023-02-06,83.81342901076371
1504,2023-02-07,75.77652485904665
1505,2023-02-08,72.33213736545362
1506,2023-02-09,74.62839569451565
1507,2023-02-10,71.18400820092262
1508,2023-02-11,72.33213736545362
1509,2023-02-12,73.48026652998463
1510,2023-02-13,78.07278318810867
1511,2023-02-14,83.81342901076371
1512,2023-02-15,81.5171706817017
1513,2023-02-16,79.22091235263969
1514,2023-02-17,73.48026652998463
1515,2023-02-18,73.48026652998463
1516,2023-02-19,75.77652485904665
1517,2023-02-20,79.22091235263969
1518,2023-02-21,79.22091235263969
1519,2023-02-22,78.07278318810867
1520,2023-02-23,78.07278318810867
1521,2023-02-24,74.62839569451565
1522,2023-02-25,88.40594566888775
1523,2023-02-26,88.40594566888775
1524,2023-02-27,86.10968733982574
1525,2023-02-28,83.81342901076371
1526,2023-03-01,82.08595041322313
1527,2023-03-02,82.08595041322313
1528,2023-03-03,75.24545454545454
1529,2023-03-04,84.36611570247933
1530,2023-03-05,78.66570247933885
1531,2023-03-06,86.64628099173552
1532,2023-03-07,78.66570247933885
1533,2023-03-08,82.08595041322313
1534,2023-03-09,83.22603305785123
1535,2023-03-10,82.08595041322313
1536,2023-03-11,90.06652892561983
1537,2023-03-12,91.20661157024793
1538,2023-03-13,102.60743801652893
1539,2023-03-14,100.32727272727271
1540,2023-03-15,101.46735537190082
1541,2023-03-16,92.34669421487602
1542,2023-03-17,98.04710743801651
1543,2023-03-18,104.8876033057851
1544,2023-03-19,86.64628099173552
1545,2023-03-20,111.7280991735537
1546,2023-03-21,96.90702479338842
1547,2023-03-22,90.06652892561983
1548,2023-03-23,93.48677685950413
1549,2023-03-24,90.06652892561983
1550,2023-03-25,86.64628099173552
1551,2023-03-26,79.80578512396693
1552,2023-03-27,87.78636363636363
1553,2023-03-28,90.06652892561983
1554,2023-03-29,79.80578512396693
1555,2023-03-30,83.22603305785123
1556,2023-03-31,86.64628099173552
1557,2023-04-01,76.94572217111316
1558,2023-04-02,74.68261269549217
1559,2023-04-03,84.86660533578657
1560,2023-04-04,91.6559337626495
1561,2023-04-05,98.44526218951242
1562,2023-04-06,89.39282428702852
1563,2023-04-07,85.99816007359705
1564,2023-04-08,83.73505059797608
1565,2023-04-09,75.81416743330266
1566,2023-04-10,87.12971481140754
1567,2023-04-11,81.4719411223551
1568,2023-04-12,80.34038638454462
1569,2023-04-13,85.99816007359705
1570,2023-04-14,85.99816007359705
1571,2023-04-15,80.34038638454462
1572,2023-04-16,74.68261269549217
1573,2023-04-17,83.73505059797608
1574,2023-04-18,81.4719411223551
1575,2023-04-19,83.73505059797608
1576,2023-04-20,78.07727690892365
1577,2023-04-21,70.15639374425024
1578,2023-04-22,76.94572217111316
1579,2023-04-23,71.28794848206071
1580,2023-04-24,85.99816007359705
1581,2023-04-25,82.60349586016558
1582,2023-04-26,80.34038638454462
1583,2023-04-27,85.99816007359705
1584,2023-04-28,82.60349586016558
1585,2023-04-29,83.73505059797608
1586,2023-04-30,75.81416743330266
1587,2023-05-01,88.37104072398189
1588,2023-05-02,87.22336487042368
1589,2023-05-03,87.22336487042368
1590,2023-05-04,97.55244755244753
1591,2023-05-05,87.22336487042368
1592,2023-05-06,80.33730974907445
1593,2023-05-07,78.04195804195804
1594,2023-05-08,87.22336487042368
1595,2023-05-09,80.33730974907445
1596,2023-05-10,84.92801316330727
1597,2023-05-11,92.96174413821471
1598,2023-05-12,91.8140682846565
1599,2023-05-13,89.5187165775401
1600,2023-05-14,82.63266145619086
1601,2023-05-15,99.84779925956396
1602,2023-05-16,97.55244755244753
1603,2023-05-17,99.84779925956396
1604,2023-05-18,95.25709584533114
1605,2023-05-19,89.5187165775401
1606,2023-05-20,92.96174413821471
1607,2023-05-21,89.5187165775401
1608,2023-05-22,94.10941999177292
1609,2023-05-23,89.5187165775401
1610,2023-05-24,86.07568901686548
1611,2023-05-25,92.96174413821471
1612,2023-05-26,86.07568901686548
1613,2023-05-27,91.8140682846565
1614,2023-05-28,81.48498560263265
1615,2023-05-29,104.43850267379678
1616,2023-05-30,91.8140682846565
1617,2023-05-31,91.8140682846565
1618,2023-06-01,87.30874316939891
1619,2023-06-02,82.77322404371584
1620,2023-06-03,78.23770491803279
1621,2023-06-04,72.56830601092896
1622,2023-06-05,85.04098360655738
1623,2023-06-06,86.17486338797814
1624,2023-06-07,113.3879781420765
1625,2023-06-08,97.51366120218579
1626,2023-06-09,87.30874316939891
1627,2023-06-10,78.23770491803279
1628,2023-06-11,77.10382513661203
1629,2023-06-12,90.7103825136612
1630,2023-06-13,85.04098360655738
1631,2023-06-14,86.17486338797814
1632,2023-06-15,85.04098360655738
1633,2023-06-16,79.37158469945355
1634,2023-06-17,74.83606557377048
1635,2023-06-18,70.30054644808745
1636,2023-06-19,78.23770491803279
1637,2023-06-20,79.37158469945355
1638,2023-06-21,78.23770491803279
1639,2023-06-22,99.78142076502732
1640,2023-06-23,97.51366120218579
1641,2023-06-24,83.90710382513662
1642,2023-06-25,78.23770491803279
1643,2023-06-26,91.84426229508198
1644,2023-06-27,79.37158469945355
1645,2023-06-28,68.0327868852459
1646,2023-06-29,68.0327868852459
1647,2023-06-30,70.30054644808745
1648,2023-07-01,79.50380228136882
1649,2023-07-02,76.1444866920152
1650,2023-07-03,90.70152091254752
1651,2023-07-04,82.86311787072243
1652,2023-07-05,78.38403041825094
1653,2023-07-06,78.38403041825094
1654,2023-07-07,72.7851711026616
1655,2023-07-08,78.38403041825094
1656,2023-07-09,67.18631178707224
1657,2023-07-10,79.50380228136882
1658,2023-07-11,76.1444866920152
1659,2023-07-12,79.50380228136882
1660,2023-07-13,76.1444866920152
1661,2023-07-14,73.90494296577947
1662,2023-07-15,72.7851711026616
1663,2023-07-16,71.66539923954373
1664,2023-07-17,78.38403041825094
1665,2023-07-18,91.8212927756654
1666,2023-07-19,81.74334600760456
1667,2023-07-20,86.22243346007605
1668,2023-07-21,75.02471482889733
1669,2023-07-22,70.54562737642586
1670,2023-07-23,67.18631178707224
1671,2023-07-24,77.26425855513308
1672,2023-07-25,73.90494296577947
1673,2023-07-26,75.02471482889733
1674,2023-07-27,69.425855513308
1675,2023-07-28,70.54562737642586
1676,2023-07-29,67.18631178707224
1677,2023-07-30,63.82699619771863
1678,2023-07-31,73.90494296577947
1679,2023-08-01,78.71567933742416
1680,2023-08-02,79.92668978876915
1681,2023-08-03,77.50466888607917
1682,2023-08-04,78.71567933742416
1683,2023-08-05,76.29365843473418
1684,2023-08-06,72.66062708069923
1685,2023-08-07,81.13770024011414
1686,2023-08-08,78.71567933742416
1687,2023-08-09,79.92668978876915
1688,2023-08-10,73.87163753204422
1689,2023-08-11,78.71567933742416
1690,2023-08-12,76.29365843473418
1691,2023-08-13,75.08264798338921
1692,2023-08-14,78.71567933742416
1693,2023-08-15,75.08264798338921
1694,2023-08-16,77.50466888607917
1695,2023-08-17,75.08264798338921
1696,2023-08-18,77.50466888607917
1697,2023-08-19,75.08264798338921
1698,2023-08-20,71.44961662935424
1699,2023-08-21,76.29365843473418
1700,2023-08-22,76.29365843473418
1701,2023-08-23,79.92668978876915
1702,2023-08-24,93.24780475356401
1703,2023-08-25,81.13770024011414
1704,2023-08-25,70.87891055458246
1705,2023-08-26,63.41797260146852
1706,2023-08-27,62.48535535732928
1707,2023-08-28,67.1484415780255
1708,2023-08-29,66.21582433388626
1709,2023-08-30,62.48535535732928
1710,2023-08-31,62.48535535732928
1711,2023-09-01,64.34010152284263
1712,2023-09-02,62.36040609137056
1713,2023-09-03,62.36040609137056
1714,2023-09-04,68.29949238578679
1715,2023-09-05,64.34010152284263
1716,2023-09-06,64.34010152284263
1717,2023-09-07,66.31979695431471
1718,2023-09-08,64.34010152284263
1719,2023-09-09,64.34010152284263
1720,2023-09-10,62.36040609137056
1721,2023-09-11,63.35025380710659
1722,2023-09-12,63.35025380710659
1723,2023-09-13,66.31979695431471
1724,2023-09-14,62.36040609137056
1725,2023-09-15,61.37055837563451
1726,2023-09-16,62.36040609137056
1727,2023-09-17,60.38071065989847
1728,2023-09-18,65.32994923857868
1729,2023-09-19,60.38071065989847
1730,2023-09-20,70.27918781725887
1731,2023-09-21,68.29949238578679
1732,2023-09-22,64.34010152284263
1733,2023-09-23,64.34010152284263
1734,2023-09-24,59.39086294416243
1735,2023-09-25,65.32994923857868
1736,2023-09-26,68.29949238578679
1737,2023-09-27,68.29949238578679
1738,2023-09-28,69.28934010152284
1739,2023-09-29,71.26903553299492
1740,2023-09-30,72.25888324873095
1741,2023-10-01,69.89002356637864
1742,2023-10-02,75.88059701492537
1743,2023-10-03,77.87745483110763
1744,2023-10-04,78.87588373919874
1745,2023-10-05,75.88059701492537
1746,2023-10-06,76.8790259230165
1747,2023-10-07,78.87588373919874
1748,2023-10-08,78.87588373919874
1749,2023-10-09,95.84917517674785
1750,2023-10-10,82.86959937156324
1751,2023-10-11,83.86802827965435
1752,2023-10-12,80.872741555381
1753,2023-10-13,84.8664571877455
1754,2023-10-14,82.86959937156324
1755,2023-10-15,78.87588373919874
1756,2023-10-16,83.86802827965435
1757,2023-10-17,80.872741555381
1758,2023-10-18,89.85860172820111
1759,2023-10-19,85.86488609583661
1760,2023-10-20,87.86174391201885
1761,2023-10-21,81.87117046347213
1762,2023-10-22,74.88216810683426
1763,2023-10-23,82.86959937156324
1764,2023-10-24,84.8664571877455
1765,2023-10-25,83.86802827965435
1766,2023-10-26,89.85860172820111
1767,2023-10-27,82.86959937156324
1768,2023-10-28,78.87588373919874
1769,2023-10-29,79.87431264728987
1770,2023-10-30,86.86331500392774
1771,2023-10-31,83.86802827965435
1772,2023-11-01,80.65489013356311
1773,2023-11-02,78.63851788022404
1774,2023-11-03,76.62214562688496
1775,2023-11-04,75.61395950021543
1776,2023-11-05,72.5894011202068
1777,2023-11-06,81.66307626023266
1778,2023-11-07,77.6303317535545
1779,2023-11-08,78.63851788022404
1780,2023-11-09,80.65489013356311
1781,2023-11-10,86.70400689358036
1782,2023-11-11,80.65489013356311
1783,2023-11-12,72.5894011202068
1784,2023-11-13,75.61395950021543
1785,2023-11-14,83.67944851357173
1786,2023-11-15,79.64670400689359
1787,2023-11-16,75.61395950021543
1788,2023-11-17,75.61395950021543
1789,2023-11-18,75.61395950021543
1790,2023-11-19,67.54847048685912
1791,2023-11-20,76.62214562688496
1792,2023-11-21,81.66307626023266
1793,2023-11-22,79.64670400689359
1794,2023-11-23,75.61395950021543
1795,2023-11-24,76.62214562688496
1796,2023-11-25,75.61395950021543
1797,2023-11-26,70.57302886686773
1798,2023-11-27,82.6712623869022
1799,2023-11-28,80.65489013356311
1800,2023-11-29,85.69582076691081
1801,2023-11-30,78.63851788022404
1802,2023-12-01,82.96296296296295
1803,2023-12-02,88.14814814814814
1804,2023-12-03,79.85185185185183
1805,2023-12-04,98.5185185185185
1806,2023-12-05,90.22222222222221
1807,2023-12-06,88.14814814814814
1808,2023-12-07,82.96296296296295
1809,2023-12-08,82.96296296296295
1810,2023-12-09,85.03703703703702
1811,2023-12-10,84.0
1812,2023-12-11,90.22222222222221
1813,2023-12-12,84.0
1814,2023-12-13,81.92592592592591
1815,2023-12-14,81.92592592592591
1816,2023-12-15,79.85185185185183
1817,2023-12-16,82.96296296296295
1818,2023-12-17,71.55555555555554
1819,2023-12-18,82.96296296296295
1820,2023-12-19,76.74074074074073
1821,2023-12-20,81.92592592592591
1822,2023-12-21,77.77777777777777
1823,2023-12-22,81.92592592592591
1824,2023-12-23,78.81481481481481
1825,2023-12-24,76.74074074074073
1826,2023-12-25,90.22222222222221
1827,2023-12-26,95.40740740740739
1828,2023-12-27,91.25925925925924
1829,2023-12-28,91.25925925925924
1830,2023-12-29,85.03703703703702
1831,2023-12-30,84.0
1832,2023-12-31,74.66666666666666
1833,2024-01-01,79.60112602858379
1834,2024-01-02,89.93893460372456
1835,2024-01-03,84.77003031615418
1836,2024-01-04,81.66868774361195
1837,2024-01-05,78.56734517106973
1838,2024-01-06,78.56734517106973
1839,2024-01-07,75.4660025985275
1840,2024-01-08,83.73624945864012
1841,2024-01-09,79.60112602858379
1842,2024-01-10,72.36466002598529
1843,2024-01-11,72.36466002598529
1844,2024-01-12,77.53356431355566
1845,2024-01-13,76.49978345604158
1846,2024-01-14,79.60112602858379
1847,2024-01-15,84.77003031615418
1848,2024-01-16,77.53356431355566
1849,2024-01-17,78.56734517106973
1850,2024-01-18,75.4660025985275
1851,2024-01-19,76.49978345604158
1852,2024-01-20,78.56734517106973
1853,2024-01-21,71.3308791684712
1854,2024-01-22,75.4660025985275
1855,2024-01-23,73.39844088349935
1856,2024-01-24,78.56734517106973
1857,2024-01-25,76.49978345604158
1858,2024-01-26,69.26331745344305
1859,2024-01-27,74.43222174101342
1860,2024-01-28,68.22953659592898
1861,2024-01-29,70.29709831095713
1862,2024-01-30,72.36466002598529
1863,2024-01-31,75.4660025985275
1864,2024-02-01,71.42835595776772
1865,2024-02-02,70.3931623931624
1866,2024-02-03,76.60432378079437
1867,2024-02-04,79.70990447461035
1868,2024-02-05,77.63951734539971
1869,2024-02-06,75.56913021618904
1870,2024-02-07,73.4987430869784
1871,2024-02-08,66.25238813474108
1872,2024-02-09,64.18200100553041
1873,2024-02-10,70.3931623931624
1874,2024-02-11,64.18200100553041
1875,2024-02-12,70.3931623931624
1876,2024-02-13,75.56913021618904
1877,2024-02-14,73.4987430869784
1878,2024-02-15,71.42835595776772
1879,2024-02-16,71.42835595776772
1880,2024-02-17,70.3931623931624
1881,2024-02-18,71.42835595776772
1882,2024-02-19,77.63951734539971
1883,2024-02-20,68.32277526395174
1884,2024-02-21,65.21719457013576
1885,2024-02-22,67.2875816993464
1886,2024-02-23,64.18200100553041
1887,2024-02-24,73.4987430869784
1888,2024-02-25,71.42835595776772
1889,2024-02-26,69.35796882855708
1890,2024-02-27,71.42835595776772
1891,2024-02-28,68.32277526395174
1892,2024-02-29,68.32277526395174
1893,2024-03-01,70.49609713790113
1894,2024-03-02,78.6695576756288
1895,2024-03-03,74.58282740676496
1896,2024-03-04,81.73460537727668
1897,2024-03-05,83.7779705117086
1898,2024-03-06,89.90806591500434
1899,2024-03-07,85.82133564614051
1900,2024-03-08,81.73460537727668
1901,2024-03-09,79.69124024284476
1902,2024-03-10,74.58282740676496
1903,2024-03-11,81.73460537727668
1904,2024-03-12,79.69124024284476
1905,2024-03-13,77.64787510841283
1906,2024-03-14,73.561144839549
1907,2024-03-15,72.53946227233305
1908,2024-03-16,74.58282740676496
1909,2024-03-17,70.49609713790113
1910,2024-03-18,74.58282740676496
1911,2024-03-19,71.51777970511709
1912,2024-03-20,71.51777970511709
1913,2024-03-21,81.73460537727668
1914,2024-03-22,73.561144839549
1915,2024-03-23,77.64787510841283
1916,2024-03-24,69.47441457068517
1917,2024-03-25,69.47441457068517
1918,2024-03-26,69.47441457068517
1919,2024-03-27,69.47441457068517
1920,2024-03-28,73.561144839549
1921,2024-03-29,80.71292281006072
1922,2024-03-30,75.60450997398092
1923,2024-03-31,66.4093668690373
1924,2024-04-01,77.10049309243466
1925,2024-04-02,82.10701861791743
1926,2024-04-03,81.10571351282088
1927,2024-04-04,84.10962882811053
1928,2024-04-05,80.10440840772432
1929,2024-04-06,87.1135441434002
1930,2024-04-07,76.0991879873381
1931,2024-04-08,85.1109339332071
1932,2024-04-09,79.10310330262777
1933,2024-04-10,75.09788288224155
1934,2024-04-11,77.10049309243466
1935,2024-04-12,88.11484924849675
1936,2024-04-13,95.12398498417264
1937,2024-04-14,100.13051050965541
1938,2024-04-15,97.12659519436575
1939,2024-04-16,93.12137477397953
1940,2024-04-17,84.10962882811053
1941,2024-04-18,80.10440840772432
1942,2024-04-19,83.10832372301398
1943,2024-04-20,80.10440840772432
1944,2024-04-21,80.10440840772432
1945,2024-04-22,82.10701861791743
1946,2024-04-23,87.1135441434002
1947,2024-04-24,87.1135441434002
1948,2024-04-24,87.1135441434002
1949,2024-04-25,81.80174267124166
1950,2024-04-26,73.30286031578797
1951,2024-04-27,77.5523014935148
1952,2024-04-28,76.48994119908309
1953,2024-04-29,79.67702208237823
1954,2024-04-30,75.42758090465139
1955,2024-05-01,76.40180694246315
1956,2024-05-02,77.44840703756539
1957,2024-05-03,72.2154065620542
1958,2024-05-04,75.3552068473609
1959,2024-05-05,74.30860675225868
1960,2024-05-06,77.44840703756539
1961,2024-05-07,71.16880646695198
1962,2024-05-08,70.12220637184974
1963,2024-05-09,71.16880646695198
1964,2024-05-10,83.72800760817879
1965,2024-05-11,76.40180694246315
1966,2024-05-12,64.88920589633857
1967,2024-05-13,70.12220637184974
1968,2024-05-14,70.12220637184974
1969,2024-05-15,66.98240608654304
1970,2024-05-16,70.12220637184974
1971,2024-05-17,71.16880646695198
1972,2024-05-18,69.0756062767475
1973,2024-05-19,64.88920589633857
1974,2024-05-20,78.49500713266761
1975,2024-05-21,72.2154065620542
1976,2024-05-22,66.98240608654304
1977,2024-05-23,71.16880646695198
1978,2024-05-24,68.02900618164527
1979,2024-05-25,73.26200665715645
1980,2024-05-26,68.02900618164527
1981,2024-05-27,70.12220637184974
1982,2024-05-28,68.02900618164527
1983,2024-05-29,64.88920589633857
1984,2024-05-30,65.93580599144079
1985,2024-05-31,60.702805515929626
1986,2024-06-01,69.76510067114093
1987,2024-06-02,67.5503355704698
1988,2024-06-03,70.87248322147651
1989,2024-06-04,67.5503355704698
1990,2024-06-05,71.97986577181209
1991,2024-06-06,70.87248322147651
1992,2024-06-07,70.87248322147651
1993,2024-06-08,74.19463087248322
1994,2024-06-09,69.76510067114093
1995,2024-06-10,74.19463087248322
1996,2024-06-11,68.65771812080537
1997,2024-06-12,71.97986577181209
1998,2024-06-13,68.65771812080537
1999,2024-06-14,65.33557046979865
2000,2024-06-15,66.44295302013423
2001,2024-06-16,60.90604026845637
2002,2024-06-17,57.58389261744966
2003,2024-06-18,62.013422818791945
2004,2024-06-19,62.013422818791945
2005,2024-06-20,63.12080536912751
2006,2024-06-21,63.12080536912751
2007,2024-06-22,59.7986577181208
2008,2024-06-23,63.12080536912751
2009,2024-06-24,66.44295302013423
2010,2024-06-25,63.12080536912751
2011,2024-06-26,63.12080536912751
2012,2024-06-27,64.22818791946308
2013,2024-06-28,59.7986577181208
2014,2024-06-29,62.013422818791945
2015,2024-06-30,60.90604026845637
2016,2024-07-01,62.92492781520693
2017,2024-07-02,62.92492781520693
2018,2024-07-03,61.820981713185766
2019,2024-07-04,60.71703561116458
2020,2024-07-05,64.02887391722811
2021,2024-07-06,67.34071222329163
2022,2024-07-07,66.23676612127045
2023,2024-07-08,67.34071222329163
2024,2024-07-09,64.02887391722811
2025,2024-07-10,64.02887391722811
2026,2024-07-11,65.13282001924928
2027,2024-07-12,64.02887391722811
2028,2024-07-13,66.23676612127045
2029,2024-07-14,64.02887391722811
2030,2024-07-15,64.02887391722811
2031,2024-07-16,71.75649663137634
2032,2024-07-17,76.17228103946103
2033,2024-07-18,69.54860442733397
2034,2024-07-19,67.34071222329163
2035,2024-07-20,71.75649663137634
2036,2024-07-21,69.54860442733397
2037,2024-07-22,73.96438883541867
2038,2024-07-23,92.73147256977865
2039,2024-07-24,91.62752646775746
2040,2024-07-25,90.5235803657363
2041,2024-07-26,90.5235803657363
2042,2024-07-27,92.73147256977865
2043,2024-07-28,90.5235803657363
2044,2024-07-29,97.14725697786334
2045,2024-07-30,90.5235803657363
2046,2024-07-31,92.73147256977865
2047,2024-08-01,90.56419063975956
2048,2024-08-02,93.79862601975097
2049,2024-08-03,94.87677114641478
2050,2024-08-04,95.95491627307858
2051,2024-08-05,107.81451266638044
2052,2024-08-06,92.72048089308716
2053,2024-08-07,86.25161013310434
2054,2024-08-08,94.87677114641478
2055,2024-08-09,102.4237870330614
2056,2024-08-10,100.2674967797338
2057,2024-08-11,95.95491627307858
2058,2024-08-12,83.01717475311294
2059,2024-08-13,78.70459424645772
2060,2024-08-14,74.3920137398025
2061,2024-08-15,75.4701588664663
2062,2024-08-16,74.3920137398025
2063,2024-08-17,76.5483039931301
2064,2024-08-18,73.3138686131387
2065,2024-08-19,76.5483039931301
2066,2024-08-20,77.6264491197939
2067,2024-08-21,77.6264491197939
2068,2024-08-22,73.3138686131387
2069,2024-08-23,73.3138686131387
2070,2024-08-24,72.23572348647488
2071,2024-08-25,63.61056247316446
2072,2024-08-26,73.3138686131387
2073,2024-08-27,67.92314297981966
2074,2024-08-28,66.84499785315587
2075,2024-08-29,66.84499785315587
2076,2024-08-30,64.68870759982825
2077,2024-08-31,65.76685272649206
2078,2024-09-01,66.15580448065174
2079,2024-09-02,67.24032586558046
2080,2024-09-03,68.32484725050917
2081,2024-09-04,63.986761710794305
2082,2024-09-05,66.15580448065174
2083,2024-09-06,65.07128309572302
2084,2024-09-07,67.24032586558046
2085,2024-09-08,67.24032586558046
2086,2024-09-09,63.986761710794305
2087,2024-09-10,61.817718940936864
2088,2024-09-11,65.07128309572302
2089,2024-09-12,65.07128309572302
2090,2024-09-13,68.32484725050917
2091,2024-09-14,71.57841140529531
2092,2024-09-15,65.07128309572302
2093,2024-09-16,71.57841140529531
2094,2024-09-17,65.07128309572302
2095,2024-09-18,72.66293279022403
2096,2024-09-19,72.66293279022403
2097,2024-09-20,73.74745417515275
2098,2024-09-21,77.00101832993892
2099,2024-09-22,70.4938900203666
2100,2024-09-23,77.00101832993892
2101,2024-09-24,80.25458248472506
2102,2024-09-25,83.50814663951121
2103,2024-09-26,82.42362525458249
2104,2024-09-27,74.83197556008147
2105,2024-09-28,78.08553971486762
2106,2024-09-29,75.9164969450102
2107,2024-09-30,82.42362525458249
2108,2024-10-01,81.56083481349911
2109,2024-10-02,78.29840142095915
2110,2024-10-03,73.94849023090586
2111,2024-10-04,73.94849023090586
2112,2024-10-05,77.21092362344584
2113,2024-10-06,69.59857904085257
2114,2024-10-07,76.1234458259325
2115,2024-10-08,75.03596802841918
2116,2024-10-09,75.03596802841918
2117,2024-10-10,70.6860568383659
2118,2024-10-11,70.6860568383659
2119,2024-10-12,73.94849023090586
2120,2024-10-13,68.51110124333925
2121,2024-10-14,76.1234458259325
2122,2024-10-15,71.77353463587922
2123,2024-10-16,70.6860568383659
2124,2024-10-17,70.6860568383659
2125,2024-10-18,80.4733570159858
2126,2024-10-19,86.99822380106572
2127,2024-10-20,78.29840142095915
2128,2024-10-21,86.99822380106572
2129,2024-10-22,86.99822380106572
2130,2024-10-23,89.17317939609237
2131,2024-10-24,86.99822380106572
2132,2024-10-25,78.29840142095915
2133,2024-10-26,88.08570159857904
2134,2024-10-27,81.56083481349911
2135,2024-10-28,88.08570159857904
2136,2024-10-29,91.34813499111901
2137,2024-10-30,89.17317939609237
2138,2024-10-31,82.64831261101244
2139,2024-11-01,85.76955074875207
2140,2024-11-02,82.5124792013311
2141,2024-11-03,79.25540765391014
2142,2024-11-04,82.5124792013311
2143,2024-11-05,79.25540765391014
2144,2024-11-06,90.11231281198002
2145,2024-11-07,102.0549084858569
2146,2024-11-08,94.45507487520797
2147,2024-11-09,89.02662229617303
2148,2024-11-10,80.34109816971713
2149,2024-11-11,93.36938435940098
2150,2024-11-12,95.54076539101497
2151,2024-11-13,94.45507487520797
2152,2024-11-14,98.79783693843594
2153,2024-11-15,92.28369384359401
2154,2024-11-16,91.198003327787
2155,2024-11-17,85.76955074875207
2156,2024-11-18,99.88352745424291
2157,2024-11-19,87.94093178036604
2158,2024-11-20,86.85524126455906
2159,2024-11-21,83.5981697171381
2160,2024-11-22,83.5981697171381
2161,2024-11-23,81.42678868552412
2162,2024-11-24,80.34109816971713
2163,2024-11-25,84.68386023294508
2164,2024-11-26,82.5124792013311
2165,2024-11-27,79.25540765391014
2166,2024-11-28,79.25540765391014
2167,2024-11-29,83.5981697171381
2168,2024-11-30,80.34109816971713
2169,2024-12-01,77.78251599147121
2170,2024-12-02,74.67121535181236
2171,2024-12-03,75.70831556503198
2172,2024-12-04,72.59701492537313
2173,2024-12-05,69.48571428571428
2174,2024-12-06,66.37441364605543
2175,2024-12-07,73.63411513859275
2176,2024-12-08,72.59701492537313
2177,2024-12-09,72.59701492537313
2178,2024-12-10,75.70831556503198
2179,2024-12-11,76.7454157782516
2180,2024-12-12,70.5228144989339
2181,2024-12-13,69.48571428571428
2182,2024-12-14,77.78251599147121
2183,2024-12-15,73.63411513859275
2184,2024-12-16,71.55991471215351
2185,2024-12-17,75.70831556503198
2186,2024-12-18,72.59701492537313
2187,2024-12-19,76.7454157782516
2188,2024-12-20,72.59701492537313
2189,2024-12-21,74.67121535181236
2190,2024-12-22,71.55991471215351
2191,2024-12-23,76.7454157782516
2192,2024-12-23,81.93091684434968
2193,2024-12-24,86.07931769722813
2194,2024-12-25,89.19061833688698
2195,2024-12-26,82.96801705756928
2196,2024-12-27,78.81961620469083
2197,2024-12-28,82.96801705756928
2198,2024-12-29,81.93091684434968
2199,2024-12-30,81.93091684434968
2200,2024-12-31,74.67121535181236
2201,2025-01-01,78.10535876475932
2202,2025-01-02,75.02225249772934
2203,2025-01-03,72.96684831970937
2204,2025-01-04,79.13306085376931
2205,2025-01-05,73.99455040871935
2206,2025-01-06,85.29927338782925
2207,2025-01-07,73.99455040871935
2208,2025-01-08,69.8837420526794
2209,2025-01-09,69.8837420526794
2210,2025-01-10,69.8837420526794
2211,2025-01-11,77.07765667574932
2212,2025-01-12,70.91144414168937
2213,2025-01-13,70.91144414168937
2214,2025-01-14,65.77293369663943
2215,2025-01-15,70.91144414168937
2216,2025-01-16,68.8560399636694
2217,2025-01-17,67.8283378746594
2218,2025-01-18,72.96684831970937
2219,2025-01-19,68.8560399636694
2220,2025-01-20,71.93914623069936
2221,2025-01-21,72.96684831970937
2222,2025-01-22,71.93914623069936
2223,2025-01-23,71.93914623069936
2224,2025-01-24,71.93914623069936
2225,2025-01-25,75.02225249772934
2226,2025-01-26,77.07765667574932
2227,2025-01-27,73.99455040871935
2228,2025-01-28,69.8837420526794
2229,2025-01-29,71.93914623069936
2230,2025-01-30,72.96684831970937
2231,2025-01-31,79.13306085376931
2232,2025-02-01,86.52177589852009
2233,2025-02-02,79.31162790697675
2234,2025-02-03,85.49175475687103
2235,2025-02-04,81.37167019027484
2236,2025-02-05,95.79196617336153
2237,2025-02-06,88.58181818181818
2238,2025-02-07,88.58181818181818
2239,2025-02-08,92.70190274841438
2240,2025-02-09,90.64186046511628
2241,2025-02-10,91.67188160676533
2242,2025-02-11,103.00211416490487
2243,2025-02-12,89.61183932346724
2244,2025-02-13,87.55179704016913
2245,2025-02-14,89.61183932346724
2246,2025-02-15,92.70190274841438
2247,2025-02-16,83.43171247357294
2248,2025-02-17,87.55179704016913
2249,2025-02-18,86.52177589852009
2250,2025-02-19,87.55179704016913
2251,2025-02-20,85.49175475687103
2252,2025-02-21,81.37167019027484
2253,2025-02-22,87.55179704016913
2254,2025-02-23,79.31162790697675
2255,2025-02-24,84.46173361522199
2256,2025-02-25,82.40169133192389
2257,2025-02-26,86.52177589852009
2258,2025-02-27,80.3416490486258
2259,2025-02-28,80.3416490486258
2260,2025-03-01,102.59802133983914
