,Den,Apple
0,2019-01-01,1.393258426966292
1,2019-01-02,1.393258426966292
2,2019-01-03,1.2191011235955056
3,2019-01-04,1.393258426966292
4,2019-01-05,1.2191011235955056
5,2019-01-06,1.2191011235955056
6,2019-01-07,1.044943820224719
7,2019-01-08,0.8707865168539325
8,2019-01-09,0.8707865168539325
9,2019-01-10,0.8707865168539325
10,2019-01-11,0.8707865168539325
11,2019-01-12,1.044943820224719
12,2019-01-13,1.2191011235955056
13,2019-01-14,1.044943820224719
14,2019-01-15,1.044943820224719
15,2019-01-16,1.044943820224719
16,2019-01-17,0.8707865168539325
17,2019-01-18,0.8707865168539325
18,2019-01-19,1.044943820224719
19,2019-01-20,1.044943820224719
20,2019-01-21,0.8707865168539325
21,2019-01-22,1.044943820224719
22,2019-01-23,1.044943820224719
23,2019-01-24,0.696629213483146
24,2019-01-25,0.8707865168539325
25,2019-01-26,0.8707865168539325
26,2019-01-27,0.8707865168539325
27,2019-01-28,0.696629213483146
28,2019-01-29,0.8707865168539325
29,2019-01-30,0.696629213483146
30,2019-01-31,0.8707865168539325
31,2019-02-01,1.0980392156862744
32,2019-02-02,1.372549019607843
33,2019-02-03,1.372549019607843
34,2019-02-04,1.0980392156862744
35,2019-02-05,1.372549019607843
36,2019-02-06,1.0980392156862744
37,2019-02-07,1.372549019607843
38,2019-02-08,1.0980392156862744
39,2019-02-09,1.372549019607843
40,2019-02-10,1.372549019607843
41,2019-02-11,1.0980392156862744
42,2019-02-12,1.372549019607843
43,2019-02-13,1.6470588235294117
44,2019-02-14,4.117647058823529
45,2019-02-15,4.3921568627450975
46,2019-02-16,4.666666666666666
47,2019-02-17,4.666666666666666
48,2019-02-18,4.3921568627450975
49,2019-02-19,4.3921568627450975
50,2019-02-20,4.3921568627450975
51,2019-02-21,4.666666666666666
52,2019-02-22,4.666666666666666
53,2019-02-23,4.666666666666666
54,2019-02-24,4.941176470588235
55,2019-02-25,4.3921568627450975
56,2019-02-26,4.3921568627450975
57,2019-02-27,4.3921568627450975
58,2019-02-28,4.117647058823529
59,2019-03-01,3.547925608011445
60,2019-03-02,4.213161659513591
61,2019-03-03,3.7696709585121604
62,2019-03-04,3.547925608011445
63,2019-03-05,3.547925608011445
64,2019-03-06,3.7696709585121604
65,2019-03-07,3.7696709585121604
66,2019-03-08,3.547925608011445
67,2019-03-09,4.434907010014307
68,2019-03-10,5.3218884120171674
69,2019-03-11,5.3218884120171674
70,2019-03-12,5.1001430615164525
71,2019-03-13,5.1001430615164525
72,2019-03-14,4.878397711015737
73,2019-03-15,5.1001430615164525
74,2019-03-16,5.765379113018598
75,2019-03-17,5.765379113018598
76,2019-03-18,6.208869814020028
77,2019-03-19,5.987124463519313
78,2019-03-20,5.1001430615164525
79,2019-03-21,5.1001430615164525
80,2019-03-22,5.1001430615164525
81,2019-03-23,5.543633762517882
82,2019-03-24,5.3218884120171674
83,2019-03-25,5.3218884120171674
84,2019-03-26,5.987124463519313
85,2019-03-27,6.208869814020028
86,2019-03-28,5.765379113018598
87,2019-03-29,5.3218884120171674
88,2019-03-30,5.765379113018598
89,2019-03-31,5.765379113018598
90,2019-04-01,5.710659898477158
91,2019-04-02,5.4822335025380715
92,2019-04-03,5.4822335025380715
93,2019-04-04,5.710659898477158
94,2019-04-05,5.710659898477158
95,2019-04-06,5.939086294416244
96,2019-04-07,6.167512690355331
97,2019-04-08,5.710659898477158
98,2019-04-09,5.939086294416244
99,2019-04-10,5.4822335025380715
100,2019-04-11,5.710659898477158
101,2019-04-12,5.710659898477158
102,2019-04-13,5.939086294416244
103,2019-04-14,6.167512690355331
104,2019-04-15,5.4822335025380715
105,2019-04-16,5.710659898477158
106,2019-04-17,5.939086294416244
107,2019-04-18,5.939086294416244
108,2019-04-19,5.939086294416244
109,2019-04-20,5.710659898477158
110,2019-04-21,5.710659898477158
111,2019-04-22,5.939086294416244
112,2019-04-23,5.710659898477158
113,2019-04-24,7.766497461928934
114,2019-04-25,8.908629441624367
115,2019-04-26,5.939086294416244
116,2019-04-27,6.395939086294417
117,2019-04-28,6.395939086294417
118,2019-04-29,5.710659898477158
119,2019-04-30,5.939086294416244
120,2019-05-01,6.419942473633748
121,2019-05-02,6.419942473633748
122,2019-05-03,11.888782358581015
123,2019-05-04,13.790987535953978
124,2019-05-05,13.077660594439116
125,2019-05-06,11.888782358581015
126,2019-05-07,9.035474592521572
127,2019-05-08,6.182166826462128
128,2019-05-09,5.944391179290507
129,2019-05-10,5.944391179290507
130,2019-05-11,6.419942473633748
131,2019-05-12,6.419942473633748
132,2019-05-13,5.944391179290507
133,2019-05-14,5.944391179290507
134,2019-05-15,5.944391179290507
135,2019-05-16,5.944391179290507
136,2019-05-17,5.706615532118887
137,2019-05-18,6.182166826462128
138,2019-05-19,6.419942473633748
139,2019-05-20,5.944391179290507
140,2019-05-21,5.944391179290507
141,2019-05-22,5.944391179290507
142,2019-05-23,9.511025886864813
143,2019-05-24,11.413231064237774
144,2019-05-25,12.364333652924255
145,2019-05-26,11.888782358581015
146,2019-05-27,10.224352828379674
147,2019-05-28,10.699904122722915
148,2019-05-29,6.419942473633748
149,2019-05-30,5.944391179290507
150,2019-05-31,6.182166826462128
151,2019-06-01,9.624413145539906
152,2019-06-02,11.737089201877934
153,2019-06-03,12.67605633802817
154,2019-06-04,17.136150234741784
155,2019-06-05,23.474178403755868
156,2019-06-06,17.370892018779344
157,2019-06-07,15.023474178403756
158,2019-06-08,14.553990610328638
159,2019-06-09,13.380281690140846
160,2019-06-10,12.44131455399061
161,2019-06-11,12.44131455399061
162,2019-06-12,12.910798122065728
163,2019-06-13,9.154929577464788
164,2019-06-14,5.868544600938967
165,2019-06-15,5.868544600938967
166,2019-06-16,5.868544600938967
167,2019-06-17,5.868544600938967
168,2019-06-18,5.633802816901408
169,2019-06-19,5.633802816901408
170,2019-06-20,5.633802816901408
171,2019-06-21,5.633802816901408
172,2019-06-22,5.633802816901408
173,2019-06-23,6.103286384976526
174,2019-06-24,5.39906103286385
175,2019-06-25,5.633802816901408
176,2019-06-26,5.633802816901408
177,2019-06-27,8.450704225352112
178,2019-06-28,11.267605633802816
179,2019-06-29,11.971830985915494
180,2019-06-30,11.971830985915494
181,2019-07-01,11.505832449628844
182,2019-07-02,11.275715800636268
183,2019-07-03,8.284199363732768
184,2019-07-04,5.2926829268292686
185,2019-07-05,5.2926829268292686
186,2019-07-06,5.752916224814422
187,2019-07-07,5.983032873806999
188,2019-07-08,5.752916224814422
189,2019-07-09,7.133616118769884
190,2019-07-10,5.983032873806999
191,2019-07-11,8.744432661717921
192,2019-07-12,6.443266171792153
193,2019-07-13,6.903499469777307
194,2019-07-14,6.903499469777307
195,2019-07-15,7.823966065747614
196,2019-07-16,7.133616118769884
197,2019-07-17,6.67338282078473
198,2019-07-18,6.67338282078473
199,2019-07-19,6.213149522799576
200,2019-07-20,6.443266171792153
201,2019-07-21,6.443266171792153
202,2019-07-22,6.443266171792153
203,2019-07-23,6.443266171792153
204,2019-07-24,6.213149522799576
205,2019-07-25,6.213149522799576
206,2019-07-26,6.67338282078473
207,2019-07-27,7.133616118769884
208,2019-07-28,7.133616118769884
209,2019-07-29,6.903499469777307
210,2019-07-30,7.133616118769884
211,2019-07-31,8.054082714740192
212,2019-08-01,12.7875
213,2019-08-02,13.2525
214,2019-08-03,13.485
215,2019-08-04,13.95
216,2019-08-05,12.7875
217,2019-08-06,13.02
218,2019-08-07,8.37
219,2019-08-08,6.7425
220,2019-08-09,5.347499999999999
221,2019-08-10,6.2775
222,2019-08-11,6.51
223,2019-08-12,6.51
224,2019-08-13,6.2775
225,2019-08-14,6.2775
226,2019-08-15,7.672499999999999
227,2019-08-16,10.462499999999999
228,2019-08-17,11.16
229,2019-08-18,10.462499999999999
230,2019-08-19,10.694999999999999
231,2019-08-20,10.927499999999998
232,2019-08-21,10.462499999999999
233,2019-08-22,10.462499999999999
234,2019-08-23,10.927499999999998
235,2019-08-24,8.1375
236,2019-08-25,6.7425
237,2019-08-26,6.2775
238,2019-08-27,6.2775
239,2019-08-28,6.51
240,2019-08-29,6.51
241,2019-08-30,6.7425
242,2019-08-31,6.975
243,2019-09-01,7.631859756097562
244,2019-09-01,9.427591463414634
245,2019-09-02,8.978658536585366
246,2019-09-03,8.978658536585366
247,2019-09-04,8.08079268292683
248,2019-09-05,8.08079268292683
249,2019-09-06,8.08079268292683
250,2019-09-07,17.95731707317073
251,2019-09-08,10.77439024390244
252,2019-09-09,14.814786585365853
253,2019-09-10,40.85289634146341
254,2019-09-11,31.425304878048784
255,2019-09-12,29.18064024390244
256,2019-09-13,27.384908536585368
257,2019-09-14,22.446646341463417
258,2019-09-15,20.650914634146343
259,2019-09-16,18.406250000000004
260,2019-09-17,20.201981707317074
261,2019-09-18,19.753048780487806
262,2019-09-19,12.570121951219512
263,2019-09-20,13.916920731707318
264,2019-09-21,20.201981707317074
265,2019-09-22,25.589176829268293
266,2019-09-23,26.038109756097562
267,2019-09-24,26.038109756097562
268,2019-09-25,26.038109756097562
269,2019-09-26,24.691310975609756
270,2019-09-27,20.650914634146343
271,2019-09-28,20.650914634146343
272,2019-09-29,20.650914634146343
273,2019-09-30,18.85518292682927
274,2019-10-01,11.224137931034484
275,2019-10-02,8.017241379310345
276,2019-10-03,8.418103448275863
277,2019-10-04,8.418103448275863
278,2019-10-05,8.418103448275863
279,2019-10-06,8.818965517241379
280,2019-10-07,7.616379310344828
281,2019-10-08,7.616379310344828
282,2019-10-09,7.616379310344828
283,2019-10-10,7.616379310344828
284,2019-10-11,8.418103448275863
285,2019-10-12,8.418103448275863
286,2019-10-13,8.418103448275863
287,2019-10-14,8.017241379310345
288,2019-10-15,7.2155172413793105
289,2019-10-16,8.017241379310345
290,2019-10-17,8.818965517241379
291,2019-10-18,8.418103448275863
292,2019-10-19,9.219827586206897
293,2019-10-20,9.620689655172415
294,2019-10-21,8.418103448275863
295,2019-10-22,8.418103448275863
296,2019-10-23,8.017241379310345
297,2019-10-24,8.017241379310345
298,2019-10-25,8.818965517241379
299,2019-10-26,9.219827586206897
300,2019-10-27,8.818965517241379
301,2019-10-28,10.823275862068966
302,2019-10-29,11.625
303,2019-10-30,13.629310344827589
304,2019-10-31,14.831896551724139
305,2019-11-01,13.536918869644483
306,2019-11-02,11.075660893345487
307,2019-11-03,11.075660893345487
308,2019-11-04,10.255241567912488
309,2019-11-05,9.84503190519599
310,2019-11-06,9.84503190519599
311,2019-11-07,9.43482224247949
312,2019-11-08,9.84503190519599
313,2019-11-09,10.665451230628989
314,2019-11-10,10.665451230628989
315,2019-11-11,14.767547857793982
316,2019-11-12,15.998176845943481
317,2019-11-13,16.40838650865998
318,2019-11-14,15.587967183226983
319,2019-11-15,15.998176845943481
320,2019-11-16,17.639015496809478
321,2019-11-17,18.45943482224248
322,2019-11-18,17.22880583409298
323,2019-11-19,15.998176845943481
324,2019-11-20,13.126709206927984
325,2019-11-21,15.17775752051048
326,2019-11-22,14.357338195077483
327,2019-11-23,17.22880583409298
328,2019-11-24,18.45943482224248
329,2019-11-25,16.40838650865998
330,2019-11-26,14.767547857793982
331,2019-11-27,14.767547857793982
332,2019-11-28,20.510483135824977
333,2019-11-29,32.81677301731996
334,2019-11-30,18.049225159525978
335,2019-12-01,17.283185840707965
336,2019-12-02,20.575221238938052
337,2019-12-03,15.63716814159292
338,2019-12-04,12.34513274336283
339,2019-12-05,12.34513274336283
340,2019-12-06,14.402654867256636
341,2019-12-07,14.402654867256636
342,2019-12-08,13.579646017699114
343,2019-12-09,12.756637168141593
344,2019-12-10,12.34513274336283
345,2019-12-11,13.579646017699114
346,2019-12-12,16.46017699115044
347,2019-12-13,16.048672566371682
348,2019-12-14,15.225663716814157
349,2019-12-15,14.814159292035397
350,2019-12-16,13.991150442477876
351,2019-12-17,13.991150442477876
352,2019-12-18,13.991150442477876
353,2019-12-19,13.168141592920353
354,2019-12-20,14.402654867256636
355,2019-12-21,18.51769911504425
356,2019-12-22,18.106194690265486
357,2019-12-23,16.871681415929203
358,2019-12-24,14.402654867256636
359,2019-12-25,19.34070796460177
360,2019-12-26,18.51769911504425
361,2019-12-27,16.048672566371682
362,2019-12-28,14.402654867256636
363,2019-12-29,13.168141592920353
364,2019-12-30,13.168141592920353
365,2019-12-31,11.110619469026547
366,2020-01-01,11.875621890547263
367,2020-01-02,12.299751243781094
368,2020-01-03,13.572139303482585
369,2020-01-04,13.572139303482585
370,2020-01-05,11.875621890547263
371,2020-01-06,11.451492537313431
372,2020-01-07,11.0273631840796
373,2020-01-08,10.60323383084577
374,2020-01-09,11.0273631840796
375,2020-01-10,10.60323383084577
376,2020-01-11,11.0273631840796
377,2020-01-12,11.451492537313431
378,2020-01-13,13.148009950248756
379,2020-01-14,10.17910447761194
380,2020-01-15,9.754975124378108
381,2020-01-16,9.754975124378108
382,2020-01-17,9.754975124378108
383,2020-01-18,11.0273631840796
384,2020-01-19,11.0273631840796
385,2020-01-20,12.723880597014922
386,2020-01-21,12.299751243781094
387,2020-01-22,9.754975124378108
388,2020-01-23,9.754975124378108
389,2020-01-24,9.754975124378108
390,2020-01-25,10.17910447761194
391,2020-01-26,9.754975124378108
392,2020-01-27,9.330845771144277
393,2020-01-28,9.330845771144277
394,2020-01-29,9.754975124378108
395,2020-01-30,11.451492537313431
396,2020-01-31,11.875621890547263
397,2020-02-01,11.762237762237762
398,2020-02-02,12.167832167832167
399,2020-02-03,10.13986013986014
400,2020-02-04,8.923076923076923
401,2020-02-05,8.923076923076923
402,2020-02-06,8.923076923076923
403,2020-02-07,8.517482517482518
404,2020-02-08,9.734265734265735
405,2020-02-09,10.13986013986014
406,2020-02-10,8.923076923076923
407,2020-02-11,10.545454545454547
408,2020-02-12,11.762237762237762
409,2020-02-13,10.545454545454547
410,2020-02-14,8.923076923076923
411,2020-02-15,10.13986013986014
412,2020-02-16,10.545454545454547
413,2020-02-17,9.32867132867133
414,2020-02-18,8.923076923076923
415,2020-02-19,9.32867132867133
416,2020-02-20,9.734265734265735
417,2020-02-21,9.32867132867133
418,2020-02-22,10.951048951048952
419,2020-02-23,13.384615384615385
420,2020-02-24,8.923076923076923
421,2020-02-25,8.923076923076923
422,2020-02-26,8.923076923076923
423,2020-02-27,8.923076923076923
424,2020-02-28,9.734265734265735
425,2020-02-29,12.97902097902098
426,2020-03-01,13.882045929018787
427,2020-03-02,11.778705636743213
428,2020-03-03,15.144050104384132
429,2020-03-04,15.144050104384132
430,2020-03-05,10.937369519832984
431,2020-03-06,10.937369519832984
432,2020-03-07,12.199373695198327
433,2020-03-08,11.778705636743213
434,2020-03-09,10.516701461377869
435,2020-03-10,15.144050104384132
436,2020-03-11,11.358037578288098
437,2020-03-12,9.254697286012524
438,2020-03-13,9.67536534446764
439,2020-03-14,11.358037578288098
440,2020-03-15,18.930062630480165
441,2020-03-16,11.358037578288098
442,2020-03-17,17.247390396659707
443,2020-03-18,12.620041753653442
444,2020-03-19,10.937369519832984
445,2020-03-20,10.516701461377869
446,2020-03-21,11.778705636743213
447,2020-03-22,10.937369519832984
448,2020-03-23,10.096033402922755
449,2020-03-24,10.516701461377869
450,2020-03-25,14.302713987473902
451,2020-03-26,15.144050104384132
452,2020-03-27,15.144050104384132
453,2020-03-28,16.82672233820459
454,2020-03-29,16.82672233820459
455,2020-03-30,15.144050104384132
456,2020-03-31,15.564718162839245
457,2020-04-01,16.425013203157338
458,2020-04-02,17.65688919339414
459,2020-04-03,16.835638533236274
460,2020-04-04,18.88876518363094
461,2020-04-05,18.067514523473072
462,2020-04-06,16.425013203157338
463,2020-04-07,18.067514523473072
464,2020-04-08,21.35251716410454
465,2020-04-09,24.226894474657076
466,2020-04-10,23.405643814499207
467,2020-04-11,26.280021125051743
468,2020-04-12,27.922522445367477
469,2020-04-13,27.511897115288544
470,2020-04-14,28.743773105525342
471,2020-04-15,41.06253300789335
472,2020-04-16,40.241282347735485
473,2020-04-17,37.77753036726188
474,2020-04-18,36.54565437702508
475,2020-04-19,33.26065173639361
476,2020-04-20,29.565023765683208
477,2020-04-21,29.154398435604275
478,2020-04-22,29.975649095762144
479,2020-04-23,34.492527726630414
480,2020-04-24,35.31377838678828
481,2020-04-25,37.366905037182946
482,2020-04-26,39.42003168757761
483,2020-04-27,35.31377838678828
484,2020-04-28,33.26065173639361
485,2020-04-29,35.724403716867215
486,2020-04-30,34.90315305670934
487,2020-04-30,33.81242952368718
488,2020-05-01,38.83157894736842
489,2020-05-02,38.83157894736842
490,2020-05-03,38.83157894736842
491,2020-05-04,41.11578947368421
492,2020-05-05,44.5421052631579
493,2020-05-06,35.40526315789474
494,2020-05-07,35.40526315789474
495,2020-05-08,33.12105263157895
496,2020-05-09,37.689473684210526
497,2020-05-10,37.689473684210526
498,2020-05-11,33.12105263157895
499,2020-05-12,33.12105263157895
500,2020-05-13,33.12105263157895
501,2020-05-14,36.54736842105263
502,2020-05-15,36.54736842105263
503,2020-05-16,36.54736842105263
504,2020-05-17,36.54736842105263
505,2020-05-18,34.26315789473684
506,2020-05-19,34.26315789473684
507,2020-05-20,31.978947368421053
508,2020-05-21,31.978947368421053
509,2020-05-22,34.26315789473684
510,2020-05-23,34.26315789473684
511,2020-05-24,35.40526315789474
512,2020-05-25,30.83684210526316
513,2020-05-26,31.978947368421053
514,2020-05-27,30.83684210526316
515,2020-05-28,31.978947368421053
516,2020-05-29,30.83684210526316
517,2020-05-30,31.978947368421053
518,2020-05-31,33.12105263157895
519,2020-06-01,30.3638368246968
520,2020-06-02,33.73759647188533
521,2020-06-03,30.3638368246968
522,2020-06-04,31.488423373759645
523,2020-06-05,31.488423373759645
524,2020-06-06,35.98676957001102
525,2020-06-07,37.11135611907387
526,2020-06-08,30.3638368246968
527,2020-06-09,33.73759647188533
528,2020-06-10,35.98676957001102
529,2020-06-11,33.73759647188533
530,2020-06-12,33.73759647188533
531,2020-06-13,34.86218302094818
532,2020-06-14,34.86218302094818
533,2020-06-15,31.488423373759645
534,2020-06-16,34.86218302094818
535,2020-06-17,32.61300992282249
536,2020-06-18,35.98676957001102
537,2020-06-19,32.61300992282249
538,2020-06-20,32.61300992282249
539,2020-06-21,35.98676957001102
540,2020-06-22,39.360529217199556
541,2020-06-23,37.11135611907387
542,2020-06-24,35.98676957001102
543,2020-06-25,31.488423373759645
544,2020-06-26,34.86218302094818
545,2020-06-27,33.73759647188533
546,2020-06-28,35.98676957001102
547,2020-06-29,31.488423373759645
548,2020-06-30,35.98676957001102
549,2020-07-01,31.944162436548222
550,2020-07-02,28.52157360406091
551,2020-07-03,25.098984771573605
552,2020-07-04,29.662436548223347
553,2020-07-05,30.803299492385783
554,2020-07-06,26.239847715736037
555,2020-07-07,23.958121827411166
556,2020-07-08,26.239847715736037
557,2020-07-09,28.52157360406091
558,2020-07-10,29.662436548223347
559,2020-07-11,33.085025380710654
560,2020-07-12,34.2258883248731
561,2020-07-13,28.52157360406091
562,2020-07-14,28.52157360406091
563,2020-07-15,26.239847715736037
564,2020-07-16,28.52157360406091
565,2020-07-17,28.52157360406091
566,2020-07-18,31.944162436548222
567,2020-07-19,30.803299492385783
568,2020-07-20,27.380710659898472
569,2020-07-21,27.380710659898472
570,2020-07-22,27.380710659898472
571,2020-07-23,27.380710659898472
572,2020-07-24,27.380710659898472
573,2020-07-25,34.2258883248731
574,2020-07-26,34.2258883248731
575,2020-07-27,29.662436548223347
576,2020-07-28,25.098984771573605
577,2020-07-29,26.239847715736037
578,2020-07-30,27.380710659898472
579,2020-07-31,34.2258883248731
580,2020-08-01,34.95678391959799
581,2020-08-02,34.95678391959799
582,2020-08-03,31.77889447236181
583,2020-08-04,31.77889447236181
584,2020-08-05,32.83819095477387
585,2020-08-06,31.77889447236181
586,2020-08-07,31.77889447236181
587,2020-08-08,32.83819095477387
588,2020-08-09,37.07537688442211
589,2020-08-10,30.719597989949747
590,2020-08-11,31.77889447236181
591,2020-08-12,33.89748743718593
592,2020-08-13,40.253266331658295
593,2020-08-14,38.13467336683417
594,2020-08-15,42.37185929648241
595,2020-08-16,42.37185929648241
596,2020-08-17,40.253266331658295
597,2020-08-18,36.016080402010054
598,2020-08-19,30.719597989949747
599,2020-08-20,32.83819095477387
600,2020-08-21,31.77889447236181
601,2020-08-22,34.95678391959799
602,2020-08-23,34.95678391959799
603,2020-08-24,31.77889447236181
604,2020-08-25,30.719597989949747
605,2020-08-26,31.77889447236181
606,2020-08-27,31.77889447236181
607,2020-08-28,30.719597989949747
608,2020-08-29,32.83819095477387
609,2020-08-30,32.83819095477387
610,2020-08-31,30.719597989949747
611,2020-09-01,32.633158289572386
612,2020-09-02,32.633158289572386
613,2020-09-03,32.633158289572386
614,2020-09-04,32.633158289572386
615,2020-09-05,34.883720930232556
616,2020-09-06,36.00900225056264
617,2020-09-07,33.75843960990247
618,2020-09-08,34.883720930232556
619,2020-09-09,33.75843960990247
620,2020-09-10,30.382595648912222
621,2020-09-11,31.507876969242304
622,2020-09-12,43.88597149287321
623,2020-09-13,46.13653413353338
624,2020-09-14,43.88597149287321
625,2020-09-15,108.0270067516879
626,2020-09-16,93.39834958739684
627,2020-09-17,67.51687921980493
628,2020-09-18,63.01575393848461
629,2020-09-19,65.26631657914477
630,2020-09-20,61.890472618154526
631,2020-09-21,54.01350337584395
632,2020-09-22,52.888222055513864
633,2020-09-23,58.51462865716428
634,2020-09-24,55.138784696174035
635,2020-09-25,56.26406601650412
636,2020-09-26,59.63990997749436
637,2020-09-27,52.888222055513864
638,2020-09-28,51.76294073518378
639,2020-09-29,50.6376594148537
640,2020-09-30,49.512378094523626
641,2020-10-01,46.97481279782165
642,2020-10-02,50.33015656909462
643,2020-10-03,50.33015656909462
644,2020-10-04,49.21170864533697
645,2020-10-05,46.97481279782165
646,2020-10-06,51.44860449285228
647,2020-10-07,49.21170864533697
648,2020-10-08,46.97481279782165
649,2020-10-09,46.97481279782165
650,2020-10-10,52.56705241660994
651,2020-10-11,50.33015656909462
652,2020-10-12,54.80394826412525
653,2020-10-13,111.84479237576583
654,2020-10-14,90.59428182437033
655,2020-10-15,58.15929203539823
656,2020-10-16,59.27773995915589
657,2020-10-17,53.6855003403676
658,2020-10-18,49.21170864533697
659,2020-10-19,42.50102110279102
660,2020-10-20,42.50102110279102
661,2020-10-21,46.97481279782165
662,2020-10-22,49.21170864533697
663,2020-10-23,52.56705241660994
664,2020-10-24,52.56705241660994
665,2020-10-25,52.56705241660994
666,2020-10-26,48.09326072157931
667,2020-10-27,46.97481279782165
668,2020-10-28,42.50102110279102
669,2020-10-29,49.21170864533697
670,2020-10-30,49.21170864533697
671,2020-10-31,49.21170864533697
672,2020-11-01,47.628865979381445
673,2020-11-02,46.54639175257732
674,2020-11-03,45.4639175257732
675,2020-11-04,36.80412371134021
676,2020-11-05,40.05154639175258
677,2020-11-06,51.95876288659794
678,2020-11-07,48.71134020618557
679,2020-11-08,49.79381443298969
680,2020-11-09,49.79381443298969
681,2020-11-10,60.61855670103093
682,2020-11-11,57.371134020618555
683,2020-11-12,54.123711340206185
684,2020-11-13,55.20618556701031
685,2020-11-14,55.20618556701031
686,2020-11-15,57.371134020618555
687,2020-11-16,53.04123711340206
688,2020-11-17,51.95876288659794
689,2020-11-18,50.876288659793815
690,2020-11-19,54.123711340206185
691,2020-11-20,56.28865979381443
692,2020-11-21,59.5360824742268
693,2020-11-22,61.701030927835056
694,2020-11-23,57.371134020618555
695,2020-11-24,59.5360824742268
696,2020-11-25,55.20618556701031
697,2020-11-26,68.1958762886598
698,2020-11-27,90.9278350515464
699,2020-11-28,75.77319587628867
700,2020-11-29,62.78350515463918
701,2020-11-30,66.03092783505154
702,2020-12-01,60.638834045302794
703,2020-12-02,52.62993143554582
704,2020-12-03,56.0623182682988
705,2020-12-04,56.0623182682988
706,2020-12-05,59.49470510105179
707,2020-12-06,62.92709193380478
708,2020-12-07,52.62993143554582
709,2020-12-08,60.638834045302794
710,2020-12-09,61.78296298955379
711,2020-12-10,54.91818932404781
712,2020-12-11,53.774060379796815
713,2020-12-12,61.78296298955379
714,2020-12-13,57.206447212549804
715,2020-12-14,53.774060379796815
716,2020-12-15,56.0623182682988
717,2020-12-16,54.91818932404781
718,2020-12-17,54.91818932404781
719,2020-12-18,54.91818932404781
720,2020-12-19,61.78296298955379
721,2020-12-20,59.49470510105179
722,2020-12-21,52.62993143554582
723,2020-12-22,52.62993143554582
724,2020-12-23,52.62993143554582
725,2020-12-24,58.3505761568008
726,2020-12-25,98.39508920558566
727,2020-12-26,92.67444448433069
728,2020-12-27,74.36838137631474
729,2020-12-28,66.35947876655777
730,2020-12-29,61.78296298955379
731,2020-12-29,58.805470797286134
732,2020-12-30,54.339232508884656
733,2020-12-31,50.61736726855009
734,2021-01-01,58.95895895895895
735,2021-01-02,58.18318318318318
736,2021-01-03,56.63163163163163
737,2021-01-04,51.97697697697697
738,2021-01-05,50.42542542542542
739,2021-01-06,51.2012012012012
740,2021-01-07,50.42542542542542
741,2021-01-08,54.3043043043043
742,2021-01-09,57.4074074074074
743,2021-01-10,56.63163163163163
744,2021-01-11,50.42542542542542
745,2021-01-12,47.32232232232232
746,2021-01-13,47.32232232232232
747,2021-01-14,49.649649649649646
748,2021-01-15,47.32232232232232
749,2021-01-16,49.649649649649646
750,2021-01-17,53.52852852852852
751,2021-01-18,45.77077077077077
752,2021-01-19,44.21921921921921
753,2021-01-20,44.99499499499499
754,2021-01-21,44.99499499499499
755,2021-01-22,44.99499499499499
756,2021-01-23,50.42542542542542
757,2021-01-24,48.87387387387387
758,2021-01-25,44.99499499499499
759,2021-01-26,45.77077077077077
760,2021-01-27,48.87387387387387
761,2021-01-28,47.32232232232232
762,2021-01-29,44.99499499499499
763,2021-01-30,51.2012012012012
764,2021-01-31,51.2012012012012
765,2021-02-01,47.57482813326283
766,2021-02-02,46.81967213114754
767,2021-02-03,44.55420412480169
768,2021-02-04,45.30936012691698
769,2021-02-05,47.57482813326283
770,2021-02-06,47.57482813326283
771,2021-02-07,46.81967213114754
772,2021-02-08,40.023268112109996
773,2021-02-09,43.79904812268641
774,2021-02-10,43.79904812268641
775,2021-02-11,41.53358011634056
776,2021-02-12,55.88154415653093
777,2021-02-13,61.9227921734532
778,2021-02-14,65.69857218402962
779,2021-02-15,58.90216816499207
780,2021-02-16,57.3918561607615
781,2021-02-17,56.63670015864622
782,2021-02-18,54.37123215230037
783,2021-02-19,54.37123215230037
784,2021-02-20,56.63670015864622
785,2021-02-21,58.90216816499207
786,2021-02-22,52.10576414595452
787,2021-02-23,46.81967213114754
788,2021-02-24,47.57482813326283
789,2021-02-25,47.57482813326283
790,2021-02-26,50.59545214172395
791,2021-02-27,55.12638815441565
792,2021-02-28,52.10576414595452
793,2021-03-01,51.75067750677508
794,2021-03-02,54.887082204155384
795,2021-03-03,51.75067750677508
796,2021-03-04,49.398373983739845
797,2021-03-05,50.96657633243
798,2021-03-06,53.31887985546523
799,2021-03-07,57.239385727190616
800,2021-03-08,51.75067750677508
801,2021-03-09,61.159891598916
802,2021-03-10,58.80758807588077
803,2021-03-11,57.239385727190616
804,2021-03-12,60.37579042457093
805,2021-03-13,62.728093947606155
806,2021-03-14,62.728093947606155
807,2021-03-15,54.1029810298103
808,2021-03-16,58.023486901535684
809,2021-03-17,58.80758807588077
810,2021-03-18,54.1029810298103
811,2021-03-19,58.80758807588077
812,2021-03-20,62.728093947606155
813,2021-03-21,65.86449864498645
814,2021-03-22,58.80758807588077
815,2021-03-23,53.31887985546523
816,2021-03-24,51.75067750677508
817,2021-03-25,51.75067750677508
818,2021-03-26,57.239385727190616
819,2021-03-27,60.37579042457093
820,2021-03-28,55.67118337850046
821,2021-03-29,51.75067750677508
822,2021-03-30,48.61427280939477
823,2021-03-31,50.18247515808493
824,2021-04-01,54.45573294629899
825,2021-04-02,52.01741654571844
826,2021-04-03,52.83018867924529
827,2021-04-04,52.01741654571844
828,2021-04-05,52.83018867924529
829,2021-04-06,50.391872278664735
830,2021-04-07,48.76632801161104
831,2021-04-08,51.204644412191584
832,2021-04-09,56.89404934687954
833,2021-04-10,52.83018867924529
834,2021-04-11,57.70682148040639
835,2021-04-12,51.204644412191584
836,2021-04-13,50.391872278664735
837,2021-04-14,51.204644412191584
838,2021-04-15,51.204644412191584
839,2021-04-16,48.76632801161104
840,2021-04-17,52.83018867924529
841,2021-04-18,48.76632801161104
842,2021-04-19,52.83018867924529
843,2021-04-20,81.27721335268507
844,2021-04-21,77.21335268505081
845,2021-04-22,60.95791001451379
846,2021-04-23,61.77068214804064
847,2021-04-24,56.081277213352685
848,2021-04-25,58.519593613933246
849,2021-04-26,56.89404934687954
850,2021-04-27,59.332365747460095
851,2021-04-28,59.332365747460095
852,2021-04-29,56.89404934687954
853,2021-04-30,62.5834542815675
854,2021-05-01,68.42457588262265
855,2021-05-02,69.24896836313617
856,2021-05-03,64.30261348005502
857,2021-05-04,58.531866116460336
858,2021-05-05,57.70747363594681
859,2021-05-06,60.18065107748739
860,2021-05-07,56.88308115543328
861,2021-05-08,56.88308115543328
862,2021-05-09,61.00504355800091
863,2021-05-10,58.531866116460336
864,2021-05-11,56.88308115543328
865,2021-05-12,52.761118752865656
866,2021-05-13,55.234296194406234
867,2021-05-14,53.58551123337919
868,2021-05-15,57.70747363594681
869,2021-05-16,56.88308115543328
870,2021-05-17,54.40990371389271
871,2021-05-18,54.40990371389271
872,2021-05-19,53.58551123337919
873,2021-05-20,55.234296194406234
874,2021-05-21,57.70747363594681
875,2021-05-22,60.18065107748739
876,2021-05-23,58.531866116460336
877,2021-05-24,57.70747363594681
878,2021-05-25,61.00504355800091
879,2021-05-26,57.70747363594681
880,2021-05-27,56.05868867491976
881,2021-05-28,55.234296194406234
882,2021-05-29,57.70747363594681
883,2021-05-30,58.531866116460336
884,2021-05-31,55.234296194406234
885,2021-06-01,55.33125833703869
886,2021-06-02,55.33125833703869
887,2021-06-03,52.89017341040463
888,2021-06-04,62.65451311694087
889,2021-06-05,64.28190306803023
890,2021-06-06,67.53668297020899
891,2021-06-07,69.97776789684305
892,2021-06-08,70.79146287238774
893,2021-06-09,61.84081814139618
894,2021-06-10,57.772343263672745
895,2021-06-11,58.58603823921744
896,2021-06-12,65.09559804357492
897,2021-06-13,68.35037794575366
898,2021-06-14,62.65451311694087
899,2021-06-15,65.90929301911962
900,2021-06-16,61.84081814139618
901,2021-06-17,59.39973321476212
902,2021-06-18,58.58603823921744
903,2021-06-19,61.0271231658515
904,2021-06-20,60.2134281903068
905,2021-06-21,63.468208092485554
906,2021-06-22,62.65451311694087
907,2021-06-23,59.39973321476212
908,2021-06-24,57.772343263672745
909,2021-06-25,56.95864828812806
910,2021-06-26,61.0271231658515
911,2021-06-27,62.65451311694087
912,2021-06-28,56.14495331258337
913,2021-06-29,55.33125833703869
914,2021-06-30,54.517563361494
915,2021-07-01,51.38956606533398
916,2021-07-02,51.38956606533398
917,2021-07-03,51.38956606533398
918,2021-07-04,54.41248171623598
919,2021-07-05,49.878108239882984
920,2021-07-06,49.878108239882984
921,2021-07-07,49.12237932715748
922,2021-07-08,52.145294978059475
923,2021-07-09,52.145294978059475
924,2021-07-10,55.168210628961475
925,2021-07-11,52.90102389078498
926,2021-07-12,51.38956606533398
927,2021-07-13,44.58800585080448
928,2021-07-14,43.832276938078984
929,2021-07-15,46.09946367625548
930,2021-07-16,45.34373476352998
931,2021-07-17,47.61092150170648
932,2021-07-18,45.34373476352998
933,2021-07-19,45.34373476352998
934,2021-07-20,46.09946367625548
935,2021-07-21,46.09946367625548
936,2021-07-22,47.61092150170648
937,2021-07-23,47.61092150170648
938,2021-07-24,49.878108239882984
939,2021-07-25,49.878108239882984
940,2021-07-26,46.09946367625548
941,2021-07-27,50.63383715260848
942,2021-07-28,55.92393954168697
943,2021-07-29,57.43539736713797
944,2021-07-30,55.168210628961475
945,2021-07-31,58.19112627986348
946,2021-08-01,60.778712769682116
947,2021-08-02,62.378152579410596
948,2021-08-03,65.57703219886756
949,2021-08-04,64.77731229400331
950,2021-08-05,70.37535162805298
951,2021-08-06,68.7759118183245
952,2021-08-07,66.37675210373179
953,2021-08-08,66.37675210373179
954,2021-08-09,70.37535162805298
955,2021-08-10,68.7759118183245
956,2021-08-11,64.77731229400331
957,2021-08-12,67.97619191346027
958,2021-08-13,67.97619191346027
959,2021-08-14,68.7759118183245
960,2021-08-15,68.7759118183245
961,2021-08-16,68.7759118183245
962,2021-08-17,71.17507153291722
963,2021-08-18,71.97479143778146
964,2021-08-19,69.57563172318875
965,2021-08-20,68.7759118183245
966,2021-08-21,70.37535162805298
967,2021-08-22,69.57563172318875
968,2021-08-23,70.37535162805298
969,2021-08-24,79.1722705815596
970,2021-08-25,69.57563172318875
971,2021-08-26,67.97619191346027
972,2021-08-27,69.57563172318875
973,2021-08-28,71.17507153291722
974,2021-08-28,73.54757391734779
975,2021-08-29,73.54757391734779
976,2021-08-30,73.54757391734779
977,2021-08-31,66.43006676405606
978,2021-09-01,67.30434782608695
979,2021-09-02,60.573913043478264
980,2021-09-03,67.30434782608695
981,2021-09-04,67.30434782608695
982,2021-09-05,69.54782608695653
983,2021-09-06,65.0608695652174
984,2021-09-07,69.54782608695653
985,2021-09-08,71.79130434782608
986,2021-09-09,69.54782608695653
987,2021-09-10,71.79130434782608
988,2021-09-11,71.79130434782608
989,2021-09-12,71.79130434782608
990,2021-09-13,80.76521739130436
991,2021-09-14,186.20869565217393
992,2021-09-15,145.82608695652175
993,2021-09-16,91.98260869565217
994,2021-09-17,107.68695652173912
995,2021-09-18,98.71304347826087
996,2021-09-19,87.49565217391304
997,2021-09-20,85.25217391304349
998,2021-09-21,87.49565217391304
999,2021-09-22,83.00869565217391
1000,2021-09-23,85.25217391304349
1001,2021-09-24,94.22608695652174
1002,2021-09-25,96.4695652173913
1003,2021-09-26,91.98260869565217
1004,2021-09-27,87.49565217391304
1005,2021-09-28,85.25217391304349
1006,2021-09-29,78.52173913043478
1007,2021-09-30,83.00869565217391
1008,2021-10-01,81.68253968253968
1009,2021-10-02,83.95149911816578
1010,2021-10-03,86.2204585537919
1011,2021-10-04,83.95149911816578
1012,2021-10-05,74.87566137566138
1013,2021-10-06,79.41358024691358
1014,2021-10-07,81.68253968253968
1015,2021-10-08,90.7583774250441
1016,2021-10-09,88.48941798941799
1017,2021-10-10,86.2204585537919
1018,2021-10-11,79.41358024691358
1019,2021-10-12,81.68253968253968
1020,2021-10-13,81.68253968253968
1021,2021-10-14,77.14462081128748
1022,2021-10-15,86.2204585537919
1023,2021-10-16,86.2204585537919
1024,2021-10-17,88.48941798941799
1025,2021-10-18,111.17901234567903
1026,2021-10-19,104.37213403880071
1027,2021-10-20,83.95149911816578
1028,2021-10-21,81.68253968253968
1029,2021-10-22,81.68253968253968
1030,2021-10-23,79.41358024691358
1031,2021-10-24,79.41358024691358
1032,2021-10-25,74.87566137566138
1033,2021-10-26,79.41358024691358
1034,2021-10-27,74.87566137566138
1035,2021-10-28,72.60670194003528
1036,2021-10-29,77.14462081128748
1037,2021-10-30,77.14462081128748
1038,2021-10-31,77.14462081128748
1039,2021-11-01,78.3922261484099
1040,2021-11-02,73.7809187279152
1041,2021-11-03,78.3922261484099
1042,2021-11-04,80.69787985865725
1043,2021-11-05,83.00353356890461
1044,2021-11-06,85.30918727915196
1045,2021-11-07,85.30918727915196
1046,2021-11-08,83.00353356890461
1047,2021-11-09,78.3922261484099
1048,2021-11-10,80.69787985865725
1049,2021-11-11,78.3922261484099
1050,2021-11-12,80.69787985865725
1051,2021-11-13,85.30918727915196
1052,2021-11-14,85.30918727915196
1053,2021-11-15,83.00353356890461
1054,2021-11-16,78.3922261484099
1055,2021-11-17,76.08657243816255
1056,2021-11-18,78.3922261484099
1057,2021-11-19,85.30918727915196
1058,2021-11-20,85.30918727915196
1059,2021-11-21,92.22614840989401
1060,2021-11-22,92.22614840989401
1061,2021-11-23,89.92049469964665
1062,2021-11-24,92.22614840989401
1063,2021-11-25,103.75441696113076
1064,2021-11-26,129.1166077738516
1065,2021-11-27,101.4487632508834
1066,2021-11-28,96.8374558303887
1067,2021-11-29,99.14310954063606
1068,2021-11-30,89.92049469964665
1069,2021-12-01,82.26044226044226
1070,2021-12-02,84.54545454545455
1071,2021-12-03,82.26044226044226
1072,2021-12-04,89.11547911547912
1073,2021-12-05,89.11547911547912
1074,2021-12-06,82.26044226044226
1075,2021-12-07,82.26044226044226
1076,2021-12-08,82.26044226044226
1077,2021-12-09,79.97542997542998
1078,2021-12-10,77.69041769041769
1079,2021-12-11,84.54545454545455
1080,2021-12-12,86.83046683046683
1081,2021-12-13,82.26044226044226
1082,2021-12-14,82.26044226044226
1083,2021-12-15,79.97542997542998
1084,2021-12-16,82.26044226044226
1085,2021-12-17,84.54545454545455
1086,2021-12-18,95.97051597051596
1087,2021-12-19,93.68550368550369
1088,2021-12-20,82.26044226044226
1089,2021-12-21,84.54545454545455
1090,2021-12-22,79.97542997542998
1091,2021-12-23,86.83046683046683
1092,2021-12-24,93.68550368550369
1093,2021-12-25,150.8108108108108
1094,2021-12-26,125.67567567567568
1095,2021-12-27,109.68058968058966
1096,2021-12-28,102.82555282555283
1097,2021-12-29,91.4004914004914
1098,2021-12-30,93.68550368550369
1099,2021-12-31,84.54545454545455
1100,2022-01-01,87.07977437550362
1101,2022-01-02,87.07977437550362
1102,2022-01-03,91.22643029814665
1103,2022-01-04,207.3327961321515
1104,2022-01-05,68.41982272360998
1105,2022-01-06,66.34649476228847
1106,2022-01-07,76.71313456889605
1107,2022-01-08,78.78646253021758
1108,2022-01-09,78.78646253021758
1109,2022-01-10,76.71313456889605
1110,2022-01-11,76.71313456889605
1111,2022-01-12,74.63980660757454
1112,2022-01-13,149.27961321514908
1113,2022-01-14,55.979854955680906
1114,2022-01-15,78.78646253021758
1115,2022-01-16,138.91297340854152
1116,2022-01-17,60.126510878323934
1117,2022-01-18,60.126510878323934
1118,2022-01-19,62.199838839645444
1119,2022-01-20,66.34649476228847
1120,2022-01-21,66.34649476228847
1121,2022-01-22,72.56647864625302
1122,2022-01-23,72.56647864625302
1123,2022-01-24,145.13295729250603
1124,2022-01-25,58.05318291700242
1125,2022-01-26,64.27316680096696
1126,2022-01-27,64.27316680096696
1127,2022-01-28,72.56647864625302
1128,2022-01-29,76.71313456889605
1129,2022-01-30,70.4931506849315
1130,2022-01-31,68.41982272360998
1131,2022-02-01,73.80046403712298
1132,2022-02-02,73.80046403712298
1133,2022-02-03,76.10672853828306
1134,2022-02-04,71.49419953596288
1135,2022-02-05,78.41299303944317
1136,2022-02-06,76.10672853828306
1137,2022-02-07,73.80046403712298
1138,2022-02-08,71.49419953596288
1139,2022-02-09,71.49419953596288
1140,2022-02-10,59.96287703016241
1141,2022-02-11,76.10672853828306
1142,2022-02-12,76.10672853828306
1143,2022-02-13,83.02552204176335
1144,2022-02-14,69.18793503480279
1145,2022-02-15,69.18793503480279
1146,2022-02-16,69.18793503480279
1147,2022-02-17,69.18793503480279
1148,2022-02-18,71.49419953596288
1149,2022-02-19,76.10672853828306
1150,2022-02-20,73.80046403712298
1151,2022-02-21,69.18793503480279
1152,2022-02-22,66.88167053364269
1153,2022-02-23,69.18793503480279
1154,2022-02-24,64.5754060324826
1155,2022-02-25,64.5754060324826
1156,2022-02-26,64.5754060324826
1157,2022-02-27,64.5754060324826
1158,2022-02-28,64.5754060324826
1159,2022-03-01,63.70642201834862
1160,2022-03-02,68.25688073394495
1161,2022-03-03,70.53211009174312
1162,2022-03-04,68.25688073394495
1163,2022-03-05,70.53211009174312
1164,2022-03-06,70.53211009174312
1165,2022-03-07,65.98165137614679
1166,2022-03-08,93.28440366972477
1167,2022-03-09,91.00917431192661
1168,2022-03-10,75.08256880733944
1169,2022-03-11,75.08256880733944
1170,2022-03-12,75.08256880733944
1171,2022-03-13,75.08256880733944
1172,2022-03-14,68.25688073394495
1173,2022-03-15,65.98165137614679
1174,2022-03-16,68.25688073394495
1175,2022-03-17,65.98165137614679
1176,2022-03-18,72.80733944954129
1177,2022-03-19,75.08256880733944
1178,2022-03-20,75.08256880733944
1179,2022-03-21,75.08256880733944
1180,2022-03-22,72.80733944954129
1181,2022-03-23,70.53211009174312
1182,2022-03-24,70.53211009174312
1183,2022-03-25,70.53211009174312
1184,2022-03-26,75.08256880733944
1185,2022-03-27,72.80733944954129
1186,2022-03-28,65.98165137614679
1187,2022-03-29,65.98165137614679
1188,2022-03-30,68.25688073394495
1189,2022-03-31,70.53211009174312
1190,2022-04-01,68.33524684270952
1191,2022-04-02,72.89092996555682
1192,2022-04-03,72.89092996555682
1193,2022-04-04,70.61308840413318
1194,2022-04-05,63.77956371986222
1195,2022-04-06,68.33524684270952
1196,2022-04-07,68.33524684270952
1197,2022-04-08,68.33524684270952
1198,2022-04-09,68.33524684270952
1199,2022-04-10,68.33524684270952
1200,2022-04-11,61.501722158438575
1201,2022-04-12,63.77956371986222
1202,2022-04-13,68.33524684270952
1203,2022-04-14,70.61308840413318
1204,2022-04-15,68.33524684270952
1205,2022-04-16,70.61308840413318
1206,2022-04-17,66.05740528128588
1207,2022-04-18,70.61308840413318
1208,2022-04-19,68.33524684270952
1209,2022-04-20,66.05740528128588
1210,2022-04-21,66.05740528128588
1211,2022-04-22,68.33524684270952
1212,2022-04-23,70.61308840413318
1213,2022-04-24,66.05740528128588
1214,2022-04-25,63.77956371986222
1215,2022-04-26,66.05740528128588
1216,2022-04-27,66.05740528128588
1217,2022-04-27,66.05740528128588
1218,2022-04-28,70.18599311136624
1219,2022-04-29,70.18599311136624
1220,2022-04-30,70.18599311136624
1221,2022-05-01,71.526369168357
1222,2022-05-02,71.526369168357
1223,2022-05-03,67.43914807302231
1224,2022-05-04,65.39553752535497
1225,2022-05-05,63.35192697768762
1226,2022-05-06,63.35192697768762
1227,2022-05-07,69.48275862068965
1228,2022-05-08,67.43914807302231
1229,2022-05-09,65.39553752535497
1230,2022-05-10,63.35192697768762
1231,2022-05-11,65.39553752535497
1232,2022-05-12,63.35192697768762
1233,2022-05-13,65.39553752535497
1234,2022-05-14,67.43914807302231
1235,2022-05-15,61.308316430020284
1236,2022-05-16,63.35192697768762
1237,2022-05-17,61.308316430020284
1238,2022-05-18,61.308316430020284
1239,2022-05-19,63.35192697768762
1240,2022-05-20,63.35192697768762
1241,2022-05-21,65.39553752535497
1242,2022-05-22,65.39553752535497
1243,2022-05-23,61.308316430020284
1244,2022-05-24,65.39553752535497
1245,2022-05-25,65.39553752535497
1246,2022-05-26,67.43914807302231
1247,2022-05-27,63.35192697768762
1248,2022-05-28,65.39553752535497
1249,2022-05-29,63.35192697768762
1250,2022-05-30,65.39553752535497
1251,2022-05-31,63.35192697768762
1252,2022-06-01,63.28402366863905
1253,2022-06-02,63.28402366863905
1254,2022-06-03,65.32544378698225
1255,2022-06-04,65.32544378698225
1256,2022-06-05,65.32544378698225
1257,2022-06-06,87.7810650887574
1258,2022-06-07,87.7810650887574
1259,2022-06-08,75.53254437869822
1260,2022-06-09,69.40828402366864
1261,2022-06-10,71.44970414201184
1262,2022-06-11,69.40828402366864
1263,2022-06-12,69.40828402366864
1264,2022-06-13,69.40828402366864
1265,2022-06-14,71.44970414201184
1266,2022-06-15,69.40828402366864
1267,2022-06-16,69.40828402366864
1268,2022-06-17,67.36686390532545
1269,2022-06-18,69.40828402366864
1270,2022-06-19,71.44970414201184
1271,2022-06-20,69.40828402366864
1272,2022-06-21,67.36686390532545
1273,2022-06-22,67.36686390532545
1274,2022-06-23,67.36686390532545
1275,2022-06-24,63.28402366863905
1276,2022-06-25,67.36686390532545
1277,2022-06-26,67.36686390532545
1278,2022-06-27,67.36686390532545
1279,2022-06-28,63.28402366863905
1280,2022-06-29,65.32544378698225
1281,2022-06-30,63.28402366863905
1282,2022-07-01,70.82307692307693
1283,2022-07-02,68.67692307692307
1284,2022-07-03,72.96923076923076
1285,2022-07-04,66.53076923076922
1286,2022-07-05,68.67692307692307
1287,2022-07-06,70.82307692307693
1288,2022-07-07,66.53076923076922
1289,2022-07-08,68.67692307692307
1290,2022-07-09,72.96923076923076
1291,2022-07-10,72.96923076923076
1292,2022-07-11,75.11538461538461
1293,2022-07-12,79.4076923076923
1294,2022-07-13,81.55384615384615
1295,2022-07-14,77.26153846153846
1296,2022-07-15,72.96923076923076
1297,2022-07-16,75.11538461538461
1298,2022-07-17,70.82307692307693
1299,2022-07-18,72.96923076923076
1300,2022-07-19,72.96923076923076
1301,2022-07-20,68.67692307692307
1302,2022-07-21,72.96923076923076
1303,2022-07-22,68.67692307692307
1304,2022-07-23,72.96923076923076
1305,2022-07-24,68.67692307692307
1306,2022-07-25,70.82307692307693
1307,2022-07-26,72.96923076923076
1308,2022-07-27,68.67692307692307
1309,2022-07-28,72.96923076923076
1310,2022-07-29,72.96923076923076
1311,2022-07-30,70.82307692307693
1312,2022-07-31,72.96923076923076
1313,2022-08-01,69.09879963065559
1314,2022-08-02,63.00184672206833
1315,2022-08-03,69.09879963065559
1316,2022-08-04,69.09879963065559
1317,2022-08-05,69.09879963065559
1318,2022-08-06,71.13111726685135
1319,2022-08-07,71.13111726685135
1320,2022-08-08,71.13111726685135
1321,2022-08-09,71.13111726685135
1322,2022-08-10,67.06648199445985
1323,2022-08-11,67.06648199445985
1324,2022-08-12,73.1634349030471
1325,2022-08-13,71.13111726685135
1326,2022-08-14,71.13111726685135
1327,2022-08-15,73.1634349030471
1328,2022-08-16,69.09879963065559
1329,2022-08-17,73.1634349030471
1330,2022-08-18,71.13111726685135
1331,2022-08-19,85.35734072022161
1332,2022-08-20,79.26038781163436
1333,2022-08-21,75.19575253924285
1334,2022-08-22,73.1634349030471
1335,2022-08-23,73.1634349030471
1336,2022-08-24,71.13111726685135
1337,2022-08-25,71.13111726685135
1338,2022-08-26,71.13111726685135
1339,2022-08-27,67.06648199445985
1340,2022-08-28,71.13111726685135
1341,2022-08-29,67.06648199445985
1342,2022-08-30,67.06648199445985
1343,2022-08-31,69.09879963065559
1344,2022-09-01,67.99999999999999
1345,2022-09-02,67.99999999999999
1346,2022-09-03,72.0
1347,2022-09-04,70.0
1348,2022-09-05,73.99999999999999
1349,2022-09-06,84.0
1350,2022-09-07,200.0
1351,2022-09-08,174.0
1352,2022-09-09,138.0
1353,2022-09-10,103.99999999999999
1354,2022-09-11,96.0
1355,2022-09-12,91.99999999999999
1356,2022-09-13,91.99999999999999
1357,2022-09-14,79.99999999999999
1358,2022-09-15,91.99999999999999
1359,2022-09-16,100.0
1360,2022-09-17,115.99999999999999
1361,2022-09-18,113.99999999999999
1362,2022-09-19,101.99999999999999
1363,2022-09-20,101.99999999999999
1364,2022-09-21,100.0
1365,2022-09-22,96.0
1366,2022-09-23,97.99999999999999
1367,2022-09-24,100.0
1368,2022-09-25,106.0
1369,2022-09-26,97.99999999999999
1370,2022-09-27,94.0
1371,2022-09-28,88.0
1372,2022-09-29,88.0
1373,2022-09-30,94.0
1374,2022-10-01,93.85789080029917
1375,2022-10-02,91.81750186985789
1376,2022-10-03,87.73672400897532
1377,2022-10-04,85.69633507853403
1378,2022-10-05,89.77711293941661
1379,2022-10-06,89.77711293941661
1380,2022-10-07,89.77711293941661
1381,2022-10-08,85.69633507853403
1382,2022-10-09,87.73672400897532
1383,2022-10-10,89.77711293941661
1384,2022-10-11,87.73672400897532
1385,2022-10-12,85.69633507853403
1386,2022-10-13,85.69633507853403
1387,2022-10-14,87.73672400897532
1388,2022-10-15,89.77711293941661
1389,2022-10-16,87.73672400897532
1390,2022-10-17,85.69633507853403
1391,2022-10-18,95.89827973074047
1392,2022-10-19,95.89827973074047
1393,2022-10-20,83.65594614809275
1394,2022-10-21,83.65594614809275
1395,2022-10-22,85.69633507853403
1396,2022-10-23,85.69633507853403
1397,2022-10-24,85.69633507853403
1398,2022-10-25,87.73672400897532
1399,2022-10-26,85.69633507853403
1400,2022-10-27,89.77711293941661
1401,2022-10-28,91.81750186985789
1402,2022-10-29,87.73672400897532
1403,2022-10-30,81.61555721765146
1404,2022-10-31,85.69633507853403
1405,2022-11-01,85.75916230366492
1406,2022-11-02,89.84293193717278
1407,2022-11-03,87.80104712041884
1408,2022-11-04,91.8848167539267
1409,2022-11-05,91.8848167539267
1410,2022-11-06,83.717277486911
1411,2022-11-07,85.75916230366492
1412,2022-11-08,81.67539267015707
1413,2022-11-09,79.63350785340315
1414,2022-11-10,79.63350785340315
1415,2022-11-11,85.75916230366492
1416,2022-11-12,87.80104712041884
1417,2022-11-13,87.80104712041884
1418,2022-11-14,85.75916230366492
1419,2022-11-15,87.80104712041884
1420,2022-11-16,83.717277486911
1421,2022-11-17,85.75916230366492
1422,2022-11-18,91.8848167539267
1423,2022-11-19,95.96858638743456
1424,2022-11-20,91.8848167539267
1425,2022-11-21,87.80104712041884
1426,2022-11-22,83.717277486911
1427,2022-11-23,89.84293193717278
1428,2022-11-24,95.96858638743456
1429,2022-11-25,126.59685863874344
1430,2022-11-26,102.09424083769633
1431,2022-11-27,100.05235602094241
1432,2022-11-28,102.09424083769633
1433,2022-11-29,98.01047120418849
1434,2022-11-30,102.09424083769633
1435,2022-12-01,95.3498974242079
1436,2022-12-02,85.20629131524962
1437,2022-12-03,83.17757009345794
1438,2022-12-04,87.23501253704126
1439,2022-12-05,81.14884887166629
1440,2022-12-06,79.12012764987465
1441,2022-12-07,83.17757009345794
1442,2022-12-08,87.23501253704126
1443,2022-12-09,81.14884887166629
1444,2022-12-10,85.20629131524962
1445,2022-12-11,93.32117620241624
1446,2022-12-12,85.20629131524962
1447,2022-12-13,83.17757009345794
1448,2022-12-14,83.17757009345794
1449,2022-12-15,87.23501253704126
1450,2022-12-16,87.23501253704126
1451,2022-12-17,95.3498974242079
1452,2022-12-18,85.20629131524962
1453,2022-12-19,85.20629131524962
1454,2022-12-20,83.17757009345794
1455,2022-12-21,87.23501253704126
1456,2022-12-22,85.20629131524962
1457,2022-12-23,89.26373375883293
1458,2022-12-24,93.32117620241624
1459,2022-12-25,131.86687941645772
1460,2022-12-26,117.66583086391613
1461,2022-12-26,104.72258946888535
1462,2022-12-27,94.13266469113289
1463,2022-12-28,84.7193982220196
1464,2022-12-29,84.7193982220196
1465,2022-12-30,81.18942329610212
1466,2022-12-31,77.65944837018463
1467,2023-01-01,90.25775292323334
1468,2023-01-02,96.79816980172852
1469,2023-01-03,91.56583629893238
1470,2023-01-04,88.94966954753433
1471,2023-01-05,83.71733604473818
1472,2023-01-06,85.02541942043722
1473,2023-01-07,86.33350279613626
1474,2023-01-08,88.94966954753433
1475,2023-01-09,85.02541942043722
1476,2023-01-10,79.79308591764108
1477,2023-01-11,81.1011692933401
1478,2023-01-12,78.48500254194204
1479,2023-01-13,77.17691916624301
1480,2023-01-14,82.40925266903915
1481,2023-01-15,81.1011692933401
1482,2023-01-16,85.02541942043722
1483,2023-01-17,83.71733604473818
1484,2023-01-18,82.40925266903915
1485,2023-01-19,78.48500254194204
1486,2023-01-20,78.48500254194204
1487,2023-01-21,85.02541942043722
1488,2023-01-22,82.40925266903915
1489,2023-01-23,81.1011692933401
1490,2023-01-24,77.17691916624301
1491,2023-01-25,82.40925266903915
1492,2023-01-26,79.79308591764108
1493,2023-01-27,78.48500254194204
1494,2023-01-28,78.48500254194204
1495,2023-01-29,79.79308591764108
1496,2023-01-30,83.71733604473818
1497,2023-01-31,79.79308591764108
1498,2023-02-01,78.89463722397477
1499,2023-02-02,85.69589905362776
1500,2023-02-03,85.69589905362776
1501,2023-02-04,85.69589905362776
1502,2023-02-05,87.05615141955836
1503,2023-02-06,80.25488958990536
1504,2023-02-07,76.17413249211356
1505,2023-02-08,76.17413249211356
1506,2023-02-09,76.17413249211356
1507,2023-02-10,74.81388012618297
1508,2023-02-11,76.17413249211356
1509,2023-02-12,78.89463722397477
1510,2023-02-13,74.81388012618297
1511,2023-02-14,73.45362776025236
1512,2023-02-15,74.81388012618297
1513,2023-02-16,76.17413249211356
1514,2023-02-17,73.45362776025236
1515,2023-02-18,80.25488958990536
1516,2023-02-19,76.17413249211356
1517,2023-02-20,73.45362776025236
1518,2023-02-21,70.73312302839118
1519,2023-02-22,70.73312302839118
1520,2023-02-23,74.81388012618297
1521,2023-02-24,74.81388012618297
1522,2023-02-25,77.53438485804416
1523,2023-02-26,76.17413249211356
1524,2023-02-27,72.09337539432175
1525,2023-02-28,74.81388012618297
1526,2023-03-01,69.4369173399627
1527,2023-03-02,69.4369173399627
1528,2023-03-03,69.4369173399627
1529,2023-03-04,73.36730888750778
1530,2023-03-05,74.67743940335612
1531,2023-03-06,73.36730888750778
1532,2023-03-07,69.4369173399627
1533,2023-03-08,66.816656308266
1534,2023-03-09,61.57613424487259
1535,2023-03-10,65.50652579241765
1536,2023-03-11,68.12678682411436
1537,2023-03-12,72.05717837165942
1538,2023-03-13,64.1963952765693
1539,2023-03-14,68.12678682411436
1540,2023-03-15,66.816656308266
1541,2023-03-16,65.50652579241765
1542,2023-03-17,64.1963952765693
1543,2023-03-18,70.74704785581106
1544,2023-03-19,70.74704785581106
1545,2023-03-20,66.816656308266
1546,2023-03-21,68.12678682411436
1547,2023-03-22,64.1963952765693
1548,2023-03-23,64.1963952765693
1549,2023-03-24,68.12678682411436
1550,2023-03-25,68.12678682411436
1551,2023-03-26,70.74704785581106
1552,2023-03-27,68.12678682411436
1553,2023-03-28,68.12678682411436
1554,2023-03-29,66.816656308266
1555,2023-03-30,66.816656308266
1556,2023-03-31,64.1963952765693
1557,2023-04-01,70.0574712643678
1558,2023-04-02,72.70114942528735
1559,2023-04-03,67.41379310344828
1560,2023-04-04,66.0919540229885
1561,2023-04-05,66.0919540229885
1562,2023-04-06,67.41379310344828
1563,2023-04-07,71.37931034482759
1564,2023-04-08,71.37931034482759
1565,2023-04-09,68.73563218390805
1566,2023-04-10,68.73563218390805
1567,2023-04-11,67.41379310344828
1568,2023-04-12,66.0919540229885
1569,2023-04-13,63.44827586206897
1570,2023-04-14,64.77011494252874
1571,2023-04-15,68.73563218390805
1572,2023-04-16,72.70114942528735
1573,2023-04-17,70.0574712643678
1574,2023-04-18,75.3448275862069
1575,2023-04-19,74.02298850574712
1576,2023-04-20,71.37931034482759
1577,2023-04-21,72.70114942528735
1578,2023-04-22,74.02298850574712
1579,2023-04-23,67.41379310344828
1580,2023-04-24,68.73563218390805
1581,2023-04-25,66.0919540229885
1582,2023-04-26,68.73563218390805
1583,2023-04-27,66.0919540229885
1584,2023-04-28,63.44827586206897
1585,2023-04-29,67.41379310344828
1586,2023-04-30,71.37931034482759
1587,2023-05-01,70.8094276094276
1588,2023-05-02,68.13737373737375
1589,2023-05-03,68.13737373737375
1590,2023-05-04,70.8094276094276
1591,2023-05-05,68.13737373737375
1592,2023-05-06,68.13737373737375
1593,2023-05-07,70.8094276094276
1594,2023-05-08,66.80134680134681
1595,2023-05-09,65.46531986531987
1596,2023-05-10,68.13737373737375
1597,2023-05-11,64.12929292929293
1598,2023-05-12,64.12929292929293
1599,2023-05-13,65.46531986531987
1600,2023-05-14,64.12929292929293
1601,2023-05-15,64.12929292929293
1602,2023-05-16,60.12121212121212
1603,2023-05-17,61.45723905723906
1604,2023-05-18,61.45723905723906
1605,2023-05-19,60.12121212121212
1606,2023-05-20,61.45723905723906
1607,2023-05-21,65.46531986531987
1608,2023-05-22,58.78518518518518
1609,2023-05-23,60.12121212121212
1610,2023-05-24,56.11313131313132
1611,2023-05-25,60.12121212121212
1612,2023-05-26,58.78518518518518
1613,2023-05-27,64.12929292929293
1614,2023-05-28,62.793265993266
1615,2023-05-29,58.78518518518518
1616,2023-05-30,62.793265993266
1617,2023-05-31,64.12929292929293
1618,2023-06-01,59.76716417910447
1619,2023-06-02,58.49552238805969
1620,2023-06-03,64.85373134328357
1621,2023-06-04,66.12537313432836
1622,2023-06-05,115.71940298507461
1623,2023-06-06,119.53432835820894
1624,2023-06-07,82.65671641791043
1625,2023-06-08,73.755223880597
1626,2023-06-09,68.6686567164179
1627,2023-06-10,69.94029850746267
1628,2023-06-11,68.6686567164179
1629,2023-06-12,69.94029850746267
1630,2023-06-13,68.6686567164179
1631,2023-06-14,69.94029850746267
1632,2023-06-15,67.39701492537311
1633,2023-06-16,66.12537313432836
1634,2023-06-17,69.94029850746267
1635,2023-06-18,72.48358208955223
1636,2023-06-19,67.39701492537311
1637,2023-06-20,63.5820895522388
1638,2023-06-21,64.85373134328357
1639,2023-06-22,66.12537313432836
1640,2023-06-23,63.5820895522388
1641,2023-06-24,68.6686567164179
1642,2023-06-25,69.94029850746267
1643,2023-06-26,66.12537313432836
1644,2023-06-27,64.85373134328357
1645,2023-06-28,67.39701492537311
1646,2023-06-29,66.12537313432836
1647,2023-06-30,68.6686567164179
1648,2023-07-01,82.5523864959255
1649,2023-07-02,78.49243306169967
1650,2023-07-03,74.43247962747381
1651,2023-07-04,73.0791618160652
1652,2023-07-05,69.01920838183936
1653,2023-07-06,70.37252619324798
1654,2023-07-07,74.43247962747381
1655,2023-07-08,77.13911525029104
1656,2023-07-09,77.13911525029104
1657,2023-07-10,79.84575087310829
1658,2023-07-11,86.61233993015135
1659,2023-07-12,82.5523864959255
1660,2023-07-13,74.43247962747381
1661,2023-07-14,75.78579743888243
1662,2023-07-15,85.25902211874273
1663,2023-07-16,73.0791618160652
1664,2023-07-17,75.78579743888243
1665,2023-07-18,71.72584400465658
1666,2023-07-19,74.43247962747381
1667,2023-07-20,75.78579743888243
1668,2023-07-21,71.72584400465658
1669,2023-07-22,74.43247962747381
1670,2023-07-23,73.0791618160652
1671,2023-07-24,75.78579743888243
1672,2023-07-25,71.72584400465658
1673,2023-07-26,69.01920838183936
1674,2023-07-27,67.66589057043075
1675,2023-07-28,71.72584400465658
1676,2023-07-29,73.0791618160652
1677,2023-07-30,74.43247962747381
1678,2023-07-31,70.37252619324798
1679,2023-08-01,70.83294117647058
1680,2023-08-02,69.4964705882353
1681,2023-08-03,70.83294117647058
1682,2023-08-04,72.16941176470587
1683,2023-08-05,74.84235294117647
1684,2023-08-06,73.50588235294117
1685,2023-08-07,74.84235294117647
1686,2023-08-08,70.83294117647058
1687,2023-08-09,69.4964705882353
1688,2023-08-10,69.4964705882353
1689,2023-08-11,68.16
1690,2023-08-12,72.16941176470587
1691,2023-08-13,72.16941176470587
1692,2023-08-14,69.4964705882353
1693,2023-08-15,66.82352941176471
1694,2023-08-16,72.16941176470587
1695,2023-08-17,69.4964705882353
1696,2023-08-18,70.83294117647058
1697,2023-08-19,73.50588235294117
1698,2023-08-20,72.16941176470587
1699,2023-08-21,69.4964705882353
1700,2023-08-22,73.50588235294117
1701,2023-08-23,69.4964705882353
1702,2023-08-24,68.16
1703,2023-08-25,68.16
1704,2023-08-25,68.16
1705,2023-08-26,70.05333333333334
1706,2023-08-27,75.73333333333332
1707,2023-08-28,71.94666666666666
1708,2023-08-29,71.94666666666666
1709,2023-08-30,73.83999999999999
1710,2023-08-31,68.16
1711,2023-09-01,66.7124227865477
1712,2023-09-02,68.56554564172959
1713,2023-09-03,70.41866849691145
1714,2023-09-04,68.56554564172959
1715,2023-09-05,68.56554564172959
1716,2023-09-06,68.56554564172959
1717,2023-09-07,68.56554564172959
1718,2023-09-08,70.41866849691145
1719,2023-09-09,74.12491420727522
1720,2023-09-10,74.12491420727522
1721,2023-09-11,77.83115991763898
1722,2023-09-12,185.31228551818805
1723,2023-09-13,166.78105696636925
1724,2023-09-14,109.33424845573094
1725,2023-09-15,122.30610844200412
1726,2023-09-16,100.06863417982154
1727,2023-09-17,94.5092656142759
1728,2023-09-18,87.09677419354838
1729,2023-09-19,87.09677419354838
1730,2023-09-20,87.09677419354838
1731,2023-09-21,81.53740562800274
1732,2023-09-22,105.6280027453672
1733,2023-09-23,101.92175703500344
1734,2023-09-24,94.5092656142759
1735,2023-09-25,90.80301990391214
1736,2023-09-26,81.53740562800274
1737,2023-09-27,81.53740562800274
1738,2023-09-28,83.39052848318462
1739,2023-09-29,79.68428277282086
1740,2023-09-30,83.39052848318462
1741,2023-10-01,85.9533721898418
1742,2023-10-02,78.31307243963364
1743,2023-10-03,76.4029975020816
1744,2023-10-04,76.4029975020816
1745,2023-10-05,74.49292256452956
1746,2023-10-06,72.58284762697751
1747,2023-10-07,80.22314737718568
1748,2023-10-08,82.13322231473772
1749,2023-10-09,74.49292256452956
1750,2023-10-10,76.4029975020816
1751,2023-10-11,76.4029975020816
1752,2023-10-12,70.67277268942549
1753,2023-10-13,72.58284762697751
1754,2023-10-14,80.22314737718568
1755,2023-10-15,76.4029975020816
1756,2023-10-16,70.67277268942549
1757,2023-10-17,72.58284762697751
1758,2023-10-18,70.67277268942549
1759,2023-10-19,68.76269775187345
1760,2023-10-20,68.76269775187345
1761,2023-10-21,70.67277268942549
1762,2023-10-22,74.49292256452956
1763,2023-10-23,70.67277268942549
1764,2023-10-24,72.58284762697751
1765,2023-10-25,72.58284762697751
1766,2023-10-26,66.8526228143214
1767,2023-10-27,68.76269775187345
1768,2023-10-28,68.76269775187345
1769,2023-10-29,68.76269775187345
1770,2023-10-30,72.58284762697751
1771,2023-10-31,82.13322231473772
1772,2023-11-01,72.58775510204082
1773,2023-11-02,72.58775510204082
1774,2023-11-03,72.58775510204082
1775,2023-11-04,76.40816326530613
1776,2023-11-05,72.58775510204082
1777,2023-11-06,70.67755102040817
1778,2023-11-07,70.67755102040817
1779,2023-11-08,70.67755102040817
1780,2023-11-09,72.58775510204082
1781,2023-11-10,74.49795918367347
1782,2023-11-11,74.49795918367347
1783,2023-11-12,74.49795918367347
1784,2023-11-13,74.49795918367347
1785,2023-11-14,72.58775510204082
1786,2023-11-15,76.40816326530613
1787,2023-11-16,72.58775510204082
1788,2023-11-17,80.22857142857143
1789,2023-11-18,85.9591836734694
1790,2023-11-19,84.04897959183674
1791,2023-11-20,84.04897959183674
1792,2023-11-21,74.49795918367347
1793,2023-11-22,84.04897959183674
1794,2023-11-23,84.04897959183674
1795,2023-11-24,110.79183673469389
1796,2023-11-25,93.60000000000001
1797,2023-11-26,87.86938775510205
1798,2023-11-27,82.13877551020408
1799,2023-11-28,76.40816326530613
1800,2023-11-29,68.76734693877552
1801,2023-11-30,72.58775510204082
1802,2023-12-01,74.48384673178062
1803,2023-12-02,76.39368895567243
1804,2023-12-03,72.5740045078888
1805,2023-12-04,72.5740045078888
1806,2023-12-05,70.664162283997
1807,2023-12-06,72.5740045078888
1808,2023-12-07,72.5740045078888
1809,2023-12-08,76.39368895567243
1810,2023-12-09,74.48384673178062
1811,2023-12-10,82.12321562734786
1812,2023-12-11,76.39368895567243
1813,2023-12-12,76.39368895567243
1814,2023-12-13,76.39368895567243
1815,2023-12-14,72.5740045078888
1816,2023-12-15,78.30353117956425
1817,2023-12-16,84.03305785123968
1818,2023-12-17,82.12321562734786
1819,2023-12-18,80.21337340345605
1820,2023-12-19,85.94290007513149
1821,2023-12-20,82.12321562734786
1822,2023-12-21,82.12321562734786
1823,2023-12-22,82.12321562734786
1824,2023-12-23,82.12321562734786
1825,2023-12-24,85.94290007513149
1826,2023-12-25,116.50037565740045
1827,2023-12-26,112.68069120961682
1828,2023-12-27,101.22163786626597
1829,2023-12-28,91.67242674680692
1830,2023-12-29,87.8527422990233
1831,2023-12-30,82.12321562734786
1832,2023-12-31,78.30353117956425
1833,2024-01-01,78.2936
1834,2024-01-02,84.0224
1835,2024-01-03,76.384
1836,2024-01-04,80.2032
1837,2024-01-05,82.11280000000001
1838,2024-01-06,85.932
1839,2024-01-07,80.2032
1840,2024-01-08,82.11280000000001
1841,2024-01-09,80.2032
1842,2024-01-10,74.4744
1843,2024-01-11,72.56479999999999
1844,2024-01-12,74.4744
1845,2024-01-13,78.2936
1846,2024-01-14,74.4744
1847,2024-01-15,74.4744
1848,2024-01-16,70.65520000000001
1849,2024-01-17,72.56479999999999
1850,2024-01-18,72.56479999999999
1851,2024-01-19,76.384
1852,2024-01-20,76.384
1853,2024-01-21,76.384
1854,2024-01-22,76.384
1855,2024-01-23,74.4744
1856,2024-01-24,70.65520000000001
1857,2024-01-25,72.56479999999999
1858,2024-01-26,74.4744
1859,2024-01-27,80.2032
1860,2024-01-28,80.2032
1861,2024-01-29,78.2936
1862,2024-01-30,80.2032
1863,2024-01-31,76.384
1864,2024-02-01,72.95597484276728
1865,2024-02-02,78.42767295597483
1866,2024-02-03,91.1949685534591
1867,2024-02-04,113.08176100628928
1868,2024-02-05,98.49056603773583
1869,2024-02-06,94.84276729559747
1870,2024-02-07,87.54716981132074
1871,2024-02-08,83.89937106918238
1872,2024-02-09,82.07547169811319
1873,2024-02-10,82.07547169811319
1874,2024-02-11,87.54716981132074
1875,2024-02-12,78.42767295597483
1876,2024-02-13,80.25157232704402
1877,2024-02-14,72.95597484276728
1878,2024-02-15,74.77987421383646
1879,2024-02-16,74.77987421383646
1880,2024-02-17,80.25157232704402
1881,2024-02-18,80.25157232704402
1882,2024-02-19,76.60377358490565
1883,2024-02-20,71.1320754716981
1884,2024-02-21,76.60377358490565
1885,2024-02-22,72.95597484276728
1886,2024-02-23,72.95597484276728
1887,2024-02-24,80.25157232704402
1888,2024-02-25,71.1320754716981
1889,2024-02-26,72.95597484276728
1890,2024-02-27,69.30817610062891
1891,2024-02-28,72.95597484276728
1892,2024-02-29,69.30817610062891
1893,2024-03-01,73.80952380952381
1894,2024-03-02,81.57894736842107
1895,2024-03-03,85.46365914786969
1896,2024-03-04,81.57894736842107
1897,2024-03-05,83.52130325814538
1898,2024-03-06,75.75187969924812
1899,2024-03-07,73.80952380952381
1900,2024-03-08,75.75187969924812
1901,2024-03-09,79.63659147869674
1902,2024-03-10,79.63659147869674
1903,2024-03-11,71.86716791979951
1904,2024-03-12,71.86716791979951
1905,2024-03-13,71.86716791979951
1906,2024-03-14,69.9248120300752
1907,2024-03-15,71.86716791979951
1908,2024-03-16,77.69423558897243
1909,2024-03-17,75.75187969924812
1910,2024-03-18,73.80952380952381
1911,2024-03-19,69.9248120300752
1912,2024-03-20,73.80952380952381
1913,2024-03-21,75.75187969924812
1914,2024-03-22,71.86716791979951
1915,2024-03-23,77.69423558897243
1916,2024-03-24,73.80952380952381
1917,2024-03-25,71.86716791979951
1918,2024-03-26,69.9248120300752
1919,2024-03-27,71.86716791979951
1920,2024-03-28,67.98245614035089
1921,2024-03-29,73.80952380952381
1922,2024-03-30,77.69423558897243
1923,2024-03-31,73.80952380952381
1924,2024-04-01,71.36640539229454
1925,2024-04-02,65.87668190057958
1926,2024-04-03,67.70658973115124
1927,2024-04-04,67.70658973115124
1928,2024-04-05,65.87668190057958
1929,2024-04-06,69.53649756172288
1930,2024-04-07,71.36640539229454
1931,2024-04-08,65.87668190057958
1932,2024-04-09,64.04677407000793
1933,2024-04-10,67.70658973115124
1934,2024-04-11,65.87668190057958
1935,2024-04-12,69.53649756172288
1936,2024-04-13,67.70658973115124
1937,2024-04-14,69.53649756172288
1938,2024-04-15,65.87668190057958
1939,2024-04-16,64.04677407000793
1940,2024-04-17,65.87668190057958
1941,2024-04-18,67.70658973115124
1942,2024-04-19,65.87668190057958
1943,2024-04-20,65.87668190057958
1944,2024-04-21,69.53649756172288
1945,2024-04-22,65.87668190057958
1946,2024-04-23,64.04677407000793
1947,2024-04-24,67.70658973115124
1948,2024-04-24,71.6893303035719
1949,2024-04-25,69.69796001736157
1950,2024-04-26,69.69796001736157
1951,2024-04-27,69.69796001736157
1952,2024-04-28,73.68070058978222
1953,2024-04-29,73.68070058978222
1954,2024-04-30,67.70658973115124
1955,2024-05-01,71.21328671328672
1956,2024-05-02,73.19143356643357
1957,2024-05-03,75.16958041958043
1958,2024-05-04,73.19143356643357
1959,2024-05-05,73.19143356643357
1960,2024-05-06,73.19143356643357
1961,2024-05-07,92.97290209790211
1962,2024-05-08,85.0603146853147
1963,2024-05-09,75.16958041958043
1964,2024-05-10,77.14772727272728
1965,2024-05-11,71.21328671328672
1966,2024-05-12,73.19143356643357
1967,2024-05-13,73.19143356643357
1968,2024-05-14,75.16958041958043
1969,2024-05-15,71.21328671328672
1970,2024-05-16,75.16958041958043
1971,2024-05-17,71.21328671328672
1972,2024-05-18,75.16958041958043
1973,2024-05-19,71.21328671328672
1974,2024-05-20,73.19143356643357
1975,2024-05-21,71.21328671328672
1976,2024-05-22,69.23513986013987
1977,2024-05-23,69.23513986013987
1978,2024-05-24,69.23513986013987
1979,2024-05-25,69.23513986013987
1980,2024-05-26,71.21328671328672
1981,2024-05-27,69.23513986013987
1982,2024-05-28,67.25699300699301
1983,2024-05-29,71.21328671328672
1984,2024-05-30,71.21328671328672
1985,2024-05-31,65.27884615384616
1986,2024-06-01,71.48541114058355
1987,2024-06-02,79.65517241379311
1988,2024-06-03,71.48541114058355
1989,2024-06-04,73.52785145888595
1990,2024-06-05,73.52785145888595
1991,2024-06-06,73.52785145888595
1992,2024-06-07,71.48541114058355
1993,2024-06-08,77.61273209549071
1994,2024-06-09,73.52785145888595
1995,2024-06-10,93.95225464190982
1996,2024-06-11,102.12201591511938
1997,2024-06-12,89.86737400530504
1998,2024-06-13,81.6976127320955
1999,2024-06-14,77.61273209549071
2000,2024-06-15,73.52785145888595
2001,2024-06-16,81.6976127320955
2002,2024-06-17,79.65517241379311
2003,2024-06-18,77.61273209549071
2004,2024-06-19,75.57029177718833
2005,2024-06-20,73.52785145888595
2006,2024-06-21,75.57029177718833
2007,2024-06-22,75.57029177718833
2008,2024-06-23,77.61273209549071
2009,2024-06-24,73.52785145888595
2010,2024-06-25,71.48541114058355
2011,2024-06-26,69.44297082228117
2012,2024-06-27,73.52785145888595
2013,2024-06-28,73.52785145888595
2014,2024-06-29,73.52785145888595
2015,2024-06-30,73.52785145888595
2016,2024-07-01,70.64499572284004
2017,2024-07-02,70.64499572284004
2018,2024-07-03,68.68263473053892
2019,2024-07-04,68.68263473053892
2020,2024-07-05,66.72027373823782
2021,2024-07-06,68.68263473053892
2022,2024-07-07,74.56971770744227
2023,2024-07-08,72.60735671514115
2024,2024-07-09,70.64499572284004
2025,2024-07-10,74.56971770744227
2026,2024-07-11,74.56971770744227
2027,2024-07-12,74.56971770744227
2028,2024-07-13,76.53207869974338
2029,2024-07-14,72.60735671514115
2030,2024-07-15,74.56971770744227
2031,2024-07-16,88.30624465355004
2032,2024-07-17,86.34388366124894
2033,2024-07-18,80.4568006843456
2034,2024-07-19,72.60735671514115
2035,2024-07-20,78.49443969204448
2036,2024-07-21,74.56971770744227
2037,2024-07-22,76.53207869974338
2038,2024-07-23,74.56971770744227
2039,2024-07-24,74.56971770744227
2040,2024-07-25,74.56971770744227
2041,2024-07-26,72.60735671514115
2042,2024-07-27,74.56971770744227
2043,2024-07-28,72.60735671514115
2044,2024-07-29,72.60735671514115
2045,2024-07-30,70.64499572284004
2046,2024-07-31,70.64499572284004
2047,2024-08-01,73.19227539882452
2048,2024-08-02,73.19227539882452
2049,2024-08-03,77.1486146095718
2050,2024-08-04,75.17044500419816
2051,2024-08-05,81.10495382031905
2052,2024-08-06,77.1486146095718
2053,2024-08-07,73.19227539882452
2054,2024-08-08,71.21410579345088
2055,2024-08-09,69.23593618807725
2056,2024-08-10,77.1486146095718
2057,2024-08-11,77.1486146095718
2058,2024-08-12,75.17044500419816
2059,2024-08-13,75.17044500419816
2060,2024-08-14,77.1486146095718
2061,2024-08-15,75.17044500419816
2062,2024-08-16,73.19227539882452
2063,2024-08-17,75.17044500419816
2064,2024-08-18,81.10495382031905
2065,2024-08-19,79.12678421494542
2066,2024-08-20,77.1486146095718
2067,2024-08-21,73.19227539882452
2068,2024-08-22,75.17044500419816
2069,2024-08-23,77.1486146095718
2070,2024-08-24,75.17044500419816
2071,2024-08-25,81.10495382031905
2072,2024-08-26,81.10495382031905
2073,2024-08-27,81.10495382031905
2074,2024-08-28,73.19227539882452
2075,2024-08-29,75.17044500419816
2076,2024-08-30,75.17044500419816
2077,2024-08-31,75.17044500419816
2078,2024-09-01,78.99934167215272
2079,2024-09-02,78.99934167215272
2080,2024-09-03,84.92429229756416
2081,2024-09-04,78.99934167215272
2082,2024-09-05,73.07439104674127
2083,2024-09-06,75.04937458854508
2084,2024-09-07,80.97432521395653
2085,2024-09-08,88.87425938117181
2086,2024-09-09,197.49835418038182
2087,2024-09-10,163.9236339697169
2088,2024-09-11,114.54904542462145
2089,2024-09-12,100.72416063199472
2090,2024-09-13,118.49901250822909
2091,2024-09-14,106.64911125740618
2092,2024-09-15,94.79921000658327
2093,2024-09-16,98.74917709019091
2094,2024-09-17,94.79921000658327
2095,2024-09-18,94.79921000658327
2096,2024-09-19,90.84924292297562
2097,2024-09-20,112.57406188281762
2098,2024-09-21,108.62409479921
2099,2024-09-22,106.64911125740618
2100,2024-09-23,100.72416063199472
2101,2024-09-24,94.79921000658327
2102,2024-09-25,90.84924292297562
2103,2024-09-26,92.82422646477944
2104,2024-09-27,92.82422646477944
2105,2024-09-28,96.77419354838709
2106,2024-09-29,98.74917709019091
2107,2024-09-30,88.87425938117181
2108,2024-10-01,84.13612167300381
2109,2024-10-02,86.09277566539924
2110,2024-10-03,82.17946768060837
2111,2024-10-04,86.09277566539924
2112,2024-10-05,86.09277566539924
2113,2024-10-06,88.04942965779469
2114,2024-10-07,84.13612167300381
2115,2024-10-08,86.09277566539924
2116,2024-10-09,88.04942965779469
2117,2024-10-10,82.17946768060837
2118,2024-10-11,78.26615969581749
2119,2024-10-12,84.13612167300381
2120,2024-10-13,86.09277566539924
2121,2024-10-14,80.22281368821294
2122,2024-10-15,84.13612167300381
2123,2024-10-16,78.26615969581749
2124,2024-10-17,78.26615969581749
2125,2024-10-18,78.26615969581749
2126,2024-10-19,82.17946768060837
2127,2024-10-20,90.00608365019012
2128,2024-10-21,80.22281368821294
2129,2024-10-22,74.35285171102663
2130,2024-10-23,80.22281368821294
2131,2024-10-24,78.26615969581749
2132,2024-10-25,78.26615969581749
2133,2024-10-26,82.17946768060837
2134,2024-10-27,80.22281368821294
2135,2024-10-28,82.17946768060837
2136,2024-10-29,91.96273764258557
2137,2024-10-30,88.04942965779469
2138,2024-10-31,84.13612167300381
2139,2024-11-01,86.71532846715328
2140,2024-11-02,86.71532846715328
2141,2024-11-03,86.71532846715328
2142,2024-11-04,84.74452554744526
2143,2024-11-05,78.83211678832117
2144,2024-11-06,68.97810218978103
2145,2024-11-07,78.83211678832117
2146,2024-11-08,84.74452554744526
2147,2024-11-09,86.71532846715328
2148,2024-11-10,84.74452554744526
2149,2024-11-11,88.68613138686132
2150,2024-11-12,84.74452554744526
2151,2024-11-13,80.80291970802921
2152,2024-11-14,82.77372262773723
2153,2024-11-15,82.77372262773723
2154,2024-11-16,84.74452554744526
2155,2024-11-17,92.62773722627738
2156,2024-11-18,90.65693430656935
2157,2024-11-19,82.77372262773723
2158,2024-11-20,84.74452554744526
2159,2024-11-21,92.62773722627738
2160,2024-11-22,92.62773722627738
2161,2024-11-23,94.59854014598542
2162,2024-11-24,100.5109489051095
2163,2024-11-25,94.59854014598542
2164,2024-11-26,94.59854014598542
2165,2024-11-27,96.56934306569345
2166,2024-11-28,102.48175182481754
2167,2024-11-29,130.07299270072994
2168,2024-11-30,118.24817518248177
2169,2024-12-01,112.74739902616737
2170,2024-12-02,110.69744631660069
2171,2024-12-03,100.4476827687673
2172,2024-12-04,92.24787193050057
2173,2024-12-05,90.1979192209339
2174,2024-12-06,88.14796651136722
2175,2024-12-07,96.34777734963393
2176,2024-12-08,96.34777734963393
2177,2024-12-09,92.24787193050057
2178,2024-12-10,86.09801380180053
2179,2024-12-11,92.24787193050057
2180,2024-12-12,88.14796651136722
2181,2024-12-13,88.14796651136722
2182,2024-12-14,94.29782464006725
2183,2024-12-15,98.39773005920063
2184,2024-12-16,92.24787193050057
2185,2024-12-17,90.1979192209339
2186,2024-12-18,90.1979192209339
2187,2024-12-19,90.1979192209339
2188,2024-12-20,92.24787193050057
2189,2024-12-21,92.24787193050057
2190,2024-12-22,104.54758818790066
2191,2024-12-23,94.29782464006725
2192,2024-12-23,84.50064805408623
2193,2024-12-24,90.62388342032438
2194,2024-12-25,122.46470732476267
2195,2024-12-26,107.76894244579114
2196,2024-12-27,99.19641293305776
2197,2024-12-28,96.7471187865625
2198,2024-12-29,93.07317756681962
2199,2024-12-30,88.17458927382913
2200,2024-12-31,84.50064805408623
2201,2025-01-01,93.59644795263938
2202,2025-01-02,96.19634928465713
2203,2025-01-03,96.19634928465713
2204,2025-01-04,101.39615194869265
2205,2025-01-05,103.99605328071041
2206,2025-01-06,93.59644795263938
2207,2025-01-07,85.79674395658608
2208,2025-01-08,87.09669462259497
2209,2025-01-09,84.49679329057722
2210,2025-01-10,80.59694129255057
2211,2025-01-11,88.39664528860385
2212,2025-01-12,87.09669462259497
2213,2025-01-13,83.19684262456833
2214,2025-01-14,83.19684262456833
2215,2025-01-15,79.2969906265417
2216,2025-01-16,80.59694129255057
2217,2025-01-17,83.19684262456833
2218,2025-01-18,88.39664528860385
2219,2025-01-19,88.39664528860385
2220,2025-01-20,80.59694129255057
2221,2025-01-21,75.39713862851505
2222,2025-01-22,76.69708929452393
2223,2025-01-23,79.2969906265417
2224,2025-01-24,77.99703996053282
2225,2025-01-25,81.89689195855945
2226,2025-01-26,81.89689195855945
2227,2025-01-27,80.59694129255057
2228,2025-01-28,79.2969906265417
2229,2025-01-29,80.59694129255057
2230,2025-01-30,76.69708929452393
2231,2025-01-31,79.2969906265417
2232,2025-02-01,80.87106017191977
2233,2025-02-02,82.15472779369627
2234,2025-02-03,75.73638968481376
2235,2025-02-04,74.45272206303724
2236,2025-02-05,74.45272206303724
2237,2025-02-06,73.16905444126073
2238,2025-02-07,80.87106017191977
2239,2025-02-08,79.58739255014326
2240,2025-02-09,79.58739255014326
2241,2025-02-10,75.73638968481376
2242,2025-02-11,77.02005730659026
2243,2025-02-12,78.30372492836676
2244,2025-02-13,77.02005730659026
2245,2025-02-14,77.02005730659026
2246,2025-02-15,86.00573065902577
2247,2025-02-16,83.43839541547277
2248,2025-02-17,75.73638968481376
2249,2025-02-18,79.58739255014326
2250,2025-02-19,98.84240687679082
2251,2025-02-20,93.70773638968481
2252,2025-02-21,82.15472779369627
2253,2025-02-22,86.00573065902577
2254,2025-02-23,82.15472779369627
2255,2025-02-24,79.58739255014326
2256,2025-02-25,75.73638968481376
2257,2025-02-26,77.02005730659026
2258,2025-02-27,77.02005730659026
2259,2025-02-28,77.02005730659026
2260,2025-03-01,329.51076428965655
