,Den,iMac
0,2019-01-01,89.49957228400342
1,2019-01-02,91.88622754491017
2,2019-01-03,95.4662104362703
3,2019-01-04,95.4662104362703
4,2019-01-05,93.07955517536355
5,2019-01-06,90.69289991445679
6,2019-01-07,88.30624465355004
7,2019-01-08,87.11291702309666
8,2019-01-09,81.14627887082976
9,2019-01-10,83.53293413173652
10,2019-01-11,82.33960650128314
11,2019-01-12,91.88622754491017
12,2019-01-13,91.88622754491017
13,2019-01-14,87.11291702309666
14,2019-01-15,82.33960650128314
15,2019-01-16,106.20615911035073
16,2019-01-17,87.11291702309666
17,2019-01-18,78.75962360992301
18,2019-01-19,99.04619332763045
19,2019-01-20,96.65953806672368
20,2019-01-21,88.30624465355004
21,2019-01-22,93.07955517536355
22,2019-01-23,89.49957228400342
23,2019-01-24,91.88622754491017
24,2019-01-25,84.72626176218989
25,2019-01-26,87.11291702309666
26,2019-01-27,96.65953806672368
27,2019-01-28,91.88622754491017
28,2019-01-29,89.49957228400342
29,2019-01-30,90.69289991445679
30,2019-01-31,87.11291702309666
31,2019-02-01,90.06498194945848
32,2019-02-02,91.2346570397112
33,2019-02-03,86.55595667870035
34,2019-02-04,74.85920577617328
35,2019-02-05,87.72563176895306
36,2019-02-06,84.21660649819495
37,2019-02-07,81.87725631768953
38,2019-02-08,85.38628158844764
39,2019-02-09,81.87725631768953
40,2019-02-10,87.72563176895306
41,2019-02-11,79.53790613718411
42,2019-02-12,81.87725631768953
43,2019-02-13,79.53790613718411
44,2019-02-14,76.028880866426
45,2019-02-15,83.04693140794224
46,2019-02-16,78.3682310469314
47,2019-02-17,84.21660649819495
48,2019-02-18,79.53790613718411
49,2019-02-19,85.38628158844764
50,2019-02-20,78.3682310469314
51,2019-02-21,74.85920577617328
52,2019-02-22,79.53790613718411
53,2019-02-23,80.70758122743682
54,2019-02-24,80.70758122743682
55,2019-02-25,77.1985559566787
56,2019-02-26,70.18050541516246
57,2019-02-27,73.68953068592057
58,2019-02-28,73.68953068592057
59,2019-03-01,78.8364573570759
60,2019-03-02,84.71977507029052
61,2019-03-03,78.8364573570759
62,2019-03-04,80.01312089971883
63,2019-03-05,78.8364573570759
64,2019-03-06,78.8364573570759
65,2019-03-07,77.65979381443299
66,2019-03-08,77.65979381443299
67,2019-03-09,89.42642924086222
68,2019-03-10,77.65979381443299
69,2019-03-11,78.8364573570759
70,2019-03-12,74.1298031865042
71,2019-03-13,74.1298031865042
72,2019-03-14,65.89315838800374
73,2019-03-15,72.95313964386128
74,2019-03-16,72.95313964386128
75,2019-03-17,74.1298031865042
76,2019-03-18,76.48313027179006
77,2019-03-19,107.07638238050608
78,2019-03-20,117.6663542642924
79,2019-03-21,90.60309278350515
80,2019-03-22,82.36644798500467
81,2019-03-23,85.89643861293345
82,2019-03-24,80.01312089971883
83,2019-03-25,89.42642924086222
84,2019-03-26,87.07310215557638
85,2019-03-27,84.71977507029052
86,2019-03-28,76.48313027179006
87,2019-03-29,72.95313964386128
88,2019-03-30,68.2464854732896
89,2019-03-31,76.48313027179006
90,2019-04-01,89.97002997002997
91,2019-04-02,83.13686313686314
92,2019-04-03,86.55344655344656
93,2019-04-04,79.72027972027972
94,2019-04-05,86.55344655344656
95,2019-04-06,86.55344655344656
96,2019-04-07,80.85914085914087
97,2019-04-08,78.58141858141859
98,2019-04-09,78.58141858141859
99,2019-04-10,77.44255744255744
100,2019-04-11,77.44255744255744
101,2019-04-12,76.30369630369631
102,2019-04-13,76.30369630369631
103,2019-04-14,75.16483516483517
104,2019-04-15,77.44255744255744
105,2019-04-16,74.02597402597404
106,2019-04-17,76.30369630369631
107,2019-04-18,68.33166833166834
108,2019-04-19,71.74825174825175
109,2019-04-20,72.88711288711289
110,2019-04-21,67.1928071928072
111,2019-04-22,70.60939060939062
112,2019-04-23,71.74825174825175
113,2019-04-24,72.88711288711289
114,2019-04-25,70.60939060939062
115,2019-04-26,69.47052947052947
116,2019-04-27,70.60939060939062
117,2019-04-28,71.74825174825175
118,2019-04-29,71.74825174825175
119,2019-04-30,69.47052947052947
120,2019-05-01,76.15318935208438
121,2019-05-02,69.33350075339027
122,2019-05-03,76.15318935208438
123,2019-05-04,85.24610748367655
124,2019-05-05,75.01657458563537
125,2019-05-06,86.38272225012557
126,2019-05-07,73.87995981918634
127,2019-05-08,72.74334505273733
128,2019-05-09,70.47011551983928
129,2019-05-10,69.33350075339027
130,2019-05-11,69.33350075339027
131,2019-05-12,70.47011551983928
132,2019-05-13,67.06027122049223
133,2019-05-14,70.47011551983928
134,2019-05-15,68.19688598694124
135,2019-05-16,80.69964841788047
136,2019-05-17,76.15318935208438
137,2019-05-18,70.47011551983928
138,2019-05-19,73.87995981918634
139,2019-05-20,69.33350075339027
140,2019-05-21,73.87995981918634
141,2019-05-22,76.15318935208438
142,2019-05-23,65.9236564540432
143,2019-05-24,70.47011551983928
144,2019-05-25,69.33350075339027
145,2019-05-26,78.42641888498243
146,2019-05-27,72.74334505273733
147,2019-05-28,71.60673028628831
148,2019-05-29,73.87995981918634
149,2019-05-30,71.60673028628831
150,2019-05-31,68.19688598694124
151,2019-06-01,69.81927710843372
152,2019-06-02,70.96385542168673
153,2019-06-03,83.55421686746986
154,2019-06-04,100.72289156626505
155,2019-06-05,92.71084337349396
156,2019-06-06,81.26506024096385
157,2019-06-07,82.40963855421685
158,2019-06-08,78.97590361445782
159,2019-06-09,80.12048192771083
160,2019-06-10,75.54216867469879
161,2019-06-11,78.97590361445782
162,2019-06-12,76.68674698795179
163,2019-06-13,75.54216867469879
164,2019-06-14,74.39759036144576
165,2019-06-15,67.5301204819277
166,2019-06-16,80.12048192771083
167,2019-06-17,77.8313253012048
168,2019-06-18,77.8313253012048
169,2019-06-19,67.5301204819277
170,2019-06-20,81.26506024096385
171,2019-06-21,64.09638554216866
172,2019-06-22,67.5301204819277
173,2019-06-23,69.81927710843372
174,2019-06-24,67.5301204819277
175,2019-06-25,73.25301204819276
176,2019-06-26,72.10843373493975
177,2019-06-27,73.25301204819276
178,2019-06-28,70.96385542168673
179,2019-06-29,72.10843373493975
180,2019-06-30,75.54216867469879
181,2019-07-01,69.21263482280432
182,2019-07-02,72.5084745762712
183,2019-07-03,67.01540832049307
184,2019-07-04,67.01540832049307
185,2019-07-05,65.91679506933745
186,2019-07-06,70.31124807395994
187,2019-07-07,75.80431432973806
188,2019-07-08,78.00154083204932
189,2019-07-09,73.60708782742682
190,2019-07-10,69.21263482280432
191,2019-07-11,75.80431432973806
192,2019-07-12,72.5084745762712
193,2019-07-13,71.40986132511557
194,2019-07-14,76.90292758089369
195,2019-07-15,79.10015408320494
196,2019-07-16,76.90292758089369
197,2019-07-17,78.00154083204932
198,2019-07-18,62.620955315870575
199,2019-07-19,64.81818181818183
200,2019-07-20,62.620955315870575
201,2019-07-21,62.620955315870575
202,2019-07-22,70.31124807395994
203,2019-07-23,60.42372881355933
204,2019-07-24,63.7195685670262
205,2019-07-25,60.42372881355933
206,2019-07-26,60.42372881355933
207,2019-07-27,63.7195685670262
208,2019-07-28,65.91679506933745
209,2019-07-29,68.11402157164869
210,2019-07-30,68.11402157164869
211,2019-07-31,65.91679506933745
212,2019-08-01,64.04191616766468
213,2019-08-02,66.17664670658684
214,2019-08-03,62.9745508982036
215,2019-08-04,62.9745508982036
216,2019-08-05,62.9745508982036
217,2019-08-06,68.311377245509
218,2019-08-07,68.311377245509
219,2019-08-08,66.17664670658684
220,2019-08-09,66.17664670658684
221,2019-08-10,64.04191616766468
222,2019-08-11,62.9745508982036
223,2019-08-12,67.24401197604791
224,2019-08-13,70.44610778443115
225,2019-08-14,64.04191616766468
226,2019-08-15,70.44610778443115
227,2019-08-16,78.98502994011977
228,2019-08-17,74.71556886227546
229,2019-08-18,72.5808383233533
230,2019-08-19,72.5808383233533
231,2019-08-20,69.37874251497007
232,2019-08-21,74.71556886227546
233,2019-08-22,66.17664670658684
234,2019-08-23,73.64820359281438
235,2019-08-24,68.311377245509
236,2019-08-25,69.37874251497007
237,2019-08-26,76.85029940119762
238,2019-08-27,70.44610778443115
239,2019-08-28,65.10928143712576
240,2019-08-29,69.37874251497007
241,2019-08-30,72.5808383233533
242,2019-08-31,76.85029940119762
243,2019-09-01,82.30088495575221
244,2019-09-01,73.29922566371681
245,2019-09-02,75.87112831858407
246,2019-09-03,73.29922566371681
247,2019-09-04,72.01327433628319
248,2019-09-05,69.44137168141593
249,2019-09-06,73.29922566371681
250,2019-09-07,72.01327433628319
251,2019-09-08,78.44303097345133
252,2019-09-09,69.44137168141593
253,2019-09-10,75.87112831858407
254,2019-09-11,75.87112831858407
255,2019-09-12,73.29922566371681
256,2019-09-13,78.44303097345133
257,2019-09-14,70.72732300884955
258,2019-09-15,72.01327433628319
259,2019-09-16,72.01327433628319
260,2019-09-17,73.29922566371681
261,2019-09-18,75.87112831858407
262,2019-09-19,70.72732300884955
263,2019-09-20,69.44137168141593
264,2019-09-21,72.01327433628319
265,2019-09-22,77.15707964601769
266,2019-09-23,74.58517699115043
267,2019-09-24,73.29922566371681
268,2019-09-25,86.15873893805309
269,2019-09-26,75.87112831858407
270,2019-09-27,70.72732300884955
271,2019-09-28,79.72898230088495
272,2019-09-29,91.30254424778761
273,2019-09-30,77.15707964601769
274,2019-10-01,74.54394693200663
275,2019-10-02,69.40298507462687
276,2019-10-03,71.97346600331676
277,2019-10-04,66.83250414593698
278,2019-10-05,79.6849087893864
279,2019-10-06,64.2620232172471
280,2019-10-07,75.82918739635157
281,2019-10-08,80.97014925373135
282,2019-10-09,83.54063018242122
283,2019-10-10,73.2587064676617
284,2019-10-11,73.2587064676617
285,2019-10-12,77.11442786069652
286,2019-10-13,88.681592039801
287,2019-10-14,75.82918739635157
288,2019-10-15,73.2587064676617
289,2019-10-16,74.54394693200663
290,2019-10-17,74.54394693200663
291,2019-10-18,75.82918739635157
292,2019-10-19,75.82918739635157
293,2019-10-20,74.54394693200663
294,2019-10-21,80.97014925373135
295,2019-10-22,74.54394693200663
296,2019-10-23,73.2587064676617
297,2019-10-24,71.97346600331676
298,2019-10-25,70.6882255389718
299,2019-10-26,82.25538971807629
300,2019-10-27,74.54394693200663
301,2019-10-28,70.6882255389718
302,2019-10-29,71.97346600331676
303,2019-10-30,75.82918739635157
304,2019-10-31,74.54394693200663
305,2019-11-01,73.56867071152786
306,2019-11-02,81.31274131274132
307,2019-11-03,76.15002757859902
308,2019-11-04,76.15002757859902
309,2019-11-05,72.27799227799228
310,2019-11-06,69.69663541092113
311,2019-11-07,76.15002757859902
312,2019-11-08,76.15002757859902
313,2019-11-09,70.98731384445671
314,2019-11-10,82.6034197462769
315,2019-11-11,73.56867071152786
316,2019-11-12,76.15002757859902
317,2019-11-13,77.4407060121346
318,2019-11-14,73.56867071152786
319,2019-11-15,77.4407060121346
320,2019-11-16,77.4407060121346
321,2019-11-17,80.02206287920575
322,2019-11-18,83.89409817981247
323,2019-11-19,74.85934914506343
324,2019-11-20,78.73138444567017
325,2019-11-21,76.15002757859902
326,2019-11-22,80.02206287920575
327,2019-11-23,77.4407060121346
328,2019-11-24,82.6034197462769
329,2019-11-25,77.4407060121346
330,2019-11-26,82.6034197462769
331,2019-11-27,78.73138444567017
332,2019-11-28,76.15002757859902
333,2019-11-29,96.80088251516824
334,2019-11-30,83.89409817981247
335,2019-12-01,92.96705632306056
336,2019-12-02,86.13124335812964
337,2019-12-03,79.29543039319871
338,2019-12-04,76.56110520722635
339,2019-12-05,76.56110520722635
340,2019-12-06,75.19394261424017
341,2019-12-07,76.56110520722635
342,2019-12-08,87.49840595111583
343,2019-12-09,84.76408076514346
344,2019-12-10,75.19394261424017
345,2019-12-11,83.39691817215727
346,2019-12-12,79.29543039319871
347,2019-12-13,80.6625929861849
348,2019-12-14,88.86556854410202
349,2019-12-15,87.49840595111583
350,2019-12-16,87.49840595111583
351,2019-12-17,83.39691817215727
352,2019-12-18,80.6625929861849
353,2019-12-19,82.0297555791711
354,2019-12-20,83.39691817215727
355,2019-12-21,80.6625929861849
356,2019-12-22,84.76408076514346
357,2019-12-23,83.39691817215727
358,2019-12-24,77.92826780021254
359,2019-12-25,88.86556854410202
360,2019-12-26,83.39691817215727
361,2019-12-27,91.59989373007438
362,2019-12-28,83.39691817215727
363,2019-12-29,91.59989373007438
364,2019-12-30,82.0297555791711
365,2019-12-31,77.92826780021254
366,2020-01-01,66.87678767876787
367,2020-01-02,78.23322332233222
368,2020-01-03,79.49504950495049
369,2020-01-04,76.97139713971397
370,2020-01-05,76.97139713971397
371,2020-01-06,74.44774477447744
372,2020-01-07,78.23322332233222
373,2020-01-08,73.18591859185918
374,2020-01-09,76.97139713971397
375,2020-01-10,74.44774477447744
376,2020-01-11,78.23322332233222
377,2020-01-12,75.7095709570957
378,2020-01-13,71.92409240924091
379,2020-01-14,73.18591859185918
380,2020-01-15,78.23322332233222
381,2020-01-16,74.44774477447744
382,2020-01-17,73.18591859185918
383,2020-01-18,78.23322332233222
384,2020-01-19,73.18591859185918
385,2020-01-20,74.44774477447744
386,2020-01-21,73.18591859185918
387,2020-01-22,70.66226622662266
388,2020-01-23,79.49504950495049
389,2020-01-24,66.87678767876787
390,2020-01-25,69.4004400440044
391,2020-01-26,70.66226622662266
392,2020-01-27,65.6149614961496
393,2020-01-28,73.18591859185918
394,2020-01-29,71.92409240924091
395,2020-01-30,73.18591859185918
396,2020-01-31,73.18591859185918
397,2020-02-01,80.27042079207921
398,2020-02-02,78.99628712871288
399,2020-02-03,67.52908415841584
400,2020-02-04,67.52908415841584
401,2020-02-05,71.35148514851485
402,2020-02-06,76.44801980198021
403,2020-02-07,72.6256188118812
404,2020-02-08,73.89975247524752
405,2020-02-09,80.27042079207921
406,2020-02-10,67.52908415841584
407,2020-02-11,70.07735148514853
408,2020-02-12,80.27042079207921
409,2020-02-13,66.25495049504951
410,2020-02-14,61.15841584158416
411,2020-02-15,70.07735148514853
412,2020-02-16,73.89975247524752
413,2020-02-17,67.52908415841584
414,2020-02-18,71.35148514851485
415,2020-02-19,67.52908415841584
416,2020-02-20,71.35148514851485
417,2020-02-21,73.89975247524752
418,2020-02-22,70.07735148514853
419,2020-02-23,71.35148514851485
420,2020-02-24,70.07735148514853
421,2020-02-25,70.07735148514853
422,2020-02-26,64.98081683168317
423,2020-02-27,64.98081683168317
424,2020-02-28,68.80321782178218
425,2020-02-29,68.80321782178218
426,2020-03-01,70.56304138594803
427,2020-03-02,70.56304138594803
428,2020-03-03,62.86525505293552
429,2020-03-04,71.84600577478345
430,2020-03-05,67.99711260827719
431,2020-03-06,74.41193455245428
432,2020-03-07,73.12897016361887
433,2020-03-08,69.28007699711262
434,2020-03-09,66.71414821944177
435,2020-03-10,73.12897016361887
436,2020-03-11,70.56304138594803
437,2020-03-12,66.71414821944177
438,2020-03-13,69.28007699711262
439,2020-03-14,88.52454282964389
440,2020-03-15,76.97786333012513
441,2020-03-16,84.67564966313763
442,2020-03-17,84.67564966313763
443,2020-03-18,93.65640038498557
444,2020-03-19,93.65640038498557
445,2020-03-20,85.95861405197306
446,2020-03-21,93.65640038498557
447,2020-03-22,96.22232916265641
448,2020-03-23,98.78825794032724
449,2020-03-24,101.35418671799808
450,2020-03-25,100.07122232916267
451,2020-03-26,102.6371511068335
452,2020-03-27,87.24157844080847
453,2020-03-28,102.6371511068335
454,2020-03-29,120.59865255052937
455,2020-03-30,128.29643888354187
456,2020-03-31,119.31568816169394
457,2020-04-01,111.23451516445964
458,2020-04-02,104.61341307133704
459,2020-04-03,88.7227680478428
460,2020-04-04,104.61341307133704
461,2020-04-05,101.964972234088
462,2020-04-06,97.99231097821443
463,2020-04-07,95.34387014096541
464,2020-04-08,92.69542930371637
465,2020-04-09,104.61341307133704
466,2020-04-10,104.61341307133704
467,2020-04-11,88.7227680478428
468,2020-04-12,96.66809055958991
469,2020-04-13,101.964972234088
470,2020-04-14,97.99231097821443
471,2020-04-15,101.964972234088
472,2020-04-16,103.28919265271252
473,2020-04-17,101.964972234088
474,2020-04-18,99.31653139683895
475,2020-04-19,104.61341307133704
476,2020-04-20,107.26185390858608
477,2020-04-21,101.964972234088
478,2020-04-22,100.64075181546347
479,2020-04-23,100.64075181546347
480,2020-04-24,95.34387014096541
481,2020-04-25,95.34387014096541
482,2020-04-26,97.99231097821443
483,2020-04-27,99.31653139683895
484,2020-04-28,100.64075181546347
485,2020-04-29,105.93763348996156
486,2020-04-30,99.31653139683895
487,2020-04-30,92.69542930371637
488,2020-05-01,107.58378114313629
489,2020-05-02,100.31460674157303
490,2020-05-03,98.86077186126037
491,2020-05-04,103.22227650219834
492,2020-05-05,101.76844162188569
493,2020-05-06,97.40693698094772
494,2020-05-07,98.86077186126037
495,2020-05-08,93.04543234000977
496,2020-05-09,100.31460674157303
497,2020-05-10,103.22227650219834
498,2020-05-11,100.31460674157303
499,2020-05-12,100.31460674157303
500,2020-05-13,103.22227650219834
501,2020-05-14,94.49926722032242
502,2020-05-15,93.04543234000977
503,2020-05-16,97.40693698094772
504,2020-05-17,94.49926722032242
505,2020-05-18,94.49926722032242
506,2020-05-19,97.40693698094772
507,2020-05-20,91.59159745969711
508,2020-05-21,90.13776257938446
509,2020-05-22,91.59159745969711
510,2020-05-23,104.67611138251098
511,2020-05-24,95.95310210063508
512,2020-05-25,93.04543234000977
513,2020-05-26,95.95310210063508
514,2020-05-27,88.68392769907182
515,2020-05-28,81.41475329750855
516,2020-05-29,90.13776257938446
517,2020-05-30,88.68392769907182
518,2020-05-31,84.32242305813385
519,2020-06-01,87.00163844893501
520,2020-06-02,79.62861824139814
521,2020-06-03,89.95084653194976
522,2020-06-04,89.95084653194976
523,2020-06-05,84.05243036592027
524,2020-06-06,94.37465865647188
525,2020-06-07,89.95084653194976
526,2020-06-08,100.27307482250137
527,2020-06-09,95.84926269797926
528,2020-06-10,89.95084653194976
529,2020-06-11,91.42545057345713
530,2020-06-12,94.37465865647188
531,2020-06-13,92.9000546149645
532,2020-06-14,89.95084653194976
533,2020-06-15,82.5778263244129
534,2020-06-16,91.42545057345713
535,2020-06-17,97.32386673948663
536,2020-06-18,87.00163844893501
537,2020-06-19,91.42545057345713
538,2020-06-20,87.00163844893501
539,2020-06-21,88.47624249044239
540,2020-06-22,113.54451119606773
541,2020-06-23,103.22228290551612
542,2020-06-24,88.47624249044239
543,2020-06-25,81.10322228290552
544,2020-06-26,85.52703440742764
545,2020-06-27,85.52703440742764
546,2020-06-28,85.52703440742764
547,2020-06-29,82.5778263244129
548,2020-06-30,79.62861824139814
549,2020-07-01,78.560706401766
550,2020-07-02,74.35209713024283
551,2020-07-03,81.36644591611478
552,2020-07-04,77.15783664459161
553,2020-07-05,75.75496688741721
554,2020-07-06,78.560706401766
555,2020-07-07,78.560706401766
556,2020-07-08,88.38079470198676
557,2020-07-09,88.38079470198676
558,2020-07-10,84.17218543046357
559,2020-07-11,82.76931567328919
560,2020-07-12,81.36644591611478
561,2020-07-13,81.36644591611478
562,2020-07-14,78.560706401766
563,2020-07-15,79.9635761589404
564,2020-07-16,82.76931567328919
565,2020-07-17,78.560706401766
566,2020-07-18,84.17218543046357
567,2020-07-19,82.76931567328919
568,2020-07-20,82.76931567328919
569,2020-07-21,88.38079470198676
570,2020-07-22,84.17218543046357
571,2020-07-23,86.97792494481236
572,2020-07-24,79.9635761589404
573,2020-07-25,85.57505518763797
574,2020-07-26,85.57505518763797
575,2020-07-27,85.57505518763797
576,2020-07-28,81.36644591611478
577,2020-07-29,79.9635761589404
578,2020-07-30,84.17218543046357
579,2020-07-31,79.9635761589404
580,2020-08-01,85.72027627035025
581,2020-08-02,95.89047853971385
582,2020-08-03,91.53182042427231
583,2020-08-04,111.8722249629995
584,2020-08-05,145.28860384805128
585,2020-08-06,114.77799703996052
586,2020-08-07,95.89047853971385
587,2020-08-08,94.43759250123334
588,2020-08-09,98.79625061667488
589,2020-08-10,92.98470646275283
590,2020-08-11,87.17316230883077
591,2020-08-12,81.36161815490873
592,2020-08-13,90.0789343857918
593,2020-08-14,79.90873211642821
594,2020-08-15,94.43759250123334
595,2020-08-16,94.43759250123334
596,2020-08-17,94.43759250123334
597,2020-08-18,91.53182042427231
598,2020-08-19,92.98470646275283
599,2020-08-20,91.53182042427231
600,2020-08-21,90.0789343857918
601,2020-08-22,90.0789343857918
602,2020-08-23,92.98470646275283
603,2020-08-24,94.43759250123334
604,2020-08-25,92.98470646275283
605,2020-08-26,92.98470646275283
606,2020-08-27,92.98470646275283
607,2020-08-28,88.62604834731128
608,2020-08-29,94.43759250123334
609,2020-08-30,100.2491366551554
610,2020-08-31,90.0789343857918
611,2020-09-01,88.70167339873052
612,2020-09-02,90.15579919215234
613,2020-09-03,88.70167339873052
614,2020-09-04,84.33929601846509
615,2020-09-05,88.70167339873052
616,2020-09-06,88.70167339873052
617,2020-09-07,85.7934218118869
618,2020-09-08,85.7934218118869
619,2020-09-09,84.33929601846509
620,2020-09-10,81.43104443162147
621,2020-09-11,81.43104443162147
622,2020-09-12,84.33929601846509
623,2020-09-13,95.97230236583958
624,2020-09-14,84.33929601846509
625,2020-09-15,79.97691863819965
626,2020-09-16,82.88517022504328
627,2020-09-17,82.88517022504328
628,2020-09-18,84.33929601846509
629,2020-09-19,84.33929601846509
630,2020-09-20,75.61454125793422
631,2020-09-21,79.97691863819965
632,2020-09-22,84.33929601846509
633,2020-09-23,72.7062896710906
634,2020-09-24,85.7934218118869
635,2020-09-25,77.06866705135603
636,2020-09-26,87.24754760530871
637,2020-09-27,84.33929601846509
638,2020-09-28,79.97691863819965
639,2020-09-29,85.7934218118869
640,2020-09-30,79.97691863819965
641,2020-10-01,77.18106995884774
642,2020-10-02,79.98765432098766
643,2020-10-03,74.37448559670783
644,2020-10-04,77.18106995884774
645,2020-10-05,78.5843621399177
646,2020-10-06,79.98765432098766
647,2020-10-07,77.18106995884774
648,2020-10-08,75.77777777777779
649,2020-10-09,74.37448559670783
650,2020-10-10,84.19753086419755
651,2020-10-11,77.18106995884774
652,2020-10-12,77.18106995884774
653,2020-10-13,87.00411522633746
654,2020-10-14,77.18106995884774
655,2020-10-15,78.5843621399177
656,2020-10-16,79.98765432098766
657,2020-10-17,78.5843621399177
658,2020-10-18,77.18106995884774
659,2020-10-19,71.56790123456791
660,2020-10-20,63.14814814814815
661,2020-10-21,74.37448559670783
662,2020-10-22,71.56790123456791
663,2020-10-23,79.98765432098766
664,2020-10-24,78.5843621399177
665,2020-10-25,81.39094650205762
666,2020-10-26,85.6008230452675
667,2020-10-27,81.39094650205762
668,2020-10-28,61.744855967078195
669,2020-10-29,74.37448559670783
670,2020-10-30,74.37448559670783
671,2020-10-31,77.18106995884774
672,2020-11-01,77.46666666666667
673,2020-11-02,78.85
674,2020-11-03,78.85
675,2020-11-04,60.86666666666667
676,2020-11-05,65.01666666666667
677,2020-11-06,67.78333333333333
678,2020-11-07,71.93333333333334
679,2020-11-08,77.46666666666667
680,2020-11-09,74.7
681,2020-11-10,84.38333333333333
682,2020-11-11,91.3
683,2020-11-12,88.53333333333333
684,2020-11-13,89.91666666666667
685,2020-11-14,94.06666666666666
686,2020-11-15,91.3
687,2020-11-16,91.3
688,2020-11-17,85.76666666666667
689,2020-11-18,83.0
690,2020-11-19,84.38333333333333
691,2020-11-20,85.76666666666667
692,2020-11-21,84.38333333333333
693,2020-11-22,89.91666666666667
694,2020-11-23,83.0
695,2020-11-24,84.38333333333333
696,2020-11-25,81.61666666666666
697,2020-11-26,83.0
698,2020-11-27,95.45
699,2020-11-28,91.3
700,2020-11-29,88.53333333333333
701,2020-11-30,85.76666666666667
702,2020-12-01,75.04080171796707
703,2020-12-02,67.00071581961346
704,2020-12-03,73.7007874015748
705,2020-12-04,75.04080171796707
706,2020-12-05,71.02075876879026
707,2020-12-06,79.06084466714388
708,2020-12-07,67.00071581961346
709,2020-12-08,76.38081603435934
710,2020-12-09,76.38081603435934
711,2020-12-10,71.02075876879026
712,2020-12-11,68.34073013600572
713,2020-12-12,79.06084466714388
714,2020-12-13,77.72083035075161
715,2020-12-14,87.10093056549749
716,2020-12-15,77.72083035075161
717,2020-12-16,73.7007874015748
718,2020-12-17,71.02075876879026
719,2020-12-18,73.7007874015748
720,2020-12-19,75.04080171796707
721,2020-12-20,80.40085898353614
722,2020-12-21,72.36077308518253
723,2020-12-22,71.02075876879026
724,2020-12-23,67.00071581961346
725,2020-12-24,71.02075876879026
726,2020-12-25,84.42090193271295
727,2020-12-26,80.40085898353614
728,2020-12-27,87.10093056549749
729,2020-12-28,72.36077308518253
730,2020-12-29,91.1209735146743
731,2020-12-29,117.15553737600982
732,2020-12-30,99.79916146845281
733,2020-12-31,86.78187953778504
734,2021-01-01,83.14868804664724
735,2021-01-02,86.76384839650147
736,2021-01-03,86.76384839650147
737,2021-01-04,83.14868804664724
738,2021-01-05,83.14868804664724
739,2021-01-06,75.91836734693878
740,2021-01-07,75.91836734693878
741,2021-01-08,75.91836734693878
742,2021-01-09,79.533527696793
743,2021-01-10,79.533527696793
744,2021-01-11,75.91836734693878
745,2021-01-12,79.533527696793
746,2021-01-13,79.533527696793
747,2021-01-14,83.14868804664724
748,2021-01-15,75.91836734693878
749,2021-01-16,90.37900874635568
750,2021-01-17,86.76384839650147
751,2021-01-18,75.91836734693878
752,2021-01-19,68.68804664723032
753,2021-01-20,79.533527696793
754,2021-01-21,79.533527696793
755,2021-01-22,75.91836734693878
756,2021-01-23,83.14868804664724
757,2021-01-24,79.533527696793
758,2021-01-25,79.533527696793
759,2021-01-26,75.91836734693878
760,2021-01-27,75.91836734693878
761,2021-01-28,79.533527696793
762,2021-01-29,79.533527696793
763,2021-01-30,83.14868804664724
764,2021-01-31,83.14868804664724
765,2021-02-01,75.25597269624572
766,2021-02-02,75.25597269624572
767,2021-02-03,75.25597269624572
768,2021-02-04,75.25597269624572
769,2021-02-05,78.839590443686
770,2021-02-06,75.25597269624572
771,2021-02-07,86.00682593856655
772,2021-02-08,75.25597269624572
773,2021-02-09,78.839590443686
774,2021-02-10,75.25597269624572
775,2021-02-11,78.839590443686
776,2021-02-12,75.25597269624572
777,2021-02-13,78.839590443686
778,2021-02-14,75.25597269624572
779,2021-02-15,75.25597269624572
780,2021-02-16,71.67235494880545
781,2021-02-17,75.25597269624572
782,2021-02-18,71.67235494880545
783,2021-02-19,71.67235494880545
784,2021-02-20,75.25597269624572
785,2021-02-21,78.839590443686
786,2021-02-22,71.67235494880545
787,2021-02-23,68.08873720136518
788,2021-02-24,71.67235494880545
789,2021-02-25,68.08873720136518
790,2021-02-26,75.25597269624572
791,2021-02-27,71.67235494880545
792,2021-02-28,75.25597269624572
793,2021-03-01,67.3142857142857
794,2021-03-02,77.94285714285714
795,2021-03-03,70.85714285714285
796,2021-03-04,70.85714285714285
797,2021-03-05,70.85714285714285
798,2021-03-06,74.39999999999999
799,2021-03-07,77.94285714285714
800,2021-03-08,81.48571428571428
801,2021-03-09,81.48571428571428
802,2021-03-10,74.39999999999999
803,2021-03-11,67.3142857142857
804,2021-03-12,70.85714285714285
805,2021-03-13,77.94285714285714
806,2021-03-14,74.39999999999999
807,2021-03-15,63.771428571428565
808,2021-03-16,67.3142857142857
809,2021-03-17,70.85714285714285
810,2021-03-18,67.3142857142857
811,2021-03-19,70.85714285714285
812,2021-03-20,74.39999999999999
813,2021-03-21,63.771428571428565
814,2021-03-22,70.85714285714285
815,2021-03-23,70.85714285714285
816,2021-03-24,74.39999999999999
817,2021-03-25,67.3142857142857
818,2021-03-26,70.85714285714285
819,2021-03-27,77.94285714285714
820,2021-03-28,70.85714285714285
821,2021-03-29,74.39999999999999
822,2021-03-30,70.85714285714285
823,2021-03-31,67.3142857142857
824,2021-04-01,63.79474940334129
825,2021-04-02,70.88305489260144
826,2021-04-03,67.33890214797137
827,2021-04-04,70.88305489260144
828,2021-04-05,67.33890214797137
829,2021-04-06,63.79474940334129
830,2021-04-07,63.79474940334129
831,2021-04-08,63.79474940334129
832,2021-04-09,63.79474940334129
833,2021-04-10,63.79474940334129
834,2021-04-11,74.4272076372315
835,2021-04-12,70.88305489260144
836,2021-04-13,63.79474940334129
837,2021-04-14,63.79474940334129
838,2021-04-15,67.33890214797137
839,2021-04-16,63.79474940334129
840,2021-04-17,63.79474940334129
841,2021-04-18,67.33890214797137
842,2021-04-19,81.51551312649165
843,2021-04-20,223.2816229116945
844,2021-04-21,354.41527446300717
845,2021-04-22,209.1050119331742
846,2021-04-23,159.48687350835323
847,2021-04-24,131.13365155131265
848,2021-04-25,116.95704057279237
849,2021-04-26,102.78042959427209
850,2021-04-27,92.14797136038186
851,2021-04-28,95.69212410501194
852,2021-04-29,95.69212410501194
853,2021-04-30,113.4128878281623
854,2021-05-01,98.89037758830695
855,2021-05-02,87.90255785627285
856,2021-05-03,91.56516443361754
857,2021-05-04,84.23995127892815
858,2021-05-05,80.57734470158344
859,2021-05-06,87.90255785627285
860,2021-05-07,76.91473812423874
861,2021-05-08,80.57734470158344
862,2021-05-09,84.23995127892815
863,2021-05-10,80.57734470158344
864,2021-05-11,80.57734470158344
865,2021-05-12,69.58952496954933
866,2021-05-13,76.91473812423874
867,2021-05-14,84.23995127892815
868,2021-05-15,84.23995127892815
869,2021-05-16,80.57734470158344
870,2021-05-17,69.58952496954933
871,2021-05-18,106.21559074299635
872,2021-05-19,102.55298416565165
873,2021-05-20,95.22777101096224
874,2021-05-21,135.51644336175397
875,2021-05-22,135.51644336175397
876,2021-05-23,131.85383678440925
877,2021-05-24,128.19123020706456
878,2021-05-25,120.86601705237516
879,2021-05-26,113.54080389768575
880,2021-05-27,113.54080389768575
881,2021-05-28,109.87819732034104
882,2021-05-29,109.87819732034104
883,2021-05-30,113.54080389768575
884,2021-05-31,91.56516443361754
885,2021-06-01,88.8157894736842
886,2021-06-02,88.8157894736842
887,2021-06-03,88.8157894736842
888,2021-06-04,95.92105263157895
889,2021-06-05,106.57894736842104
890,2021-06-06,103.02631578947368
891,2021-06-07,88.8157894736842
892,2021-06-08,85.26315789473685
893,2021-06-09,81.71052631578947
894,2021-06-10,85.26315789473685
895,2021-06-11,78.1578947368421
896,2021-06-12,81.71052631578947
897,2021-06-13,85.26315789473685
898,2021-06-14,74.60526315789473
899,2021-06-15,74.60526315789473
900,2021-06-16,71.05263157894736
901,2021-06-17,74.60526315789473
902,2021-06-18,74.60526315789473
903,2021-06-19,74.60526315789473
904,2021-06-20,74.60526315789473
905,2021-06-21,81.71052631578947
906,2021-06-22,78.1578947368421
907,2021-06-23,71.05263157894736
908,2021-06-24,78.1578947368421
909,2021-06-25,67.5
910,2021-06-26,74.60526315789473
911,2021-06-27,78.1578947368421
912,2021-06-28,71.05263157894736
913,2021-06-29,71.05263157894736
914,2021-06-30,81.71052631578947
915,2021-07-01,72.31726283048211
916,2021-07-02,75.93312597200621
917,2021-07-03,72.31726283048211
918,2021-07-04,75.93312597200621
919,2021-07-05,75.93312597200621
920,2021-07-06,72.31726283048211
921,2021-07-07,72.31726283048211
922,2021-07-08,79.54898911353031
923,2021-07-09,79.54898911353031
924,2021-07-10,68.701399688958
925,2021-07-11,75.93312597200621
926,2021-07-12,75.93312597200621
927,2021-07-13,72.31726283048211
928,2021-07-14,72.31726283048211
929,2021-07-15,68.701399688958
930,2021-07-16,75.93312597200621
931,2021-07-17,72.31726283048211
932,2021-07-18,75.93312597200621
933,2021-07-19,68.701399688958
934,2021-07-20,72.31726283048211
935,2021-07-21,86.78071539657853
936,2021-07-22,75.93312597200621
937,2021-07-23,72.31726283048211
938,2021-07-24,75.93312597200621
939,2021-07-25,75.93312597200621
940,2021-07-26,75.93312597200621
941,2021-07-27,79.54898911353031
942,2021-07-28,75.93312597200621
943,2021-07-29,79.54898911353031
944,2021-07-30,72.31726283048211
945,2021-07-31,79.54898911353031
946,2021-08-01,79.68705784436122
947,2021-08-02,79.68705784436122
948,2021-08-03,76.0649188514357
949,2021-08-04,79.68705784436122
950,2021-08-05,76.0649188514357
951,2021-08-06,72.44277985851019
952,2021-08-07,76.0649188514357
953,2021-08-08,79.68705784436122
954,2021-08-09,83.30919683728673
955,2021-08-10,79.68705784436122
956,2021-08-11,83.30919683728673
957,2021-08-12,76.0649188514357
958,2021-08-13,86.93133583021225
959,2021-08-14,79.68705784436122
960,2021-08-15,79.68705784436122
961,2021-08-16,86.93133583021225
962,2021-08-17,83.30919683728673
963,2021-08-18,86.93133583021225
964,2021-08-19,79.68705784436122
965,2021-08-20,79.68705784436122
966,2021-08-21,76.0649188514357
967,2021-08-22,86.93133583021225
968,2021-08-23,90.55347482313775
969,2021-08-24,90.55347482313775
970,2021-08-25,79.68705784436122
971,2021-08-26,86.93133583021225
972,2021-08-27,76.0649188514357
973,2021-08-28,72.44277985851019
974,2021-08-28,66.05076987099459
975,2021-08-29,78.8347898460258
976,2021-08-30,74.57344985434872
977,2021-08-31,76.70411985018727
978,2021-09-01,79.6600566572238
979,2021-09-02,75.35410764872522
980,2021-09-03,71.04815864022665
981,2021-09-04,77.50708215297452
982,2021-09-05,86.11898016997169
983,2021-09-06,79.6600566572238
984,2021-09-07,77.50708215297452
985,2021-09-08,75.35410764872522
986,2021-09-09,73.20113314447593
987,2021-09-10,83.96600566572239
988,2021-09-11,75.35410764872522
989,2021-09-12,81.8130311614731
990,2021-09-13,77.50708215297452
991,2021-09-14,83.96600566572239
992,2021-09-15,83.96600566572239
993,2021-09-16,71.04815864022665
994,2021-09-17,77.50708215297452
995,2021-09-18,73.20113314447593
996,2021-09-19,75.35410764872522
997,2021-09-20,73.20113314447593
998,2021-09-21,75.35410764872522
999,2021-09-22,73.20113314447593
1000,2021-09-23,79.6600566572238
1001,2021-09-24,73.20113314447593
1002,2021-09-25,71.04815864022665
1003,2021-09-26,75.35410764872522
1004,2021-09-27,71.04815864022665
1005,2021-09-28,71.04815864022665
1006,2021-09-29,68.89518413597735
1007,2021-09-30,68.89518413597735
1008,2021-10-01,72.93250950570342
1009,2021-10-02,79.56273764258556
1010,2021-10-03,77.35266159695817
1011,2021-10-04,72.93250950570342
1012,2021-10-05,77.35266159695817
1013,2021-10-06,72.93250950570342
1014,2021-10-07,70.72243346007605
1015,2021-10-08,68.51235741444867
1016,2021-10-09,72.93250950570342
1017,2021-10-10,75.1425855513308
1018,2021-10-11,75.1425855513308
1019,2021-10-12,75.1425855513308
1020,2021-10-13,79.56273764258556
1021,2021-10-14,64.09220532319391
1022,2021-10-15,72.93250950570342
1023,2021-10-16,75.1425855513308
1024,2021-10-17,77.35266159695817
1025,2021-10-18,79.56273764258556
1026,2021-10-19,81.77281368821292
1027,2021-10-20,77.35266159695817
1028,2021-10-21,75.1425855513308
1029,2021-10-22,70.72243346007605
1030,2021-10-23,75.1425855513308
1031,2021-10-24,75.1425855513308
1032,2021-10-25,72.93250950570342
1033,2021-10-26,75.1425855513308
1034,2021-10-27,77.35266159695817
1035,2021-10-28,75.1425855513308
1036,2021-10-29,75.1425855513308
1037,2021-10-30,75.1425855513308
1038,2021-10-31,79.56273764258556
1039,2021-11-01,82.84377923292799
1040,2021-11-02,80.54256314312443
1041,2021-11-03,73.63891487371377
1042,2021-11-04,80.54256314312443
1043,2021-11-05,94.34985968194576
1044,2021-11-06,85.14499532273153
1045,2021-11-07,85.14499532273153
1046,2021-11-08,78.24134705332088
1047,2021-11-09,78.24134705332088
1048,2021-11-10,75.94013096351732
1049,2021-11-11,80.54256314312443
1050,2021-11-12,80.54256314312443
1051,2021-11-13,80.54256314312443
1052,2021-11-14,80.54256314312443
1053,2021-11-15,80.54256314312443
1054,2021-11-16,75.94013096351732
1055,2021-11-17,75.94013096351732
1056,2021-11-18,82.84377923292799
1057,2021-11-19,78.24134705332088
1058,2021-11-20,75.94013096351732
1059,2021-11-21,85.14499532273153
1060,2021-11-22,85.14499532273153
1061,2021-11-23,82.84377923292799
1062,2021-11-24,82.84377923292799
1063,2021-11-25,78.24134705332088
1064,2021-11-26,94.34985968194576
1065,2021-11-27,89.74742750233865
1066,2021-11-28,87.4462114125351
1067,2021-11-29,87.4462114125351
1068,2021-11-30,80.54256314312443
1069,2021-12-01,78.14003590664272
1070,2021-12-02,73.79892280071812
1071,2021-12-03,78.14003590664272
1072,2021-12-04,73.79892280071812
1073,2021-12-05,73.79892280071812
1074,2021-12-06,78.14003590664272
1075,2021-12-07,71.62836624775582
1076,2021-12-08,73.79892280071812
1077,2021-12-09,73.79892280071812
1078,2021-12-10,71.62836624775582
1079,2021-12-11,78.14003590664272
1080,2021-12-12,84.6517055655296
1081,2021-12-13,71.62836624775582
1082,2021-12-14,71.62836624775582
1083,2021-12-15,75.96947935368041
1084,2021-12-16,73.79892280071812
1085,2021-12-17,75.96947935368041
1086,2021-12-18,95.5044883303411
1087,2021-12-19,80.310592459605
1088,2021-12-20,75.96947935368041
1089,2021-12-21,71.62836624775582
1090,2021-12-22,71.62836624775582
1091,2021-12-23,71.62836624775582
1092,2021-12-24,75.96947935368041
1093,2021-12-25,88.9928186714542
1094,2021-12-26,88.9928186714542
1095,2021-12-27,93.3339317773788
1096,2021-12-28,80.310592459605
1097,2021-12-29,88.9928186714542
1098,2021-12-30,84.6517055655296
1099,2021-12-31,71.62836624775582
1100,2022-01-01,79.10344827586208
1101,2022-01-02,87.65517241379312
1102,2022-01-03,87.65517241379312
1103,2022-01-04,213.7931034482759
1104,2022-01-05,79.10344827586208
1105,2022-01-06,72.68965517241381
1106,2022-01-07,87.65517241379312
1107,2022-01-08,89.79310344827589
1108,2022-01-09,89.79310344827589
1109,2022-01-10,85.51724137931036
1110,2022-01-11,87.65517241379312
1111,2022-01-12,83.3793103448276
1112,2022-01-13,183.86206896551727
1113,2022-01-14,59.86206896551725
1114,2022-01-15,91.93103448275863
1115,2022-01-16,186.00000000000003
1116,2022-01-17,72.68965517241381
1117,2022-01-18,72.68965517241381
1118,2022-01-19,74.82758620689656
1119,2022-01-20,76.96551724137933
1120,2022-01-21,79.10344827586208
1121,2022-01-22,87.65517241379312
1122,2022-01-23,83.3793103448276
1123,2022-01-24,183.86206896551727
1124,2022-01-25,74.82758620689656
1125,2022-01-26,76.96551724137933
1126,2022-01-27,81.24137931034485
1127,2022-01-28,87.65517241379312
1128,2022-01-29,94.06896551724141
1129,2022-01-30,85.51724137931036
1130,2022-01-31,79.10344827586208
1131,2022-02-01,92.65753424657535
1132,2022-02-02,95.09589041095892
1133,2022-02-03,95.09589041095892
1134,2022-02-04,97.53424657534248
1135,2022-02-05,95.09589041095892
1136,2022-02-06,92.65753424657535
1137,2022-02-07,95.09589041095892
1138,2022-02-08,95.09589041095892
1139,2022-02-09,95.09589041095892
1140,2022-02-10,70.7123287671233
1141,2022-02-11,87.78082191780823
1142,2022-02-12,92.65753424657535
1143,2022-02-13,85.34246575342466
1144,2022-02-14,87.78082191780823
1145,2022-02-15,99.97260273972603
1146,2022-02-16,90.21917808219179
1147,2022-02-17,85.34246575342466
1148,2022-02-18,92.65753424657535
1149,2022-02-19,87.78082191780823
1150,2022-02-20,90.21917808219179
1151,2022-02-21,97.53424657534248
1152,2022-02-22,90.21917808219179
1153,2022-02-23,87.78082191780823
1154,2022-02-24,73.15068493150686
1155,2022-02-25,78.02739726027399
1156,2022-02-26,78.02739726027399
1157,2022-02-27,82.90410958904111
1158,2022-02-28,80.46575342465755
1159,2022-03-01,76.3570143884892
1160,2022-03-02,76.3570143884892
1161,2022-03-03,76.3570143884892
1162,2022-03-04,76.3570143884892
1163,2022-03-05,80.98471223021582
1164,2022-03-06,78.67086330935251
1165,2022-03-07,71.72931654676259
1166,2022-03-08,94.86780575539568
1167,2022-03-09,118.00629496402878
1168,2022-03-10,92.55395683453237
1169,2022-03-11,92.55395683453237
1170,2022-03-12,87.92625899280576
1171,2022-03-13,83.29856115107914
1172,2022-03-14,85.61241007194243
1173,2022-03-15,83.29856115107914
1174,2022-03-16,80.98471223021582
1175,2022-03-17,85.61241007194243
1176,2022-03-18,78.67086330935251
1177,2022-03-19,80.98471223021582
1178,2022-03-20,80.98471223021582
1179,2022-03-21,87.92625899280576
1180,2022-03-22,76.3570143884892
1181,2022-03-23,83.29856115107914
1182,2022-03-24,80.98471223021582
1183,2022-03-25,80.98471223021582
1184,2022-03-26,78.67086330935251
1185,2022-03-27,76.3570143884892
1186,2022-03-28,83.29856115107914
1187,2022-03-29,80.98471223021582
1188,2022-03-30,78.67086330935251
1189,2022-03-31,83.29856115107914
1190,2022-04-01,79.95862068965518
1191,2022-04-02,79.95862068965518
1192,2022-04-03,77.60689655172415
1193,2022-04-04,87.01379310344828
1194,2022-04-05,79.95862068965518
1195,2022-04-06,82.3103448275862
1196,2022-04-07,77.60689655172415
1197,2022-04-08,75.2551724137931
1198,2022-04-09,77.60689655172415
1199,2022-04-10,82.3103448275862
1200,2022-04-11,77.60689655172415
1201,2022-04-12,70.55172413793105
1202,2022-04-13,77.60689655172415
1203,2022-04-14,79.95862068965518
1204,2022-04-15,75.2551724137931
1205,2022-04-16,75.2551724137931
1206,2022-04-17,72.90344827586208
1207,2022-04-18,77.60689655172415
1208,2022-04-19,82.3103448275862
1209,2022-04-20,77.60689655172415
1210,2022-04-21,70.55172413793105
1211,2022-04-22,70.55172413793105
1212,2022-04-23,72.90344827586208
1213,2022-04-24,75.2551724137931
1214,2022-04-25,70.55172413793105
1215,2022-04-26,77.60689655172415
1216,2022-04-27,82.3103448275862
1217,2022-04-27,77.60689655172413
1218,2022-04-28,78.78275862068965
1219,2022-04-29,76.43103448275862
1220,2022-04-30,68.2
1221,2022-05-01,67.78308026030369
1222,2022-05-02,70.04251626898048
1223,2022-05-03,75.69110629067245
1224,2022-05-04,67.78308026030369
1225,2022-05-05,74.56138828633406
1226,2022-05-06,72.30195227765726
1227,2022-05-07,76.82082429501084
1228,2022-05-08,67.78308026030369
1229,2022-05-09,88.1180043383948
1230,2022-05-10,94.89631236442517
1231,2022-05-11,105.06377440347072
1232,2022-05-12,89.2477223427332
1233,2022-05-13,98.28546637744036
1234,2022-05-14,89.2477223427332
1235,2022-05-15,88.1180043383948
1236,2022-05-16,112.97180043383949
1237,2022-05-17,100.54490238611713
1238,2022-05-18,101.67462039045553
1239,2022-05-19,84.72885032537961
1240,2022-05-20,81.33969631236442
1241,2022-05-21,71.17223427331888
1242,2022-05-22,79.08026030368764
1243,2022-05-23,81.33969631236442
1244,2022-05-24,77.95054229934925
1245,2022-05-25,77.95054229934925
1246,2022-05-26,111.84208242950108
1247,2022-05-27,90.37744034707158
1248,2022-05-28,79.08026030368764
1249,2022-05-29,75.69110629067245
1250,2022-05-30,79.08026030368764
1251,2022-05-31,73.43167028199566
1252,2022-06-01,79.06250000000001
1253,2022-06-02,82.5
1254,2022-06-03,73.33333333333333
1255,2022-06-04,69.89583333333334
1256,2022-06-05,77.91666666666666
1257,2022-06-06,83.64583333333334
1258,2022-06-07,88.22916666666666
1259,2022-06-08,84.79166666666667
1260,2022-06-09,77.91666666666666
1261,2022-06-10,76.77083333333333
1262,2022-06-11,74.47916666666666
1263,2022-06-12,76.77083333333333
1264,2022-06-13,80.20833333333334
1265,2022-06-14,80.20833333333334
1266,2022-06-15,79.06250000000001
1267,2022-06-16,75.625
1268,2022-06-17,75.625
1269,2022-06-18,75.625
1270,2022-06-19,76.77083333333333
1271,2022-06-20,76.77083333333333
1272,2022-06-21,71.04166666666667
1273,2022-06-22,76.77083333333333
1274,2022-06-23,75.625
1275,2022-06-24,75.625
1276,2022-06-25,73.33333333333333
1277,2022-06-26,74.47916666666666
1278,2022-06-27,77.91666666666666
1279,2022-06-28,72.1875
1280,2022-06-29,74.47916666666666
1281,2022-06-30,73.33333333333333
1282,2022-07-01,74.03354632587859
1283,2022-07-02,69.47763578274761
1284,2022-07-03,77.45047923322683
1285,2022-07-04,71.7555910543131
1286,2022-07-05,67.19968051118211
1287,2022-07-06,67.19968051118211
1288,2022-07-07,63.78274760383386
1289,2022-07-08,66.06070287539936
1290,2022-07-09,62.64376996805112
1291,2022-07-10,67.19968051118211
1292,2022-07-11,70.61661341853035
1293,2022-07-12,72.89456869009585
1294,2022-07-13,71.7555910543131
1295,2022-07-14,71.7555910543131
1296,2022-07-15,68.33865814696486
1297,2022-07-16,59.22683706070288
1298,2022-07-17,71.7555910543131
1299,2022-07-18,70.61661341853035
1300,2022-07-19,72.89456869009585
1301,2022-07-20,74.03354632587859
1302,2022-07-21,70.61661341853035
1303,2022-07-22,70.61661341853035
1304,2022-07-23,61.504792332268366
1305,2022-07-24,69.47763578274761
1306,2022-07-25,63.78274760383386
1307,2022-07-26,72.89456869009585
1308,2022-07-27,66.06070287539936
1309,2022-07-28,70.61661341853035
1310,2022-07-29,66.06070287539936
1311,2022-07-30,66.06070287539936
1312,2022-07-31,70.61661341853035
1313,2022-08-01,76.89385474860336
1314,2022-08-02,69.90350431691213
1315,2022-08-03,78.05891315388521
1316,2022-08-04,72.23362112747587
1317,2022-08-05,69.90350431691213
1318,2022-08-06,78.05891315388521
1319,2022-08-07,69.90350431691213
1320,2022-08-08,72.23362112747587
1321,2022-08-09,71.06856272219402
1322,2022-08-10,68.73844591163028
1323,2022-08-11,73.39867953275775
1324,2022-08-12,68.73844591163028
1325,2022-08-13,67.5733875063484
1326,2022-08-14,72.23362112747587
1327,2022-08-15,78.05891315388521
1328,2022-08-16,75.72879634332148
1329,2022-08-17,80.38902996444897
1330,2022-08-18,73.39867953275775
1331,2022-08-19,76.89385474860336
1332,2022-08-20,76.89385474860336
1333,2022-08-21,81.55408836973083
1334,2022-08-22,76.89385474860336
1335,2022-08-23,75.72879634332148
1336,2022-08-24,78.05891315388521
1337,2022-08-25,78.05891315388521
1338,2022-08-26,81.55408836973083
1339,2022-08-27,65.24327069578466
1340,2022-08-28,69.90350431691213
1341,2022-08-29,72.23362112747587
1342,2022-08-30,68.73844591163028
1343,2022-08-31,75.72879634332148
1344,2022-09-01,74.52291105121293
1345,2022-09-02,69.86522911051213
1346,2022-09-03,69.86522911051213
1347,2022-09-04,66.37196765498652
1348,2022-09-05,69.86522911051213
1349,2022-09-06,73.35849056603774
1350,2022-09-07,71.02964959568733
1351,2022-09-08,68.70080862533693
1352,2022-09-09,67.53638814016172
1353,2022-09-10,68.70080862533693
1354,2022-09-11,72.19407008086253
1355,2022-09-12,69.86522911051213
1356,2022-09-13,71.02964959568733
1357,2022-09-14,71.02964959568733
1358,2022-09-15,68.70080862533693
1359,2022-09-16,67.53638814016172
1360,2022-09-17,69.86522911051213
1361,2022-09-18,73.35849056603774
1362,2022-09-19,74.52291105121293
1363,2022-09-20,76.85175202156334
1364,2022-09-21,81.50943396226415
1365,2022-09-22,71.02964959568733
1366,2022-09-23,73.35849056603774
1367,2022-09-24,68.70080862533693
1368,2022-09-25,68.70080862533693
1369,2022-09-26,87.33153638814017
1370,2022-09-27,73.35849056603774
1371,2022-09-28,72.19407008086253
1372,2022-09-29,76.85175202156334
1373,2022-09-30,72.19407008086253
1374,2022-10-01,65.0592105263158
1375,2022-10-02,66.18092105263158
1376,2022-10-03,69.54605263157895
1377,2022-10-04,69.54605263157895
1378,2022-10-05,67.30263157894737
1379,2022-10-06,70.66776315789474
1380,2022-10-07,66.18092105263158
1381,2022-10-08,61.694078947368425
1382,2022-10-09,63.9375
1383,2022-10-10,63.9375
1384,2022-10-11,62.815789473684205
1385,2022-10-12,68.42434210526316
1386,2022-10-13,68.42434210526316
1387,2022-10-14,63.9375
1388,2022-10-15,68.42434210526316
1389,2022-10-16,66.18092105263158
1390,2022-10-17,63.9375
1391,2022-10-18,67.30263157894737
1392,2022-10-19,66.18092105263158
1393,2022-10-20,67.30263157894737
1394,2022-10-21,67.30263157894737
1395,2022-10-22,60.57236842105263
1396,2022-10-23,60.57236842105263
1397,2022-10-24,65.0592105263158
1398,2022-10-25,71.78947368421052
1399,2022-10-26,69.54605263157895
1400,2022-10-27,67.30263157894737
1401,2022-10-28,66.18092105263158
1402,2022-10-29,61.694078947368425
1403,2022-10-30,62.815789473684205
1404,2022-10-31,66.18092105263158
1405,2022-11-01,60.14084507042253
1406,2022-11-02,60.14084507042253
1407,2022-11-03,59.066901408450704
1408,2022-11-04,61.21478873239437
1409,2022-11-05,57.99295774647887
1410,2022-11-06,52.62323943661972
1411,2022-11-07,56.91901408450704
1412,2022-11-08,57.99295774647887
1413,2022-11-09,59.066901408450704
1414,2022-11-10,57.99295774647887
1415,2022-11-11,55.845070422535215
1416,2022-11-12,55.845070422535215
1417,2022-11-13,61.21478873239437
1418,2022-11-14,60.14084507042253
1419,2022-11-15,64.43661971830986
1420,2022-11-16,60.14084507042253
1421,2022-11-17,60.14084507042253
1422,2022-11-18,63.36267605633803
1423,2022-11-19,63.36267605633803
1424,2022-11-20,63.36267605633803
1425,2022-11-21,60.14084507042253
1426,2022-11-22,61.21478873239437
1427,2022-11-23,54.77112676056338
1428,2022-11-24,64.43661971830986
1429,2022-11-25,69.80633802816901
1430,2022-11-26,65.5105633802817
1431,2022-11-27,70.88028169014085
1432,2022-11-28,63.36267605633803
1433,2022-11-29,66.58450704225352
1434,2022-11-30,62.28873239436619
1435,2022-12-01,65.64326500936774
1436,2022-12-02,61.11614328458376
1437,2022-12-03,66.77504544056374
1438,2022-12-04,70.17038673415172
1439,2022-12-05,64.51148457817175
1440,2022-12-06,64.51148457817175
1441,2022-12-07,61.11614328458376
1442,2022-12-08,70.17038673415172
1443,2022-12-09,66.77504544056374
1444,2022-12-10,66.77504544056374
1445,2022-12-11,76.96106932132768
1446,2022-12-12,69.03860630295573
1447,2022-12-13,66.77504544056374
1448,2022-12-14,70.17038673415172
1449,2022-12-15,70.17038673415172
1450,2022-12-16,69.03860630295573
1451,2022-12-17,67.90682587175974
1452,2022-12-18,62.247923715779756
1453,2022-12-19,65.64326500936774
1454,2022-12-20,70.17038673415172
1455,2022-12-21,70.17038673415172
1456,2022-12-22,69.03860630295573
1457,2022-12-23,67.90682587175974
1458,2022-12-24,59.984362853387765
1459,2022-12-25,73.56572802773971
1460,2022-12-26,73.56572802773971
1461,2022-12-26,72.77469869410811
1462,2022-12-27,73.56572802773971
1463,2022-12-28,73.56572802773971
1464,2022-12-29,68.81955202595006
1465,2022-12-30,68.02852269231845
1466,2022-12-31,59.32720002237074
1467,2023-01-01,67.77966101694915
1468,2023-01-02,75.66101694915254
1469,2023-01-03,75.66101694915254
1470,2023-01-04,67.77966101694915
1471,2023-01-05,69.35593220338983
1472,2023-01-06,70.14406779661017
1473,2023-01-07,77.23728813559323
1474,2023-01-08,73.29661016949153
1475,2023-01-09,71.72033898305085
1476,2023-01-10,70.9322033898305
1477,2023-01-11,68.5677966101695
1478,2023-01-12,71.72033898305085
1479,2023-01-13,66.99152542372882
1480,2023-01-14,70.14406779661017
1481,2023-01-15,75.66101694915254
1482,2023-01-16,67.77966101694915
1483,2023-01-17,74.87288135593221
1484,2023-01-18,71.72033898305085
1485,2023-01-19,69.35593220338983
1486,2023-01-20,71.72033898305085
1487,2023-01-21,68.5677966101695
1488,2023-01-22,70.14406779661017
1489,2023-01-23,73.29661016949153
1490,2023-01-24,77.23728813559323
1491,2023-01-25,78.8135593220339
1492,2023-01-26,73.29661016949153
1493,2023-01-27,70.14406779661017
1494,2023-01-28,71.72033898305085
1495,2023-01-29,76.44915254237289
1496,2023-01-30,67.77966101694915
1497,2023-01-31,76.44915254237289
1498,2023-02-01,75.12790697674419
1499,2023-02-02,79.25581395348837
1500,2023-02-03,71.82558139534883
1501,2023-02-04,77.6046511627907
1502,2023-02-05,70.17441860465117
1503,2023-02-06,74.30232558139535
1504,2023-02-07,75.12790697674419
1505,2023-02-08,67.69767441860465
1506,2023-02-09,76.77906976744187
1507,2023-02-10,75.12790697674419
1508,2023-02-11,70.17441860465117
1509,2023-02-12,72.65116279069767
1510,2023-02-13,74.30232558139535
1511,2023-02-14,71.0
1512,2023-02-15,72.65116279069767
1513,2023-02-16,66.04651162790698
1514,2023-02-17,74.30232558139535
1515,2023-02-18,66.87209302325581
1516,2023-02-19,68.5232558139535
1517,2023-02-20,69.34883720930233
1518,2023-02-21,66.87209302325581
1519,2023-02-22,65.22093023255813
1520,2023-02-23,65.22093023255813
1521,2023-02-24,66.04651162790698
1522,2023-02-25,63.56976744186046
1523,2023-02-26,69.34883720930233
1524,2023-02-27,71.82558139534883
1525,2023-02-28,71.0
1526,2023-03-01,69.74680412371134
1527,2023-03-02,72.91711340206186
1528,2023-03-03,68.9542268041237
1529,2023-03-04,66.57649484536083
1530,2023-03-05,76.08742268041237
1531,2023-03-06,70.53938144329896
1532,2023-03-07,59.44329896907216
1533,2023-03-08,61.02845360824742
1534,2023-03-09,57.85814432989691
1535,2023-03-10,57.06556701030928
1536,2023-03-11,55.48041237113402
1537,2023-03-12,63.40618556701031
1538,2023-03-13,60.23587628865979
1539,2023-03-14,61.02845360824742
1540,2023-03-15,56.27298969072165
1541,2023-03-16,57.06556701030928
1542,2023-03-17,61.02845360824742
1543,2023-03-18,61.02845360824742
1544,2023-03-19,53.89525773195876
1545,2023-03-20,59.44329896907216
1546,2023-03-21,58.65072164948454
1547,2023-03-22,57.85814432989691
1548,2023-03-23,66.57649484536083
1549,2023-03-24,61.82103092783505
1550,2023-03-25,63.40618556701031
1551,2023-03-26,65.78391752577319
1552,2023-03-27,61.82103092783505
1553,2023-03-28,57.85814432989691
1554,2023-03-29,57.85814432989691
1555,2023-03-30,61.82103092783505
1556,2023-03-31,59.44329896907216
1557,2023-04-01,50.85330776605943
1558,2023-04-02,53.09683604985618
1559,2023-04-03,46.36625119846596
1560,2023-04-04,54.59252157238734
1561,2023-04-05,55.340364333652914
1562,2023-04-06,50.85330776605943
1563,2023-04-07,55.340364333652914
1564,2023-04-08,53.09683604985618
1565,2023-04-09,48.609779482262695
1566,2023-04-10,53.09683604985618
1567,2023-04-11,53.84467881112176
1568,2023-04-12,53.84467881112176
1569,2023-04-13,53.84467881112176
1570,2023-04-14,55.340364333652914
1571,2023-04-15,47.11409395973154
1572,2023-04-16,50.85330776605943
1573,2023-04-17,50.10546500479386
1574,2023-04-18,59.8274209012464
1575,2023-04-19,53.09683604985618
1576,2023-04-20,50.10546500479386
1577,2023-04-21,50.85330776605943
1578,2023-04-22,49.357622243528276
1579,2023-04-23,50.85330776605943
1580,2023-04-24,55.340364333652914
1581,2023-04-25,51.60115052732501
1582,2023-04-26,50.10546500479386
1583,2023-04-27,50.85330776605943
1584,2023-04-28,50.10546500479386
1585,2023-04-29,47.861936720997114
1586,2023-04-30,53.84467881112176
1587,2023-05-01,56.549622166246856
1588,2023-05-02,50.974307304785896
1589,2023-05-03,53.363727959697734
1590,2023-05-04,52.56725440806046
1591,2023-05-05,50.17783375314862
1592,2023-05-06,48.58488664987406
1593,2023-05-07,55.75314861460958
1594,2023-05-08,54.16020151133501
1595,2023-05-09,54.16020151133501
1596,2023-05-10,54.956675062972295
1597,2023-05-11,54.16020151133501
1598,2023-05-12,51.77078085642318
1599,2023-05-13,47.78841309823678
1600,2023-05-14,48.58488664987406
1601,2023-05-15,51.77078085642318
1602,2023-05-16,50.974307304785896
1603,2023-05-17,44.60251889168766
1604,2023-05-18,50.17783375314862
1605,2023-05-19,50.974307304785896
1606,2023-05-20,46.991939546599504
1607,2023-05-21,46.991939546599504
1608,2023-05-22,50.17783375314862
1609,2023-05-23,48.58488664987406
1610,2023-05-24,56.549622166246856
1611,2023-05-25,49.38136020151134
1612,2023-05-26,50.974307304785896
1613,2023-05-27,46.991939546599504
1614,2023-05-28,46.991939546599504
1615,2023-05-29,50.17783375314862
1616,2023-05-30,50.974307304785896
1617,2023-05-31,54.16020151133501
1618,2023-06-01,52.81875915974596
1619,2023-06-02,55.9257449926722
1620,2023-06-03,45.82804103566194
1621,2023-06-04,51.265266243282845
1622,2023-06-05,59.03273082559843
1623,2023-06-06,59.03273082559843
1624,2023-06-07,51.265266243282845
1625,2023-06-08,54.37225207620908
1626,2023-06-09,55.9257449926722
1627,2023-06-10,48.935026868588174
1628,2023-06-11,50.48851978505129
1629,2023-06-12,55.9257449926722
1630,2023-06-13,55.9257449926722
1631,2023-06-14,55.9257449926722
1632,2023-06-15,52.0420127015144
1633,2023-06-16,55.14899853444064
1634,2023-06-17,50.48851978505129
1635,2023-06-18,50.48851978505129
1636,2023-06-19,52.81875915974596
1637,2023-06-20,57.479237909135314
1638,2023-06-21,53.595505617977516
1639,2023-06-22,54.37225207620908
1640,2023-06-23,51.265266243282845
1641,2023-06-24,48.935026868588174
1642,2023-06-25,50.48851978505129
1643,2023-06-26,55.14899853444064
1644,2023-06-27,55.9257449926722
1645,2023-06-28,45.051294577430376
1646,2023-06-29,52.0420127015144
1647,2023-06-30,52.0420127015144
1648,2023-07-01,49.87202925045705
1649,2023-07-02,52.209780621572214
1650,2023-07-03,52.98903107861061
1651,2023-07-04,52.209780621572214
1652,2023-07-05,51.43053016453383
1653,2023-07-06,53.768281535648995
1654,2023-07-07,49.09277879341865
1655,2023-07-08,48.313528336380266
1656,2023-07-09,49.87202925045705
1657,2023-07-10,58.443784277879345
1658,2023-07-11,56.885283363802564
1659,2023-07-12,58.443784277879345
1660,2023-07-13,53.768281535648995
1661,2023-07-14,52.209780621572214
1662,2023-07-15,52.209780621572214
1663,2023-07-16,52.98903107861061
1664,2023-07-17,61.56078610603291
1665,2023-07-18,63.1192870201097
1666,2023-07-19,60.002285191956126
1667,2023-07-20,54.5475319926874
1668,2023-07-21,60.002285191956126
1669,2023-07-22,52.98903107861061
1670,2023-07-23,56.885283363802564
1671,2023-07-24,58.443784277879345
1672,2023-07-25,57.66453382084096
1673,2023-07-26,58.443784277879345
1674,2023-07-27,54.5475319926874
1675,2023-07-28,56.885283363802564
1676,2023-07-29,54.5475319926874
1677,2023-07-30,54.5475319926874
1678,2023-07-31,56.10603290676418
1679,2023-08-01,55.97024813830023
1680,2023-08-02,58.3023418107294
1681,2023-08-03,55.19288358082384
1682,2023-08-04,52.86078990839466
1683,2023-08-05,53.63815446587105
1684,2023-08-06,55.19288358082384
1685,2023-08-07,61.411800040634965
1686,2023-08-08,52.86078990839466
1687,2023-08-09,55.19288358082384
1688,2023-08-10,54.41551902334745
1689,2023-08-11,52.08342535091826
1690,2023-08-12,52.08342535091826
1691,2023-08-13,52.86078990839466
1692,2023-08-14,58.3023418107294
1693,2023-08-15,57.52497725325301
1694,2023-08-16,55.97024813830023
1695,2023-08-17,54.41551902334745
1696,2023-08-18,53.63815446587105
1697,2023-08-19,53.63815446587105
1698,2023-08-20,53.63815446587105
1699,2023-08-21,55.97024813830023
1700,2023-08-22,55.97024813830023
1701,2023-08-23,57.52497725325301
1702,2023-08-24,57.52497725325301
1703,2023-08-25,55.19288358082384
1704,2023-08-25,52.985168237590884
1705,2023-08-26,50.77745289435793
1706,2023-08-27,52.985168237590884
1707,2023-08-28,58.50445659567326
1708,2023-08-29,54.08902590920736
1709,2023-08-30,56.29674125244031
1710,2023-08-31,52.985168237590884
1711,2023-09-01,56.149732620320854
1712,2023-09-02,51.657754010695186
1713,2023-09-03,52.780748663101605
1714,2023-09-04,53.903743315508024
1715,2023-09-05,58.39572192513369
1716,2023-09-06,57.27272727272727
1717,2023-09-07,52.780748663101605
1718,2023-09-08,57.27272727272727
1719,2023-09-09,50.53475935828877
1720,2023-09-10,52.780748663101605
1721,2023-09-11,56.149732620320854
1722,2023-09-12,56.149732620320854
1723,2023-09-13,59.518716577540104
1724,2023-09-14,57.27272727272727
1725,2023-09-15,53.903743315508024
1726,2023-09-16,53.903743315508024
1727,2023-09-17,56.149732620320854
1728,2023-09-18,57.27272727272727
1729,2023-09-19,55.026737967914436
1730,2023-09-20,58.39572192513369
1731,2023-09-21,60.64171122994652
1732,2023-09-22,53.903743315508024
1733,2023-09-23,55.026737967914436
1734,2023-09-24,56.149732620320854
1735,2023-09-25,62.887700534759354
1736,2023-09-26,58.39572192513369
1737,2023-09-27,60.64171122994652
1738,2023-09-28,55.026737967914436
1739,2023-09-29,56.149732620320854
1740,2023-09-30,53.903743315508024
1741,2023-10-01,64.13793103448275
1742,2023-10-02,57.141065830721
1743,2023-10-03,57.141065830721
1744,2023-10-04,59.473354231974916
1745,2023-10-05,59.473354231974916
1746,2023-10-06,55.97492163009404
1747,2023-10-07,53.64263322884012
1748,2023-10-08,54.80877742946708
1749,2023-10-09,60.639498432601876
1750,2023-10-10,58.30721003134796
1751,2023-10-11,58.30721003134796
1752,2023-10-12,54.80877742946708
1753,2023-10-13,58.30721003134796
1754,2023-10-14,57.141065830721
1755,2023-10-15,59.473354231974916
1756,2023-10-16,72.30094043887146
1757,2023-10-17,53.64263322884012
1758,2023-10-18,55.97492163009404
1759,2023-10-19,53.64263322884012
1760,2023-10-20,57.141065830721
1761,2023-10-21,53.64263322884012
1762,2023-10-22,54.80877742946708
1763,2023-10-23,55.97492163009404
1764,2023-10-24,62.97178683385579
1765,2023-10-25,60.639498432601876
1766,2023-10-26,58.30721003134796
1767,2023-10-27,59.473354231974916
1768,2023-10-28,57.141065830721
1769,2023-10-29,58.30721003134796
1770,2023-10-30,60.639498432601876
1771,2023-10-31,116.61442006269591
1772,2023-11-01,73.03804994054695
1773,2023-11-02,68.40071343638525
1774,2023-11-03,67.24137931034483
1775,2023-11-04,59.12604042806183
1776,2023-11-05,62.60404280618311
1777,2023-11-06,68.40071343638525
1778,2023-11-07,64.92271105826397
1779,2023-11-08,69.56004756242567
1780,2023-11-09,66.08204518430439
1781,2023-11-10,64.92271105826397
1782,2023-11-11,64.92271105826397
1783,2023-11-12,70.7193816884661
1784,2023-11-13,66.08204518430439
1785,2023-11-14,63.76337693222354
1786,2023-11-15,57.9667063020214
1787,2023-11-16,61.444708680142675
1788,2023-11-17,68.40071343638525
1789,2023-11-18,62.60404280618311
1790,2023-11-19,59.12604042806183
1791,2023-11-20,63.76337693222354
1792,2023-11-21,62.60404280618311
1793,2023-11-22,64.92271105826397
1794,2023-11-23,60.285374554102255
1795,2023-11-24,70.7193816884661
1796,2023-11-25,64.92271105826397
1797,2023-11-26,69.56004756242567
1798,2023-11-27,59.12604042806183
1799,2023-11-28,63.76337693222354
1800,2023-11-29,68.40071343638525
1801,2023-11-30,62.60404280618311
1802,2023-12-01,60.1866832607343
1803,2023-12-02,64.81642812694463
1804,2023-12-03,59.029247044181716
1805,2023-12-04,56.71437461107655
1806,2023-12-05,60.1866832607343
1807,2023-12-06,59.029247044181716
1808,2023-12-07,56.71437461107655
1809,2023-12-08,56.71437461107655
1810,2023-12-09,61.344119477286874
1811,2023-12-10,59.029247044181716
1812,2023-12-11,57.87181082762913
1813,2023-12-12,54.39950217797138
1814,2023-12-13,60.1866832607343
1815,2023-12-14,56.71437461107655
1816,2023-12-15,60.1866832607343
1817,2023-12-16,55.55693839452397
1818,2023-12-17,60.1866832607343
1819,2023-12-18,60.1866832607343
1820,2023-12-19,59.029247044181716
1821,2023-12-20,61.344119477286874
1822,2023-12-21,64.81642812694463
1823,2023-12-22,57.87181082762913
1824,2023-12-23,60.1866832607343
1825,2023-12-24,54.39950217797138
1826,2023-12-25,59.029247044181716
1827,2023-12-26,67.1313005600498
1828,2023-12-27,69.44617299315495
1829,2023-12-28,62.50155569383946
1830,2023-12-29,68.28873677660238
1831,2023-12-30,63.65899191039204
1832,2023-12-31,53.242065961418795
1833,2024-01-01,55.13119533527697
1834,2024-01-02,62.84956268221574
1835,2024-01-03,59.541690962099125
1836,2024-01-04,61.7469387755102
1837,2024-01-05,59.541690962099125
1838,2024-01-06,62.84956268221574
1839,2024-01-07,61.7469387755102
1840,2024-01-08,61.7469387755102
1841,2024-01-09,60.64431486880466
1842,2024-01-10,54.02857142857143
1843,2024-01-11,70.56793002915451
1844,2024-01-12,58.43906705539358
1845,2024-01-13,57.33644314868805
1846,2024-01-14,56.23381924198251
1847,2024-01-15,55.13119533527697
1848,2024-01-16,59.541690962099125
1849,2024-01-17,60.64431486880466
1850,2024-01-18,60.64431486880466
1851,2024-01-19,56.23381924198251
1852,2024-01-20,57.33644314868805
1853,2024-01-21,60.64431486880466
1854,2024-01-22,63.952186588921286
1855,2024-01-23,62.84956268221574
1856,2024-01-24,57.33644314868805
1857,2024-01-25,60.64431486880466
1858,2024-01-26,58.43906705539358
1859,2024-01-27,62.84956268221574
1860,2024-01-28,69.46530612244898
1861,2024-01-29,63.952186588921286
1862,2024-01-30,63.952186588921286
1863,2024-01-31,74.97842565597668
1864,2024-02-01,65.34403953057443
1865,2024-02-02,60.7584928968499
1866,2024-02-03,64.1976528721433
1867,2024-02-04,67.63681284743669
1868,2024-02-05,66.49042618900556
1869,2024-02-06,67.63681284743669
1870,2024-02-07,63.05126621371217
1871,2024-02-08,67.63681284743669
1872,2024-02-09,65.34403953057443
1873,2024-02-10,61.904879555281035
1874,2024-02-11,65.34403953057443
1875,2024-02-12,63.05126621371217
1876,2024-02-13,72.2223594811612
1877,2024-02-14,60.7584928968499
1878,2024-02-15,59.61210623841878
1879,2024-02-16,64.1976528721433
1880,2024-02-17,61.904879555281035
1881,2024-02-18,58.46571957998765
1882,2024-02-19,64.1976528721433
1883,2024-02-20,65.34403953057443
1884,2024-02-21,63.05126621371217
1885,2024-02-22,66.49042618900556
1886,2024-02-23,66.49042618900556
1887,2024-02-24,63.05126621371217
1888,2024-02-25,64.1976528721433
1889,2024-02-26,59.61210623841878
1890,2024-02-27,64.1976528721433
1891,2024-02-28,59.61210623841878
1892,2024-02-29,64.1976528721433
1893,2024-03-01,57.24803862401932
1894,2024-03-02,63.983101991551
1895,2024-03-03,65.10561255280628
1896,2024-03-04,58.370549185274605
1897,2024-03-05,63.983101991551
1898,2024-03-06,65.10561255280628
1899,2024-03-07,52.75799637899819
1900,2024-03-08,56.12552806276404
1901,2024-03-09,58.370549185274605
1902,2024-03-10,59.49305974652987
1903,2024-03-11,58.370549185274605
1904,2024-03-12,83.06578153289077
1905,2024-03-13,60.615570307785156
1906,2024-03-14,59.49305974652987
1907,2024-03-15,59.49305974652987
1908,2024-03-16,58.370549185274605
1909,2024-03-17,61.73808086904044
1910,2024-03-18,57.24803862401932
1911,2024-03-19,59.49305974652987
1912,2024-03-20,60.615570307785156
1913,2024-03-21,55.00301750150876
1914,2024-03-22,56.12552806276404
1915,2024-03-23,59.49305974652987
1916,2024-03-24,60.615570307785156
1917,2024-03-25,62.86059143029572
1918,2024-03-26,62.86059143029572
1919,2024-03-27,55.00301750150876
1920,2024-03-28,59.49305974652987
1921,2024-03-29,58.370549185274605
1922,2024-03-30,57.24803862401932
1923,2024-03-31,53.880506940253476
1924,2024-04-01,62.408627920910725
1925,2024-04-02,64.80895976402267
1926,2024-04-03,63.608793842466696
1927,2024-04-04,64.80895976402267
1928,2024-04-05,62.408627920910725
1929,2024-04-06,61.208461999354746
1930,2024-04-07,58.8081301562428
1931,2024-04-08,58.8081301562428
1932,2024-04-09,60.008296077798775
1933,2024-04-10,61.208461999354746
1934,2024-04-11,61.208461999354746
1935,2024-04-12,58.8081301562428
1936,2024-04-13,54.00746647001889
1937,2024-04-14,57.60796423468682
1938,2024-04-15,61.208461999354746
1939,2024-04-16,57.60796423468682
1940,2024-04-17,58.8081301562428
1941,2024-04-18,58.8081301562428
1942,2024-04-19,58.8081301562428
1943,2024-04-20,56.40779831313084
1944,2024-04-21,57.60796423468682
1945,2024-04-22,58.8081301562428
1946,2024-04-23,60.008296077798775
1947,2024-04-24,60.008296077798775
1948,2024-04-24,61.07987279347375
1949,2024-04-25,58.93671936212379
1950,2024-04-26,61.07987279347375
1951,2024-04-27,60.008296077798775
1952,2024-04-28,60.008296077798775
1953,2024-04-29,57.86514264644881
1954,2024-04-30,63.223026224823705
1955,2024-05-01,53.875862068965525
1956,2024-05-02,53.875862068965525
1957,2024-05-03,51.95172413793104
1958,2024-05-04,48.10344827586207
1959,2024-05-05,51.95172413793104
1960,2024-05-06,51.95172413793104
1961,2024-05-07,54.837931034482764
1962,2024-05-08,57.724137931034484
1963,2024-05-09,50.9896551724138
1964,2024-05-10,53.875862068965525
1965,2024-05-11,48.10344827586207
1966,2024-05-12,49.06551724137931
1967,2024-05-13,56.762068965517244
1968,2024-05-14,53.875862068965525
1969,2024-05-15,54.837931034482764
1970,2024-05-16,58.686206896551724
1971,2024-05-17,50.9896551724138
1972,2024-05-18,51.95172413793104
1973,2024-05-19,48.10344827586207
1974,2024-05-20,52.91379310344828
1975,2024-05-21,58.686206896551724
1976,2024-05-22,56.762068965517244
1977,2024-05-23,56.762068965517244
1978,2024-05-24,51.95172413793104
1979,2024-05-25,52.91379310344828
1980,2024-05-26,51.95172413793104
1981,2024-05-27,54.837931034482764
1982,2024-05-28,53.875862068965525
1983,2024-05-29,56.762068965517244
1984,2024-05-30,62.53448275862069
1985,2024-05-31,62.53448275862069
1986,2024-06-01,56.9345579793341
1987,2024-06-02,57.933409873708385
1988,2024-06-03,63.92652123995408
1989,2024-06-04,64.92537313432835
1990,2024-06-05,59.93111366245695
1991,2024-06-06,58.93226176808267
1992,2024-06-07,55.93570608495982
1993,2024-06-08,53.93800229621125
1994,2024-06-09,48.94374282433984
1995,2024-06-10,56.9345579793341
1996,2024-06-11,66.92307692307693
1997,2024-06-12,61.92881745120551
1998,2024-06-13,54.936854190585535
1999,2024-06-14,56.9345579793341
2000,2024-06-15,57.933409873708385
2001,2024-06-16,54.936854190585535
2002,2024-06-17,58.93226176808267
2003,2024-06-18,59.93111366245695
2004,2024-06-19,59.93111366245695
2005,2024-06-20,57.933409873708385
2006,2024-06-21,56.9345579793341
2007,2024-06-22,55.93570608495982
2008,2024-06-23,57.933409873708385
2009,2024-06-24,60.92996555683123
2010,2024-06-25,53.93800229621125
2011,2024-06-26,59.93111366245695
2012,2024-06-27,58.93226176808267
2013,2024-06-28,57.933409873708385
2014,2024-06-29,52.939150401836976
2015,2024-06-30,55.93570608495982
2016,2024-07-01,55.73365041617123
2017,2024-07-02,60.709869203329376
2018,2024-07-03,57.724137931034484
2019,2024-07-04,53.74316290130797
2020,2024-07-05,47.7717003567182
2021,2024-07-06,49.76218787158145
2022,2024-07-07,51.752675386444714
2023,2024-07-08,51.752675386444714
2024,2024-07-09,54.7384066587396
2025,2024-07-10,56.72889417360286
2026,2024-07-11,54.7384066587396
2027,2024-07-12,55.73365041617123
2028,2024-07-13,51.752675386444714
2029,2024-07-14,48.76694411414983
2030,2024-07-15,56.72889417360286
2031,2024-07-16,55.73365041617123
2032,2024-07-17,55.73365041617123
2033,2024-07-18,53.74316290130797
2034,2024-07-19,54.7384066587396
2035,2024-07-20,51.752675386444714
2036,2024-07-21,51.752675386444714
2037,2024-07-22,65.68608799048752
2038,2024-07-23,55.73365041617123
2039,2024-07-24,54.7384066587396
2040,2024-07-25,55.73365041617123
2041,2024-07-26,52.747919143876345
2042,2024-07-27,48.76694411414983
2043,2024-07-28,49.76218787158145
2044,2024-07-29,53.74316290130797
2045,2024-07-30,52.747919143876345
2046,2024-07-31,52.747919143876345
2047,2024-08-01,50.20385050962628
2048,2024-08-02,52.13476783691959
2049,2024-08-03,51.169309173272936
2050,2024-08-04,52.13476783691959
2051,2024-08-05,51.169309173272936
2052,2024-08-06,55.99660249150623
2053,2024-08-07,55.03114382785957
2054,2024-08-08,56.962061155152895
2055,2024-08-09,54.065685164212915
2056,2024-08-10,48.272933182332956
2057,2024-08-11,53.10022650056625
2058,2024-08-12,55.03114382785957
2059,2024-08-13,58.8929784824462
2060,2024-08-14,54.065685164212915
2061,2024-08-15,55.99660249150623
2062,2024-08-16,54.065685164212915
2063,2024-08-17,54.065685164212915
2064,2024-08-18,55.99660249150623
2065,2024-08-19,57.92751981879955
2066,2024-08-20,55.03114382785957
2067,2024-08-21,55.99660249150623
2068,2024-08-22,60.823895809739525
2069,2024-08-23,56.962061155152895
2070,2024-08-24,54.065685164212915
2071,2024-08-25,55.03114382785957
2072,2024-08-26,56.962061155152895
2073,2024-08-27,60.823895809739525
2074,2024-08-28,60.823895809739525
2075,2024-08-29,55.03114382785957
2076,2024-08-30,55.03114382785957
2077,2024-08-31,52.13476783691959
2078,2024-09-01,59.0
2079,2024-09-02,60.96666666666666
2080,2024-09-03,64.9
2081,2024-09-04,59.0
2082,2024-09-05,53.1
2083,2024-09-06,56.05
2084,2024-09-07,54.08333333333333
2085,2024-09-08,57.03333333333333
2086,2024-09-09,58.01666666666667
2087,2024-09-10,63.916666666666664
2088,2024-09-11,58.01666666666667
2089,2024-09-12,56.05
2090,2024-09-13,51.13333333333334
2091,2024-09-14,58.01666666666667
2092,2024-09-15,57.03333333333333
2093,2024-09-16,59.983333333333334
2094,2024-09-17,62.93333333333334
2095,2024-09-18,60.96666666666666
2096,2024-09-19,59.0
2097,2024-09-20,62.93333333333334
2098,2024-09-21,58.01666666666667
2099,2024-09-22,58.01666666666667
2100,2024-09-23,63.916666666666664
2101,2024-09-24,61.95
2102,2024-09-25,58.01666666666667
2103,2024-09-26,62.93333333333334
2104,2024-09-27,61.95
2105,2024-09-28,58.01666666666667
2106,2024-09-29,57.03333333333333
2107,2024-09-30,58.01666666666667
2108,2024-10-01,62.62155388471178
2109,2024-10-02,62.62155388471178
2110,2024-10-03,65.6516290726817
2111,2024-10-04,60.6015037593985
2112,2024-10-05,58.581453634085214
2113,2024-10-06,57.57142857142857
2114,2024-10-07,61.611528822055135
2115,2024-10-08,64.64160401002506
2116,2024-10-09,65.6516290726817
2117,2024-10-10,60.6015037593985
2118,2024-10-11,66.66165413533835
2119,2024-10-12,60.6015037593985
2120,2024-10-13,62.62155388471178
2121,2024-10-14,56.56140350877193
2122,2024-10-15,62.62155388471178
2123,2024-10-16,56.56140350877193
2124,2024-10-17,57.57142857142857
2125,2024-10-18,59.59147869674186
2126,2024-10-19,56.56140350877193
2127,2024-10-20,61.611528822055135
2128,2024-10-21,62.62155388471178
2129,2024-10-22,65.6516290726817
2130,2024-10-23,59.59147869674186
2131,2024-10-24,61.611528822055135
2132,2024-10-25,66.66165413533835
2133,2024-10-26,57.57142857142857
2134,2024-10-27,61.611528822055135
2135,2024-10-28,92.92230576441104
2136,2024-10-29,101.00250626566417
2137,2024-10-30,85.85213032581454
2138,2024-10-31,78.78195488721805
2139,2024-11-01,78.17848970251717
2140,2024-11-02,74.16933638443936
2141,2024-11-03,70.16018306636155
2142,2024-11-04,64.14645308924486
2143,2024-11-05,68.15560640732265
2144,2024-11-06,59.1350114416476
2145,2024-11-07,71.16247139588101
2146,2024-11-08,81.1853546910755
2147,2024-11-09,83.18993135011442
2148,2024-11-10,87.19908466819221
2149,2024-11-11,81.1853546910755
2150,2024-11-12,77.17620137299771
2151,2024-11-13,70.16018306636155
2152,2024-11-14,72.16475972540046
2153,2024-11-15,69.1578947368421
2154,2024-11-16,71.16247139588101
2155,2024-11-17,72.16475972540046
2156,2024-11-18,75.1716247139588
2157,2024-11-19,66.15102974828376
2158,2024-11-20,71.16247139588101
2159,2024-11-21,67.1533180778032
2160,2024-11-22,75.1716247139588
2161,2024-11-23,73.16704805491992
2162,2024-11-24,73.16704805491992
2163,2024-11-25,73.16704805491992
2164,2024-11-26,70.16018306636155
2165,2024-11-27,80.18306636155606
2166,2024-11-28,70.16018306636155
2167,2024-11-29,75.1716247139588
2168,2024-11-30,70.16018306636155
2169,2024-12-01,75.72879954049398
2170,2024-12-02,71.57927627800115
2171,2024-12-03,69.50451464675474
2172,2024-12-04,70.54189546237795
2173,2024-12-05,65.35499138426192
2174,2024-12-06,65.35499138426192
2175,2024-12-07,67.42975301550833
2176,2024-12-08,75.72879954049398
2177,2024-12-09,65.35499138426192
2178,2024-12-10,67.42975301550833
2179,2024-12-11,69.50451464675474
2180,2024-12-12,70.54189546237795
2181,2024-12-13,67.42975301550833
2182,2024-12-14,76.76618035611718
2183,2024-12-15,70.54189546237795
2184,2024-12-16,75.72879954049398
2185,2024-12-17,67.42975301550833
2186,2024-12-18,62.24284893739231
2187,2024-12-19,62.24284893739231
2188,2024-12-20,64.31761056863871
2189,2024-12-21,66.39237219988513
2190,2024-12-22,67.42975301550833
2191,2024-12-23,65.35499138426192
2192,2024-12-23,63.780172314761636
2193,2024-12-24,62.20535324526134
2194,2024-12-25,70.07944859276279
2195,2024-12-26,68.5046295232625
2196,2024-12-27,65.35499138426192
2197,2024-12-28,68.5046295232625
2198,2024-12-29,66.14240091901208
2199,2024-12-30,70.07944859276279
2200,2024-12-31,61.4179437105112
2201,2025-01-01,59.993784277879335
2202,2025-01-02,70.62559414990858
2203,2025-01-03,63.031444241316265
2204,2025-01-04,75.18208409506398
2205,2025-01-05,75.94149908592321
2206,2025-01-06,67.58793418647166
2207,2025-01-07,66.82851919561243
2208,2025-01-08,66.82851919561243
2209,2025-01-09,65.30968921389396
2210,2025-01-10,66.06910420475319
2211,2025-01-11,69.86617915904935
2212,2025-01-12,69.10676416819013
2213,2025-01-13,64.55027422303472
2214,2025-01-14,61.512614259597804
2215,2025-01-15,66.06910420475319
2216,2025-01-16,66.06910420475319
2217,2025-01-17,67.58793418647166
2218,2025-01-18,69.10676416819013
2219,2025-01-19,64.55027422303472
2220,2025-01-20,66.82851919561243
2221,2025-01-21,63.031444241316265
2222,2025-01-22,75.18208409506398
2223,2025-01-23,65.30968921389396
2224,2025-01-24,69.10676416819013
2225,2025-01-25,66.06910420475319
2226,2025-01-26,68.3473491773309
2227,2025-01-27,69.86617915904935
2228,2025-01-28,66.82851919561243
2229,2025-01-29,66.82851919561243
2230,2025-01-30,61.512614259597804
2231,2025-01-31,62.27202925045703
2232,2025-02-01,65.81297388374054
2233,2025-02-02,65.81297388374054
2234,2025-02-03,61.425442291491166
2235,2025-02-04,65.08171861836564
2236,2025-02-05,62.88795282224095
2237,2025-02-06,61.425442291491166
2238,2025-02-07,62.88795282224095
2239,2025-02-08,68.7379949452401
2240,2025-02-09,66.54422914911542
2241,2025-02-10,59.23167649536648
2242,2025-02-11,60.694187026116275
2243,2025-02-12,61.425442291491166
2244,2025-02-13,54.84414490311711
2245,2025-02-14,54.84414490311711
2246,2025-02-15,62.88795282224095
2247,2025-02-16,65.08171861836564
2248,2025-02-17,61.425442291491166
2249,2025-02-18,65.81297388374054
2250,2025-02-19,59.96293176074138
2251,2025-02-20,62.88795282224095
2252,2025-02-21,60.694187026116275
2253,2025-02-22,61.425442291491166
2254,2025-02-23,70.9317607413648
2255,2025-02-24,59.96293176074138
2256,2025-02-25,59.23167649536648
2257,2025-02-26,55.575400168492
2258,2025-02-27,60.694187026116275
2259,2025-02-28,57.76916596461669
2260,2025-03-01,50.605879740158784
