,Den,iPhone
0,2019-01-01,79.92928134556576
1,2019-01-02,78.24655963302753
2,2019-01-03,82.45336391437309
3,2019-01-04,75.72247706422019
4,2019-01-05,81.61200305810398
5,2019-01-06,84.13608562691131
6,2019-01-07,70.67431192660551
7,2019-01-08,72.35703363914374
8,2019-01-09,67.30886850152905
9,2019-01-10,70.67431192660551
10,2019-01-11,68.15022935779817
11,2019-01-12,76.56383792048929
12,2019-01-13,77.40519877675841
13,2019-01-14,69.83295107033639
14,2019-01-15,68.15022935779817
15,2019-01-16,66.46750764525994
16,2019-01-17,67.30886850152905
17,2019-01-18,65.62614678899082
18,2019-01-19,74.88111620795107
19,2019-01-20,74.03975535168196
20,2019-01-21,66.46750764525994
21,2019-01-22,64.78478593272172
22,2019-01-23,66.46750764525994
23,2019-01-24,62.260703363914374
24,2019-01-25,64.78478593272172
25,2019-01-26,72.35703363914374
26,2019-01-27,73.19839449541284
27,2019-01-28,65.62614678899082
28,2019-01-29,63.102064220183486
29,2019-01-30,67.30886850152905
30,2019-01-31,63.102064220183486
31,2019-02-01,65.33333333333333
32,2019-02-02,73.70940170940172
33,2019-02-03,71.19658119658119
34,2019-02-04,61.14529914529915
35,2019-02-05,62.820512820512825
36,2019-02-06,57.794871794871796
37,2019-02-07,56.11965811965812
38,2019-02-08,60.30769230769231
39,2019-02-09,70.35897435897436
40,2019-02-10,70.35897435897436
41,2019-02-11,60.30769230769231
42,2019-02-12,56.95726495726496
43,2019-02-13,60.30769230769231
44,2019-02-14,56.95726495726496
45,2019-02-15,62.820512820512825
46,2019-02-16,67.84615384615385
47,2019-02-17,69.52136752136752
48,2019-02-18,61.14529914529915
49,2019-02-19,59.47008547008547
50,2019-02-20,60.30769230769231
51,2019-02-21,61.14529914529915
52,2019-02-22,61.14529914529915
53,2019-02-23,66.17094017094017
54,2019-02-24,67.84615384615385
55,2019-02-25,61.98290598290598
56,2019-02-26,60.30769230769231
57,2019-02-27,60.30769230769231
58,2019-02-28,60.30769230769231
59,2019-03-01,60.25447402880838
60,2019-03-02,69.33391532082061
61,2019-03-03,72.63553033609777
62,2019-03-04,59.42907027498909
63,2019-03-05,61.079877782627676
64,2019-03-06,58.60366652116979
65,2019-03-07,57.7782627673505
66,2019-03-08,60.25447402880838
67,2019-03-09,67.68310781318202
68,2019-03-10,66.85770405936272
69,2019-03-11,61.905281536446964
70,2019-03-12,56.95285901353121
71,2019-03-13,58.60366652116979
72,2019-03-14,57.7782627673505
73,2019-03-15,56.95285901353121
74,2019-03-16,63.55608904408555
75,2019-03-17,66.03230030554343
76,2019-03-18,59.42907027498909
77,2019-03-19,56.127455259711915
78,2019-03-20,56.95285901353121
79,2019-03-21,59.42907027498909
80,2019-03-22,58.60366652116979
81,2019-03-23,64.38149279790484
82,2019-03-24,61.079877782627676
83,2019-03-25,58.60366652116979
84,2019-03-26,59.42907027498909
85,2019-03-27,56.95285901353121
86,2019-03-28,57.7782627673505
87,2019-03-29,55.30205150589262
88,2019-03-30,66.85770405936272
89,2019-03-31,64.38149279790484
90,2019-04-01,59.25069380203515
91,2019-04-02,58.40425531914894
92,2019-04-03,60.943570767807586
93,2019-04-04,59.25069380203515
94,2019-04-05,59.25069380203515
95,2019-04-06,65.17576318223867
96,2019-04-07,67.71507863089732
97,2019-04-08,60.943570767807586
98,2019-04-09,59.25069380203515
99,2019-04-10,56.7113783533765
100,2019-04-11,57.557816836262724
101,2019-04-12,58.40425531914894
102,2019-04-13,68.56151711378354
103,2019-04-14,66.02220166512488
104,2019-04-15,60.09713228492137
105,2019-04-16,57.557816836262724
106,2019-04-17,60.09713228492137
107,2019-04-18,60.09713228492137
108,2019-04-19,62.63644773358002
109,2019-04-20,66.02220166512488
110,2019-04-21,65.17576318223867
111,2019-04-22,60.09713228492137
112,2019-04-23,60.09713228492137
113,2019-04-24,55.86493987049029
114,2019-04-25,59.25069380203515
115,2019-04-26,57.557816836262724
116,2019-04-27,66.8686401480111
117,2019-04-28,65.17576318223867
118,2019-04-29,58.40425531914894
119,2019-04-30,57.557816836262724
120,2019-05-01,64.0445632798574
121,2019-05-02,58.98841354723707
122,2019-05-03,60.67379679144385
123,2019-05-04,65.72994652406418
124,2019-05-05,67.41532976827094
125,2019-05-06,59.83110516934046
126,2019-05-07,58.145721925133685
127,2019-05-08,59.83110516934046
128,2019-05-09,57.3030303030303
129,2019-05-10,58.98841354723707
130,2019-05-11,64.88725490196079
131,2019-05-12,65.72994652406418
132,2019-05-13,57.3030303030303
133,2019-05-14,60.67379679144385
134,2019-05-15,58.145721925133685
135,2019-05-16,54.77495543672014
136,2019-05-17,56.46033868092692
137,2019-05-18,64.88725490196079
138,2019-05-19,64.0445632798574
139,2019-05-20,65.72994652406418
140,2019-05-21,58.98841354723707
141,2019-05-22,59.83110516934046
142,2019-05-23,55.61764705882353
143,2019-05-24,59.83110516934046
144,2019-05-25,66.57263814616755
145,2019-05-26,69.10071301247771
146,2019-05-27,58.98841354723707
147,2019-05-28,56.46033868092692
148,2019-05-29,60.67379679144385
149,2019-05-30,59.83110516934046
150,2019-05-31,61.516488413547236
151,2019-06-01,63.447037701974864
152,2019-06-02,68.45601436265709
153,2019-06-03,60.94254937163375
154,2019-06-04,60.94254937163375
155,2019-06-05,59.272890484739676
156,2019-06-06,59.272890484739676
157,2019-06-07,59.272890484739676
158,2019-06-08,65.11669658886893
159,2019-06-09,67.62118491921005
160,2019-06-10,62.61220825852783
161,2019-06-11,57.6032315978456
162,2019-06-12,59.272890484739676
163,2019-06-13,59.272890484739676
164,2019-06-14,59.272890484739676
165,2019-06-15,67.62118491921005
166,2019-06-16,64.2818671454219
167,2019-06-17,60.94254937163375
168,2019-06-18,58.43806104129264
169,2019-06-19,60.10771992818671
170,2019-06-20,61.77737881508079
171,2019-06-21,61.77737881508079
172,2019-06-22,63.447037701974864
173,2019-06-23,65.95152603231598
174,2019-06-24,59.272890484739676
175,2019-06-25,60.94254937163375
176,2019-06-26,60.10771992818671
177,2019-06-27,58.43806104129264
178,2019-06-28,57.6032315978456
179,2019-06-29,67.62118491921005
180,2019-06-30,69.29084380610414
181,2019-07-01,62.4947501049979
182,2019-07-02,59.16169676606467
183,2019-07-03,65.82780344393112
184,2019-07-04,61.66148677026459
185,2019-07-05,61.66148677026459
186,2019-07-06,62.4947501049979
187,2019-07-07,64.99454010919781
188,2019-07-08,63.3280134397312
189,2019-07-09,63.3280134397312
190,2019-07-10,61.66148677026459
191,2019-07-11,61.66148677026459
192,2019-07-12,62.4947501049979
193,2019-07-13,67.49433011339772
194,2019-07-14,69.16085678286434
195,2019-07-15,67.49433011339772
196,2019-07-16,67.49433011339772
197,2019-07-17,62.4947501049979
198,2019-07-18,63.3280134397312
199,2019-07-19,60.828223435531285
200,2019-07-20,66.66106677866442
201,2019-07-21,66.66106677866442
202,2019-07-22,61.66148677026459
203,2019-07-23,63.3280134397312
204,2019-07-24,61.66148677026459
205,2019-07-25,61.66148677026459
206,2019-07-26,61.66148677026459
207,2019-07-27,69.16085678286434
208,2019-07-28,69.16085678286434
209,2019-07-29,67.49433011339772
210,2019-07-30,63.3280134397312
211,2019-07-31,62.4947501049979
212,2019-08-01,60.783057851239676
213,2019-08-02,64.11363636363637
214,2019-08-03,65.77892561983471
215,2019-08-04,65.77892561983471
216,2019-08-05,63.28099173553719
217,2019-08-06,61.61570247933885
218,2019-08-07,64.11363636363637
219,2019-08-08,61.61570247933885
220,2019-08-09,61.61570247933885
221,2019-08-10,68.27685950413223
222,2019-08-11,70.77479338842976
223,2019-08-12,67.44421487603306
224,2019-08-13,64.11363636363637
225,2019-08-14,60.783057851239676
226,2019-08-15,65.77892561983471
227,2019-08-16,65.77892561983471
228,2019-08-17,70.77479338842976
229,2019-08-18,71.60743801652893
230,2019-08-19,64.11363636363637
231,2019-08-20,64.94628099173555
232,2019-08-21,64.11363636363637
233,2019-08-22,63.28099173553719
234,2019-08-23,64.11363636363637
235,2019-08-24,67.44421487603306
236,2019-08-25,69.94214876033058
237,2019-08-26,62.44834710743802
238,2019-08-27,62.44834710743802
239,2019-08-28,64.94628099173555
240,2019-08-29,62.44834710743802
241,2019-08-30,63.28099173553719
242,2019-08-31,67.44421487603306
243,2019-09-01,67.24338282763073
244,2019-09-01,69.1646223369916
245,2019-09-02,65.32214331826985
246,2019-09-03,65.32214331826985
247,2019-09-04,65.32214331826985
248,2019-09-05,65.32214331826985
249,2019-09-06,65.32214331826985
250,2019-09-07,73.00710135571337
251,2019-09-08,73.00710135571337
252,2019-09-09,74.92834086507425
253,2019-09-10,144.09296320206585
254,2019-09-11,192.1239509360878
255,2019-09-12,132.56552614590058
256,2019-09-13,119.11684958037443
257,2019-09-14,122.9593285990962
258,2019-09-15,103.7469335054874
259,2019-09-16,88.37701743060039
260,2019-09-17,86.4557779212395
261,2019-09-18,82.61329890251776
262,2019-09-19,86.4557779212395
263,2019-09-20,117.19561007101355
264,2019-09-21,128.72304712717883
265,2019-09-22,122.9593285990962
266,2019-09-23,103.7469335054874
267,2019-09-24,96.0619754680439
268,2019-09-25,96.0619754680439
269,2019-09-26,94.14073595868302
270,2019-09-27,84.53453841187863
271,2019-09-28,101.82569399612653
272,2019-09-29,103.7469335054874
273,2019-09-30,84.53453841187863
274,2019-10-01,86.02735562310029
275,2019-10-02,82.11702127659574
276,2019-10-03,80.16185410334346
277,2019-10-04,87.98252279635257
278,2019-10-05,87.98252279635257
279,2019-10-06,97.75835866261397
280,2019-10-07,84.07218844984801
281,2019-10-08,80.16185410334346
282,2019-10-09,86.02735562310029
283,2019-10-10,82.11702127659574
284,2019-10-11,78.20668693009118
285,2019-10-12,93.8480243161094
286,2019-10-13,93.8480243161094
287,2019-10-14,84.07218844984801
288,2019-10-15,84.07218844984801
289,2019-10-16,80.16185410334346
290,2019-10-17,78.20668693009118
291,2019-10-18,84.07218844984801
292,2019-10-19,89.93768996960485
293,2019-10-20,89.93768996960485
294,2019-10-21,80.16185410334346
295,2019-10-22,80.16185410334346
296,2019-10-23,76.2515197568389
297,2019-10-24,74.29635258358662
298,2019-10-25,78.20668693009118
299,2019-10-26,86.02735562310029
300,2019-10-27,82.11702127659574
301,2019-10-28,74.29635258358662
302,2019-10-29,78.20668693009118
303,2019-10-30,76.2515197568389
304,2019-10-31,76.2515197568389
305,2019-11-01,74.88
306,2019-11-02,82.36799999999998
307,2019-11-03,82.36799999999998
308,2019-11-04,74.88
309,2019-11-05,74.88
310,2019-11-06,69.26399999999998
311,2019-11-07,73.008
312,2019-11-08,71.136
313,2019-11-09,80.49599999999998
314,2019-11-10,78.62399999999998
315,2019-11-11,71.136
316,2019-11-12,73.008
317,2019-11-13,71.136
318,2019-11-14,74.88
319,2019-11-15,73.008
320,2019-11-16,78.62399999999998
321,2019-11-17,91.728
322,2019-11-18,73.008
323,2019-11-19,67.39199999999998
324,2019-11-20,71.136
325,2019-11-21,74.88
326,2019-11-22,74.88
327,2019-11-23,86.11199999999998
328,2019-11-24,84.23999999999998
329,2019-11-25,78.62399999999998
330,2019-11-26,78.62399999999998
331,2019-11-27,80.49599999999998
332,2019-11-28,80.49599999999998
333,2019-11-29,101.08799999999998
334,2019-11-30,93.59999999999998
335,2019-12-01,91.13030528667163
336,2019-12-02,83.37453462397617
337,2019-12-03,79.49664929262845
338,2019-12-04,77.55770662695458
339,2019-12-05,77.55770662695458
340,2019-12-06,79.49664929262845
341,2019-12-07,83.37453462397617
342,2019-12-08,89.19136262099777
343,2019-12-09,77.55770662695458
344,2019-12-10,73.67982129560686
345,2019-12-11,71.74087862993298
346,2019-12-12,75.61876396128072
347,2019-12-13,73.67982129560686
348,2019-12-14,85.31347728965004
349,2019-12-15,87.2524199553239
350,2019-12-16,79.49664929262845
351,2019-12-17,77.55770662695458
352,2019-12-18,75.61876396128072
353,2019-12-19,75.61876396128072
354,2019-12-20,79.49664929262845
355,2019-12-21,91.13030528667163
356,2019-12-22,87.2524199553239
357,2019-12-23,81.43559195830231
358,2019-12-24,87.2524199553239
359,2019-12-25,116.33655994043187
360,2019-12-26,104.70290394638867
361,2019-12-27,95.00819061801936
362,2019-12-28,93.06924795234549
363,2019-12-29,87.2524199553239
364,2019-12-30,85.31347728965004
365,2019-12-31,81.43559195830231
366,2020-01-01,83.88235294117646
367,2020-01-02,80.23529411764706
368,2020-01-03,80.23529411764706
369,2020-01-04,82.05882352941177
370,2020-01-05,78.41176470588235
371,2020-01-06,72.94117647058825
372,2020-01-07,74.76470588235294
373,2020-01-08,71.11764705882354
374,2020-01-09,69.29411764705883
375,2020-01-10,71.11764705882354
376,2020-01-11,72.94117647058825
377,2020-01-12,76.58823529411765
378,2020-01-13,63.8235294117647
379,2020-01-14,65.6470588235294
380,2020-01-15,67.47058823529412
381,2020-01-16,65.6470588235294
382,2020-01-17,67.47058823529412
383,2020-01-18,74.76470588235294
384,2020-01-19,71.11764705882354
385,2020-01-20,65.6470588235294
386,2020-01-21,67.47058823529412
387,2020-01-22,65.6470588235294
388,2020-01-23,65.6470588235294
389,2020-01-24,63.8235294117647
390,2020-01-25,74.76470588235294
391,2020-01-26,71.11764705882354
392,2020-01-27,62.0
393,2020-01-28,62.0
394,2020-01-29,58.35294117647059
395,2020-01-30,60.1764705882353
396,2020-01-31,63.8235294117647
397,2020-02-01,69.29354207436398
398,2020-02-02,71.16634050880627
399,2020-02-03,61.80234833659491
400,2020-02-04,61.80234833659491
401,2020-02-05,61.80234833659491
402,2020-02-06,63.67514677103718
403,2020-02-07,61.80234833659491
404,2020-02-08,71.16634050880627
405,2020-02-09,73.03913894324853
406,2020-02-10,63.67514677103718
407,2020-02-11,63.67514677103718
408,2020-02-12,67.42074363992172
409,2020-02-13,63.67514677103718
410,2020-02-14,63.67514677103718
411,2020-02-15,71.16634050880627
412,2020-02-16,71.16634050880627
413,2020-02-17,67.42074363992172
414,2020-02-18,65.54794520547945
415,2020-02-19,65.54794520547945
416,2020-02-20,67.42074363992172
417,2020-02-21,61.80234833659491
418,2020-02-22,67.42074363992172
419,2020-02-23,71.16634050880627
420,2020-02-24,65.54794520547945
421,2020-02-25,63.67514677103718
422,2020-02-26,61.80234833659491
423,2020-02-27,63.67514677103718
424,2020-02-28,61.80234833659491
425,2020-02-29,71.16634050880627
426,2020-03-01,73.32931726907631
427,2020-03-02,63.68072289156627
428,2020-03-03,65.61044176706828
429,2020-03-04,63.68072289156627
430,2020-03-05,63.68072289156627
431,2020-03-06,65.61044176706828
432,2020-03-07,73.32931726907631
433,2020-03-08,71.3995983935743
434,2020-03-09,63.68072289156627
435,2020-03-10,59.82128514056225
436,2020-03-11,57.89156626506025
437,2020-03-12,55.96184738955824
438,2020-03-13,55.96184738955824
439,2020-03-14,67.54016064257029
440,2020-03-15,65.61044176706828
441,2020-03-16,55.96184738955824
442,2020-03-17,57.89156626506025
443,2020-03-18,57.89156626506025
444,2020-03-19,59.82128514056225
445,2020-03-20,63.68072289156627
446,2020-03-21,63.68072289156627
447,2020-03-22,61.75100401606426
448,2020-03-23,55.96184738955824
449,2020-03-24,57.89156626506025
450,2020-03-25,55.96184738955824
451,2020-03-26,59.82128514056225
452,2020-03-27,55.96184738955824
453,2020-03-28,65.61044176706828
454,2020-03-29,63.68072289156627
455,2020-03-30,57.89156626506025
456,2020-03-31,61.75100401606426
457,2020-04-01,58.80244755244755
458,2020-04-02,58.80244755244755
459,2020-04-03,60.69930069930069
460,2020-04-04,64.49300699300699
461,2020-04-05,60.69930069930069
462,2020-04-06,62.59615384615384
463,2020-04-07,60.69930069930069
464,2020-04-08,64.49300699300699
465,2020-04-09,60.69930069930069
466,2020-04-10,64.49300699300699
467,2020-04-11,66.38986013986013
468,2020-04-12,68.28671328671328
469,2020-04-13,64.49300699300699
470,2020-04-14,62.59615384615384
471,2020-04-15,81.5646853146853
472,2020-04-16,91.04895104895104
473,2020-04-17,87.25524475524475
474,2020-04-18,83.46153846153845
475,2020-04-19,79.66783216783216
476,2020-04-20,72.08041958041959
477,2020-04-21,70.18356643356643
478,2020-04-22,72.08041958041959
479,2020-04-23,70.18356643356643
480,2020-04-24,75.87412587412587
481,2020-04-25,73.97727272727273
482,2020-04-26,77.77097902097901
483,2020-04-27,73.97727272727273
484,2020-04-28,72.08041958041959
485,2020-04-29,68.28671328671328
486,2020-04-30,70.18356643356643
487,2020-04-30,72.08041958041959
488,2020-05-01,71.20590648072191
489,2020-05-02,74.766201804758
490,2020-05-03,71.20590648072191
491,2020-05-04,69.42575881870386
492,2020-05-05,69.42575881870386
493,2020-05-06,69.42575881870386
494,2020-05-07,67.6456111566858
495,2020-05-08,65.86546349466775
496,2020-05-09,74.766201804758
497,2020-05-10,74.766201804758
498,2020-05-11,71.20590648072191
499,2020-05-12,67.6456111566858
500,2020-05-13,69.42575881870386
501,2020-05-14,69.42575881870386
502,2020-05-15,67.6456111566858
503,2020-05-16,72.98605414273995
504,2020-05-17,76.54634946677604
505,2020-05-18,67.6456111566858
506,2020-05-19,69.42575881870386
507,2020-05-20,67.6456111566858
508,2020-05-21,69.42575881870386
509,2020-05-22,69.42575881870386
510,2020-05-23,72.98605414273995
511,2020-05-24,76.54634946677604
512,2020-05-25,67.6456111566858
513,2020-05-26,65.86546349466775
514,2020-05-27,67.6456111566858
515,2020-05-28,62.30516817063166
516,2020-05-29,69.42575881870386
517,2020-05-30,69.42575881870386
518,2020-05-31,71.20590648072191
519,2020-06-01,69.84060402684564
520,2020-06-02,77.39093959731544
521,2020-06-03,71.7281879194631
522,2020-06-04,69.84060402684564
523,2020-06-05,71.7281879194631
524,2020-06-06,77.39093959731544
525,2020-06-07,79.2785234899329
526,2020-06-08,75.503355704698
527,2020-06-09,69.84060402684564
528,2020-06-10,73.61577181208054
529,2020-06-11,75.503355704698
530,2020-06-12,71.7281879194631
531,2020-06-13,79.2785234899329
532,2020-06-14,77.39093959731544
533,2020-06-15,73.61577181208054
534,2020-06-16,75.503355704698
535,2020-06-17,73.61577181208054
536,2020-06-18,71.7281879194631
537,2020-06-19,71.7281879194631
538,2020-06-20,81.16610738255034
539,2020-06-21,83.0536912751678
540,2020-06-22,73.61577181208054
541,2020-06-23,75.503355704698
542,2020-06-24,75.503355704698
543,2020-06-25,73.61577181208054
544,2020-06-26,75.503355704698
545,2020-06-27,79.2785234899329
546,2020-06-28,83.0536912751678
547,2020-06-29,75.503355704698
548,2020-06-30,67.95302013422818
549,2020-07-01,72.28243021346469
550,2020-07-02,68.66830870279146
551,2020-07-03,70.47536945812807
552,2020-07-04,75.89655172413792
553,2020-07-05,81.31773399014777
554,2020-07-06,70.47536945812807
555,2020-07-07,68.66830870279146
556,2020-07-08,70.47536945812807
557,2020-07-09,70.47536945812807
558,2020-07-10,79.51067323481115
559,2020-07-11,75.89655172413792
560,2020-07-12,75.89655172413792
561,2020-07-13,68.66830870279146
562,2020-07-14,70.47536945812807
563,2020-07-15,74.08949096880131
564,2020-07-16,66.86124794745483
565,2020-07-17,65.05418719211822
566,2020-07-18,72.28243021346469
567,2020-07-19,70.47536945812807
568,2020-07-20,66.86124794745483
569,2020-07-21,68.66830870279146
570,2020-07-22,66.86124794745483
571,2020-07-23,66.86124794745483
572,2020-07-24,72.28243021346469
573,2020-07-25,75.89655172413792
574,2020-07-26,74.08949096880131
575,2020-07-27,68.66830870279146
576,2020-07-28,68.66830870279146
577,2020-07-29,66.86124794745483
578,2020-07-30,68.66830870279146
579,2020-07-31,68.66830870279146
580,2020-08-01,75.50952775476387
581,2020-08-02,71.91383595691798
582,2020-08-03,70.11599005799502
583,2020-08-04,70.11599005799502
584,2020-08-05,71.91383595691798
585,2020-08-06,68.31814415907208
586,2020-08-07,70.11599005799502
587,2020-08-08,71.91383595691798
588,2020-08-09,73.71168185584092
589,2020-08-10,64.72245236122617
590,2020-08-11,68.31814415907208
591,2020-08-12,68.31814415907208
592,2020-08-13,70.11599005799502
593,2020-08-14,68.31814415907208
594,2020-08-15,70.11599005799502
595,2020-08-16,75.50952775476387
596,2020-08-17,70.11599005799502
597,2020-08-18,70.11599005799502
598,2020-08-19,66.52029826014912
599,2020-08-20,71.91383595691798
600,2020-08-21,70.11599005799502
601,2020-08-22,75.50952775476387
602,2020-08-23,73.71168185584092
603,2020-08-24,68.31814415907208
604,2020-08-25,68.31814415907208
605,2020-08-26,68.31814415907208
606,2020-08-27,66.52029826014912
607,2020-08-28,64.72245236122617
608,2020-08-29,70.11599005799502
609,2020-08-30,73.71168185584092
610,2020-08-31,62.924606462303224
611,2020-09-01,65.94059405940594
612,2020-09-02,65.94059405940594
613,2020-09-03,65.94059405940594
614,2020-09-04,65.94059405940594
615,2020-09-05,71.43564356435644
616,2020-09-06,71.43564356435644
617,2020-09-07,73.26732673267327
618,2020-09-08,69.60396039603961
619,2020-09-09,65.94059405940594
620,2020-09-10,64.1089108910891
621,2020-09-11,65.94059405940594
622,2020-09-12,75.0990099009901
623,2020-09-13,75.0990099009901
624,2020-09-14,67.77227722772277
625,2020-09-15,76.93069306930693
626,2020-09-16,76.93069306930693
627,2020-09-17,75.0990099009901
628,2020-09-18,75.0990099009901
629,2020-09-19,89.75247524752476
630,2020-09-20,97.07920792079207
631,2020-09-21,86.08910891089108
632,2020-09-22,76.93069306930693
633,2020-09-23,76.93069306930693
634,2020-09-24,75.0990099009901
635,2020-09-25,76.93069306930693
636,2020-09-26,82.42574257425741
637,2020-09-27,76.93069306930693
638,2020-09-28,71.43564356435644
639,2020-09-29,73.26732673267327
640,2020-09-30,69.60396039603961
641,2020-10-01,66.53658536585367
642,2020-10-02,70.13315754779171
643,2020-10-03,75.52801582069876
644,2020-10-04,75.52801582069876
645,2020-10-05,66.53658536585367
646,2020-10-06,68.33487145682268
647,2020-10-07,70.13315754779171
648,2020-10-08,66.53658536585367
649,2020-10-09,66.53658536585367
650,2020-10-10,75.52801582069876
651,2020-10-11,77.32630191166777
652,2020-10-12,73.72972972972974
653,2020-10-13,145.66117336849047
654,2020-10-14,179.8286090969018
655,2020-10-15,116.88859591298618
656,2020-10-16,109.69545154911009
657,2020-10-17,95.30916282135796
658,2020-10-18,98.90573500329599
659,2020-10-19,82.72116018457483
660,2020-10-20,80.92287409360581
661,2020-10-21,82.72116018457483
662,2020-10-22,79.1245880026368
663,2020-10-23,98.90573500329599
664,2020-10-24,102.50230718523402
665,2020-10-25,97.10744891232697
666,2020-10-26,84.51944627554384
667,2020-10-27,84.51944627554384
668,2020-10-28,80.92287409360581
669,2020-10-29,79.1245880026368
670,2020-10-30,86.31773236651286
671,2020-10-31,89.9143045484509
672,2020-11-01,87.14184897671136
673,2020-11-02,80.02822865208185
674,2020-11-03,78.24982357092448
675,2020-11-04,64.02258292166549
676,2020-11-05,71.13620324629498
677,2020-11-06,78.24982357092448
678,2020-11-07,87.14184897671136
679,2020-11-08,87.14184897671136
680,2020-11-09,80.02822865208185
681,2020-11-10,80.02822865208185
682,2020-11-11,81.80663373323922
683,2020-11-12,80.02822865208185
684,2020-11-13,97.8122794636556
685,2020-11-14,99.59068454481299
686,2020-11-15,88.92025405786873
687,2020-11-16,83.5850388143966
688,2020-11-17,83.5850388143966
689,2020-11-18,76.4714184897671
690,2020-11-19,80.02822865208185
691,2020-11-20,83.5850388143966
692,2020-11-21,90.6986591390261
693,2020-11-22,88.92025405786873
694,2020-11-23,88.92025405786873
695,2020-11-24,81.80663373323922
696,2020-11-25,80.02822865208185
697,2020-11-26,85.36344389555397
698,2020-11-27,96.03387438249823
699,2020-11-28,88.92025405786873
700,2020-11-29,87.14184897671136
701,2020-11-30,83.5850388143966
702,2020-12-01,82.70992687232075
703,2020-12-02,77.19593174749937
704,2020-12-03,79.03393012243983
705,2020-12-04,79.03393012243983
706,2020-12-05,84.54792524726122
707,2020-12-06,88.22392199714213
708,2020-12-07,77.19593174749937
709,2020-12-08,77.19593174749937
710,2020-12-09,79.03393012243983
711,2020-12-10,77.19593174749937
712,2020-12-11,80.8719284973803
713,2020-12-12,86.38592362220167
714,2020-12-13,80.8719284973803
715,2020-12-14,75.35793337255892
716,2020-12-15,77.19593174749937
717,2020-12-16,71.681936622678
718,2020-12-17,79.03393012243983
719,2020-12-18,77.19593174749937
720,2020-12-19,84.54792524726122
721,2020-12-20,84.54792524726122
722,2020-12-21,77.19593174749937
723,2020-12-22,75.35793337255892
724,2020-12-23,75.35793337255892
725,2020-12-24,84.54792524726122
726,2020-12-25,106.60390574654676
727,2020-12-26,97.41391387184444
728,2020-12-27,97.41391387184444
729,2020-12-28,86.38592362220167
730,2020-12-29,84.54792524726122
731,2020-12-29,83.70244599478859
732,2020-12-30,82.01148748984338
733,2020-12-31,74.40217421758986
734,2021-01-01,83.03817642698296
735,2021-01-02,83.87694588584137
736,2021-01-03,82.19940696812453
737,2021-01-04,78.84432913269089
738,2021-01-05,73.81171237954041
739,2021-01-06,73.81171237954041
740,2021-01-07,71.29540400296517
741,2021-01-08,73.81171237954041
742,2021-01-09,75.48925129725723
743,2021-01-10,78.00555967383247
744,2021-01-11,71.29540400296517
745,2021-01-12,72.13417346182358
746,2021-01-13,71.29540400296517
747,2021-01-14,77.16679021497406
748,2021-01-15,72.13417346182358
749,2021-01-16,73.81171237954041
750,2021-01-17,71.29540400296517
751,2021-01-18,72.13417346182358
752,2021-01-19,66.26278724981468
753,2021-01-20,66.26278724981468
754,2021-01-21,66.26278724981468
755,2021-01-22,70.45663454410675
756,2021-01-23,74.65048183839882
757,2021-01-24,72.97294292068199
758,2021-01-25,67.94032616753151
759,2021-01-26,67.94032616753151
760,2021-01-27,71.29540400296517
761,2021-01-28,67.10155670867309
762,2021-01-29,65.42401779095626
763,2021-01-30,76.32802075611565
764,2021-01-31,74.65048183839882
765,2021-02-01,68.21864951768488
766,2021-02-02,67.34405144694534
767,2021-02-03,68.21864951768488
768,2021-02-04,66.46945337620578
769,2021-02-05,69.09324758842445
770,2021-02-06,75.21543408360128
771,2021-02-07,73.46623794212219
772,2021-02-08,65.59485530546624
773,2021-02-09,66.46945337620578
774,2021-02-10,66.46945337620578
775,2021-02-11,68.21864951768488
776,2021-02-12,65.59485530546624
777,2021-02-13,72.59163987138264
778,2021-02-14,69.96784565916398
779,2021-02-15,65.59485530546624
780,2021-02-16,65.59485530546624
781,2021-02-17,67.34405144694534
782,2021-02-18,65.59485530546624
783,2021-02-19,62.97106109324759
784,2021-02-20,71.71704180064309
785,2021-02-21,74.34083601286174
786,2021-02-22,63.845659163987136
787,2021-02-23,66.46945337620578
788,2021-02-24,62.97106109324759
789,2021-02-25,64.72025723472669
790,2021-02-26,65.59485530546624
791,2021-02-27,70.84244372990354
792,2021-02-28,73.46623794212219
793,2021-03-01,65.25601750547048
794,2021-03-02,67.90153172866522
795,2021-03-03,60.84682713347922
796,2021-03-04,61.72866520787748
797,2021-03-05,61.72866520787748
798,2021-03-06,67.01969365426697
799,2021-03-07,74.07439824945297
800,2021-03-08,63.492341356673975
801,2021-03-09,62.61050328227572
802,2021-03-10,62.61050328227572
803,2021-03-11,63.492341356673975
804,2021-03-12,66.13785557986873
805,2021-03-13,71.42888402625822
806,2021-03-14,71.42888402625822
807,2021-03-15,60.84682713347922
808,2021-03-16,60.84682713347922
809,2021-03-17,62.61050328227572
810,2021-03-18,61.72866520787748
811,2021-03-19,64.37417943107222
812,2021-03-20,67.01969365426697
813,2021-03-21,67.90153172866522
814,2021-03-22,65.25601750547048
815,2021-03-23,63.492341356673975
816,2021-03-24,64.37417943107222
817,2021-03-25,63.492341356673975
818,2021-03-26,64.37417943107222
819,2021-03-27,70.54704595185997
820,2021-03-28,68.78336980306347
821,2021-03-29,63.492341356673975
822,2021-03-30,63.492341356673975
823,2021-03-31,62.61050328227572
824,2021-04-01,64.88888888888889
825,2021-04-02,69.33333333333333
826,2021-04-03,71.1111111111111
827,2021-04-04,68.44444444444444
828,2021-04-05,66.66666666666666
829,2021-04-06,62.22222222222222
830,2021-04-07,59.55555555555555
831,2021-04-08,64.0
832,2021-04-09,57.77777777777777
833,2021-04-10,64.88888888888889
834,2021-04-11,68.44444444444444
835,2021-04-12,57.77777777777777
836,2021-04-13,60.44444444444444
837,2021-04-14,60.44444444444444
838,2021-04-15,60.44444444444444
839,2021-04-16,59.55555555555555
840,2021-04-17,66.66666666666666
841,2021-04-18,66.66666666666666
842,2021-04-19,62.22222222222222
843,2021-04-20,63.11111111111111
844,2021-04-21,64.88888888888889
845,2021-04-22,64.0
846,2021-04-23,64.88888888888889
847,2021-04-24,70.22222222222223
848,2021-04-25,64.0
849,2021-04-26,61.33333333333333
850,2021-04-27,64.0
851,2021-04-28,64.0
852,2021-04-29,64.0
853,2021-04-30,64.0
854,2021-05-01,62.21406991799741
855,2021-05-02,63.04359085023737
856,2021-05-03,61.384548985757455
857,2021-05-04,60.55502805351748
858,2021-05-05,63.04359085023737
859,2021-05-06,63.873111782477345
860,2021-05-07,60.55502805351748
861,2021-05-08,65.53215364695728
862,2021-05-09,67.19119551143721
863,2021-05-10,58.89598618903755
864,2021-05-11,67.19119551143721
865,2021-05-12,60.55502805351748
866,2021-05-13,61.384548985757455
867,2021-05-14,59.72550712127752
868,2021-05-15,67.19119551143721
869,2021-05-16,63.873111782477345
870,2021-05-17,58.06646525679759
871,2021-05-18,60.55502805351748
872,2021-05-19,61.384548985757455
873,2021-05-20,60.55502805351748
874,2021-05-21,58.89598618903755
875,2021-05-22,63.873111782477345
876,2021-05-23,64.70263271471731
877,2021-05-24,59.72550712127752
878,2021-05-25,58.06646525679759
879,2021-05-26,58.06646525679759
880,2021-05-27,61.384548985757455
881,2021-05-28,59.72550712127752
882,2021-05-29,67.19119551143721
883,2021-05-30,65.53215364695728
884,2021-05-31,58.06646525679759
885,2021-06-01,60.310112359550565
886,2021-06-02,61.15955056179776
887,2021-06-03,57.761797752808995
888,2021-06-04,62.85842696629214
889,2021-06-05,67.1056179775281
890,2021-06-06,66.2561797752809
891,2021-06-07,58.61123595505618
892,2021-06-08,62.00898876404494
893,2021-06-09,57.761797752808995
894,2021-06-10,65.40674157303371
895,2021-06-11,62.00898876404494
896,2021-06-12,65.40674157303371
897,2021-06-13,66.2561797752809
898,2021-06-14,62.00898876404494
899,2021-06-15,62.00898876404494
900,2021-06-16,60.310112359550565
901,2021-06-17,60.310112359550565
902,2021-06-18,61.15955056179776
903,2021-06-19,65.40674157303371
904,2021-06-20,67.95505617977528
905,2021-06-21,64.55730337078651
906,2021-06-22,62.85842696629214
907,2021-06-23,64.55730337078651
908,2021-06-24,62.85842696629214
909,2021-06-25,63.70786516853933
910,2021-06-26,69.65393258426967
911,2021-06-27,66.2561797752809
912,2021-06-28,62.00898876404494
913,2021-06-29,59.46067415730338
914,2021-06-30,62.00898876404494
915,2021-07-01,64.93367131389945
916,2021-07-02,64.05618926911703
917,2021-07-03,72.83100971694128
918,2021-07-04,70.198563582594
919,2021-07-05,66.68863540346429
920,2021-07-06,64.05618926911703
921,2021-07-07,62.301225179552176
922,2021-07-08,63.17870722433461
923,2021-07-09,65.81115335868188
924,2021-07-10,70.198563582594
925,2021-07-11,67.56611744824673
926,2021-07-12,65.81115335868188
927,2021-07-13,65.81115335868188
928,2021-07-14,63.17870722433461
929,2021-07-15,64.05618926911703
930,2021-07-16,66.68863540346429
931,2021-07-17,69.32108153781158
932,2021-07-18,67.56611744824673
933,2021-07-19,64.93367131389945
934,2021-07-20,68.44359949302914
935,2021-07-21,67.56611744824673
936,2021-07-22,65.81115335868188
937,2021-07-23,66.68863540346429
938,2021-07-24,71.07604562737643
939,2021-07-25,71.07604562737643
940,2021-07-26,67.56611744824673
941,2021-07-27,68.44359949302914
942,2021-07-28,68.44359949302914
943,2021-07-29,68.44359949302914
944,2021-07-30,64.93367131389945
945,2021-07-31,69.32108153781158
946,2021-08-01,67.644038491349
947,2021-08-02,65.0752775359813
948,2021-08-03,65.93153118777053
949,2021-08-04,63.36277023240285
950,2021-08-05,65.0752775359813
951,2021-08-06,66.78778483955976
952,2021-08-07,69.35654579492744
953,2021-08-08,70.21279944671667
954,2021-08-09,65.0752775359813
955,2021-08-10,63.36277023240285
956,2021-08-11,65.0752775359813
957,2021-08-12,66.78778483955976
958,2021-08-13,64.21902388419208
959,2021-08-14,71.0690530985059
960,2021-08-15,69.35654579492744
961,2021-08-16,65.0752775359813
962,2021-08-17,66.78778483955976
963,2021-08-18,69.35654579492744
964,2021-08-19,65.0752775359813
965,2021-08-20,64.21902388419208
966,2021-08-21,71.0690530985059
967,2021-08-22,70.21279944671667
968,2021-08-23,65.0752775359813
969,2021-08-24,69.35654579492744
970,2021-08-25,65.0752775359813
971,2021-08-26,64.21902388419208
972,2021-08-27,63.36277023240285
973,2021-08-28,70.21279944671667
974,2021-08-28,76.59578121460001
975,2021-08-29,82.97876298248335
976,2021-08-30,74.46812062530556
977,2021-08-31,74.46812062530556
978,2021-09-01,65.26785714285714
979,2021-09-02,67.18749999999999
980,2021-09-03,65.26785714285714
981,2021-09-04,74.86607142857142
982,2021-09-05,74.86607142857142
983,2021-09-06,65.26785714285714
984,2021-09-07,67.18749999999999
985,2021-09-08,69.10714285714285
986,2021-09-09,69.10714285714285
987,2021-09-10,71.02678571428571
988,2021-09-11,74.86607142857142
989,2021-09-12,74.86607142857142
990,2021-09-13,76.78571428571428
991,2021-09-14,124.7767857142857
992,2021-09-15,145.89285714285714
993,2021-09-16,107.49999999999999
994,2021-09-17,103.66071428571428
995,2021-09-18,105.58035714285714
996,2021-09-19,90.22321428571428
997,2021-09-20,80.625
998,2021-09-21,84.46428571428571
999,2021-09-22,82.54464285714285
1000,2021-09-23,86.38392857142857
1001,2021-09-24,103.66071428571428
1002,2021-09-25,105.58035714285714
1003,2021-09-26,101.74107142857142
1004,2021-09-27,86.38392857142857
1005,2021-09-28,86.38392857142857
1006,2021-09-29,84.46428571428571
1007,2021-09-30,84.46428571428571
1008,2021-10-01,82.25791139240506
1009,2021-10-02,89.90981012658227
1010,2021-10-03,91.82278481012658
1011,2021-10-04,86.08386075949366
1012,2021-10-05,78.43196202531645
1013,2021-10-06,76.51898734177215
1014,2021-10-07,78.43196202531645
1015,2021-10-08,78.43196202531645
1016,2021-10-09,87.99683544303797
1017,2021-10-10,86.08386075949366
1018,2021-10-11,74.60601265822784
1019,2021-10-12,76.51898734177215
1020,2021-10-13,78.43196202531645
1021,2021-10-14,76.51898734177215
1022,2021-10-15,74.60601265822784
1023,2021-10-16,82.25791139240506
1024,2021-10-17,82.25791139240506
1025,2021-10-18,72.69303797468353
1026,2021-10-19,72.69303797468353
1027,2021-10-20,72.69303797468353
1028,2021-10-21,72.69303797468353
1029,2021-10-22,72.69303797468353
1030,2021-10-23,82.25791139240506
1031,2021-10-24,78.43196202531645
1032,2021-10-25,72.69303797468353
1033,2021-10-26,72.69303797468353
1034,2021-10-27,68.86708860759494
1035,2021-10-28,72.69303797468353
1036,2021-10-29,70.78006329113923
1037,2021-10-30,74.60601265822784
1038,2021-10-31,80.34493670886076
1039,2021-11-01,76.05
1040,2021-11-02,72.14999999999999
1041,2021-11-03,70.2
1042,2021-11-04,76.05
1043,2021-11-05,74.1
1044,2021-11-06,83.85
1045,2021-11-07,81.9
1046,2021-11-08,74.1
1047,2021-11-09,72.14999999999999
1048,2021-11-10,72.14999999999999
1049,2021-11-11,72.14999999999999
1050,2021-11-12,76.05
1051,2021-11-13,81.9
1052,2021-11-14,85.8
1053,2021-11-15,72.14999999999999
1054,2021-11-16,70.2
1055,2021-11-17,72.14999999999999
1056,2021-11-18,72.14999999999999
1057,2021-11-19,76.05
1058,2021-11-20,81.9
1059,2021-11-21,83.85
1060,2021-11-22,79.94999999999999
1061,2021-11-23,79.94999999999999
1062,2021-11-24,76.05
1063,2021-11-25,81.9
1064,2021-11-26,91.64999999999999
1065,2021-11-27,87.75
1066,2021-11-28,93.6
1067,2021-11-29,78.0
1068,2021-11-30,74.1
1069,2021-12-01,71.18696664080683
1070,2021-12-02,73.11093871217999
1071,2021-12-03,73.11093871217999
1072,2021-12-04,80.80682699767262
1073,2021-12-05,82.73079906904577
1074,2021-12-06,73.11093871217999
1075,2021-12-07,75.03491078355314
1076,2021-12-08,75.03491078355314
1077,2021-12-09,67.33902249806052
1078,2021-12-10,73.11093871217999
1079,2021-12-11,78.88285492629946
1080,2021-12-12,80.80682699767262
1081,2021-12-13,73.11093871217999
1082,2021-12-14,71.18696664080683
1083,2021-12-15,76.9588828549263
1084,2021-12-16,76.9588828549263
1085,2021-12-17,75.03491078355314
1086,2021-12-18,88.50271528316524
1087,2021-12-19,82.73079906904577
1088,2021-12-20,75.03491078355314
1089,2021-12-21,76.9588828549263
1090,2021-12-22,73.11093871217999
1091,2021-12-23,78.88285492629946
1092,2021-12-24,88.50271528316524
1093,2021-12-25,115.43832428238944
1094,2021-12-26,101.97051978277734
1095,2021-12-27,86.57874321179209
1096,2021-12-28,88.50271528316524
1097,2021-12-29,82.73079906904577
1098,2021-12-30,80.80682699767262
1099,2021-12-31,82.73079906904577
1100,2022-01-01,80.61820851688694
1101,2022-01-02,80.61820851688694
1102,2022-01-03,75.3604992657856
1103,2022-01-04,175.2569750367107
1104,2022-01-05,57.83480176211453
1105,2022-01-06,59.587371512481646
1106,2022-01-07,71.85535976505139
1107,2022-01-08,82.37077826725404
1108,2022-01-09,82.37077826725404
1109,2022-01-10,70.10279001468429
1110,2022-01-11,70.10279001468429
1111,2022-01-12,68.35022026431717
1112,2022-01-13,129.6901615271659
1113,2022-01-14,54.32966226138033
1114,2022-01-15,71.85535976505139
1115,2022-01-16,133.19530102790014
1116,2022-01-17,52.57709251101321
1117,2022-01-18,56.08223201174743
1118,2022-01-19,57.83480176211453
1119,2022-01-20,61.33994126284875
1120,2022-01-21,61.33994126284875
1121,2022-01-22,71.85535976505139
1122,2022-01-23,75.3604992657856
1123,2022-01-24,140.20558002936858
1124,2022-01-25,56.08223201174743
1125,2022-01-26,57.83480176211453
1126,2022-01-27,57.83480176211453
1127,2022-01-28,66.59765051395007
1128,2022-01-29,71.85535976505139
1129,2022-01-30,71.85535976505139
1130,2022-01-31,64.84508076358296
1131,2022-02-01,70.88954056695992
1132,2022-02-02,68.97360703812318
1133,2022-02-03,70.88954056695992
1134,2022-02-04,68.97360703812318
1135,2022-02-05,76.63734115347019
1136,2022-02-06,74.72140762463343
1137,2022-02-07,68.97360703812318
1138,2022-02-08,68.97360703812318
1139,2022-02-09,65.14173998044966
1140,2022-02-10,68.97360703812318
1141,2022-02-11,67.05767350928642
1142,2022-02-12,78.55327468230695
1143,2022-02-13,74.72140762463343
1144,2022-02-14,65.14173998044966
1145,2022-02-15,68.97360703812318
1146,2022-02-16,67.05767350928642
1147,2022-02-17,68.97360703812318
1148,2022-02-18,67.05767350928642
1149,2022-02-19,76.63734115347019
1150,2022-02-20,78.55327468230695
1151,2022-02-21,65.14173998044966
1152,2022-02-22,67.05767350928642
1153,2022-02-23,68.97360703812318
1154,2022-02-24,63.225806451612904
1155,2022-02-25,67.05767350928642
1156,2022-02-26,70.88954056695992
1157,2022-02-27,74.72140762463343
1158,2022-02-28,67.05767350928642
1159,2022-03-01,69.81059947871417
1160,2022-03-02,67.871416159861
1161,2022-03-03,69.81059947871417
1162,2022-03-04,67.871416159861
1163,2022-03-05,73.68896611642052
1164,2022-03-06,75.62814943527368
1165,2022-03-07,67.871416159861
1166,2022-03-08,73.68896611642052
1167,2022-03-09,79.50651607298002
1168,2022-03-10,69.81059947871417
1169,2022-03-11,71.74978279756733
1170,2022-03-12,79.50651607298002
1171,2022-03-13,81.4456993918332
1172,2022-03-14,73.68896611642052
1173,2022-03-15,71.74978279756733
1174,2022-03-16,69.81059947871417
1175,2022-03-17,69.81059947871417
1176,2022-03-18,71.74978279756733
1177,2022-03-19,79.50651607298002
1178,2022-03-20,79.50651607298002
1179,2022-03-21,75.62814943527368
1180,2022-03-22,69.81059947871417
1181,2022-03-23,69.81059947871417
1182,2022-03-24,69.81059947871417
1183,2022-03-25,67.871416159861
1184,2022-03-26,77.56733275412685
1185,2022-03-27,73.68896611642052
1186,2022-03-28,65.93223284100783
1187,2022-03-29,65.93223284100783
1188,2022-03-30,65.93223284100783
1189,2022-03-31,65.93223284100783
1190,2022-04-01,71.63433730690555
1191,2022-04-02,77.77442336178318
1192,2022-04-03,79.82111871340904
1193,2022-04-04,69.58764195527968
1194,2022-04-05,65.49425125202794
1195,2022-04-06,69.58764195527968
1196,2022-04-07,67.5409466036538
1197,2022-04-08,69.58764195527968
1198,2022-04-09,75.72772801015729
1199,2022-04-10,77.77442336178318
1200,2022-04-11,67.5409466036538
1201,2022-04-12,67.5409466036538
1202,2022-04-13,69.58764195527968
1203,2022-04-14,73.68103265853142
1204,2022-04-15,75.72772801015729
1205,2022-04-16,77.77442336178318
1206,2022-04-17,77.77442336178318
1207,2022-04-18,73.68103265853142
1208,2022-04-19,73.68103265853142
1209,2022-04-20,71.63433730690555
1210,2022-04-21,71.63433730690555
1211,2022-04-22,69.58764195527968
1212,2022-04-23,75.72772801015729
1213,2022-04-24,77.77442336178318
1214,2022-04-25,71.63433730690555
1215,2022-04-26,69.58764195527968
1216,2022-04-27,67.5409466036538
1217,2022-04-27,66.24208224589123
1218,2022-04-28,64.94321788812864
1219,2022-04-29,68.83981096141638
1220,2022-04-30,75.33413275022924
1221,2022-05-01,76.39616995810891
1222,2022-05-02,71.12746858168761
1223,2022-05-03,72.44464392579293
1224,2022-05-04,68.49311789347696
1225,2022-05-05,72.44464392579293
1226,2022-05-06,71.12746858168761
1227,2022-05-07,76.39616995810891
1228,2022-05-08,76.39616995810891
1229,2022-05-09,67.17594254937164
1230,2022-05-10,69.81029323758229
1231,2022-05-11,67.17594254937164
1232,2022-05-12,65.8587672052663
1233,2022-05-13,72.44464392579293
1234,2022-05-14,72.44464392579293
1235,2022-05-15,75.07899461400359
1236,2022-05-16,67.17594254937164
1237,2022-05-17,68.49311789347696
1238,2022-05-18,67.17594254937164
1239,2022-05-19,65.8587672052663
1240,2022-05-20,68.49311789347696
1241,2022-05-21,72.44464392579293
1242,2022-05-22,75.07899461400359
1243,2022-05-23,67.17594254937164
1244,2022-05-24,68.49311789347696
1245,2022-05-25,68.49311789347696
1246,2022-05-26,73.76181926989825
1247,2022-05-27,71.12746858168761
1248,2022-05-28,80.3476959904249
1249,2022-05-29,76.39616995810891
1250,2022-05-30,68.49311789347696
1251,2022-05-31,67.17594254937164
1252,2022-06-01,63.60576923076923
1253,2022-06-02,68.79807692307692
1254,2022-06-03,71.39423076923077
1255,2022-06-04,73.99038461538461
1256,2022-06-05,77.88461538461539
1257,2022-06-06,71.39423076923077
1258,2022-06-07,72.6923076923077
1259,2022-06-08,75.28846153846153
1260,2022-06-09,70.09615384615385
1261,2022-06-10,72.6923076923077
1262,2022-06-11,76.58653846153845
1263,2022-06-12,75.28846153846153
1264,2022-06-13,67.5
1265,2022-06-14,68.79807692307692
1266,2022-06-15,71.39423076923077
1267,2022-06-16,68.79807692307692
1268,2022-06-17,71.39423076923077
1269,2022-06-18,77.88461538461539
1270,2022-06-19,77.88461538461539
1271,2022-06-20,68.79807692307692
1272,2022-06-21,68.79807692307692
1273,2022-06-22,71.39423076923077
1274,2022-06-23,68.79807692307692
1275,2022-06-24,70.09615384615385
1276,2022-06-25,79.1826923076923
1277,2022-06-26,77.88461538461539
1278,2022-06-27,70.09615384615385
1279,2022-06-28,72.6923076923077
1280,2022-06-29,71.39423076923077
1281,2022-06-30,67.5
1282,2022-07-01,76.40507726269315
1283,2022-07-02,81.67439293598234
1284,2022-07-03,82.99172185430464
1285,2022-07-04,73.77041942604856
1286,2022-07-05,68.50110375275938
1287,2022-07-06,79.03973509933775
1288,2022-07-07,72.45309050772627
1289,2022-07-08,73.77041942604856
1290,2022-07-09,81.67439293598234
1291,2022-07-10,81.67439293598234
1292,2022-07-11,80.35706401766004
1293,2022-07-12,76.40507726269315
1294,2022-07-13,73.77041942604856
1295,2022-07-14,76.40507726269315
1296,2022-07-15,75.08774834437087
1297,2022-07-16,84.30905077262693
1298,2022-07-17,80.35706401766004
1299,2022-07-18,80.35706401766004
1300,2022-07-19,72.45309050772627
1301,2022-07-20,73.77041942604856
1302,2022-07-21,73.77041942604856
1303,2022-07-22,73.77041942604856
1304,2022-07-23,77.72240618101544
1305,2022-07-24,81.67439293598234
1306,2022-07-25,73.77041942604856
1307,2022-07-26,77.72240618101544
1308,2022-07-27,71.13576158940397
1309,2022-07-28,75.08774834437087
1310,2022-07-29,76.40507726269315
1311,2022-07-30,77.72240618101544
1312,2022-07-31,82.99172185430464
1313,2022-08-01,72.56502242152466
1314,2022-08-02,73.81614349775785
1315,2022-08-03,68.8116591928251
1316,2022-08-04,72.56502242152466
1317,2022-08-05,71.31390134529148
1318,2022-08-06,75.06726457399104
1319,2022-08-07,77.56950672645739
1320,2022-08-08,75.06726457399104
1321,2022-08-09,73.81614349775785
1322,2022-08-10,70.0627802690583
1323,2022-08-11,72.56502242152466
1324,2022-08-12,76.31838565022422
1325,2022-08-13,73.81614349775785
1326,2022-08-14,76.31838565022422
1327,2022-08-15,71.31390134529148
1328,2022-08-16,70.0627802690583
1329,2022-08-17,72.56502242152466
1330,2022-08-18,68.8116591928251
1331,2022-08-19,75.06726457399104
1332,2022-08-20,72.56502242152466
1333,2022-08-21,77.56950672645739
1334,2022-08-22,68.8116591928251
1335,2022-08-23,68.8116591928251
1336,2022-08-24,68.8116591928251
1337,2022-08-25,68.8116591928251
1338,2022-08-26,71.31390134529148
1339,2022-08-27,71.31390134529148
1340,2022-08-28,75.06726457399104
1341,2022-08-29,66.30941704035874
1342,2022-08-30,67.56053811659193
1343,2022-08-31,67.56053811659193
1344,2022-09-01,70.239852398524
1345,2022-09-02,70.239852398524
1346,2022-09-03,76.74354243542435
1347,2022-09-04,78.04428044280444
1348,2022-09-05,70.239852398524
1349,2022-09-06,72.84132841328413
1350,2022-09-07,102.75830258302584
1351,2022-09-08,130.07380073800738
1352,2022-09-09,110.56273062730628
1353,2022-09-10,98.8560885608856
1354,2022-09-11,94.9538745387454
1355,2022-09-12,87.14944649446495
1356,2022-09-13,94.9538745387454
1357,2022-09-14,92.35239852398524
1358,2022-09-15,93.65313653136532
1359,2022-09-16,114.4649446494465
1360,2022-09-17,120.96863468634686
1361,2022-09-18,110.56273062730628
1362,2022-09-19,100.15682656826569
1363,2022-09-20,101.45756457564576
1364,2022-09-21,93.65313653136532
1365,2022-09-22,97.55535055350555
1366,2022-09-23,96.25461254612546
1367,2022-09-24,110.56273062730628
1368,2022-09-25,96.25461254612546
1369,2022-09-26,93.65313653136532
1370,2022-09-27,88.45018450184502
1371,2022-09-28,84.5479704797048
1372,2022-09-29,84.5479704797048
1373,2022-09-30,83.24723247232473
1374,2022-10-01,89.93548387096774
1375,2022-10-02,89.93548387096774
1376,2022-10-03,82.0
1377,2022-10-04,82.0
1378,2022-10-05,85.96774193548387
1379,2022-10-06,82.0
1380,2022-10-07,85.96774193548387
1381,2022-10-08,92.58064516129032
1382,2022-10-09,92.58064516129032
1383,2022-10-10,84.64516129032258
1384,2022-10-11,82.0
1385,2022-10-12,80.6774193548387
1386,2022-10-13,79.35483870967742
1387,2022-10-14,84.64516129032258
1388,2022-10-15,91.25806451612904
1389,2022-10-16,84.64516129032258
1390,2022-10-17,74.06451612903226
1391,2022-10-18,76.70967741935483
1392,2022-10-19,78.03225806451613
1393,2022-10-20,76.70967741935483
1394,2022-10-21,78.03225806451613
1395,2022-10-22,82.0
1396,2022-10-23,84.64516129032258
1397,2022-10-24,78.03225806451613
1398,2022-10-25,76.70967741935483
1399,2022-10-26,78.03225806451613
1400,2022-10-27,74.06451612903226
1401,2022-10-28,72.74193548387096
1402,2022-10-29,83.3225806451613
1403,2022-10-30,83.3225806451613
1404,2022-10-31,75.38709677419355
1405,2022-11-01,67.23735408560312
1406,2022-11-02,66.03668704836019
1407,2022-11-03,68.43802112284602
1408,2022-11-04,72.04002223457476
1409,2022-11-05,74.44135630906058
1410,2022-11-06,72.04002223457476
1411,2022-11-07,69.63868816008893
1412,2022-11-08,68.43802112284602
1413,2022-11-09,67.23735408560312
1414,2022-11-10,67.23735408560312
1415,2022-11-11,70.83935519733184
1416,2022-11-12,72.04002223457476
1417,2022-11-13,78.04335742078932
1418,2022-11-14,69.63868816008893
1419,2022-11-15,66.03668704836019
1420,2022-11-16,68.43802112284602
1421,2022-11-17,72.04002223457476
1422,2022-11-18,75.6420233463035
1423,2022-11-19,79.24402445803224
1424,2022-11-20,79.24402445803224
1425,2022-11-21,73.24068927181767
1426,2022-11-22,70.83935519733184
1427,2022-11-23,68.43802112284602
1428,2022-11-24,69.63868816008893
1429,2022-11-25,85.2473596442468
1430,2022-11-26,79.24402445803224
1431,2022-11-27,81.64535853251806
1432,2022-11-28,69.63868816008893
1433,2022-11-29,64.83602001111728
1434,2022-11-30,73.24068927181767
1435,2022-12-01,70.12959645980402
1436,2022-12-02,76.87282688863134
1437,2022-12-03,84.9647034032241
1438,2022-12-04,83.61605731745864
1439,2022-12-05,72.82688863133495
1440,2022-12-06,74.1755347171004
1441,2022-12-07,74.1755347171004
1442,2022-12-08,78.2214729743968
1443,2022-12-09,71.47824254556949
1444,2022-12-10,84.9647034032241
1445,2022-12-11,89.0106416605205
1446,2022-12-12,78.2214729743968
1447,2022-12-13,75.52418080286587
1448,2022-12-14,72.82688863133495
1449,2022-12-15,75.52418080286587
1450,2022-12-16,82.26741123169319
1451,2022-12-17,89.0106416605205
1452,2022-12-18,79.57011906016226
1453,2022-12-19,80.91876514592772
1454,2022-12-20,84.9647034032241
1455,2022-12-21,84.9647034032241
1456,2022-12-22,83.61605731745864
1457,2022-12-23,89.0106416605205
1458,2022-12-24,91.70793383205141
1459,2022-12-25,110.58897903276788
1460,2022-12-26,106.5430407754715
1461,2022-12-26,102.28131914445264
1462,2022-12-27,92.69244547466022
1463,2022-12-28,89.49615425139606
1464,2022-12-29,86.29986302813192
1465,2022-12-30,88.43072384364136
1466,2022-12-31,83.10357180486778
1467,2023-01-01,92.02362204724409
1468,2023-01-02,85.67716535433071
1469,2023-01-03,80.38845144356956
1470,2023-01-04,82.50393700787401
1471,2023-01-05,76.15748031496062
1472,2023-01-06,83.56167979002625
1473,2023-01-07,84.61942257217848
1474,2023-01-08,87.79265091863518
1475,2023-01-09,77.21522309711285
1476,2023-01-10,74.04199475065617
1477,2023-01-11,76.15748031496062
1478,2023-01-12,71.92650918635171
1479,2023-01-13,68.75328083989501
1480,2023-01-14,80.38845144356956
1481,2023-01-15,84.61942257217848
1482,2023-01-16,76.15748031496062
1483,2023-01-17,76.15748031496062
1484,2023-01-18,71.92650918635171
1485,2023-01-19,72.98425196850394
1486,2023-01-20,74.04199475065617
1487,2023-01-21,79.33070866141733
1488,2023-01-22,85.67716535433071
1489,2023-01-23,74.04199475065617
1490,2023-01-24,75.09973753280839
1491,2023-01-25,74.04199475065617
1492,2023-01-26,74.04199475065617
1493,2023-01-27,77.21522309711285
1494,2023-01-28,80.38845144356956
1495,2023-01-29,81.4461942257218
1496,2023-01-30,68.75328083989501
1497,2023-01-31,70.86876640419948
1498,2023-02-01,76.44305772230891
1499,2023-02-02,73.1669266770671
1500,2023-02-03,76.44305772230891
1501,2023-02-04,85.17940717628707
1502,2023-02-05,82.99531981279253
1503,2023-02-06,73.1669266770671
1504,2023-02-07,69.89079563182528
1505,2023-02-08,75.35101404056164
1506,2023-02-09,66.61466458658347
1507,2023-02-10,70.98283931357255
1508,2023-02-11,78.62714508580343
1509,2023-02-12,79.7191887675507
1510,2023-02-13,70.98283931357255
1511,2023-02-14,72.07488299531983
1512,2023-02-15,73.1669266770671
1513,2023-02-16,70.98283931357255
1514,2023-02-17,75.35101404056164
1515,2023-02-18,79.7191887675507
1516,2023-02-19,78.62714508580343
1517,2023-02-20,74.25897035881437
1518,2023-02-21,70.98283931357255
1519,2023-02-22,70.98283931357255
1520,2023-02-23,70.98283931357255
1521,2023-02-24,72.07488299531983
1522,2023-02-25,82.99531981279253
1523,2023-02-26,81.90327613104526
1524,2023-02-27,74.25897035881437
1525,2023-02-28,72.07488299531983
1526,2023-03-01,65.65060827250609
1527,2023-03-02,65.65060827250609
1528,2023-03-03,66.676399026764
1529,2023-03-04,75.90851581508517
1530,2023-03-05,72.83114355231145
1531,2023-03-06,60.52165450121656
1532,2023-03-07,66.676399026764
1533,2023-03-08,66.676399026764
1534,2023-03-09,64.6248175182482
1535,2023-03-10,66.676399026764
1536,2023-03-11,74.88272506082725
1537,2023-03-12,74.88272506082725
1538,2023-03-13,66.676399026764
1539,2023-03-14,65.65060827250609
1540,2023-03-15,67.70218978102191
1541,2023-03-16,65.65060827250609
1542,2023-03-17,67.70218978102191
1543,2023-03-18,74.88272506082725
1544,2023-03-19,74.88272506082725
1545,2023-03-20,64.6248175182482
1546,2023-03-21,71.80535279805353
1547,2023-03-22,63.59902676399028
1548,2023-03-23,63.59902676399028
1549,2023-03-24,67.70218978102191
1550,2023-03-25,71.80535279805353
1551,2023-03-26,70.77956204379564
1552,2023-03-27,66.676399026764
1553,2023-03-28,67.70218978102191
1554,2023-03-29,62.573236009732376
1555,2023-03-30,65.65060827250609
1556,2023-03-31,66.676399026764
1557,2023-04-01,72.30538922155688
1558,2023-04-02,73.3383233532934
1559,2023-04-03,69.2065868263473
1560,2023-04-04,66.10778443113773
1561,2023-04-05,68.17365269461078
1562,2023-04-06,69.2065868263473
1563,2023-04-07,72.30538922155688
1564,2023-04-08,74.37125748502993
1565,2023-04-09,73.3383233532934
1566,2023-04-10,71.27245508982035
1567,2023-04-11,69.2065868263473
1568,2023-04-12,66.10778443113773
1569,2023-04-13,67.14071856287426
1570,2023-04-14,68.17365269461078
1571,2023-04-15,71.27245508982035
1572,2023-04-16,73.3383233532934
1573,2023-04-17,65.07485029940119
1574,2023-04-18,63.00898203592814
1575,2023-04-19,64.04191616766467
1576,2023-04-20,63.00898203592814
1577,2023-04-21,63.00898203592814
1578,2023-04-22,74.37125748502993
1579,2023-04-23,75.40419161676647
1580,2023-04-24,66.10778443113773
1581,2023-04-25,66.10778443113773
1582,2023-04-26,64.04191616766467
1583,2023-04-27,67.14071856287426
1584,2023-04-28,68.17365269461078
1585,2023-04-29,72.30538922155688
1586,2023-04-30,73.3383233532934
1587,2023-05-01,75.30986613782845
1588,2023-05-02,68.85473475458602
1589,2023-05-03,71.00644521566683
1590,2023-05-04,67.7788795240456
1591,2023-05-05,69.93058998512643
1592,2023-05-06,72.08230044620724
1593,2023-05-07,75.30986613782845
1594,2023-05-08,69.93058998512643
1595,2023-05-09,66.70302429350521
1596,2023-05-10,67.7788795240456
1597,2023-05-11,67.7788795240456
1598,2023-05-12,67.7788795240456
1599,2023-05-13,74.23401090728805
1600,2023-05-14,71.00644521566683
1601,2023-05-15,65.6271690629648
1602,2023-05-16,66.70302429350521
1603,2023-05-17,66.70302429350521
1604,2023-05-18,67.7788795240456
1605,2023-05-19,68.85473475458602
1606,2023-05-20,73.15815567674764
1607,2023-05-21,74.23401090728805
1608,2023-05-22,67.7788795240456
1609,2023-05-23,71.00644521566683
1610,2023-05-24,63.475458601883986
1611,2023-05-25,67.7788795240456
1612,2023-05-26,68.85473475458602
1613,2023-05-27,76.38572136836886
1614,2023-05-28,77.46157659890926
1615,2023-05-29,67.7788795240456
1616,2023-05-30,71.00644521566683
1617,2023-05-31,69.93058998512643
1618,2023-06-01,70.11661807580175
1619,2023-06-02,70.11661807580175
1620,2023-06-03,74.43148688046648
1621,2023-06-04,76.58892128279884
1622,2023-06-05,74.43148688046648
1623,2023-06-06,76.58892128279884
1624,2023-06-07,72.27405247813412
1625,2023-06-08,73.3527696793003
1626,2023-06-09,71.19533527696794
1627,2023-06-10,75.51020408163266
1628,2023-06-11,78.7463556851312
1629,2023-06-12,76.58892128279884
1630,2023-06-13,71.19533527696794
1631,2023-06-14,71.19533527696794
1632,2023-06-15,71.19533527696794
1633,2023-06-16,71.19533527696794
1634,2023-06-17,80.90379008746358
1635,2023-06-18,80.90379008746358
1636,2023-06-19,74.43148688046648
1637,2023-06-20,73.3527696793003
1638,2023-06-21,65.80174927113704
1639,2023-06-22,72.27405247813412
1640,2023-06-23,72.27405247813412
1641,2023-06-24,79.82507288629738
1642,2023-06-25,76.58892128279884
1643,2023-06-26,74.43148688046648
1644,2023-06-27,72.27405247813412
1645,2023-06-28,72.27405247813412
1646,2023-06-29,73.3527696793003
1647,2023-06-30,76.58892128279884
1648,2023-07-01,79.44191343963554
1649,2023-07-02,84.73804100227791
1650,2023-07-03,80.50113895216403
1651,2023-07-04,76.26423690205011
1652,2023-07-05,73.0865603644647
1653,2023-07-06,74.14578587699317
1654,2023-07-07,81.5603644646925
1655,2023-07-08,77.32346241457859
1656,2023-07-09,76.26423690205011
1657,2023-07-10,76.26423690205011
1658,2023-07-11,73.0865603644647
1659,2023-07-12,70.96810933940775
1660,2023-07-13,74.14578587699317
1661,2023-07-14,73.0865603644647
1662,2023-07-15,77.32346241457859
1663,2023-07-16,78.38268792710706
1664,2023-07-17,73.0865603644647
1665,2023-07-18,70.96810933940775
1666,2023-07-19,69.90888382687928
1667,2023-07-20,69.90888382687928
1668,2023-07-21,72.02733485193622
1669,2023-07-22,78.38268792710706
1670,2023-07-23,77.32346241457859
1671,2023-07-24,70.96810933940775
1672,2023-07-25,74.14578587699317
1673,2023-07-26,70.96810933940775
1674,2023-07-27,67.79043280182233
1675,2023-07-28,70.96810933940775
1676,2023-07-29,77.32346241457859
1677,2023-07-30,79.44191343963554
1678,2023-07-31,75.20501138952164
1679,2023-08-01,74.00983222408775
1680,2023-08-02,74.00983222408775
1681,2023-08-03,75.08243848820496
1682,2023-08-04,75.08243848820496
1683,2023-08-05,77.22765101643938
1684,2023-08-06,84.7358948652599
1685,2023-08-07,76.15504475232217
1686,2023-08-08,75.08243848820496
1687,2023-08-09,76.15504475232217
1688,2023-08-10,74.00983222408775
1689,2023-08-11,77.22765101643938
1690,2023-08-12,77.22765101643938
1691,2023-08-13,78.30025728055661
1692,2023-08-14,76.15504475232217
1693,2023-08-15,74.00983222408775
1694,2023-08-16,72.93722595997053
1695,2023-08-17,69.7194071676189
1696,2023-08-18,75.08243848820496
1697,2023-08-19,78.30025728055661
1698,2023-08-20,78.30025728055661
1699,2023-08-21,71.86461969585332
1700,2023-08-22,71.86461969585332
1701,2023-08-23,66.50158837526726
1702,2023-08-24,70.79201343173611
1703,2023-08-25,71.86461969585332
1704,2023-08-25,73.80690671466016
1705,2023-08-26,73.80690671466016
1706,2023-08-27,81.57605478988755
1707,2023-08-28,73.80690671466016
1708,2023-08-29,71.86461969585332
1709,2023-08-30,75.74919373346701
1710,2023-08-31,77.69148075227386
1711,2023-09-01,74.0506329113924
1712,2023-09-02,75.9493670886076
1713,2023-09-03,77.84810126582279
1714,2023-09-04,75.9493670886076
1715,2023-09-05,72.15189873417721
1716,2023-09-06,70.25316455696203
1717,2023-09-07,74.0506329113924
1718,2023-09-08,75.9493670886076
1719,2023-09-09,81.64556962025317
1720,2023-09-10,83.54430379746836
1721,2023-09-11,77.84810126582279
1722,2023-09-12,150.0
1723,2023-09-13,189.873417721519
1724,2023-09-14,127.21518987341773
1725,2023-09-15,129.11392405063293
1726,2023-09-16,119.62025316455697
1727,2023-09-17,112.0253164556962
1728,2023-09-18,98.73417721518987
1729,2023-09-19,94.9367088607595
1730,2023-09-20,98.73417721518987
1731,2023-09-21,89.24050632911393
1732,2023-09-22,123.41772151898734
1733,2023-09-23,121.51898734177216
1734,2023-09-24,121.51898734177216
1735,2023-09-25,106.32911392405063
1736,2023-09-26,94.9367088607595
1737,2023-09-27,94.9367088607595
1738,2023-09-28,94.9367088607595
1739,2023-09-29,91.13924050632912
1740,2023-09-30,102.53164556962025
1741,2023-10-01,97.91951404707669
1742,2023-10-02,88.5041761579347
1743,2023-10-03,88.5041761579347
1744,2023-10-04,82.8549734244495
1745,2023-10-05,80.9719058466211
1746,2023-10-06,84.73804100227791
1747,2023-10-07,92.27031131359149
1748,2023-10-08,94.15337889141989
1749,2023-10-09,82.8549734244495
1750,2023-10-10,79.08883826879271
1751,2023-10-11,79.08883826879271
1752,2023-10-12,77.20577069096431
1753,2023-10-13,77.20577069096431
1754,2023-10-14,86.6211085801063
1755,2023-10-15,86.6211085801063
1756,2023-10-16,75.32270311313592
1757,2023-10-17,71.55656795747912
1758,2023-10-18,75.32270311313592
1759,2023-10-19,73.43963553530752
1760,2023-10-20,77.20577069096431
1761,2023-10-21,80.9719058466211
1762,2023-10-22,80.9719058466211
1763,2023-10-23,75.32270311313592
1764,2023-10-24,75.32270311313592
1765,2023-10-25,75.32270311313592
1766,2023-10-26,73.43963553530752
1767,2023-10-27,71.55656795747912
1768,2023-10-28,77.20577069096431
1769,2023-10-29,77.20577069096431
1770,2023-10-30,71.55656795747912
1771,2023-10-31,69.67350037965072
1772,2023-11-01,71.36291600633913
1773,2023-11-02,73.24088748019017
1774,2023-11-03,75.1188589540412
1775,2023-11-04,80.75277337559429
1776,2023-11-05,82.63074484944532
1777,2023-11-06,75.1188589540412
1778,2023-11-07,69.48494453248811
1779,2023-11-08,73.24088748019017
1780,2023-11-09,73.24088748019017
1781,2023-11-10,76.99683042789223
1782,2023-11-11,82.63074484944532
1783,2023-11-12,82.63074484944532
1784,2023-11-13,75.1188589540412
1785,2023-11-14,76.99683042789223
1786,2023-11-15,75.1188589540412
1787,2023-11-16,71.36291600633913
1788,2023-11-17,78.87480190174327
1789,2023-11-18,84.50871632329635
1790,2023-11-19,84.50871632329635
1791,2023-11-20,78.87480190174327
1792,2023-11-21,75.1188589540412
1793,2023-11-22,75.1188589540412
1794,2023-11-23,82.63074484944532
1795,2023-11-24,97.65451664025356
1796,2023-11-25,90.14263074484944
1797,2023-11-26,90.14263074484944
1798,2023-11-27,84.50871632329635
1799,2023-11-28,78.87480190174327
1800,2023-11-29,75.1188589540412
1801,2023-11-30,78.87480190174327
1802,2023-12-01,75.43726235741445
1803,2023-12-02,81.09505703422053
1804,2023-12-03,79.20912547528518
1805,2023-12-04,71.66539923954373
1806,2023-12-05,67.89353612167301
1807,2023-12-06,73.55133079847909
1808,2023-12-07,71.66539923954373
1809,2023-12-08,75.43726235741445
1810,2023-12-09,84.86692015209127
1811,2023-12-10,88.63878326996198
1812,2023-12-11,75.43726235741445
1813,2023-12-12,75.43726235741445
1814,2023-12-13,77.32319391634982
1815,2023-12-14,73.55133079847909
1816,2023-12-15,69.77946768060838
1817,2023-12-16,84.86692015209127
1818,2023-12-17,82.9809885931559
1819,2023-12-18,77.32319391634982
1820,2023-12-19,77.32319391634982
1821,2023-12-20,77.32319391634982
1822,2023-12-21,81.09505703422053
1823,2023-12-22,77.32319391634982
1824,2023-12-23,84.86692015209127
1825,2023-12-24,84.86692015209127
1826,2023-12-25,103.72623574144488
1827,2023-12-26,92.41064638783271
1828,2023-12-27,88.63878326996198
1829,2023-12-28,81.09505703422053
1830,2023-12-29,81.09505703422053
1831,2023-12-30,82.9809885931559
1832,2023-12-31,81.09505703422053
1833,2024-01-01,81.41618969746526
1834,2024-01-02,79.56582174979559
1835,2024-01-03,75.86508585445627
1836,2024-01-04,77.71545380212594
1837,2024-01-05,79.56582174979559
1838,2024-01-06,81.41618969746526
1839,2024-01-07,81.41618969746526
1840,2024-01-08,74.0147179067866
1841,2024-01-09,68.4636140637776
1842,2024-01-10,68.4636140637776
1843,2024-01-11,66.61324611610793
1844,2024-01-12,72.16434995911693
1845,2024-01-13,79.56582174979559
1846,2024-01-14,75.86508585445627
1847,2024-01-15,72.16434995911693
1848,2024-01-16,68.4636140637776
1849,2024-01-17,70.31398201144727
1850,2024-01-18,68.4636140637776
1851,2024-01-19,68.4636140637776
1852,2024-01-20,77.71545380212594
1853,2024-01-21,75.86508585445627
1854,2024-01-22,66.61324611610793
1855,2024-01-23,68.4636140637776
1856,2024-01-24,68.4636140637776
1857,2024-01-25,68.4636140637776
1858,2024-01-26,70.31398201144727
1859,2024-01-27,75.86508585445627
1860,2024-01-28,75.86508585445627
1861,2024-01-29,66.61324611610793
1862,2024-01-30,68.4636140637776
1863,2024-01-31,70.31398201144727
1864,2024-02-01,65.54686078252958
1865,2024-02-02,69.18835304822565
1866,2024-02-03,72.82984531392175
1867,2024-02-04,72.82984531392175
1868,2024-02-05,67.36760691537762
1869,2024-02-06,63.72611464968153
1870,2024-02-07,67.36760691537762
1871,2024-02-08,65.54686078252958
1872,2024-02-09,69.18835304822565
1873,2024-02-10,72.82984531392175
1874,2024-02-11,78.29208371246588
1875,2024-02-12,69.18835304822565
1876,2024-02-13,67.36760691537762
1877,2024-02-14,61.90536851683349
1878,2024-02-15,67.36760691537762
1879,2024-02-16,67.36760691537762
1880,2024-02-17,76.47133757961784
1881,2024-02-18,69.18835304822565
1882,2024-02-19,67.36760691537762
1883,2024-02-20,65.54686078252958
1884,2024-02-21,67.36760691537762
1885,2024-02-22,76.47133757961784
1886,2024-02-23,67.36760691537762
1887,2024-02-24,72.82984531392175
1888,2024-02-25,78.29208371246588
1889,2024-02-26,67.36760691537762
1890,2024-02-27,67.36760691537762
1891,2024-02-28,60.08462238398544
1892,2024-02-29,67.36760691537762
1893,2024-03-01,67.75368603642671
1894,2024-03-02,75.28187337380747
1895,2024-03-03,75.28187337380747
1896,2024-03-04,67.75368603642671
1897,2024-03-05,71.51777970511709
1898,2024-03-06,67.75368603642671
1899,2024-03-07,65.87163920208152
1900,2024-03-08,67.75368603642671
1901,2024-03-09,75.28187337380747
1902,2024-03-10,73.39982653946228
1903,2024-03-11,63.98959236773635
1904,2024-03-12,65.87163920208152
1905,2024-03-13,67.75368603642671
1906,2024-03-14,65.87163920208152
1907,2024-03-15,65.87163920208152
1908,2024-03-16,75.28187337380747
1909,2024-03-17,75.28187337380747
1910,2024-03-18,65.87163920208152
1911,2024-03-19,69.6357328707719
1912,2024-03-20,67.75368603642671
1913,2024-03-21,69.6357328707719
1914,2024-03-22,63.98959236773635
1915,2024-03-23,73.39982653946228
1916,2024-03-24,75.28187337380747
1917,2024-03-25,69.6357328707719
1918,2024-03-26,65.87163920208152
1919,2024-03-27,71.51777970511709
1920,2024-03-28,67.75368603642671
1921,2024-03-29,69.6357328707719
1922,2024-03-30,75.28187337380747
1923,2024-03-31,77.16392020815266
1924,2024-04-01,67.94236609770452
1925,2024-04-02,66.10608593290169
1926,2024-04-03,67.94236609770452
1927,2024-04-04,67.94236609770452
1928,2024-04-05,67.94236609770452
1929,2024-04-06,69.77864626250734
1930,2024-04-07,69.77864626250734
1931,2024-04-08,66.10608593290169
1932,2024-04-09,66.10608593290169
1933,2024-04-10,66.10608593290169
1934,2024-04-11,67.94236609770452
1935,2024-04-12,66.10608593290169
1936,2024-04-13,71.61492642731017
1937,2024-04-14,71.61492642731017
1938,2024-04-15,66.10608593290169
1939,2024-04-16,66.10608593290169
1940,2024-04-17,66.10608593290169
1941,2024-04-18,66.10608593290169
1942,2024-04-19,66.10608593290169
1943,2024-04-20,75.28748675691583
1944,2024-04-21,73.451206592113
1945,2024-04-22,66.10608593290169
1946,2024-04-23,62.433525603296054
1947,2024-04-24,64.26980576809886
1948,2024-04-24,66.00682754561505
1949,2024-04-25,67.74384932313123
1950,2024-04-26,69.48087110064742
1951,2024-04-27,72.95491465567979
1952,2024-04-28,74.69193643319598
1953,2024-04-29,67.74384932313123
1954,2024-04-30,64.26980576809886
1955,2024-05-01,70.66800966962127
1956,2024-05-02,67.22078968573732
1957,2024-05-03,68.9443996776793
1958,2024-05-04,72.39161966156325
1959,2024-05-05,74.11522965350525
1960,2024-05-06,67.22078968573732
1961,2024-05-07,65.49717969379533
1962,2024-05-08,65.49717969379533
1963,2024-05-09,67.22078968573732
1964,2024-05-10,70.66800966962127
1965,2024-05-11,79.28605962933119
1966,2024-05-12,75.83883964544724
1967,2024-05-13,65.49717969379533
1968,2024-05-14,65.49717969379533
1969,2024-05-15,63.773569701853354
1970,2024-05-16,68.9443996776793
1971,2024-05-17,67.22078968573732
1972,2024-05-18,74.11522965350525
1973,2024-05-19,70.66800966962127
1974,2024-05-20,68.9443996776793
1975,2024-05-21,68.9443996776793
1976,2024-05-22,65.49717969379533
1977,2024-05-23,65.49717969379533
1978,2024-05-24,67.22078968573732
1979,2024-05-25,70.66800966962127
1980,2024-05-26,75.83883964544724
1981,2024-05-27,68.9443996776793
1982,2024-05-28,67.22078968573732
1983,2024-05-29,67.22078968573732
1984,2024-05-30,65.49717969379533
1985,2024-05-31,67.22078968573732
1986,2024-06-01,68.66995073891624
1987,2024-06-02,72.01970443349754
1988,2024-06-03,66.99507389162561
1989,2024-06-04,61.970443349753694
1990,2024-06-05,65.32019704433498
1991,2024-06-06,65.32019704433498
1992,2024-06-07,65.32019704433498
1993,2024-06-08,72.01970443349754
1994,2024-06-09,70.34482758620689
1995,2024-06-10,66.99507389162561
1996,2024-06-11,68.66995073891624
1997,2024-06-12,68.66995073891624
1998,2024-06-13,68.66995073891624
1999,2024-06-14,70.34482758620689
2000,2024-06-15,73.69458128078817
2001,2024-06-16,75.3694581280788
2002,2024-06-17,66.99507389162561
2003,2024-06-18,68.66995073891624
2004,2024-06-19,65.32019704433498
2005,2024-06-20,63.64532019704433
2006,2024-06-21,63.64532019704433
2007,2024-06-22,68.66995073891624
2008,2024-06-23,68.66995073891624
2009,2024-06-24,66.99507389162561
2010,2024-06-25,63.64532019704433
2011,2024-06-26,66.99507389162561
2012,2024-06-27,65.32019704433498
2013,2024-06-28,70.34482758620689
2014,2024-06-29,68.66995073891624
2015,2024-06-30,72.01970443349754
2016,2024-07-01,67.51533742331289
2017,2024-07-02,64.13957055214723
2018,2024-07-03,65.82745398773007
2019,2024-07-04,67.51533742331289
2020,2024-07-05,65.82745398773007
2021,2024-07-06,72.57898773006136
2022,2024-07-07,72.57898773006136
2023,2024-07-08,69.2032208588957
2024,2024-07-09,69.2032208588957
2025,2024-07-10,69.2032208588957
2026,2024-07-11,67.51533742331289
2027,2024-07-12,70.89110429447852
2028,2024-07-13,75.954754601227
2029,2024-07-14,70.89110429447852
2030,2024-07-15,67.51533742331289
2031,2024-07-16,70.89110429447852
2032,2024-07-17,72.57898773006136
2033,2024-07-18,70.89110429447852
2034,2024-07-19,69.2032208588957
2035,2024-07-20,81.01840490797545
2036,2024-07-21,79.33052147239265
2037,2024-07-22,72.57898773006136
2038,2024-07-23,72.57898773006136
2039,2024-07-24,70.89110429447852
2040,2024-07-25,72.57898773006136
2041,2024-07-26,69.2032208588957
2042,2024-07-27,75.954754601227
2043,2024-07-28,77.64263803680981
2044,2024-07-29,72.57898773006136
2045,2024-07-30,67.51533742331289
2046,2024-07-31,69.2032208588957
2047,2024-08-01,68.73614190687363
2048,2024-08-02,67.01773835920179
2049,2024-08-03,82.48337028824834
2050,2024-08-04,77.32815964523282
2051,2024-08-05,70.45454545454545
2052,2024-08-06,75.60975609756099
2053,2024-08-07,70.45454545454545
2054,2024-08-08,72.1729490022173
2055,2024-08-09,72.1729490022173
2056,2024-08-10,75.60975609756099
2057,2024-08-11,77.32815964523282
2058,2024-08-12,73.89135254988915
2059,2024-08-13,75.60975609756099
2060,2024-08-14,73.89135254988915
2061,2024-08-15,75.60975609756099
2062,2024-08-16,75.60975609756099
2063,2024-08-17,80.76496674057651
2064,2024-08-18,84.20177383592018
2065,2024-08-19,77.32815964523282
2066,2024-08-20,75.60975609756099
2067,2024-08-21,72.1729490022173
2068,2024-08-22,72.1729490022173
2069,2024-08-23,73.89135254988915
2070,2024-08-24,80.76496674057651
2071,2024-08-25,82.48337028824834
2072,2024-08-26,68.73614190687363
2073,2024-08-27,79.04656319290466
2074,2024-08-28,72.1729490022173
2075,2024-08-29,68.73614190687363
2076,2024-08-30,73.89135254988915
2077,2024-08-31,79.04656319290466
2078,2024-09-01,77.65833817547937
2079,2024-09-02,77.65833817547937
2080,2024-09-03,74.20685647879141
2081,2024-09-04,74.20685647879141
2082,2024-09-05,72.48111563044742
2083,2024-09-06,74.20685647879141
2084,2024-09-07,79.38407902382336
2085,2024-09-08,88.01278326554329
2086,2024-09-09,141.51074956420686
2087,2024-09-10,172.5740848343986
2088,2024-09-11,112.1731551423591
2089,2024-09-12,105.27019174898314
2090,2024-09-13,110.4474142940151
2091,2024-09-14,108.72167344567112
2092,2024-09-15,101.81871005229519
2093,2024-09-16,94.91574665891923
2094,2024-09-17,98.36722835560721
2095,2024-09-18,98.36722835560721
2096,2024-09-19,98.36722835560721
2097,2024-09-20,113.89889599070308
2098,2024-09-21,119.07611853573503
2099,2024-09-22,115.62463683904707
2100,2024-09-23,100.0929692039512
2101,2024-09-24,96.64148750726322
2102,2024-09-25,91.46426496223125
2103,2024-09-26,94.91574665891923
2104,2024-09-27,94.91574665891923
2105,2024-09-28,100.0929692039512
2106,2024-09-29,96.64148750726322
2107,2024-09-30,86.2870424171993
2108,2024-10-01,83.52598752598752
2109,2024-10-02,81.78586278586279
2110,2024-10-03,81.78586278586279
2111,2024-10-04,87.006237006237
2112,2024-10-05,90.48648648648648
2113,2024-10-06,93.96673596673597
2114,2024-10-07,78.3056133056133
2115,2024-10-08,81.78586278586279
2116,2024-10-09,80.04573804573805
2117,2024-10-10,78.3056133056133
2118,2024-10-11,85.26611226611226
2119,2024-10-12,90.48648648648648
2120,2024-10-13,87.006237006237
2121,2024-10-14,78.3056133056133
2122,2024-10-15,78.3056133056133
2123,2024-10-16,76.56548856548856
2124,2024-10-17,78.3056133056133
2125,2024-10-18,78.3056133056133
2126,2024-10-19,85.26611226611226
2127,2024-10-20,85.26611226611226
2128,2024-10-21,73.08523908523908
2129,2024-10-22,73.08523908523908
2130,2024-10-23,74.82536382536382
2131,2024-10-24,73.08523908523908
2132,2024-10-25,78.3056133056133
2133,2024-10-26,81.78586278586279
2134,2024-10-27,85.26611226611226
2135,2024-10-28,76.56548856548856
2136,2024-10-29,80.04573804573805
2137,2024-10-30,78.3056133056133
2138,2024-10-31,76.56548856548856
2139,2024-11-01,77.92709077912795
2140,2024-11-02,83.00929235167978
2141,2024-11-03,84.70335954253038
2142,2024-11-04,74.53895639742674
2143,2024-11-05,71.15082201572552
2144,2024-11-06,67.76268763402432
2145,2024-11-07,72.84488920657613
2146,2024-11-08,77.92709077912795
2147,2024-11-09,81.31522516082916
2148,2024-11-10,81.31522516082916
2149,2024-11-11,71.15082201572552
2150,2024-11-12,74.53895639742674
2151,2024-11-13,74.53895639742674
2152,2024-11-14,72.84488920657613
2153,2024-11-15,69.4567548248749
2154,2024-11-16,83.00929235167978
2155,2024-11-17,81.31522516082916
2156,2024-11-18,76.23302358827735
2157,2024-11-19,76.23302358827735
2158,2024-11-20,76.23302358827735
2159,2024-11-21,76.23302358827735
2160,2024-11-22,77.92709077912795
2161,2024-11-23,86.397426733381
2162,2024-11-24,88.0914939242316
2163,2024-11-25,79.62115796997857
2164,2024-11-26,79.62115796997857
2165,2024-11-27,79.62115796997857
2166,2024-11-28,84.70335954253038
2167,2024-11-29,93.17369549678342
2168,2024-11-30,96.56182987848464
2169,2024-12-01,97.7687551905509
2170,2024-12-02,88.88068653686446
2171,2024-12-03,87.10307280612716
2172,2024-12-04,78.21500415244073
2173,2024-12-05,81.7702316139153
2174,2024-12-06,85.32545907538987
2175,2024-12-07,88.88068653686446
2176,2024-12-08,92.43591399833903
2177,2024-12-09,79.992617883178
2178,2024-12-10,79.992617883178
2179,2024-12-11,79.992617883178
2180,2024-12-12,78.21500415244073
2181,2024-12-13,79.992617883178
2182,2024-12-14,92.43591399833903
2183,2024-12-15,90.65830026760175
2184,2024-12-16,81.7702316139153
2185,2024-12-17,81.7702316139153
2186,2024-12-18,78.21500415244073
2187,2024-12-19,79.992617883178
2188,2024-12-20,83.54784534465259
2189,2024-12-21,90.65830026760175
2190,2024-12-22,90.65830026760175
2191,2024-12-23,85.32545907538987
2192,2024-12-23,80.24656270185477
2193,2024-12-24,86.3412383500969
2194,2024-12-25,101.57792747070224
2195,2024-12-26,93.45169327304606
2196,2024-12-27,89.38857617421796
2197,2024-12-28,93.45169327304606
2198,2024-12-29,91.420134723632
2199,2024-12-30,83.29390052597583
2200,2024-12-31,79.23078342714774
2201,2025-01-01,89.9818260493293
2202,2025-01-02,88.93552574643013
2203,2025-01-03,85.79662483773258
2204,2025-01-04,85.79662483773258
2205,2025-01-05,85.79662483773258
2206,2025-01-06,78.47252271743834
2207,2025-01-07,79.51882302033752
2208,2025-01-08,77.42622241453915
2209,2025-01-09,74.28732150584163
2210,2025-01-10,77.42622241453915
2211,2025-01-11,86.84292514063176
2212,2025-01-12,85.79662483773258
2213,2025-01-13,76.37992211163998
2214,2025-01-14,75.3336218087408
2215,2025-01-15,71.1484205971441
2216,2025-01-16,70.10212029424491
2217,2025-01-17,74.28732150584163
2218,2025-01-18,81.61142362613587
2219,2025-01-19,83.70402423193423
2220,2025-01-20,74.28732150584163
2221,2025-01-21,66.96321938554739
2222,2025-01-22,71.1484205971441
2223,2025-01-23,74.28732150584163
2224,2025-01-24,74.28732150584163
2225,2025-01-25,79.51882302033752
2226,2025-01-26,80.5651233232367
2227,2025-01-27,75.3336218087408
2228,2025-01-28,74.28732150584163
2229,2025-01-29,75.3336218087408
2230,2025-01-30,71.1484205971441
2231,2025-01-31,72.19472090004328
2232,2025-02-01,73.60389294403892
2233,2025-02-02,78.64525547445255
2234,2025-02-03,67.55425790754256
2235,2025-02-04,68.5625304136253
2236,2025-02-05,70.57907542579075
2237,2025-02-06,63.521167883211675
2238,2025-02-07,71.58734793187348
2239,2025-02-08,77.63698296836982
2240,2025-02-09,80.66180048661799
2241,2025-02-10,68.5625304136253
2242,2025-02-11,69.57080291970803
2243,2025-02-12,70.57907542579075
2244,2025-02-13,67.55425790754256
2245,2025-02-14,69.57080291970803
2246,2025-02-15,77.63698296836982
2247,2025-02-16,81.67007299270072
2248,2025-02-17,69.57080291970803
2249,2025-02-18,68.5625304136253
2250,2025-02-19,82.67834549878344
2251,2025-02-20,90.74452554744525
2252,2025-02-21,81.67007299270072
2253,2025-02-22,85.70316301703163
2254,2025-02-23,77.63698296836982
2255,2025-02-24,70.57907542579075
2256,2025-02-25,67.55425790754256
2257,2025-02-26,69.57080291970803
2258,2025-02-27,71.58734793187348
2259,2025-02-28,78.64525547445255
2260,2025-03-01,102.50314548679953
